2010 8 1 19 14 22.6964 40.3565 135.283 19.8 5
2010 8 1 19 20 51.9093 40.2868 135.374 26.5 7
2010 8 1 19 38 51.5166 40.2638 135.676 6.7 6
2010 8 1 20 16 7.74974 38.72 130.054 6.6 5
2010 8 1 20 52 48.0474 40.8653 137.106 14.8 7
2010 8 1 20 55 30.5761 40.8697 137.166 21.3 5
2010 8 1 23 42 7.8353 38.1893 128.846 16.6 6
2010 8 1 23 42 7.92416 38.1902 128.826 12 7
2010 8 1 23 48 14.4197 38.0487 128.797 25.2 7
2010 8 2 0 11 29.6712 38.1855 128.722 4.1 6
2010 8 2 0 16 44.5457 38.1773 128.724 5.5 5
2010 8 2 3 16 10.6263 40.329 139.666 7.4 6
2010 8 2 3 17 28.1068 40.3681 139.733 18.3 5
2010 8 3 4 42 18.219 35.7318 134.557 14 7
2010 8 3 4 57 27.4893 50.8525 140.875 11.9 5
2010 8 3 5 6 43.1527 50.6716 140.906 4.2 5
2010 8 3 5 8 40.8009 50.6943 141.016 25.5 10
2010 8 3 6 14 49.9941 35.5803 132.781 20.3 6
2010 8 3 6 31 48.6362 51.7342 141.363 14 8
2010 8 3 6 45 42.655 35.6772 133.193 27.6 6
2010 8 3 6 49 53.8905 51.7821 141.529 21.3 8
2010 8 3 6 54 44.4649 51.7169 141.56 13.7 8
2010 8 6 0 48 30.2883 38.809 128.338 9.3 5
2010 8 6 0 51 14.1788 38.7789 128.369 5 5
2010 8 6 2 1 16.6573 38.81 128.489 9.2 5
2010 8 6 3 23 44.2979 48.856 140.719 14.5 8
2010 8 6 3 27 10.3867 48.9224 140.876 2.3 5
2010 8 6 3 47 36.0198 49.3493 141.607 27.3 5
2010 8 6 13 59 10.552 36.7522 136.581 8.3 8
2010 8 6 14 0 12.5053 36.7805 136.61 9.3 7
2010 8 6 14 1 5.64517 36.7845 136.608 2.6 5
2010 8 6 14 7 17.5306 36.8761 136.59 12.2 5
2010 8 6 15 37 29.9976 42.3222 130.942 22.6 5
2010 8 6 16 41 45.8519 42.7369 131.634 28.6 5
2010 8 6 17 2 25.6389 42.7703 132.246 14.8 6
2010 8 6 20 56 34.197 37.1677 134.427 11.7 6
2010 8 6 21 14 47.4598 37.2166 134.504 12.5 7
2010 8 6 21 15 35.3347 37.211 134.512 7.4 7
2010 8 6 21 17 4.35088 37.1969 134.547 12.5 7
2010 8 6 21 17 4.49125 37.2345 134.503 17.2 5
2010 8 6 21 19 11.2727 37.2019 134.557 14.3 5
2010 8 6 21 19 18.181 38.496 128.787 16.9 6
2010 8 6 21 19 26.4314 38.8307 129.085 12.7 7
2010 8 6 21 21 24.291 38.5368 128.848 5 5
2010 8 6 21 21 53.4619 37.7011 133.785 19.6 5
2010 8 6 21 25 55.3938 37.2429 134.495 11.5 6
2010 8 6 21 25 55.4768 37.2554 134.497 19 5
2010 8 6 21 27 17.5852 38.5414 128.831 10.1 6
2010 8 6 21 34 44.3399 38.542 128.825 8.4 5
2010 8 6 21 37 36.3807 37.2021 134.348 25.2 7
2010 8 6 21 38 4.0553 38.5799 128.862 17.6 6
2010 8 6 21 46 57.9113 38.9427 129.312 15.3 7
2010 8 6 21 49 6.17741 37.2064 134.492 4.3 7
2010 8 6 21 49 40.8417 39.0835 129.4 13.2 6
2010 8 6 21 51 22.4177 39.2215 129.554 21.7 5
2010 8 6 21 58 44.1924 39.1024 129.452 10.1 6
2010 8 6 21 58 44.2511 39.0522 129.428 10.5 8
2010 8 6 22 1 57.7351 39.069 129.501 10 5
2010 8 6 22 4 14.1868 38.9795 129.482 28.3 5
2010 8 6 22 5 35.1172 38.965 129.511 28.7 6
2010 8 6 22 5 35.1668 39.0177 129.512 16.4 7
2010 8 6 22 5 35.2292 39.006 129.496 8 6
2010 8 6 22 7 57.4123 39.0181 129.439 25.9 8
2010 8 6 22 48 46.0761 38.9738 129.641 5.6 6
2010 8 6 22 57 1.366 38.9425 129.706 10.2 5
2010 8 6 22 57 1.51965 38.9482 129.69 22.9 8
2010 8 6 22 57 1.66934 38.9466 129.695 12.3 5
2010 8 6 23 2 17.145 37.3952 135.235 23.5 7
2010 8 6 23 2 17.1961 37.4573 135.225 9.5 5
2010 8 6 23 4 10.0738 37.3486 135.263 8.6 5
2010 8 6 23 6 37.1067 38.9847 129.769 15.9 5
2010 8 6 23 8 53.9706 39.0144 129.795 10.7 6
2010 8 6 23 9 26.2094 37.4551 135.218 17.2 6
2010 8 6 23 9 26.3984 37.4197 135.231 29 8
2010 8 6 23 9 26.4932 37.4384 135.221 16.5 5
2010 8 6 23 11 15.172 37.5455 135.234 4.1 5
2010 8 6 23 13 19.2123 38.9858 129.801 16.4 6
2010 8 6 23 16 46.617 38.9815 129.827 20.5 8
2010 8 6 23 21 32.2756 38.9694 129.851 22.6 5
2010 8 6 23 24 7.18816 39.0169 129.897 4 5
2010 8 6 23 24 7.34155 39.1001 129.848 10.2 6
2010 8 6 23 24 9.82571 37.416 135.214 7.5 5
2010 8 6 23 26 20.6997 37.5879 135.126 18.7 7
2010 8 6 23 36 21.5467 37.8966 134.626 23.8 5
2010 8 6 23 36 21.8597 37.5203 135.197 12.5 6
2010 8 6 23 59 3.80964 39.0887 130.135 2.5 5
2010 8 7 0 6 46.3608 39.0781 130.156 5.9 6
2010 8 7 0 8 24.491 39.1054 130.171 5.5 5
2010 8 7 0 11 46.8136 39.1168 130.213 6.9 5
2010 8 7 0 20 43.5855 39.1289 130.236 18.1 5
2010 8 7 0 25 44.1715 38.7625 128.762 17.9 5
2010 8 7 0 25 44.286 38.58 128.868 5.6 5
2010 8 7 0 35 32.0431 39.1623 130.293 6.6 5
2010 8 7 0 50 22.0576 38.787 128.962 5.4 5
2010 8 7 0 50 22.0576 38.6564 129.133 2.2 5
2010 8 7 0 51 30.2197 38.7352 130.193 26.8 6
2010 8 7 0 51 30.2727 38.7568 130.176 7.5 5
2010 8 7 0 51 30.3322 38.7494 130.195 1.7 5
2010 8 7 0 53 43.6263 38.9214 130.246 9.9 6
2010 8 7 1 44 10.9513 36.3751 133.296 19.5 5
2010 8 7 1 45 16.4051 36.3102 133.282 20.9 7
2010 8 7 1 45 54.5698 38.9751 128.976 10.2 5
2010 8 7 1 47 9.14626 36.2748 133.287 15.5 7
2010 8 7 1 47 9.24519 36.3055 133.291 19.2 7
2010 8 7 1 49 13.6016 36.0722 133.037 7.7 5
2010 8 7 1 49 33.3649 36.1515 132.978 22.9 6
2010 8 7 1 49 58.2178 36.2683 133.3 17.8 6
2010 8 7 1 50 11.6127 36.1212 132.978 16.6 6
2010 8 7 1 50 26.3171 36.1859 133.003 14.9 6
2010 8 7 1 50 36.546 36.1648 132.992 22.9 8
2010 8 7 1 51 6.73963 36.1467 133.009 17 6
2010 8 7 1 51 24.5997 36.2587 133.279 8.5 5
2010 8 7 1 52 39.5015 36.2822 133.222 5.2 6
2010 8 7 1 52 39.5703 36.3102 133.209 5.3 6
2010 8 7 1 53 24.0583 36.1591 132.972 5.1 5
2010 8 7 1 53 24.2265 36.1511 133.011 25.1 8
2010 8 7 1 53 36.4832 36.1095 133.023 6.5 6
2010 8 7 1 54 0.567411 36.2747 133.211 7 5
2010 8 7 1 55 3.29223 36.587 132.755 14.5 5
2010 8 7 1 55 5.22943 36.0869 133.001 10.7 5
2010 8 7 1 55 30.9395 36.3064 133.334 19.8 7
2010 8 7 1 56 5.23728 36.3261 133.218 11 6
2010 8 7 1 56 25.132 36.2932 133.301 24.5 5
2010 8 7 1 56 37.5946 36.131 133.024 17.5 6
2010 8 7 1 56 43.8132 36.315 133.224 18.5 8
2010 8 7 1 58 32.3472 36.2197 133.152 29.2 5
2010 8 7 1 58 32.6007 36.3056 133.206 19.1 5
2010 8 7 1 59 21.9706 36.329 133.226 13.9 5
2010 8 7 1 59 33.4739 36.3315 133.205 22.2 8
2010 8 7 1 59 59.9094 36.0838 133.041 3.2 5
2010 8 7 2 0 52.403 36.2812 133.177 6.6 6
2010 8 7 2 1 44.2743 36.2841 133.254 16.4 8
2010 8 7 2 2 22.5934 36.2537 133.185 19.8 6
2010 8 7 2 2 22.6749 36.2667 133.193 21.9 6
2010 8 7 2 3 0.872056 36.1081 132.998 20.5 7
2010 8 7 2 4 3.44001 36.3477 133.312 26.1 7
2010 8 7 2 7 9.8717 36.3158 133.271 24.9 8
2010 8 7 2 7 10.1193 36.332 133.262 18.5 7
2010 8 7 2 7 27.3786 42.3356 136.41 9.3 6
2010 8 7 2 9 19.6281 36.2188 133.013 21.1 5
2010 8 7 2 9 43.3765 42.3431 136.448 18 6
2010 8 7 2 15 17.4669 42.3632 136.308 15.7 5
2010 8 7 2 15 17.5099 42.3491 136.289 15 7
2010 8 7 2 15 32.1216 36.1139 132.93 19 6
2010 8 7 2 18 4.49358 42.7035 136.088 11.3 5
2010 8 7 2 19 32.6679 42.3281 136.567 21.6 5
2010 8 7 2 22 1.00254 42.3413 136.667 12.8 6
2010 8 7 2 23 35.0932 42.3055 136.627 20.2 5
2010 8 7 2 25 37.2491 42.4029 136.378 19.8 5
2010 8 7 2 30 25.4992 42.3745 136.593 18.9 5
2010 8 7 2 30 25.574 42.3786 136.638 18.7 5
2010 8 7 2 31 38.5378 42.3308 136.587 6.1 5
2010 8 7 2 36 10.2795 41.7149 135.992 5.4 6
2010 8 7 2 54 41.5506 41.9776 136.235 18 8
2010 8 7 3 20 10.8264 42.1802 136.799 18.5 6
2010 8 7 3 20 10.9192 42.1806 136.905 8.9 6
2010 8 7 3 20 24.0251 41.9862 136.94 20.9 7
2010 8 7 3 30 30.3655 42.0859 136.952 26.6 5
2010 8 7 3 48 13.85 42.2267 137.063 17.3 6
2010 8 7 3 48 13.8616 42.2906 137.036 20.9 5
2010 8 7 3 51 34.5982 42.1828 137.105 10.4 5
2010 8 7 3 52 42.2818 42.3487 137.221 12.2 6
2010 8 7 4 3 40.1226 42.4622 137.376 25.3 8
2010 8 7 4 7 44.6761 42.3647 137.47 23 11
2010 8 7 4 7 44.7024 42.3538 137.417 6.6 5
2010 8 7 4 17 54.2789 42.5524 137.602 23.8 6
2010 8 7 4 22 4.20922 42.3769 137.43 21.9 5
2010 8 7 4 29 25.8963 40.8009 133.573 21.7 5
2010 8 7 4 29 25.9189 40.7553 133.599 28.4 7
2010 8 7 4 29 25.9451 40.7699 133.596 15.1 6
2010 8 7 4 29 26.0234 40.7702 133.593 18.5 6
2010 8 7 4 33 47.4201 40.7658 133.635 9.5 6
2010 8 7 4 33 47.5332 40.8163 133.646 22.7 5
2010 8 7 4 40 7.32269 42.4297 137.614 14 6
2010 8 7 4 42 53.3438 42.512 138.044 11.2 6
2010 8 7 4 42 53.4371 42.5042 138.071 14.5 5
2010 8 7 4 42 53.4815 42.4966 138.007 6.9 5
2010 8 7 4 56 18.8167 37.8438 138.57 13.8 5
2010 8 7 4 59 22.8627 35.3667 132.322 5.1 5
2010 8 7 5 3 11.8136 35.4716 132.182 12.1 5
2010 8 7 5 11 23.3547 42.6416 137.343 29.4 5
2010 8 7 5 13 23.9558 42.7881 137.433 19.4 6
2010 8 7 5 13 24.1027 42.8169 137.405 23.6 9
2010 8 7 5 13 24.2 42.7961 137.375 5.2 6
2010 8 7 5 30 51.0067 42.8591 137.505 5.6 5
2010 8 7 5 52 26.858 36.8335 136.566 18.1 6
2010 8 7 6 56 39.7852 36.0472 129.425 12.2 5
2010 8 7 7 7 19.2295 42.7258 139.879 18.9 7
2010 8 7 8 12 11.6317 42.7651 139.855 23.3 6
2010 8 7 8 12 11.726 42.7558 139.826 15.6 7
2010 8 7 8 13 25.5518 42.8101 139.495 17 5
2010 8 7 8 13 25.5519 42.7641 139.84 21.9 6
2010 8 7 8 13 25.6238 42.7543 139.844 14.8 5
2010 8 7 8 14 6.05019 42.7823 139.782 23.2 9
2010 8 7 8 15 13.8188 42.7955 139.895 29.2 7
2010 8 7 8 15 13.8699 42.7899 139.89 17.4 6
2010 8 7 8 18 40.1498 42.8912 139.505 10.2 5
2010 8 7 8 18 40.1498 42.7687 139.874 20.3 11
2010 8 7 8 21 47.738 42.8072 139.899 25.1 10
2010 8 7 8 24 49.593 42.8127 139.898 10.2 7
2010 8 7 8 26 38.2373 42.8619 139.828 18.6 6
2010 8 7 8 28 40.1978 42.887 139.626 10.9 6
2010 8 7 8 28 40.1979 42.765 139.932 26 8
2010 8 7 8 30 30.2713 42.7864 140.048 8.6 5
2010 8 7 8 31 21.9537 43.1292 139.251 29 9
2010 8 7 8 35 7.09157 43.3155 138.755 20.5 5
2010 8 7 8 35 7.09166 43.1276 139.237 13.7 6
2010 8 7 8 35 7.11472 43.2014 139.082 19.7 6
2010 8 7 8 35 7.11476 43.2098 139.157 11.2 6
2010 8 7 8 51 1.02853 43.1853 139.626 18.8 5
2010 8 7 9 38 27.8529 42.7804 138.927 22.4 8
2010 8 7 9 38 28.7209 42.7888 138.996 27.8 8
2010 8 7 9 44 42.4068 42.9083 139.154 25.7 5
2010 8 7 9 44 42.5076 42.8367 139.01 22.9 8
2010 8 7 9 46 9.47839 42.8729 139.076 12.1 7
2010 8 7 9 48 36.7563 42.9193 139.482 16 9
2010 8 7 9 48 45.5205 42.8625 139.072 23.3 8
2010 8 7 9 48 45.569 42.8054 139.128 13.6 5
2010 8 7 9 48 45.6375 42.7916 139.132 4.9 6
2010 8 7 9 51 14.4329 42.8738 139.149 13.2 5
2010 8 7 9 51 14.4329 42.8917 139.133 21.9 8
2010 8 7 9 51 52.8126 42.8519 139.295 9.4 5
2010 8 7 9 52 57.2141 42.8691 139.165 16 6
2010 8 7 9 52 57.2797 42.8239 139.094 11.7 6
2010 8 7 9 52 57.3893 42.863 139.09 22.9 7
2010 8 7 9 55 30.6414 42.9489 139.108 19 8
2010 8 7 9 59 53.0837 42.9132 139.274 22.1 6
2010 8 7 10 30 43.0407 43.1364 139.638 21.4 6
2010 8 7 10 30 43.0806 43.0674 139.668 19 6
2010 8 7 10 34 57.9501 43.1302 139.766 10.9 5
2010 8 7 10 34 59.3763 43.152 139.72 22.7 7
2010 8 7 10 34 59.3763 43.1527 139.665 10.2 5
2010 8 7 10 34 59.4384 43.1357 139.624 2.4 5
2010 8 7 10 36 6.91744 43.1665 139.525 8.5 5
2010 8 7 10 48 22.2415 43.0528 140.233 28.2 5
2010 8 7 10 50 24.7611 43.0685 140.264 25.5 8
2010 8 7 10 56 20.5943 40.1497 128.836 28.9 6
2010 8 7 10 57 54.9149 40.1615 128.842 18 9
2010 8 7 10 58 29.2149 40.133 128.949 4.9 5
2010 8 7 11 2 24.6297 40.1834 128.905 10.9 6
2010 8 7 11 2 24.686 40.2012 128.88 21.3 7
2010 8 7 11 13 8.19905 40.2766 128.929 19.5 5
2010 8 7 11 13 8.19906 40.1886 128.95 23.5 7
2010 8 7 11 17 11.9597 40.2607 128.634 4.9 5
2010 8 7 11 19 51.4186 40.2237 129.007 16.8 5
2010 8 7 11 55 33.6738 44.1032 141.407 21.5 5
2010 8 7 11 58 36.1071 43.3756 140.238 28.9 5
2010 8 7 12 54 8.68478 35.4809 132.397 3.8 5
2010 8 7 12 57 51.9359 35.4579 132.476 12.8 5
2010 8 7 12 58 40.0694 35.4469 132.313 7.4 7
2010 8 7 12 58 40.2005 35.44 132.309 22.4 5
2010 8 7 12 59 33.8357 35.3928 132.32 18.3 6
2010 8 7 13 4 26.7062 43.5197 141.155 9.9 5
2010 8 7 13 5 9.77066 35.459 132.262 19 5
2010 8 7 13 11 38.5539 35.4602 132.131 8.2 7
2010 8 7 13 12 58.1467 35.4695 132.129 6.1 5
2010 8 7 14 10 5.51111 43.2226 141.069 6.6 5
2010 8 7 14 18 55.3812 43.2258 141.028 14.6 5
2010 8 7 14 19 23.7554 48.7099 140.493 16.8 8
2010 8 7 14 19 23.7878 48.7241 140.5 20.4 7
2010 8 7 14 19 23.8181 48.7652 140.501 23 7
2010 8 7 14 28 56.5072 48.7659 140.51 24.8 6
2010 8 7 14 28 56.5073 48.723 140.58 17.7 5
2010 8 7 15 28 49.4726 48.7044 141.188 22.5 6
2010 8 7 15 28 49.6674 48.6778 141.144 19.1 6
2010 8 7 16 2 49.8161 35.2318 131.324 21.6 6
2010 8 7 16 13 27.0626 43.3516 140.895 18.1 5
2010 8 7 16 37 30.5386 43.2705 140.993 18.5 7
2010 8 7 16 37 30.596 43.4274 140.978 22.1 5
2010 8 7 16 38 10.3724 43.4668 140.987 23.8 5
2010 8 7 16 38 10.5338 43.2634 140.972 18 5
2010 8 7 16 40 50.7062 43.2716 141.011 18.2 5
2010 8 7 16 42 7.96907 43.2641 141.121 8.8 5
2010 8 7 16 42 8.0147 43.2916 141.134 18.5 6
2010 8 7 16 45 47.7651 43.2859 141.087 22.2 5
2010 8 7 16 55 19.9417 43.3211 141.143 27.5 5
2010 8 7 20 6 28.6843 35.7516 131.655 9.5 5
2010 8 7 20 8 4.37436 35.7631 131.6 22.2 6
2010 8 7 21 6 56.981 37.9108 131.659 28.1 5
2010 8 7 21 24 32.337 35.9344 131.518 11.6 6
2010 8 7 21 25 48.3815 35.9321 131.465 7.3 6
2010 8 7 21 27 1.24578 35.9681 131.53 23.9 6
2010 8 7 21 30 3.82532 36.0434 131.475 18.4 5
2010 8 7 21 30 58.0852 36.0126 131.467 10 6
2010 8 7 21 31 17.3857 35.9959 131.508 11.5 7
2010 8 7 21 31 17.479 36.0098 131.505 18.8 6
2010 8 7 21 31 57.8887 36.0212 131.483 15.9 7
2010 8 7 21 34 4.76058 36.0215 131.477 12.7 6
2010 8 7 21 34 4.8663 36.0597 131.506 16.8 5
2010 8 7 21 34 4.92378 36.0305 131.494 18.8 5
2010 8 7 21 39 43.3083 36.0798 131.478 19.8 6
2010 8 7 21 40 26.0328 36.0317 131.424 15.8 7
2010 8 7 21 42 3.67919 36.0371 131.439 7.9 5
2010 8 7 21 42 4.00572 36.0437 131.463 18.3 5
2010 8 7 21 43 45.0644 36.1233 131.495 5.8 6
2010 8 7 21 45 47.5873 36.0618 131.44 15.8 6
2010 8 7 21 47 21.4381 36.0236 131.403 9.5 5
2010 8 7 21 55 32.7978 36.0941 131.416 17.8 6
2010 8 7 21 55 33.5709 36.0289 131.407 12.4 6
2010 8 7 23 10 15.8362 36.3492 130.828 26.6 5
2010 8 8 5 47 20.8706 37.9389 138.508 27.2 6
2010 8 8 5 55 4.04556 37.9216 138.555 22.1 5
2010 8 8 6 8 13.7893 38.0022 138.654 17.9 5
2010 8 8 7 55 51.9323 35.1528 132.155 3.5 5
2010 8 8 8 23 11.5711 37.4165 137.985 19 5
2010 8 8 20 17 18.774 39.1001 139.237 7.2 5
2010 8 8 20 21 21.247 39.0682 138.872 13.9 6
2010 8 8 20 21 36.2659 39.1154 139.203 11.1 5
2010 8 8 20 21 36.6019 39.0746 139.237 9.7 5
2010 8 8 20 23 9.16723 39.1853 138.844 12.6 5
2010 8 8 20 26 14.7975 39.3226 139.061 18.8 5
2010 8 8 20 36 38.8999 39.1416 138.877 21.1 5
2010 8 8 20 36 38.9666 39.1372 138.863 16.3 5
2010 8 8 20 36 44.9646 39.3339 139.065 15 6
2010 8 8 20 37 36.7656 39.3253 139.032 8.7 5
2010 8 8 20 38 12.5129 39.3346 139.083 12 5
2010 8 8 20 40 29.2603 39.3395 139.025 16.4 6
2010 8 8 20 40 29.582 39.3633 139.004 15 6
2010 8 8 20 40 41.9123 38.541 137.809 14 7
2010 8 8 20 41 49.2236 39.1879 138.938 16.3 5
2010 8 8 20 42 39.2778 39.2162 138.884 12.7 5
2010 8 8 20 42 51.0086 39.3447 139.14 10.3 5
2010 8 8 20 42 51.0527 39.3222 139.1 6.3 5
2010 8 8 20 45 3.51469 39.1519 138.941 18.1 6
2010 8 8 20 45 56.4002 39.3605 139.089 21.4 6
2010 8 8 20 48 27.864 39.179 138.936 15.4 5
2010 8 8 20 50 3.28101 39.2004 138.974 13.8 5
2010 8 8 20 52 0.210615 39.2814 138.817 12.6 6
2010 8 8 20 56 34.18 39.2874 139.15 14.2 7
2010 8 8 20 57 58.7344 39.3003 139.176 16.1 5
2010 8 8 20 59 21.8406 39.3132 139.188 11.6 5
2010 8 8 20 59 21.8995 39.3275 139.198 15.4 6
2010 8 8 20 59 35.1879 39.1904 138.99 20.2 6
2010 8 8 21 0 6.05885 39.2244 139.172 13.3 6
2010 8 8 21 1 48.0788 39.3364 138.993 13.5 6
2010 8 8 21 2 53.1222 39.2422 138.976 15.1 7
2010 8 8 21 6 15.6606 39.3031 138.974 12.2 5
2010 8 8 21 7 39.2357 39.7029 139.642 15.6 5
2010 8 8 21 8 30.5998 39.7239 139.572 4.3 5
2010 8 8 21 8 39.8662 39.2885 138.87 28.7 9
2010 8 8 21 9 47.5534 39.3415 138.954 15 8
2010 8 8 21 9 47.5731 39.3186 138.999 9.3 6
2010 8 8 21 10 40.8452 39.3585 139.202 15.3 6
2010 8 8 21 10 51.4744 39.3006 139.147 17.5 5
2010 8 8 21 10 52.5905 39.5036 139.155 23.8 5
2010 8 8 21 11 55.4733 39.5092 139.098 19.3 6
2010 8 8 21 12 59.013 39.4861 139.066 22.1 5
2010 8 8 21 12 59.0681 39.4844 139.083 18.8 5
2010 8 8 21 13 3.29343 39.7344 139.644 16.2 6
2010 8 8 21 14 2.86081 39.4918 139.084 17.6 5
2010 8 8 21 14 13.1998 39.4911 139.116 18 6
2010 8 8 21 15 0.459586 39.7779 139.587 9.9 5
2010 8 8 21 16 16.9266 39.362 139.205 19.7 5
2010 8 8 21 16 19.5342 39.4789 139.074 3.9 6
2010 8 8 21 16 37.7209 39.3443 139.018 14.1 5
2010 8 8 21 16 58.7479 39.3066 138.952 13.3 8
2010 8 8 21 17 44.6056 39.3434 139.21 11 5
2010 8 8 21 18 0.724009 39.3301 139.136 7.1 5
2010 8 8 21 18 0.891598 39.3428 139.124 17.9 5
2010 8 8 21 20 14.3921 39.3829 138.975 19.2 7
2010 8 8 21 20 37.7345 39.4781 139.139 1.3 5
2010 8 8 21 20 39.882 39.3755 138.958 19.1 5
2010 8 8 21 21 23.5942 39.3679 139.076 9.9 5
2010 8 8 21 21 52.4626 39.3619 138.926 4.6 5
2010 8 8 21 22 17.1194 39.3717 139.19 8.8 6
2010 8 8 21 22 39.6458 39.406 139.238 17.6 5
2010 8 8 21 22 56.0779 39.2872 139.127 11.7 5
2010 8 8 21 24 14.8286 39.5051 139.093 13 5
2010 8 8 21 24 17.1888 39.3695 138.964 16.1 7
2010 8 8 21 24 35.9231 39.4427 139.18 14.9 7
2010 8 8 21 24 47.3899 39.3341 139.095 19.7 5
2010 8 8 21 25 2.11886 39.3673 138.947 16.2 7
2010 8 8 21 25 3.06404 39.4364 139.184 16.6 6
2010 8 8 21 26 2.76885 39.5528 138.777 3.7 5
2010 8 8 21 26 39.3288 39.2619 139.058 0.7 5
2010 8 8 21 26 43.6744 39.4073 139.222 18.3 5
2010 8 8 21 27 12.3888 39.3508 139.007 8.2 6
2010 8 8 21 27 12.4848 39.3338 138.994 6.3 6
2010 8 8 21 27 46.7514 39.3564 139.011 7 5
2010 8 8 21 28 40.6025 39.3534 138.92 9.7 6
2010 8 8 21 29 18.2149 39.6331 139 5.9 5
2010 8 8 21 29 45.0136 39.4382 139.268 11.8 5
2010 8 8 21 30 11.0346 39.4511 139.09 10.9 5
2010 8 8 21 30 11.2322 39.5305 139.174 9.4 5
2010 8 8 21 30 19.2124 39.5616 138.798 7.5 5
2010 8 8 21 31 10.1875 39.4117 138.941 7.6 6
2010 8 8 21 31 10.3679 39.4106 138.957 8.2 5
2010 8 8 21 31 15.4771 39.4786 139.244 17.7 5
2010 8 8 21 31 30.2984 39.5541 139.157 11.9 5
2010 8 8 21 32 2.31678 39.4517 139.062 4.4 6
2010 8 8 21 32 2.3983 39.5073 139.222 9.6 5
2010 8 8 21 32 31.2068 39.5227 139.176 9.2 5
2010 8 8 21 32 52.3672 39.4303 138.999 25.6 8
2010 8 8 21 33 50.1139 39.4331 139.163 17.5 6
2010 8 8 21 33 52.988 39.506 139.221 12.5 6
2010 8 8 21 35 8.20639 39.4789 139.11 15.3 7
2010 8 8 21 35 19.7343 39.5061 139.226 19.6 5
2010 8 8 21 35 19.7731 39.5128 139.249 15.5 5
2010 8 8 21 35 25.5812 39.4291 138.91 11.2 6
2010 8 8 21 35 25.7176 39.4163 138.949 6.4 5
2010 8 8 21 35 44.179 39.4821 139.186 19.2 5
2010 8 8 21 36 26.0667 39.4753 139.16 16.4 5
2010 8 8 21 36 40.4193 39.6872 138.883 2.8 5
2010 8 8 21 36 40.8159 39.4608 139.158 18.4 5
2010 8 8 21 37 14.9646 39.6824 139.263 20.4 5
2010 8 8 21 37 27.6387 39.4819 139.154 18.5 5
2010 8 8 21 37 41.9221 39.4982 139.21 18.5 5
2010 8 8 21 38 1.59565 39.405 139.048 16.8 5
2010 8 8 21 39 10.1368 39.7104 138.942 8.1 5
2010 8 8 21 39 10.543 39.439 139.155 1.8 5
2010 8 8 21 40 6.79802 39.565 139.202 19.7 5
2010 8 8 21 40 14.443 39.5449 139.194 11.1 5
2010 8 8 21 40 28.6894 39.5359 139.221 15.8 8
2010 8 8 21 40 35.4812 39.523 139.146 17.6 5
2010 8 8 21 40 42.4757 39.4713 139.256 29.9 5
2010 8 8 21 40 44.3141 39.4406 139.018 20.4 5
2010 8 8 21 41 25.0467 39.5318 139.212 13.9 8
2010 8 8 21 41 29.0984 39.5147 139.196 23.2 5
2010 8 8 21 41 33.0217 39.5066 139.143 16.9 6
2010 8 8 21 41 44.8919 39.5463 139.301 19.1 5
2010 8 8 21 41 56.6475 39.5314 139.215 16.4 7
2010 8 8 21 42 32.4965 39.4792 139.183 22.1 6
2010 8 8 21 42 32.779 39.4765 139.174 18.4 5
2010 8 8 21 42 42.8428 39.554 139.279 19.4 6
2010 8 8 21 42 54.3564 39.7964 139.438 18.9 6
2010 8 8 21 43 16.6579 39.54 139.299 5.6 6
2010 8 8 21 43 24.886 39.5341 139.234 19.7 5
2010 8 8 21 43 26.9841 39.5737 139.219 9.3 5
2010 8 8 21 43 57.7334 39.5391 139.173 16.9 7
2010 8 8 21 44 18.1287 39.7527 139.286 15 6
2010 8 8 21 44 35.8001 39.5033 139.164 17 6
2010 8 8 21 45 22.5516 39.5005 139.277 1.9 5
2010 8 8 21 45 24.8633 39.7178 139.268 23.8 5
2010 8 8 21 45 42.0774 39.5708 139.26 18.8 6
2010 8 8 21 46 11.7818 45.0021 138.296 16.1 5
2010 8 8 21 46 17.2453 39.3672 139.728 21.7 5
2010 8 8 21 46 20.2129 39.5799 139.174 20.3 5
2010 8 8 21 46 23.6702 39.8172 138.93 0.9 5
2010 8 8 21 46 25.7178 39.5389 139.181 28.5 6
2010 8 8 21 46 26.17 39.475 139.228 6.6 6
2010 8 8 21 46 32.6101 39.6377 139.072 2.3 5
2010 8 8 21 46 46.1646 39.5351 139.204 18.6 5
2010 8 8 21 46 52.8334 39.5618 139.348 13.4 5
2010 8 8 21 46 54.0029 39.5024 139.211 8.8 5
2010 8 8 21 47 8.14196 39.547 139.241 29.6 7
2010 8 8 21 47 8.21123 39.4918 139.157 9.7 6
2010 8 8 21 47 8.46284 39.5771 139.216 15.6 6
2010 8 8 21 47 19.5726 39.5394 139.203 16.5 7
2010 8 8 21 47 19.837 39.4819 139.22 9 5
2010 8 8 21 47 24.8494 39.6072 139.365 10.8 5
2010 8 8 21 47 49.7534 39.5201 139.214 18.1 5
2010 8 8 21 47 49.9515 39.4998 139.144 19.4 6
2010 8 8 21 47 52.8949 39.4266 139.086 8.5 5
2010 8 8 21 47 55.1202 39.5532 139.254 7.3 5
2010 8 8 21 48 45.2587 39.703 139.252 12.9 5
2010 8 8 21 49 20.926 39.5507 139.285 17.7 5
2010 8 8 21 49 35.3167 39.5911 139.174 17 5
2010 8 8 21 49 59.1599 38.4864 138.072 11.5 5
2010 8 8 21 50 9.96628 39.74 139.024 1.2 5
2010 8 8 21 50 17.5196 39.6442 139.311 17.2 8
2010 8 8 21 50 33.8508 39.5397 139.246 17.5 6
2010 8 8 21 51 9.74738 39.8647 138.826 10.5 5
2010 8 8 21 51 31.3641 39.5427 139.238 10.8 5
2010 8 8 21 51 31.8227 39.6984 139.255 8.3 5
2010 8 8 21 51 50.034 39.5297 139.191 14.9 5
2010 8 8 21 52 13.7014 39.5485 138.981 4.8 5
2010 8 8 21 52 32.6374 39.6084 139.21 9.8 5
2010 8 8 21 52 40.5097 38.4709 138.065 4 6
2010 8 8 21 52 49.6247 39.5606 139.237 20.1 5
2010 8 8 21 52 49.6766 39.5637 139.23 17 5
2010 8 8 21 53 16.5778 39.5763 139.265 17.1 5
2010 8 8 21 54 36.0357 39.6033 139.239 17.3 5
2010 8 8 21 54 41.5437 39.9269 139.139 21.2 5
2010 8 8 21 54 54.1496 39.546 139.22 16.3 5
2010 8 8 21 55 16.1014 39.6011 139.108 14.2 7
2010 8 8 21 55 23.4229 39.5911 139.186 17 6
2010 8 8 21 55 42.4592 38.7337 138.06 20.2 5
2010 8 8 21 56 36.3737 39.513 139.005 16.2 7
2010 8 8 21 57 14.1531 39.6349 139.306 16 5
2010 8 8 21 57 15.44 39.5928 139.07 1.7 5
2010 8 8 21 57 31.0365 39.9499 138.981 4.4 5
2010 8 8 21 57 35.6337 39.8892 138.888 1.8 5
2010 8 8 21 57 35.705 39.6173 139.264 10.8 6
2010 8 8 21 57 50.9451 39.714 139.305 22.4 5
2010 8 8 21 58 1.92844 39.631 139.308 18.7 5
2010 8 8 21 58 5.15561 39.5194 139.174 19.4 5
2010 8 8 21 58 6.75915 39.5878 138.998 17.4 6
2010 8 8 21 58 28.57 39.5901 139.147 20.5 5
2010 8 8 21 58 30.2196 39.6248 139.21 19.7 5
2010 8 8 21 58 55.4213 39.5117 139.208 5.2 5
2010 8 8 21 58 59.516 39.5866 139.29 27.8 5
2010 8 8 21 59 9.49653 39.6073 139.35 10.3 5
2010 8 8 21 59 16.7924 39.605 139.156 3.5 5
2010 8 8 21 59 19.8892 38.5003 138.002 18 7
2010 8 8 21 59 22.7466 39.5839 139.35 9.3 5
2010 8 8 21 59 27.46 39.5762 139.01 16.6 8
2010 8 8 21 59 27.936 39.5415 138.998 16.8 5
2010 8 8 21 59 37.9739 39.5554 139.215 6.1 5
2010 8 8 22 0 0.837254 39.6178 139.168 14.8 7
2010 8 8 22 0 7.99246 39.5944 138.968 19.9 7
2010 8 8 22 0 29.5162 38.3754 138.126 23.8 6
2010 8 8 22 0 29.6258 38.4963 137.987 5.8 7
2010 8 8 22 0 31.3661 39.8552 139.202 16.6 7
2010 8 8 22 0 31.388 39.8198 139.188 18 7
2010 8 8 22 0 47.0737 39.5888 139.179 18.2 6
2010 8 8 22 0 56.7358 39.5984 139.268 14.8 5
2010 8 8 22 1 35.4113 39.5438 139.188 5.5 5
2010 8 8 22 2 7.64865 38.5392 138.011 15.6 8
2010 8 8 22 2 7.69982 38.5432 138 12.8 5
2010 8 8 22 2 25.0619 39.5647 139.177 4.8 5
2010 8 8 22 2 43.736 39.6492 139.296 9.2 5
2010 8 8 22 3 0.53881 39.5519 139.014 4 5
2010 8 8 22 3 0.66223 39.5604 139.04 19.4 5
2010 8 8 22 3 4.26754 39.5915 139.312 3.7 5
2010 8 8 22 3 4.43663 39.6365 139.273 18.2 7
2010 8 8 22 3 9.92194 39.719 139.085 10.6 5
2010 8 8 22 3 14.0991 39.8505 139.209 20.5 5
2010 8 8 22 3 14.179 39.8909 139.206 6.8 7
2010 8 8 22 3 14.2525 39.8453 139.208 19 7
2010 8 8 22 3 29.0525 39.821 138.64 6.6 5
2010 8 8 22 3 29.3088 39.5652 138.976 19.1 5
2010 8 8 22 3 54.2037 39.6411 139.253 10.4 6
2010 8 8 22 3 54.2499 39.605 139.311 5.8 5
2010 8 8 22 4 8.04029 39.8147 139.202 17.3 6
2010 8 8 22 4 8.11277 39.8604 139.208 16.4 7
2010 8 8 22 4 8.95017 39.7762 139.25 8.3 5
2010 8 8 22 4 44.6673 39.6752 139.154 17.5 6
2010 8 8 22 4 55.6848 39.8047 139.256 7.4 5
2010 8 8 22 5 14.8552 39.648 139.26 20.2 5
2010 8 8 22 5 15.2825 39.6463 139.28 22.7 5
2010 8 8 22 5 43.3717 39.6314 139.293 10.2 5
2010 8 8 22 5 47.0621 39.6252 139.308 15.1 5
2010 8 8 22 6 5.21387 39.7661 139.259 14 5
2010 8 8 22 6 5.30023 39.7268 139.074 16.2 6
2010 8 8 22 6 6.33206 39.6591 139.28 16.6 5
2010 8 8 22 6 15.2785 39.5763 139.209 5.3 6
2010 8 8 22 6 23.4132 39.6405 139.12 16.8 7
2010 8 8 22 6 23.7511 39.7787 139.005 7.1 6
2010 8 8 22 6 24.2834 39.5895 139.118 14.5 7
2010 8 8 22 6 27.3105 39.6451 139.296 6.3 6
2010 8 8 22 6 37.3231 39.5975 139.155 14.3 6
2010 8 8 22 6 44.9102 39.632 139.221 8.6 5
2010 8 8 22 6 53.2323 39.6097 139.23 14.4 5
2010 8 8 22 6 53.774 39.5473 139.087 12.3 5
2010 8 8 22 7 30.5174 39.6929 139.364 17.9 5
2010 8 8 22 7 50.141 39.6251 139.209 4.7 5
2010 8 8 22 7 55.33 39.6529 139.241 4.9 5
2010 8 8 22 8 18.5933 39.7325 139.352 19.5 5
2010 8 8 22 8 18.6469 39.7181 139.35 16.6 6
2010 8 8 22 8 31.5721 39.7287 139.328 14.5 6
2010 8 8 22 8 44.3579 39.6669 139.246 12.6 5
2010 8 8 22 8 44.4533 39.6725 139.283 9.9 6
2010 8 8 22 8 47.0272 39.626 139.195 3.1 5
2010 8 8 22 9 6.05691 39.938 139.263 9.2 6
2010 8 8 22 9 6.12657 39.927 139.235 15.6 6
2010 8 8 22 9 11.2289 39.6571 139.131 4.7 6
2010 8 8 22 9 11.4574 39.669 139.166 18.2 6
2010 8 8 22 9 12.0364 39.7435 139.415 21.6 5
2010 8 8 22 9 24.4049 39.7594 139.351 3.4 5
2010 8 8 22 9 29.2644 39.7082 139.351 3.8 5
2010 8 8 22 9 47.1574 39.681 139.321 18.3 6
2010 8 8 22 9 47.2861 39.6508 139.317 1.8 5
2010 8 8 22 10 3.67783 39.6267 139.273 5.5 5
2010 8 8 22 10 16.9718 39.7108 139.297 25.9 5
2010 8 8 22 10 17.022 39.696 139.368 9.5 6
2010 8 8 22 10 18.358 39.6885 139.392 7.4 6
2010 8 8 22 10 35.8457 39.7468 139.369 21.2 5
2010 8 8 22 10 47.0764 39.6395 139.234 3.6 5
2010 8 8 22 10 50.0216 39.7 139.113 5.4 7
2010 8 8 22 10 51.2979 39.6069 139.306 5.1 5
2010 8 8 22 11 8.53288 39.7089 139.151 14.4 6
2010 8 8 22 11 23.0664 39.7561 139.314 10 5
2010 8 8 22 11 50.2706 39.6265 139.258 17.2 5
2010 8 8 22 12 12.5973 39.8327 139.378 13.8 5
2010 8 8 22 12 13.3074 39.7615 139.333 5.1 6
2010 8 8 22 12 24.1667 39.6586 139.225 3.4 5
2010 8 8 22 12 51.7477 39.6909 139.33 7.5 5
2010 8 8 22 12 51.8036 39.7283 139.304 19.6 5
2010 8 8 22 13 1.80462 40.0468 139.283 15.6 7
2010 8 8 22 13 1.84122 39.9878 139.308 4.3 5
2010 8 8 22 13 7.51128 39.6893 139.188 13.3 5
2010 8 8 22 13 38.1037 39.7131 139.358 3.2 5
2010 8 8 22 13 57.0157 39.6591 139.063 12.3 5
2010 8 8 22 14 43.8098 39.7449 139.242 23.8 5
2010 8 8 22 14 43.8115 39.7444 139.216 17.7 6
2010 8 8 22 14 52.3371 39.6753 139.224 17.5 8
2010 8 8 22 15 3.52797 39.8465 139.379 13.7 7
2010 8 8 22 15 4.27987 39.9883 139.282 4.8 5
2010 8 8 22 15 6.89668 39.6812 139.139 15.7 6
2010 8 8 22 15 7.07069 39.666 139.183 10.8 5
2010 8 8 22 15 7.54981 39.5894 139.058 10.2 5
2010 8 8 22 15 7.61069 39.6351 139.08 22.5 5
2010 8 8 22 16 28.6382 39.7296 139.248 15.5 5
2010 8 8 22 16 28.9053 39.6961 139.231 2.8 5
2010 8 8 22 16 44.7697 40.103 139.787 6.3 6
2010 8 8 22 16 49.3361 39.7853 139.286 9.5 7
2010 8 8 22 17 6.51739 39.845 139.071 2.3 5
2010 8 8 22 17 8.2098 39.8078 139.356 15.7 6
2010 8 8 22 17 14.2662 38.7873 138.09 3 5
2010 8 8 22 17 23.3262 39.7033 139.42 8.8 5
2010 8 8 22 17 48.3168 39.7736 139.417 2.6 5
2010 8 8 22 18 1.61121 38.8419 138.123 7.1 5
2010 8 8 22 18 3.20377 39.7379 139.307 14.8 6
2010 8 8 22 18 7.10295 39.7428 139.322 15.5 5
2010 8 8 22 18 13.6045 38.7633 138.141 2.2 5
2010 8 8 22 18 16.1534 39.7866 139.238 9.2 6
2010 8 8 22 18 16.281 39.7253 139.231 24.8 7
2010 8 8 22 18 22.8975 40.011 139.253 19.5 6
2010 8 8 22 18 59.4223 39.722 139.198 10.1 5
2010 8 8 22 19 6.07101 39.9598 139.309 24.2 5
2010 8 8 22 19 22.2096 39.8503 139.383 16.1 6
2010 8 8 22 19 23.7398 38.9167 138.105 8.3 5
2010 8 8 22 20 10.8656 39.7382 139.198 9.9 5
2010 8 8 22 20 34.8332 39.7378 139.248 18.7 6
2010 8 8 22 20 35.0326 39.6845 139.257 18.9 5
2010 8 8 22 20 47.6551 39.7464 139.156 19.2 6
2010 8 8 22 20 48.0472 39.7266 139.155 16.8 6
2010 8 8 22 21 7.04751 39.6868 139.204 18.7 5
2010 8 8 22 21 44.8418 40.0206 139.284 16.8 5
2010 8 8 22 21 58.6824 39.7129 139.26 5.4 7
2010 8 8 22 22 7.34166 39.8586 139.5 14.5 5
2010 8 8 22 22 10.5477 39.9753 139.278 23.3 5
2010 8 8 22 22 20.898 39.8026 139.311 12.7 6
2010 8 8 22 22 23.6905 39.7812 139.403 4.9 5
2010 8 8 22 22 29.7252 39.7123 139.195 2.6 5
2010 8 8 22 22 36.2412 39.7697 139.325 4.4 5
2010 8 8 22 22 40.22 39.8338 139.385 18.1 8
2010 8 8 22 22 40.3078 39.7935 139.365 19.1 5
2010 8 8 22 22 57.8362 39.6905 139.397 18.8 6
2010 8 8 22 23 4.22255 39.7035 139.236 9 5
2010 8 8 22 23 19.0067 39.7294 139.288 28.4 5
2010 8 8 22 23 23.3656 39.8374 139.293 11.3 6
2010 8 8 22 23 23.5285 39.7518 139.34 7.9 5
2010 8 8 22 23 43.6897 40.1306 139.22 14.5 7
2010 8 8 22 23 58.5495 39.73 139.206 6.1 5
2010 8 8 22 24 34.5404 39.8427 139.467 19.4 5
2010 8 8 22 24 46.2465 39.7139 139.156 1.7 5
2010 8 8 22 25 0.390724 39.8207 139.431 26.5 5
2010 8 8 22 25 24.643 40.1102 139.257 17.2 6
2010 8 8 22 25 36.2338 39.9132 139.274 5 5
2010 8 8 22 25 36.2339 39.6398 139.288 16.4 5
2010 8 8 22 25 36.2833 39.7909 139.397 6.8 5
2010 8 8 22 25 36.3175 39.7734 139.427 12.3 6
2010 8 8 22 25 41.6818 40.0444 139.348 4.2 5
2010 8 8 22 25 41.7426 40.0575 139.321 9.8 5
2010 8 8 22 25 48.4555 39.7671 139.189 15.6 7
2010 8 8 22 25 48.6511 39.761 139.179 18.9 5
2010 8 8 22 26 10.5467 38.94 138.179 6.4 6
2010 8 8 22 26 12.236 39.7843 139.355 16.8 6
2010 8 8 22 26 21.5542 40.0458 139.323 12.6 5
2010 8 8 22 26 30.2263 39.7619 139.271 18.3 5
2010 8 8 22 26 47.5692 38.9216 138.089 15.8 5
2010 8 8 22 26 51.6984 40.1878 138.679 20 5
2010 8 8 22 26 51.7621 39.8181 139.349 12.8 8
2010 8 8 22 26 53.9584 40.1873 139.239 21.4 6
2010 8 8 22 27 0.611347 39.7437 139.267 23.2 5
2010 8 8 22 27 0.705978 40.0741 139.275 16.7 6
2010 8 8 22 27 9.63672 39.8108 139.344 12.5 7
2010 8 8 22 27 9.67497 39.7729 139.366 10.4 5
2010 8 8 22 27 41.0673 39.7233 139.319 4.7 5
2010 8 8 22 27 41.4306 39.7497 139.306 20.7 5
2010 8 8 22 27 51.6434 40.1006 139.307 4.4 6
2010 8 8 22 28 26.4113 39.8234 139.294 15 7
2010 8 8 22 28 28.2784 40.1332 139.273 14.4 6
2010 8 8 22 28 30.48 39.0124 138.223 10.8 6
2010 8 8 22 28 36.0827 40.0125 139.266 15.9 5
2010 8 8 22 28 57.8706 39.7424 139.245 6.8 5
2010 8 8 22 29 5.13045 40.0614 139.335 8.6 6
2010 8 8 22 29 14.1738 39.7975 139.342 22.3 7
2010 8 8 22 29 20.303 40.0907 139.276 19.2 6
2010 8 8 22 29 20.8797 40.0985 139.23 4.1 6
2010 8 8 22 29 43.4386 39.7581 139.18 6.3 6
2010 8 8 22 29 43.7716 39.9302 139.09 5.6 5
2010 8 8 22 30 1.50979 40.1552 139.261 22.3 6
2010 8 8 22 30 9.02131 39.7804 139.245 12.4 5
2010 8 8 22 30 9.69956 40.1441 139.257 18.3 6
2010 8 8 22 30 10.8767 39.0795 138.235 7.1 5
2010 8 8 22 30 26.4929 40.0824 139.231 14.3 5
2010 8 8 22 30 26.6344 40.1412 139.269 20.1 7
2010 8 8 22 30 29.7517 39.7612 139.168 16.8 6
2010 8 8 22 30 32.1639 39.7311 139.516 7 5
2010 8 8 22 30 42.961 40.409 139.007 6.2 5
2010 8 8 22 30 43.0483 40.1602 139.246 19.9 5
2010 8 8 22 30 54.5118 40.0937 139.278 15.6 5
2010 8 8 22 31 17.464 40.1487 139.245 17.6 6
2010 8 8 22 31 17.5891 40.1492 139.23 15.4 5
2010 8 8 22 31 23.8123 40.0945 139.303 28.4 5
2010 8 8 22 31 42.7288 40.0825 139.315 7.9 6
2010 8 8 22 31 50.4474 40.1126 139.282 15.5 6
2010 8 8 22 31 53.2003 39.8342 139.387 17.8 5
2010 8 8 22 32 32.0508 39.8415 139.474 3.5 5
2010 8 8 22 32 32.2275 39.8806 139.367 4 5
2010 8 8 22 32 44.4503 40.1082 139.274 15.2 6
2010 8 8 22 33 15.6264 39.8096 139.131 14.2 6
2010 8 8 22 33 16.8907 39.8111 139.24 14.4 5
2010 8 8 22 33 19.2394 40.1575 139.262 20.2 5
2010 8 8 22 33 32.5264 40.133 139.233 7.2 6
2010 8 8 22 33 32.7178 39.0104 138.224 5.8 6
2010 8 8 22 33 39.6878 40.1193 139.271 20.9 6
2010 8 8 22 33 39.812 40.1463 139.286 15.8 5
2010 8 8 22 34 12.7908 39.8459 139.418 16.8 5
2010 8 8 22 34 12.8745 39.8872 139.398 13.4 6
2010 8 8 22 34 26.6269 38.9311 138.156 4.9 5
2010 8 8 22 34 45.8604 39.8002 139.42 8.3 5
2010 8 8 22 34 58.3714 40.0961 139.264 10.6 5
2010 8 8 22 35 0.4054 39.0407 138.233 17.1 7
2010 8 8 22 35 10.2674 39.9153 139.304 13.3 6
2010 8 8 22 35 10.6717 39.831 139.344 5.6 6
2010 8 8 22 35 11.0316 39.8314 139.331 7.5 5
2010 8 8 22 35 28.2559 40.1327 139.254 15.6 7
2010 8 8 22 35 37.5057 39.05 138.17 0.5 5
2010 8 8 22 35 37.576 39.0049 138.288 15.1 5
2010 8 8 22 36 3.57267 39.0142 138.195 19.2 6
2010 8 8 22 36 6.76901 40.1554 139.239 20.2 7
2010 8 8 22 36 6.82184 40.1182 139.258 24.1 6
2010 8 8 22 36 21.209 40.1254 139.271 23.9 8
2010 8 8 22 36 26.7163 40.11 139.264 14.8 5
2010 8 8 22 36 26.9138 38.993 138.24 7.3 6
2010 8 8 22 36 31.1201 40.1604 139.302 20.1 6
2010 8 8 22 36 39.6298 40.1553 139.259 17.3 6
2010 8 8 22 36 51.8814 40.0933 139.448 3.2 5
2010 8 8 22 36 51.9816 40.0863 139.484 17.1 5
2010 8 8 22 36 52.9613 40.1496 139.311 7.1 5
2010 8 8 22 37 0.917858 39.82 139.427 3.9 5
2010 8 8 22 37 10.794 40.1515 139.299 14.8 6
2010 8 8 22 37 17.3608 40.1293 139.248 20.2 6
2010 8 8 22 37 41.5416 40.2336 139.287 14.8 6
2010 8 8 22 37 43.5993 40.1268 139.293 17 7
2010 8 8 22 37 43.8011 40.1138 139.338 11 5
2010 8 8 22 37 44.1365 40.1486 139.306 20.9 5
2010 8 8 22 37 50.3197 39.9013 139.485 18.8 7
2010 8 8 22 37 53.83 40.1073 139.292 19.6 6
2010 8 8 22 38 0.87374 40.28 139.395 23.8 6
2010 8 8 22 38 4.23677 40.1255 139.267 19.4 5
2010 8 8 22 38 4.48233 40.1528 139.27 20.3 6
2010 8 8 22 38 4.53708 40.1396 139.273 16.6 5
2010 8 8 22 38 4.62207 40.1509 139.265 15.1 8
2010 8 8 22 38 21.8539 40.0792 139.351 30 5
2010 8 8 22 38 29.4385 39.0051 138.305 6.3 5
2010 8 8 22 38 47.2719 40.12 139.196 19.4 5
2010 8 8 22 38 53.0597 39.0444 138.28 10.8 5
2010 8 8 22 38 53.4477 39.0532 138.217 2.2 5
2010 8 8 22 39 3.133 40.1401 139.288 19.8 5
2010 8 8 22 39 3.33183 40.1311 139.325 17.9 6
2010 8 8 22 39 7.11196 39.0247 138.304 17.8 5
2010 8 8 22 39 59.7257 40.1223 139.326 9.8 5
2010 8 8 22 40 3.97168 40.1211 139.284 16.2 5
2010 8 8 22 40 4.06583 40.1529 139.306 16.2 5
2010 8 8 22 40 8.49602 40.2464 139.341 14.6 5
2010 8 8 22 40 13.3819 40.0869 139.336 16.5 5
2010 8 8 22 40 22.3738 39.9154 139.328 16 5
2010 8 8 22 40 22.4289 39.866 139.452 12.1 6
2010 8 8 22 40 22.4823 40.1928 139.266 21.4 5
2010 8 8 22 40 25.402 40.3156 139.529 5.4 7
2010 8 8 22 40 25.4556 39.0824 138.158 22.2 5
2010 8 8 22 40 42.2605 40.1535 139.267 16.3 8
2010 8 8 22 40 49.3439 40.2299 139.266 10.5 6
2010 8 8 22 41 2.56032 39.0003 138.242 5.6 6
2010 8 8 22 41 3.17837 40.1213 139.339 16.3 5
2010 8 8 22 41 3.9037 40.1295 139.301 20.2 6
2010 8 8 22 41 25.348 40.2005 139.273 19.1 5
2010 8 8 22 41 41.8501 39.8819 139.442 21.2 7
2010 8 8 22 41 43.8728 39.0258 138.276 22.9 6
2010 8 8 22 41 50.0755 40.1288 139.322 27.5 5
2010 8 8 22 41 50.2284 40.1164 139.321 9.4 5
2010 8 8 22 41 51.587 38.9368 138.27 2.2 6
2010 8 8 22 42 13.9985 40.2577 139.331 14.8 8
2010 8 8 22 42 14.0262 40.2515 139.335 17 7
2010 8 8 22 42 24.862 39.7888 139.488 22.2 7
2010 8 8 22 42 24.9011 39.7932 139.565 8.2 6
2010 8 8 22 42 24.9506 39.8175 139.488 2.6 5
2010 8 8 22 42 42.8995 40.092 139.396 9.9 6
2010 8 8 22 42 43.0799 39.9705 139.378 16.9 6
2010 8 8 22 43 25.7371 40.1251 139.299 4.2 5
2010 8 8 22 43 29.1744 40.2413 139.305 6.5 6
2010 8 8 22 43 38.234 40.1369 139.302 12.5 6
2010 8 8 22 43 53.8294 38.9904 138.229 0.9 5
2010 8 8 22 44 8.02828 39.0297 138.188 7.6 5
2010 8 8 22 44 14.0984 39.7532 139.685 29.3 8
2010 8 8 22 44 22.8107 38.9914 138.303 9.3 5
2010 8 8 22 44 23.8902 39.0306 138.304 3.2 6
2010 8 8 22 44 34.1066 40.1608 139.239 7.1 6
2010 8 8 22 44 34.2621 40.1494 139.252 3.9 5
2010 8 8 22 44 34.3128 40.602 138.702 9.7 5
2010 8 8 22 44 35.3074 39.0165 138.264 7.3 5
2010 8 8 22 44 45.6368 40.2893 139.412 16.5 8
2010 8 8 22 44 52.0923 40.2297 139.393 5.1 5
2010 8 8 22 44 52.1759 39.0025 138.263 2 5
2010 8 8 22 44 54.0967 38.9636 138.286 5.9 5
2010 8 8 22 44 57.3238 39.986 139.286 1.1 5
2010 8 8 22 44 59.161 38.9839 138.219 2.9 5
2010 8 8 22 45 2.63615 39.0251 138.26 20.6 5
2010 8 8 22 45 11.0256 40.1513 139.293 18 6
2010 8 8 22 45 24.8753 40.1006 139.292 18.7 5
2010 8 8 22 45 28.0422 39.0166 138.244 6.9 7
2010 8 8 22 45 37.215 40.1589 139.309 19.6 6
2010 8 8 22 45 42.7726 40.1281 139.312 23.7 5
2010 8 8 22 45 45.7685 38.9621 138.285 1.4 5
2010 8 8 22 45 58.0741 40.1712 139.258 1.8 5
2010 8 8 22 46 0.513327 39.7742 139.508 19.6 6
2010 8 8 22 46 0.68802 39.7898 139.551 20.1 5
2010 8 8 22 46 13.6253 39.0504 138.252 18.8 7
2010 8 8 22 46 18.5233 40.1554 139.3 19.5 5
2010 8 8 22 46 33.0324 38.9765 138.268 9.2 7
2010 8 8 22 46 33.4091 38.9831 138.259 2.9 5
2010 8 8 22 46 33.7111 39.0394 138.167 13.9 8
2010 8 8 22 46 45.5001 39.198 138.013 3.1 5
2010 8 8 22 46 45.5968 39.0196 138.222 15.9 5
2010 8 8 22 46 45.7036 39.0107 138.178 10.5 5
2010 8 8 22 46 47.5955 40.1748 139.277 7.9 5
2010 8 8 22 46 49.7982 40.2582 139.341 20.6 7
2010 8 8 22 46 53.9943 39.2564 138.375 16.9 7
2010 8 8 22 46 55.8 39.1152 138.23 10.7 5
2010 8 8 22 46 59.5036 39.0217 138.262 11.1 5
2010 8 8 22 46 59.6726 40.2655 139.235 6.1 5
2010 8 8 22 47 6.37324 39.7895 139.46 14.4 6
2010 8 8 22 47 12.8996 38.9893 138.261 5.7 5
2010 8 8 22 47 21.7406 39.0288 138.287 7.6 6
2010 8 8 22 47 25.8085 39.0389 138.267 29 7
2010 8 8 22 47 25.987 40.2867 139.338 20.9 8
2010 8 8 22 47 26.1764 40.2916 139.335 20.9 6
2010 8 8 22 47 28.9086 39.0486 138.272 26.4 8
2010 8 8 22 47 38.3917 40.2109 139.346 16 5
2010 8 8 22 47 39.5597 39.0396 138.218 8.2 7
2010 8 8 22 47 39.6167 39.0379 138.24 11 6
2010 8 8 22 47 53.4059 40.1712 139.312 23.6 5
2010 8 8 22 48 0.794719 38.9892 138.295 6.2 5
2010 8 8 22 48 3.11185 39.0261 138.277 9.1 5
2010 8 8 22 48 11.7212 39.0273 138.22 1.7 5
2010 8 8 22 48 23.4951 39.9303 139.478 21.3 5
2010 8 8 22 48 24.2573 40.1346 139.257 5.2 6
2010 8 8 22 48 26.2723 39.0415 138.212 8.3 6
2010 8 8 22 48 29.3036 39.3208 138.38 11.7 5
2010 8 8 22 48 33.8244 39.4987 137.476 8.1 5
2010 8 8 22 48 39.5449 40.1637 139.271 6.9 5
2010 8 8 22 48 39.6117 40.1529 139.312 21.3 6
2010 8 8 22 48 39.7118 40.1412 139.331 5.9 5
2010 8 8 22 48 39.8836 40.2199 139.294 8.1 5
2010 8 8 22 48 43.5773 39.019 138.299 29.5 6
2010 8 8 22 48 52.5375 39.1558 138.267 15.5 5
2010 8 8 22 48 52.8522 39.0341 138.257 6.7 5
2010 8 8 22 48 57.2116 40.2439 139.351 19.7 7
2010 8 8 22 49 9.304 39.0134 138.293 7.4 5
2010 8 8 22 49 22.2185 39.0653 138.185 4.3 5
2010 8 8 22 49 23.8064 39.0231 138.238 7 5
2010 8 8 22 49 24.1676 39.0119 138.283 4.2 5
2010 8 8 22 49 31.5349 40.1646 139.331 9.2 6
2010 8 8 22 49 31.5731 40.1606 139.333 9.8 5
2010 8 8 22 49 34.1647 40.1155 139.2 24.6 5
2010 8 8 22 49 34.2383 40.2681 139.345 23.6 7
2010 8 8 22 49 47.0788 40.2158 139.377 6.5 5
2010 8 8 22 49 51.6798 40.1634 139.341 14.2 5
2010 8 8 22 49 57.0064 40.1584 139.304 11.5 6
2010 8 8 22 50 0.112801 40.264 139.335 24.4 5
2010 8 8 22 50 5.83031 39.7899 139.551 29.4 7
2010 8 8 22 50 8.9693 40.236 139.311 5.2 5
2010 8 8 22 50 9.39174 40.2573 139.344 16.1 6
2010 8 8 22 50 9.62433 40.2181 139.302 7.6 5
2010 8 8 22 50 11.7915 39.0409 138.26 17.7 7
2010 8 8 22 50 11.8784 38.9886 138.296 3.9 6
2010 8 8 22 50 16.9024 39.0412 138.209 13.5 9
2010 8 8 22 50 21.3732 40.155 139.304 17.5 5
2010 8 8 22 50 30.4623 40.2293 139.326 17.5 5
2010 8 8 22 50 33.4334 39.1768 137.94 2.3 5
2010 8 8 22 50 38.0413 40.1644 139.376 15.9 5
2010 8 8 22 50 38.3282 40.1162 139.269 2.9 5
2010 8 8 22 50 38.6013 39.3378 137.817 17.1 5
2010 8 8 22 50 42.8364 40.2014 139.422 21.7 5
2010 8 8 22 50 49.0414 39.035 138.257 17.1 7
2010 8 8 22 50 53.7571 38.977 138.319 7.8 5
2010 8 8 22 51 2.20496 40.1737 139.294 15.3 6
2010 8 8 22 51 2.31668 39.0587 138.213 4.9 7
2010 8 8 22 51 2.35151 40.1278 139.316 7.2 5
2010 8 8 22 51 2.37863 39.0341 138.261 8.5 6
2010 8 8 22 51 8.82617 40.0722 139.157 29.9 6
2010 8 8 22 51 8.91639 40.2004 139.316 11.5 6
2010 8 8 22 51 10.1065 39.7971 139.52 13.8 5
2010 8 8 22 51 10.4863 39.7821 139.617 20.8 5
2010 8 8 22 51 11.6731 40.2206 139.318 13 5
2010 8 8 22 51 22.8904 40.2903 139.294 10.2 5
2010 8 8 22 51 23.0222 40.201 139.302 15.4 5
2010 8 8 22 51 26.5507 40.2053 139.315 21 5
2010 8 8 22 51 27.1841 40.2878 139.422 18.4 6
2010 8 8 22 51 37.5736 40.1778 139.333 15.1 6
2010 8 8 22 51 40.8879 40.4036 139.139 6.2 5
2010 8 8 22 51 45.854 39.0388 138.233 16.5 5
2010 8 8 22 51 55.2414 39.0637 138.249 23.8 6
2010 8 8 22 52 6.73017 39.2537 138.372 8.5 5
2010 8 8 22 52 11.3211 40.2983 139.322 12.6 5
2010 8 8 22 52 27.1866 38.9987 138.305 2 6
2010 8 8 22 52 38.5495 38.9271 138.232 7.9 5
2010 8 8 22 52 38.5516 38.9433 138.274 16.2 6
2010 8 8 22 52 41.2236 40.1562 138.964 27.9 6
2010 8 8 22 52 41.2892 39.8571 139.505 17.8 7
2010 8 8 22 52 41.3068 39.8292 139.432 2.2 5
2010 8 8 22 52 48.7078 40.2328 139.341 19.7 6
2010 8 8 22 52 57.3724 39.0202 138.257 2.8 5
2010 8 8 22 53 13.8926 38.9736 138.28 6 5
2010 8 8 22 53 15.6177 40.143 139.326 12.4 5
2010 8 8 22 53 16.3234 40.1541 139.347 14.6 5
2010 8 8 22 53 19.4629 39.0702 138.255 5.1 5
2010 8 8 22 53 31.5462 39.0245 138.276 3.4 5
2010 8 8 22 54 0.192406 40.2045 139.261 2.1 5
2010 8 8 22 54 0.507531 40.2235 139.312 3.8 5
2010 8 8 22 54 1.76783 40.3231 139.456 11.5 5
2010 8 8 22 54 9.71102 39.0761 138.178 2.5 5
2010 8 8 22 54 9.95765 40.5153 138.722 9.7 5
2010 8 8 22 54 10.3061 40.1939 139.283 18.5 5
2010 8 8 22 54 39.1408 39.0527 138.223 2.4 6
2010 8 8 22 54 42.0677 39.1213 138.376 17.6 5
2010 8 8 22 54 44.5453 40.2983 139.393 14.4 6
2010 8 8 22 54 45.0741 40.0481 139.205 6.1 5
2010 8 8 22 54 53.332 39.0201 138.297 9.1 6
2010 8 8 22 54 53.4957 39.0386 138.233 10 5
2010 8 8 22 55 4.29556 40.4855 139.496 17.4 5
2010 8 8 22 55 11.0023 40.1801 139.357 8.1 5
2010 8 8 22 55 20.1465 40.2744 139.363 22 7
2010 8 8 22 55 24.3178 39.0507 138.228 12.4 6
2010 8 8 22 55 24.6539 39.0537 138.184 2.2 5
2010 8 8 22 55 46.1281 39.0333 138.282 7.6 5
2010 8 8 22 55 46.2193 39.0649 138.253 22 6
2010 8 8 22 55 46.2697 39.0629 138.242 14.9 6
2010 8 8 22 55 51.6316 39.2861 138.471 30 9
2010 8 8 22 55 55.5775 39.0493 138.277 7 5
2010 8 8 22 55 55.6759 39.0391 138.217 10.1 5
2010 8 8 22 55 56.4627 39.0342 138.246 12.4 6
2010 8 8 22 55 59.1057 39.1323 138.314 17.4 5
2010 8 8 22 55 59.4623 39.0263 138.315 5.8 6
2010 8 8 22 56 11.7046 39.0311 138.236 12.3 5
2010 8 8 22 56 16.6778 39.0755 138.234 14.3 8
2010 8 8 22 56 16.7487 39.0542 138.247 5.2 5
2010 8 8 22 56 19.5619 40.2078 139.302 12.6 7
2010 8 8 22 56 22.7095 39.0572 138.242 2.6 5
2010 8 8 22 56 31.1863 40.1384 139.285 13.3 6
2010 8 8 22 56 37.1565 40.2784 139.457 5.1 5
2010 8 8 22 56 38.0703 38.9488 138.312 24.5 6
2010 8 8 22 56 46.6119 40.3438 139.487 13.6 5
2010 8 8 22 56 58.6676 39.8767 139.55 11.1 5
2010 8 8 22 56 59.8383 40.2 139.309 17.7 7
2010 8 8 22 57 0.172084 40.3191 139.311 10 5
2010 8 8 22 57 0.582638 39.0474 138.289 19.2 7
2010 8 8 22 57 0.663534 39.0444 138.292 16.8 6
2010 8 8 22 57 12.5773 40.193 139.299 17.4 6
2010 8 8 22 57 13.0094 40.1483 139.238 19.2 6
2010 8 8 22 57 17.0911 39.0235 138.295 4.4 6
2010 8 8 22 57 18.8112 40.3027 139.414 20.4 6
2010 8 8 22 57 35.1029 40.2996 139.492 11.6 5
2010 8 8 22 57 43.0616 39.0517 138.207 7.8 5
2010 8 8 22 58 0.834978 40.2956 139.415 24.7 6
2010 8 8 22 58 1.49726 40.3236 139.367 14.4 5
2010 8 8 22 58 2.45687 39.0283 138.286 5.4 6
2010 8 8 22 58 11.1494 39.0801 138.313 24.2 5
2010 8 8 22 58 26.2882 40.3117 139.484 13.5 5
2010 8 8 22 58 26.9136 40.3569 139.486 19.3 7
2010 8 8 22 58 29.4367 39.029 138.33 8.9 5
2010 8 8 22 58 44.5222 39.0556 138.245 16.6 5
2010 8 8 22 58 52.2047 40.3 139.439 10 5
2010 8 8 22 59 0.813897 39.0649 138.263 17.2 6
2010 8 8 22 59 1.30855 39.0475 138.254 18.8 6
2010 8 8 22 59 3.70766 39.0371 138.291 5.8 5
2010 8 8 22 59 6.34047 40.2942 139.428 10.3 7
2010 8 8 22 59 6.43981 40.3033 139.408 7.2 5
2010 8 8 22 59 17.6896 39.0307 138.271 7.8 6
2010 8 8 22 59 17.841 39.075 138.268 17.5 6
2010 8 8 22 59 33.1254 40.1995 139.32 20.5 5
2010 8 8 22 59 34.0277 40.214 139.35 17.9 5
2010 8 8 22 59 53.2401 40.3303 139.257 6.5 6
2010 8 8 22 59 53.3275 40.2346 139.306 16.2 6
2010 8 8 22 59 54.7711 39.0731 138.248 14 8
2010 8 8 23 0 23.9917 40.1937 139.335 21.5 5
2010 8 8 23 0 24.2366 40.2983 139.283 11.2 5
2010 8 8 23 0 24.575 40.3627 139.137 10.2 5
2010 8 8 23 0 35.4113 40.0376 139.614 23.2 7
2010 8 8 23 0 36.6719 39.0793 138.201 5.1 5
2010 8 8 23 0 44.7176 40.1883 139.296 23.4 5
2010 8 8 23 0 44.7576 40.1735 139.326 1.4 5
2010 8 8 23 0 44.8594 40.2126 139.321 20.4 6
2010 8 8 23 0 44.8933 40.197 139.306 17.5 6
2010 8 8 23 0 46.4772 40.2985 139.441 18.9 6
2010 8 8 23 0 51.9031 39.0656 138.212 3.5 5
2010 8 8 23 0 52.0282 39.0653 138.22 5.2 5
2010 8 8 23 0 56.2723 40.0562 139.539 15.9 6
2010 8 8 23 0 56.3665 40.048 139.582 14.8 5
2010 8 8 23 0 57.1507 40.2946 139.33 7.4 6
2010 8 8 23 0 59.7176 38.9543 138.313 22.4 11
2010 8 8 23 0 59.7693 38.9431 138.326 7.2 5
2010 8 8 23 1 19.093 39.0716 138.215 6.1 5
2010 8 8 23 1 19.9442 40.1988 139.365 9.5 6
2010 8 8 23 1 47.1565 40.2246 139.32 17.7 6
2010 8 8 23 1 51.9402 39.0454 138.279 5.7 6
2010 8 8 23 1 58.3071 40.3342 139.436 9.1 5
2010 8 8 23 2 12.9869 39.0778 138.208 4.3 5
2010 8 8 23 2 34.5761 40.3821 139.454 15.8 5
2010 8 8 23 2 58.1151 39.0623 138.228 10.4 5
2010 8 8 23 2 58.3301 39.0898 138.248 8.2 5
2010 8 8 23 2 58.7831 39.0778 138.269 3.2 5
2010 8 8 23 3 1.53088 40.3586 139.405 21.9 6
2010 8 8 23 3 1.63521 40.3672 139.429 23 6
2010 8 8 23 3 10.1785 40.3034 139.378 10.6 6
2010 8 8 23 3 10.8223 40.327 139.418 17.9 7
2010 8 8 23 3 12.7794 40.2117 139.248 6.2 5
2010 8 8 23 3 20.2242 39.082 138.267 9.1 6
2010 8 8 23 3 20.4549 39.0698 138.27 9.1 6
2010 8 8 23 3 21.625 40.2497 139.391 15.8 5
2010 8 8 23 3 21.79 40.2696 139.312 22.2 5
2010 8 8 23 3 21.9421 40.2811 139.297 18.8 5
2010 8 8 23 4 3.38405 40.2333 139.345 16.5 6
2010 8 8 23 4 5.71388 39.0701 138.299 8.8 5
2010 8 8 23 4 21.6513 39.1369 138.325 11.6 5
2010 8 8 23 4 21.8459 39.0583 138.376 1.6 6
2010 8 8 23 4 32.2014 40.4863 139.452 15.7 5
2010 8 8 23 4 32.398 40.3251 139.452 7.9 5
2010 8 8 23 4 44.2383 40.2488 139.314 4.5 7
2010 8 8 23 4 58.1641 39.0636 138.289 17.6 5
2010 8 8 23 5 18.7694 40.3609 139.473 24.9 7
2010 8 8 23 5 18.8018 40.3641 139.448 24.9 5
2010 8 8 23 5 27.8686 39.0357 138.321 3.6 6
2010 8 8 23 5 27.9194 39.0421 138.253 3.4 5
2010 8 8 23 5 50.2142 40.2472 139.273 2.9 5
2010 8 8 23 5 50.3143 40.1333 139.182 24.5 5
2010 8 8 23 5 50.3963 40.2751 139.339 20.9 8
2010 8 8 23 6 7.86254 39.0766 138.316 14.5 7
2010 8 8 23 6 19.3611 40.3263 139.356 16.6 6
2010 8 8 23 6 25.0644 40.3589 139.462 7.7 6
2010 8 8 23 6 25.4851 40.3424 139.493 7.7 6
2010 8 8 23 6 32.4885 39.0591 138.311 2.8 7
2010 8 8 23 6 40.6074 40.3098 139.295 11.4 5
2010 8 8 23 6 41.2948 39.0858 138.265 1.5 5
2010 8 8 23 7 4.30883 39.0931 138.319 20.8 5
2010 8 8 23 7 4.406 39.0478 138.37 5.4 5
2010 8 8 23 7 33.2928 40.3254 139.481 13.9 5
2010 8 8 23 7 33.5982 40.5755 139.229 3.3 5
2010 8 8 23 7 43.4697 39.0234 138.437 5.8 5
2010 8 8 23 8 5.23798 40.3228 139.417 20.4 5
2010 8 8 23 8 13.9482 39.0873 138.413 16.6 5
2010 8 8 23 8 41.8898 39.0052 138.374 5.2 5
2010 8 8 23 8 44.9393 40.2905 139.333 18.2 7
2010 8 8 23 8 48.5078 40.2896 139.321 14.4 7
2010 8 8 23 9 2.7162 41.3303 138.189 26.7 5
2010 8 8 23 9 12.0242 39.0601 138.371 15.1 5
2010 8 8 23 9 15.9782 40.3507 139.451 8.8 7
2010 8 8 23 9 16.0853 40.3533 139.439 19.1 5
2010 8 8 23 9 16.2906 40.3582 139.472 14.9 5
2010 8 8 23 9 47.9096 40.3245 139.392 5.4 5
2010 8 8 23 9 50.6502 39.2719 138.13 8.7 5
2010 8 8 23 9 54.6392 40.2952 139.314 7.4 5
2010 8 8 23 10 9.20841 40.3379 139.482 9.3 6
2010 8 8 23 10 9.53541 40.3506 139.404 3.6 5
2010 8 8 23 10 53.8035 40.2601 139.349 17.9 6
2010 8 8 23 10 54.1038 40.4142 139.535 12 5
2010 8 8 23 11 55.6086 39.115 138.338 11.3 5
2010 8 8 23 12 4.03795 40.2487 139.309 14.3 6
2010 8 8 23 12 25.6111 40.3323 139.341 11.8 6
2010 8 8 23 12 25.7185 40.2698 139.317 16.2 6
2010 8 8 23 12 25.7678 40.2788 139.364 15 5
2010 8 8 23 12 32.7746 38.8488 138.924 25.5 5
2010 8 8 23 13 0.022767 39.3671 138.399 17.5 5
2010 8 8 23 13 3.34188 40.0869 139.755 16.2 5
2010 8 8 23 13 21.0849 40.2073 139.28 19.3 5
2010 8 8 23 13 33.4946 40.2788 139.333 19.2 5
2010 8 8 23 14 4.19874 39.0476 138.381 8.6 6
2010 8 8 23 14 26.9719 39.4102 138.405 10.7 7
2010 8 8 23 14 41.4325 39.0389 138.386 8.7 5
2010 8 8 23 15 0.916273 40.2748 139.317 20.6 6
2010 8 8 23 15 0.996036 40.2598 139.317 17 5
2010 8 8 23 16 6.05513 39.2643 138.31 16.1 6
2010 8 8 23 16 6.22797 39.4465 138.039 1.3 5
2010 8 8 23 16 6.28421 39.2366 138.25 8.1 5
2010 8 8 23 16 6.37355 39.2285 138.258 5.9 5
2010 8 8 23 17 25.002 39.0752 138.322 22.2 8
2010 8 8 23 17 25.0644 39.0785 138.342 22.3 5
2010 8 8 23 17 39.1161 39.112 138.37 16.1 6
2010 8 8 23 18 22.3188 40.295 139.288 13.4 6
2010 8 8 23 18 22.3743 40.2547 139.258 17.7 5
2010 8 8 23 18 22.6074 40.2851 139.306 11 6
2010 8 8 23 18 24.982 40.3448 139.248 16.1 5
2010 8 8 23 18 25.6881 40.0968 139.622 8.2 5
2010 8 8 23 18 56.5517 40.2983 139.392 4.8 5
2010 8 8 23 18 56.8808 40.2903 139.333 14.1 5
2010 8 8 23 19 3.55438 39.1856 138.323 2 5
2010 8 8 23 19 4.09007 39.5275 137.928 10.9 5
2010 8 8 23 19 20.7467 40.3462 139.345 26.9 6
2010 8 8 23 19 39.7411 39.2184 138.364 8.1 7
2010 8 8 23 19 45.9093 40.4873 139.498 17.5 5
2010 8 8 23 19 47.8341 39.0596 138.493 18.5 6
2010 8 8 23 19 52.8232 39.239 138.484 10.1 5
2010 8 8 23 20 4.26193 39.1953 138.435 4.7 5
2010 8 8 23 20 20.4439 40.2938 139.368 5.6 5
2010 8 8 23 20 21.1807 40.2746 139.336 7.4 5
2010 8 8 23 20 27.5831 40.0975 139.707 25.1 6
2010 8 8 23 20 50.6007 39.165 138.261 3.6 5
2010 8 8 23 20 58.9152 39.3273 138.433 9.6 6
2010 8 8 23 21 0.984886 40.4889 139.478 17 6
2010 8 8 23 21 1.08048 40.4963 139.469 4.9 5
2010 8 8 23 21 1.09213 39.5235 137.78 26.5 5
2010 8 8 23 21 5.43373 39.0794 138.464 9.7 5
2010 8 8 23 21 12.5634 40.3078 139.341 18.1 8
2010 8 8 23 21 12.6528 40.2873 139.381 7.7 6
2010 8 8 23 21 19.1276 40.234 139.763 24.2 5
2010 8 8 23 22 9.37796 39.2237 138.296 23.2 8
2010 8 8 23 22 27.0429 39.113 138.327 16.7 7
2010 8 8 23 22 27.0924 39.0992 138.313 15.2 6
2010 8 8 23 22 50.2692 38.991 138.573 21.4 5
2010 8 8 23 22 56.0611 40.3549 139.307 22.2 5
2010 8 8 23 23 11.4628 39.2079 138.341 8.1 6
2010 8 8 23 23 11.744 39.189 138.063 26.5 5
2010 8 8 23 23 14.7521 39.3016 138.41 14.3 6
2010 8 8 23 23 38.9231 39.4787 138.398 15.4 6
2010 8 8 23 23 44.1549 40.3252 139.359 12.8 5
2010 8 8 23 23 44.6716 40.3699 139.39 17.2 5
2010 8 8 23 23 56.9868 39.1542 138.339 4.6 5
2010 8 8 23 24 2.89192 40.4905 139.489 16.8 5
2010 8 8 23 24 23.825 39.2759 138.328 6 6
2010 8 8 23 24 24.0501 39.2466 138.352 6.7 6
2010 8 8 23 24 34.258 39.0978 138.4 14.9 5
2010 8 8 23 25 24.3396 39.2868 138.374 19.5 6
2010 8 8 23 25 24.4729 39.2692 138.336 3.9 5
2010 8 8 23 25 39.3647 39.1248 138.499 6 5
2010 8 8 23 25 39.4629 39.1103 138.511 2 6
2010 8 8 23 25 56.1742 39.5986 137.96 7.7 6
2010 8 8 23 26 18.437 39.4017 138.374 16.5 5
2010 8 8 23 28 19.3424 39.1418 138.486 10.4 5
2010 8 8 23 28 41.5692 39.388 138.457 6.3 5
2010 8 8 23 28 41.6402 39.3257 138.529 11.1 5
2010 8 8 23 29 7.46932 39.3582 138.512 17.3 7
2010 8 8 23 29 19.857 39.2511 138.24 3.9 5
2010 8 8 23 29 39.524 40.4077 139.385 17.6 7
2010 8 8 23 29 56.5718 39.3657 138.385 7.5 5
2010 8 8 23 29 57.118 39.3657 138.382 18 7
2010 8 8 23 30 31.4043 39.245 138.327 8.7 5
2010 8 8 23 31 39.8077 39.3707 138.527 13.7 8
2010 8 8 23 31 40.0418 39.2117 138.344 23.9 5
2010 8 8 23 31 46.3076 39.2232 138.32 14.9 6
2010 8 8 23 31 46.9475 39.3141 138.32 4.1 5
2010 8 8 23 32 4.06312 39.1803 138.43 3.1 5
2010 8 8 23 32 32.4766 39.2753 138.37 7.7 6
2010 8 8 23 32 32.6627 39.3015 138.422 18.5 7
2010 8 8 23 33 4.9775 40.6305 139.622 19.3 5
2010 8 8 23 33 14.1001 39.1794 138.337 20.4 6
2010 8 8 23 33 22.897 39.1915 138.26 25 6
2010 8 8 23 33 41.3412 40.605 139.624 21 5
2010 8 8 23 33 41.3695 40.6638 139.627 17.4 7
2010 8 8 23 33 54.6813 39.2154 138.33 4.8 6
2010 8 8 23 33 54.727 39.1828 138.41 3.2 5
2010 8 8 23 33 57.0331 39.3525 138.431 12.5 5
2010 8 8 23 33 57.809 40.6369 139.597 21.5 5
2010 8 8 23 34 6.11978 39.1783 138.445 7.2 5
2010 8 8 23 34 6.33975 39.1695 138.44 5.7 5
2010 8 8 23 35 14.3807 39.2231 138.394 16.6 6
2010 8 8 23 35 47.8183 39.1702 138.202 16.4 5
2010 8 8 23 36 48.006 39.2532 138.389 17.1 6
2010 8 8 23 36 48.1509 39.6532 137.861 8.7 5
2010 8 8 23 36 48.3315 39.2071 138.431 8.8 6
2010 8 8 23 36 57.0022 40.11 139.768 21.6 5
2010 8 8 23 37 21.0597 40.5194 139.547 16.1 6
2010 8 8 23 37 25.2796 39.2035 138.428 8 5
2010 8 8 23 37 25.3434 39.2283 138.321 5.3 5
2010 8 8 23 37 45.623 39.459 138.356 14.4 6
2010 8 8 23 38 22.1004 39.2393 138.314 5.5 6
2010 8 8 23 38 22.143 39.6817 137.764 5.6 5
2010 8 8 23 38 22.2767 39.2447 138.334 7.6 6
2010 8 8 23 38 46.1819 39.4224 138.425 4.5 5
2010 8 8 23 39 1.88276 40.5397 139.546 18.7 6
2010 8 8 23 39 3.48397 39.2045 138.41 7.2 5
2010 8 8 23 39 3.55191 39.2279 138.382 16.4 5
2010 8 8 23 39 3.87368 39.188 138.46 4.6 6
2010 8 8 23 39 25.3429 39.3896 138.38 18.4 6
2010 8 8 23 39 43.8461 39.2114 138.419 1.2 5
2010 8 8 23 40 6.23334 40.6241 139.664 19.1 5
2010 8 8 23 40 11.5233 39.3955 138.499 5 6
2010 8 8 23 41 46.9507 40.6773 139.659 18.7 5
2010 8 8 23 41 46.9965 40.6745 139.651 5.2 5
2010 8 8 23 41 50.5744 39.0174 138.648 13.9 5
2010 8 8 23 42 21.009 39.2346 138.43 8.2 5
2010 8 8 23 42 21.1229 39.2385 138.436 10.1 5
2010 8 8 23 42 28.2564 40.6898 139.639 23 6
2010 8 8 23 43 12.5657 40.644 139.672 3.5 5
2010 8 8 23 43 39.3373 40.6027 139.644 8.4 6
2010 8 8 23 44 16.4139 39.2354 138.403 4.9 6
2010 8 8 23 44 19.9184 39.0687 138.588 7.6 7
2010 8 8 23 45 10.1888 40.7154 139.604 11.5 5
2010 8 8 23 45 21.524 39.7951 137.716 21.5 5
2010 8 8 23 45 52.6334 39.3734 138.269 12.6 5
2010 8 8 23 46 13.7804 40.7859 139.678 14.5 6
2010 8 8 23 46 42.0505 39.5315 138.531 15.9 5
2010 8 8 23 47 4.94776 39.5044 138.515 2.7 5
2010 8 8 23 47 35.9261 40.6971 139.685 14.7 5
2010 8 8 23 48 12.6413 39.3578 138.363 21.1 7
2010 8 8 23 48 14.5875 40.5645 139.577 21 5
2010 8 8 23 48 14.6732 40.5249 139.592 9.7 6
2010 8 8 23 48 14.7796 40.5272 139.532 6.5 5
2010 8 8 23 48 24.5205 39.5137 138.459 10.8 6
2010 8 8 23 48 46.206 40.5394 139.557 18.2 5
2010 8 8 23 48 53.1187 39.3082 138.319 23.3 5
2010 8 8 23 48 53.2184 39.2886 138.364 3.2 6
2010 8 8 23 48 59.3564 39.5381 138.512 9.1 5
2010 8 8 23 48 59.4753 39.4713 138.52 18.1 6
2010 8 8 23 48 59.5584 39.4588 138.448 3.9 5
2010 8 8 23 49 22.446 40.527 139.551 8.4 6
2010 8 8 23 49 22.4559 40.5355 139.488 5.9 6
2010 8 8 23 49 49.7316 39.4703 138.45 20.1 7
2010 8 8 23 49 50.1759 39.4719 138.537 3.4 5
2010 8 8 23 49 50.8517 39.3682 138.398 6.6 5
2010 8 8 23 50 20.5441 39.4941 138.52 15.7 7
2010 8 8 23 50 20.8296 39.44 138.474 24.3 6
2010 8 8 23 50 21.0302 39.429 138.517 16.2 6
2010 8 8 23 50 21.2443 39.4892 138.557 10.1 6
2010 8 8 23 50 23.8135 40.6703 139.615 24 5
2010 8 8 23 50 35.5245 39.2552 138.3 12.5 6
2010 8 8 23 50 49.5857 40.5422 139.545 8.5 5
2010 8 8 23 50 49.6575 40.5408 139.498 3.9 5
2010 8 8 23 51 3.50469 39.4033 138.458 25.4 9
2010 8 8 23 51 37.12 40.6753 139.658 18.5 6
2010 8 8 23 51 42.0254 39.4265 138.429 12.9 5
2010 8 8 23 51 42.7146 39.4711 138.609 21 5
2010 8 8 23 51 42.9142 39.3105 138.277 8.3 6
2010 8 8 23 51 43.0293 39.2864 138.296 0.2 5
2010 8 8 23 52 0.425404 39.1409 138.679 15.7 7
2010 8 8 23 52 0.543124 39.072 138.697 0.8 5
2010 8 8 23 52 1.8437 39.4487 138.545 13.1 5
2010 8 8 23 52 1.93353 39.4545 138.495 15.6 7
2010 8 8 23 52 43.8748 39.3816 138.384 5.3 5
2010 8 8 23 52 43.9354 39.3411 138.472 3 5
2010 8 8 23 52 56.2235 40.6671 139.748 22.6 5
2010 8 8 23 52 59.0377 39.4393 138.535 10.4 5
2010 8 8 23 53 7.47076 40.7383 139.614 6 5
2010 8 8 23 53 20.1807 40.6613 139.685 10.5 6
2010 8 8 23 53 37.668 39.4297 138.51 4 5
2010 8 8 23 53 37.668 39.4254 138.454 19.3 6
2010 8 8 23 53 37.7542 39.4757 138.521 22.1 6
2010 8 8 23 53 37.7909 39.4453 138.511 0.3 5
2010 8 8 23 53 38.0048 39.4377 138.476 25.2 8
2010 8 8 23 53 48.7714 40.7306 139.654 8 6
2010 8 8 23 53 48.9132 40.6919 139.689 24.8 6
2010 8 8 23 53 48.9307 40.5652 139.466 19.9 5
2010 8 8 23 53 49.0871 40.3628 139.643 29.9 6
2010 8 8 23 53 49.127 40.4765 139.495 5.9 5
2010 8 8 23 54 24.1685 39.3838 138.43 16.8 6
2010 8 8 23 54 47.2358 40.6696 139.625 8.6 5
2010 8 8 23 55 2.93087 39.3887 138.533 2 5
2010 8 8 23 55 2.9833 39.4177 138.461 10.3 5
2010 8 8 23 55 42.6866 39.5648 138.584 18.8 7
2010 8 8 23 55 45.0884 40.6903 139.662 16.4 6
2010 8 8 23 55 56.9309 39.7461 137.956 25.6 5
2010 8 8 23 57 20.6952 39.4209 138.422 3.8 5
2010 8 8 23 57 20.7936 39.4209 138.422 7.1 6
2010 8 8 23 57 20.8726 39.3954 138.512 5.2 5
2010 8 8 23 57 46.003 39.5114 138.593 9.9 5
2010 8 8 23 58 6.48949 39.5253 138.641 8.8 5
2010 8 8 23 58 15.4116 39.0653 138.639 5.6 5
2010 8 8 23 58 37.8515 39.3164 138.384 8.1 5
2010 8 8 23 58 42.9089 40.3404 139.608 18.6 5
2010 8 8 23 58 49.1224 39.4633 138.53 25.6 5
2010 8 8 23 59 9.39561 39.4515 138.432 4.4 5
2010 8 8 23 59 18.6844 40.4804 139.565 8.4 5
2010 8 8 23 59 22.5803 39.4641 138.558 13.6 5
2010 8 8 23 59 22.6566 39.443 138.552 0.9 5
2010 8 8 23 59 46.3183 39.4477 138.429 6.4 5
2010 8 8 23 59 46.4284 39.4605 138.471 16.8 6
2010 8 8 23 59 51.5841 40.5932 139.605 18.9 6
2010 8 8 23 59 59.7846 39.4613 138.472 24.6 7
2010 8 9 0 0 0.02067 39.5125 138.473 9.6 5
2010 8 9 0 0 6.60102 39.5207 138.677 18.4 5
2010 8 9 0 0 9.44409 39.4276 138.512 12.2 5
2010 8 9 0 0 19.3969 40.7127 139.708 29 5
2010 8 9 0 0 19.7347 40.6797 139.669 6 5
2010 8 9 0 0 19.7873 39.5189 138.63 3.6 6
2010 8 9 0 1 3.66513 39.6277 138.564 8.9 5
2010 8 9 0 1 10.5588 39.4456 138.496 13.9 5
2010 8 9 0 1 29.083 40.7284 139.733 11.2 6
2010 8 9 0 1 37.3673 39.4253 138.485 25.8 6
2010 8 9 0 1 37.6107 39.4639 138.483 14.6 7
2010 8 9 0 1 56.5162 39.4198 138.386 6.4 6
2010 8 9 0 2 42.0296 39.4555 138.426 6.1 6
2010 8 9 0 3 18.0634 39.5998 138.501 9.3 5
2010 8 9 0 3 18.3317 39.4524 138.548 24.4 8
2010 8 9 0 3 40.5121 42.3854 136.225 25.8 5
2010 8 9 0 3 40.5134 39.2701 138.459 7.2 5
2010 8 9 0 4 3.34828 39.7464 138.028 23.2 5
2010 8 9 0 4 57.6182 39.4352 138.635 6 5
2010 8 9 0 4 57.7087 39.4331 138.647 10.8 5
2010 8 9 0 5 41.6779 39.4681 138.565 4.7 5
2010 8 9 0 5 42.1706 39.4663 138.548 14.3 7
2010 8 9 0 5 44.2118 40.699 139.662 16.2 5
2010 8 9 0 5 58.0595 39.3943 138.539 4.7 5
2010 8 9 0 5 58.1054 39.4787 138.5 9.7 5
2010 8 9 0 6 45.5295 39.4372 138.487 16.1 7
2010 8 9 0 6 45.701 39.4208 138.558 4.7 5
2010 8 9 0 6 45.7851 39.5179 138.512 19.7 6
2010 8 9 0 6 45.9392 39.4593 138.506 29.7 7
2010 8 9 0 6 51.1971 39.5817 138.163 16.9 5
2010 8 9 0 6 55.041 39.5524 138.6 17.3 6
2010 8 9 0 6 55.107 39.549 138.688 5.6 5
2010 8 9 0 7 29.9541 39.5926 138.753 23.6 5
2010 8 9 0 8 0.957624 39.5931 138.684 15.1 5
2010 8 9 0 8 2.61916 40.6832 139.621 16.8 5
2010 8 9 0 8 5.00947 40.5444 139.495 0.6 5
2010 8 9 0 8 32.4864 39.6711 138.595 7.2 5
2010 8 9 0 8 42.9956 39.5818 138.555 12.1 5
2010 8 9 0 8 43.0732 39.5183 138.573 20.4 7
2010 8 9 0 8 48.2895 39.6154 138.704 18.7 6
2010 8 9 0 9 6.03178 40.6821 139.666 18.5 5
2010 8 9 0 9 8.00428 39.6548 138.78 13.7 5
2010 8 9 0 9 14.4402 39.4315 138.582 2.9 6
2010 8 9 0 9 14.5874 39.5042 138.633 10.5 5
2010 8 9 0 9 42.4616 39.6652 138.614 12.9 5
2010 8 9 0 10 36.1861 39.6703 138.62 14.5 6
2010 8 9 0 10 39.0599 39.6025 138.661 8.8 5
2010 8 9 0 11 13.6437 39.6124 138.645 5.3 6
2010 8 9 0 12 46.7624 39.5687 138.653 2.2 5
2010 8 9 0 12 46.7804 39.5814 138.575 16.6 5
2010 8 9 0 12 46.8129 39.5797 138.658 7.4 5
2010 8 9 0 12 47.2938 39.542 138.639 7.1 6
2010 8 9 0 12 47.7453 39.554 138.651 12.3 5
2010 8 9 0 13 6.39841 39.4866 138.394 3.3 6
2010 8 9 0 13 6.4902 39.479 138.416 5.2 5
2010 8 9 0 13 6.55812 39.4867 138.464 18.5 5
2010 8 9 0 13 7.03806 39.4941 138.466 17.8 6
2010 8 9 0 13 24.6295 39.5793 138.61 16.2 5
2010 8 9 0 13 25.1327 39.6036 138.716 14.2 5
2010 8 9 0 14 21.0531 39.751 138.375 2.8 5
2010 8 9 0 14 26.4608 39.6319 138.808 11.7 5
2010 8 9 0 14 43.3045 40.6344 139.746 27 7
2010 8 9 0 14 44.825 39.4544 138.483 3.5 5
2010 8 9 0 14 44.8793 39.4591 138.456 10.2 6
2010 8 9 0 14 44.9456 39.4556 138.456 2.7 6
2010 8 9 0 14 45.0731 39.5326 138.554 14.5 5
2010 8 9 0 14 45.5308 39.5036 138.447 21.3 6
2010 8 9 0 15 15.6552 39.4686 138.531 6.2 6
2010 8 9 0 15 37.9847 39.5923 138.629 21.8 6
2010 8 9 0 15 46.388 39.5499 138.498 16.9 5
2010 8 9 0 17 0.715687 39.5909 138.714 19.3 5
2010 8 9 0 17 33.591 39.5732 138.636 15.9 5
2010 8 9 0 17 33.6825 39.5353 138.689 2.7 5
2010 8 9 0 17 47.0124 39.5598 138.581 19.8 8
2010 8 9 0 17 56.8913 39.5225 138.515 20.1 5
2010 8 9 0 17 57.1294 39.5337 138.529 23 6
2010 8 9 0 18 27.6786 39.4546 138.748 16.2 5
2010 8 9 0 18 34.3307 39.6503 138.772 9.2 5
2010 8 9 0 18 52.0119 39.4695 138.8 19.1 5
2010 8 9 0 19 6.44012 39.6195 138.589 15.9 6
2010 8 9 0 19 6.50453 39.5433 138.591 4.6 5
2010 8 9 0 19 47.5778 39.6913 138.688 4.7 5
2010 8 9 0 20 0.479202 39.5006 138.73 20 5
2010 8 9 0 20 7.36697 40.797 139.658 5.8 5
2010 8 9 0 20 51.8722 39.5339 138.425 11.2 6
2010 8 9 0 21 37.9885 39.7855 138.529 15 6
2010 8 9 0 21 38.0712 39.6267 138.45 18.5 5
2010 8 9 0 22 46.611 39.7293 138.727 19.7 6
2010 8 9 0 22 54.4775 39.6455 138.619 7.8 5
2010 8 9 0 22 59.2673 39.5118 138.738 13.1 6
2010 8 9 0 23 25.9023 39.6672 138.752 13.8 6
2010 8 9 0 24 24.8368 39.8892 138.414 10.4 5
2010 8 9 0 24 32.8782 39.5101 138.709 8.6 6
2010 8 9 0 25 1.19294 39.689 138.743 19.4 5
2010 8 9 0 25 1.33497 39.6743 138.754 5.1 6
2010 8 9 0 25 1.94863 39.707 138.677 17 5
2010 8 9 0 25 20.4153 40.7825 139.768 14.5 5
2010 8 9 0 26 41.2803 39.5792 138.642 23.6 5
2010 8 9 0 27 34.1824 39.6266 138.585 5.6 5
2010 8 9 0 28 6.77712 39.5935 138.725 5.9 6
2010 8 9 0 28 7.16103 39.5466 138.771 15.7 5
2010 8 9 0 28 43.4421 39.7324 138.901 12.2 5
2010 8 9 0 29 23.6731 39.8107 138.755 3.7 5
2010 8 9 0 29 31.4659 39.6457 138.672 18.4 7
2010 8 9 0 30 19.3383 39.7304 138.793 17 8
2010 8 9 0 32 17.3795 39.6583 138.649 17 6
2010 8 9 0 32 56.6759 40.6589 139.746 10.8 5
2010 8 9 0 32 57.12 40.6384 139.694 24.1 5
2010 8 9 0 33 49.314 39.6309 138.627 5.6 6
2010 8 9 0 34 9.381 39.7812 138.795 7.5 5
2010 8 9 0 34 9.88205 39.711 138.713 10.2 5
2010 8 9 0 35 4.46319 39.736 138.889 14.5 5
2010 8 9 0 35 4.65232 39.7542 138.797 6.8 5
2010 8 9 0 35 14.6787 39.6759 138.57 4.7 7
2010 8 9 0 36 2.11695 39.7949 138.82 22.7 7
2010 8 9 0 36 45.3485 39.707 138.662 14.6 5
2010 8 9 0 36 46.438 39.7239 138.528 11.1 6
2010 8 9 0 36 46.5576 39.7053 138.567 2.9 5
2010 8 9 0 37 39.3365 39.7866 138.659 3.8 5
2010 8 9 0 38 22.0768 39.7278 138.661 28.2 5
2010 8 9 0 38 23.2199 39.5922 138.695 13.8 6
2010 8 9 0 38 23.3216 39.6564 138.595 2.8 6
2010 8 9 0 41 43.8183 39.8127 138.545 24.4 5
2010 8 9 0 42 9.90784 39.7453 138.795 7.5 6
2010 8 9 0 42 10.0059 39.7806 138.816 20.7 6
2010 8 9 0 42 10.228 39.79 138.81 18.1 7
2010 8 9 0 42 10.2635 39.7583 138.768 4.8 5
2010 8 9 0 42 10.3891 39.7433 138.824 19 7
2010 8 9 0 42 27.8217 39.7653 138.774 20.5 6
2010 8 9 0 42 27.8909 39.8041 138.796 19.6 5
2010 8 9 0 42 28.3553 40.0802 138.179 27.4 5
2010 8 9 0 44 7.05839 39.7834 138.622 23.3 6
2010 8 9 0 44 7.09584 39.7666 138.674 21.3 6
2010 8 9 0 49 12.1415 40.612 137.679 16.9 5
2010 8 9 0 49 18.6655 39.5934 138.524 7.1 5
2010 8 9 0 50 21.6967 39.5724 138.878 5.1 5
2010 8 9 0 51 40.8839 39.8977 138.809 23.3 7
2010 8 9 0 53 6.4626 41.0094 139.645 10.6 5
2010 8 9 0 55 47.5971 39.8165 138.904 13.5 6
2010 8 9 0 58 21.5692 39.8006 138.868 11.3 6
2010 8 9 0 58 21.5866 39.8057 138.845 12 5
2010 8 9 0 59 20.1374 39.8276 138.811 4 5
2010 8 9 1 5 40.1603 40.7521 139.858 23 5
2010 8 9 1 11 28.2182 39.1879 138.995 28.2 5
2010 8 9 1 11 28.5618 39.7679 138.878 29.9 5
2010 8 9 1 12 40.3434 39.815 138.92 14.9 5
2010 8 9 1 14 49.0421 39.7296 138.726 15.7 6
2010 8 9 1 16 54.0992 39.7259 138.958 9.3 6
2010 8 9 1 17 46.1559 39.9049 138.275 6.2 5
2010 8 9 1 17 46.9043 39.8842 138.323 18.8 6
2010 8 9 1 23 50.2409 39.8318 138.918 19.3 5
2010 8 9 1 24 45.4908 39.7957 138.908 13.3 5
2010 8 9 1 26 33.3962 40.0453 138.871 2.1 5
2010 8 9 1 27 55.6422 39.9175 138.613 5.9 5
2010 8 9 1 27 55.6422 39.9068 138.564 25.3 6
2010 8 9 1 31 26.2608 39.9143 138.967 19.3 7
2010 8 9 1 33 17.7009 41.0251 139.76 25.8 5
2010 8 9 1 33 30.8348 39.8633 138.625 18.3 7
2010 8 9 1 34 53.0668 39.918 139.088 26 6
2010 8 9 1 36 50.4832 40.0217 138.966 10.9 7
2010 8 9 1 36 50.9284 39.9919 138.977 15 5
2010 8 9 1 36 51.1456 39.9879 138.56 24.2 5
2010 8 9 1 39 42.2795 39.8571 139.28 10.2 6
2010 8 9 1 42 5.23693 39.9971 138.972 18.7 6
2010 8 9 1 42 31.9373 39.8627 139.16 15.2 6
2010 8 9 1 43 45.1228 40.029 139.041 6.6 5
2010 8 9 1 43 45.143 39.9748 138.978 14.7 6
2010 8 9 1 43 45.1677 39.9638 139.001 10.8 6
2010 8 9 1 47 47.0487 39.9519 139.026 11.8 6
2010 8 9 1 54 37.9866 37.448 136.969 12.6 5
2010 8 9 1 56 17.7844 40.236 138.578 11 5
2010 8 9 1 56 17.985 40.3128 138.558 15.9 5
2010 8 9 1 57 2.2098 40.0123 139.054 18.7 5
2010 8 9 1 59 6.44995 40.1925 138.958 22.7 6
2010 8 9 2 0 21.5761 40.004 139.006 4.4 5
2010 8 9 2 0 21.9366 39.917 139.133 7.6 5
2010 8 9 2 0 22.0959 39.9749 139.114 8.5 6
2010 8 9 2 0 22.3321 39.9697 139.096 21.4 6
2010 8 9 2 2 8.47271 39.9793 139.178 20.1 5
2010 8 9 2 2 23.8886 37.5267 136.642 26.1 6
2010 8 9 2 2 51.2747 40.0256 139.191 5.8 5
2010 8 9 2 8 3.33585 40.0236 139.177 11.7 5
2010 8 9 2 8 38.4527 39.9983 139.137 13.5 5
2010 8 9 2 9 40.7134 40.52 138.555 14 5
2010 8 9 2 9 41.6904 40.2033 138.97 27.1 5
2010 8 9 2 13 31.6649 40.1508 138.945 11.7 5
2010 8 9 2 17 27.6738 40.1682 138.823 12.9 6
2010 8 9 2 27 20.5398 39.9018 139.347 11.7 5
2010 8 9 2 35 2.28677 39.9768 139.464 8 6
2010 8 9 2 35 2.3988 39.9362 139.481 5.8 5
2010 8 9 12 43 49.358 35.6243 131.384 24.4 6
2010 8 9 13 6 12.9892 35.1051 129.171 18.9 5
2010 8 9 13 13 25.0163 35.0664 129.26 29.4 6
2010 8 9 13 31 38.8871 35.2081 129.266 10.8 5
2010 8 9 13 33 25.442 35.202 129.246 15.2 5
2010 8 9 13 33 54.108 35.1353 129.139 19.4 5
2010 8 9 13 36 42.7669 35.2805 129.309 27 5
2010 8 9 13 47 27.2191 35.2103 129.332 12.8 6
2010 8 9 14 15 33.1874 35.4392 130.193 20 7
2010 8 9 14 19 7.65238 35.4443 130.142 14.4 11
2010 8 9 14 22 13.5467 35.5837 130.237 7.6 5
2010 8 9 14 24 46.7293 35.4733 130.313 22.7 6
2010 8 9 14 29 34.257 35.107 129.522 18.2 5
2010 8 9 14 30 15.5162 35.5093 130.254 18 6
2010 8 9 14 38 47.5885 35.5116 130.265 10.2 6
2010 8 9 14 48 34.9048 36.079 131.417 2.1 5
2010 8 9 14 51 21.1342 36.0882 131.459 10.1 8
2010 8 9 15 5 18.4961 35.6306 130.521 23.3 8
2010 8 9 15 6 27.9098 35.7248 130.472 18.9 9
2010 8 9 15 6 27.9587 35.7261 130.463 1.7 5
2010 8 9 15 10 51.5898 35.6609 130.453 24.6 6
2010 8 9 15 13 3.98094 35.6684 130.544 20.9 9
2010 8 9 15 14 44.1559 35.7473 130.496 26.5 7
2010 8 9 15 16 16.5159 35.7313 130.441 27 7
2010 8 9 15 22 59.6817 35.612 130.34 16.6 8
2010 8 9 15 22 59.7273 35.6535 130.3 11.3 5
2010 8 9 15 23 49.1292 35.7876 130.303 14.6 8
2010 8 9 15 37 3.18309 35.814 130.342 5 5
2010 8 9 15 38 47.6363 35.804 130.572 6.6 5
2010 8 9 15 38 47.963 35.8065 130.4 21 7
2010 8 9 15 41 40.073 35.7665 130.458 10.4 5
2010 8 9 15 41 40.5773 35.7357 130.737 9.9 6
2010 8 9 15 44 18.1052 35.8196 130.324 27.5 6
2010 8 9 15 52 18.4328 35.733 130.563 8.3 5
2010 8 9 15 53 43.0076 35.7984 130.618 8.8 6
2010 8 9 15 55 13.2028 35.8908 130.516 15.4 8
2010 8 9 16 21 51.3229 35.8291 129.497 7.7 5
2010 8 9 16 26 47.9033 35.9846 129.495 7.8 5
2010 8 9 16 26 48.0176 35.8853 129.584 24.7 5
2010 8 9 16 29 36.1988 35.858 129.549 23.2 8
2010 8 9 16 29 47.0266 35.8055 129.527 29.2 5
2010 8 9 16 30 34.6083 35.8349 129.671 25.6 7
2010 8 9 16 30 34.7422 35.8769 129.552 18.4 8
2010 8 9 16 31 23.8504 35.9067 129.576 29 9
2010 8 9 16 32 7.2812 35.9212 129.559 28.5 7
2010 8 9 16 33 15.526 35.8889 129.625 23.1 5
2010 8 9 16 34 10.1409 35.9554 129.588 12.7 5
2010 8 9 16 35 0.371476 35.8886 129.581 29.1 5
2010 8 9 16 35 36.2367 36.1473 130.641 27.7 7
2010 8 9 16 36 5.58983 35.8725 129.676 20.3 8
2010 8 9 16 36 29.7346 35.8388 129.95 16.9 5
2010 8 9 16 36 30.1593 35.8828 129.663 17.7 7
2010 8 9 16 37 18.8538 35.8752 129.631 23.7 6
2010 8 9 16 38 42.7958 35.9078 129.55 25.4 7
2010 8 9 16 40 47.5552 35.973 129.662 23.2 7
2010 8 9 16 41 28.6815 36.0483 129.622 12.8 5
2010 8 9 16 41 28.881 36.022 129.62 15.5 5
2010 8 9 16 43 42.7294 36.1729 130.69 27.1 5
2010 8 9 16 44 25.2233 35.9542 129.622 29.3 5
2010 8 9 16 44 30.7587 36.1229 130.747 22.7 5
2010 8 9 16 46 28.0825 35.8965 129.803 19.5 6
2010 8 9 16 46 56.1123 36.1146 130.736 23.4 7
2010 8 9 16 48 8.34548 36.1284 130.686 29.5 6
2010 8 9 16 48 8.54868 36.2907 130.529 9 6
2010 8 9 16 49 0.594129 35.99 129.702 16.1 8
2010 8 9 16 49 36.9787 35.9735 129.675 26.3 5
2010 8 9 16 49 37.3379 36.0823 129.677 14.1 5
2010 8 9 16 49 50.4648 36.1462 130.72 27.4 5
2010 8 9 16 49 50.5685 36.1552 130.777 21.9 7
2010 8 9 16 50 34.4796 36.1166 130.685 29.3 5
2010 8 9 16 50 59.7503 36.0816 129.669 13.8 5
2010 8 9 16 50 59.8899 36.0311 129.678 24.1 6
2010 8 9 16 51 16.3422 36.1836 130.721 26.9 5
2010 8 9 16 52 23.9289 35.9869 129.608 29.5 6
2010 8 9 16 53 12.8657 36.2001 130.752 27.7 11
2010 8 9 16 53 12.9416 36.1463 130.694 20.3 6
2010 8 9 16 53 54.4338 35.977 129.597 27.4 6
2010 8 9 16 54 47.8966 35.9981 129.722 25.3 5
2010 8 9 16 55 21.9071 36.1672 130.692 23.3 9
2010 8 9 16 56 9.02215 36.129 130.649 17.8 6
2010 8 9 16 56 9.10045 36.2566 130.688 13 5
2010 8 9 16 56 53.6723 36.1617 130.721 21.5 6
2010 8 9 16 57 11.3809 36.1761 129.468 8 5
2010 8 9 16 58 12.9822 36.1898 130.72 26.3 7
2010 8 9 16 58 13.1131 36.1503 130.823 24.1 5
2010 8 9 17 0 42.479 36.0101 129.743 19.1 5
2010 8 9 17 0 59.0629 36.2159 130.722 22.9 11
2010 8 9 17 0 59.2095 36.4695 130.38 10.2 5
2010 8 9 17 2 53.3784 35.9892 129.838 22.2 5
2010 8 9 17 4 34.41 35.9659 129.61 15.8 5
2010 8 9 17 5 4.01621 36.2356 130.816 17.2 9
2010 8 9 17 5 4.05089 36.2408 130.744 25.5 7
2010 8 9 17 5 4.08839 36.4095 130.556 11.9 5
2010 8 9 17 5 21.4314 36.1565 129.659 14 5
2010 8 9 17 5 35.6338 36.0018 129.607 20.7 5
2010 8 9 17 5 35.9725 36.0294 129.711 28.7 5
2010 8 9 17 6 0.415789 35.9851 130.098 21.3 6
2010 8 9 17 6 0.539648 36.0007 129.679 19 5
2010 8 9 17 6 26.5607 36.1614 129.709 8.9 6
2010 8 9 17 6 26.6753 36.0531 129.683 24.7 7
2010 8 9 17 7 54.2576 36.1606 129.729 9 6
2010 8 9 17 8 3.8489 35.9843 129.707 25.9 5
2010 8 9 17 8 7.46737 36.2793 130.803 11.1 5
2010 8 9 17 9 19.5141 36.0934 129.79 11 6
2010 8 9 17 9 44.797 36.0575 129.799 27.3 5
2010 8 9 17 9 45.1344 36.0386 129.66 13 5
2010 8 9 17 9 45.3804 36.1292 129.702 7.7 5
2010 8 9 17 10 45.8703 36.086 129.696 28.3 7
2010 8 9 17 11 7.32441 36.1953 129.67 15.7 6
2010 8 9 17 11 55.4005 36.0233 130.051 18 5
2010 8 9 17 11 55.463 36.0408 129.69 26.9 9
2010 8 9 17 12 13.6441 36.3142 130.775 29.8 5
2010 8 9 17 12 13.6884 36.2854 130.845 22.9 6
2010 8 9 17 12 13.8517 36.2805 130.954 23.8 6
2010 8 9 17 12 32.1496 36.0191 129.689 28.1 6
2010 8 9 17 13 35.6868 36.033 129.911 23.1 6
2010 8 9 17 14 27.3027 36.0044 129.95 19.7 7
2010 8 9 17 14 27.4119 36.0048 129.721 29.8 6
2010 8 9 17 14 27.5386 36.0119 129.726 28.7 5
2010 8 9 17 15 39.6166 36.0625 129.726 28.9 6
2010 8 9 17 16 49.9168 36.3271 130.767 22.7 8
2010 8 9 17 17 26.9014 36.101 129.737 29 9
2010 8 9 17 17 26.9204 36.1234 129.757 28.1 7
2010 8 9 17 18 14.3089 36.1152 129.771 27.5 5
2010 8 9 17 18 45.5609 36.267 130.83 22.1 7
2010 8 9 17 20 6.60323 36.3667 130.912 24.9 7
2010 8 9 17 21 23.4326 36.0963 129.764 25.8 5
2010 8 9 17 21 23.5757 36.0936 129.93 22.2 5
2010 8 9 17 21 55.1924 36.3582 130.824 29.9 9
2010 8 9 17 24 31.357 36.3956 130.9 24 9
2010 8 9 17 24 31.5292 36.4037 130.823 27.1 6
2010 8 9 17 24 31.911 36.3614 130.911 12.3 5
2010 8 9 17 26 4.8754 36.4084 130.937 23.9 5
2010 8 9 17 26 4.92482 36.3847 130.825 26.7 6
2010 8 9 17 26 4.9384 36.4699 130.832 14.3 6
2010 8 9 17 26 4.99387 36.3852 130.858 25.3 5
2010 8 9 17 26 5.07279 36.5082 130.833 12.9 7
2010 8 9 17 29 5.7553 36.437 131.043 28 7
2010 8 9 17 29 48.0253 36.0715 129.749 16.9 5
2010 8 9 17 30 50.6916 36.151 129.909 11.8 7
2010 8 9 17 31 55.0995 36.505 130.844 5.9 5
2010 8 9 17 31 55.1161 36.4393 130.924 5.3 5
2010 8 9 17 35 12.1461 36.3538 130.889 27.4 9
2010 8 9 17 37 40.0358 35.9888 130.104 20.6 5
2010 8 9 17 38 57.504 36.0981 129.757 17.2 5
2010 8 9 17 41 18.0457 36.3728 131.023 13.7 6
2010 8 9 17 41 50.3798 36.0627 129.762 24.5 5
2010 8 9 17 42 27.2645 36.0678 129.763 22.1 6
2010 8 9 17 43 21.5746 36.0902 129.78 15.8 6
2010 8 9 17 48 17.882 36.4818 130.813 25.5 7
2010 8 9 17 49 15.5312 36.4435 130.749 3.5 5
2010 8 9 17 51 6.15572 36.574 130.838 7.9 5
2010 8 9 17 52 19.8016 36.3193 129.99 25.2 8
2010 8 9 17 52 28.3928 36.4529 130.905 16.5 10
2010 8 9 17 52 28.6937 36.4726 131.207 11.1 6
2010 8 9 17 54 0.326785 36.2885 130.028 13.5 7
2010 8 9 17 55 1.10596 36.2524 130.009 24.5 5
2010 8 9 17 55 35.4515 36.3392 129.981 25.1 6
2010 8 9 17 58 49.3775 36.3526 130.119 18.5 6
2010 8 9 17 59 53.1742 36.3385 130.007 24.5 9
2010 8 9 17 59 53.3207 36.3373 129.996 20.3 7
2010 8 9 17 59 53.6205 36.2828 130.138 14.7 5
2010 8 9 18 0 43.2525 36.5233 129.874 4.7 5
2010 8 9 18 4 38.5317 36.3933 130.023 22.9 6
2010 8 9 18 5 45.1538 36.4021 130.116 18.8 8
2010 8 9 18 5 45.2774 36.4151 130.081 26.1 8
2010 8 9 18 7 27.1013 36.49 130.006 7.5 5
2010 8 9 18 7 27.1609 36.525 129.982 8.2 5
2010 8 9 18 7 27.2162 36.3837 130.163 7.7 5
2010 8 9 18 8 45.0636 36.3817 130.134 25 8
2010 8 9 18 9 13.3278 36.3409 130.224 15 8
2010 8 9 18 9 13.4064 36.3806 130.091 26.7 7
2010 8 9 18 9 45.8868 36.3969 130.176 16.9 6
2010 8 9 18 10 6.20535 36.059 129.797 25.2 7
2010 8 9 18 10 24.1136 36.5927 129.859 12.7 6
2010 8 9 18 10 24.1398 36.4351 130.049 25.3 5
2010 8 9 18 10 24.21 36.4019 130.233 12.6 6
2010 8 9 18 10 24.3615 36.5124 130.062 5.6 7
2010 8 9 18 10 53.5661 36.4275 130.085 26.5 7
2010 8 9 18 10 53.7326 36.4555 130.065 24.1 8
2010 8 9 18 10 54.0956 36.4493 130.034 19.1 7
2010 8 9 18 12 9.14925 36.3988 130.16 21.8 8
2010 8 9 18 13 2.30534 36.5037 130.094 19.6 6
2010 8 9 18 13 2.43963 36.4721 130.101 13.3 6
2010 8 9 18 13 32.6006 36.53 130.066 3.7 5
2010 8 9 18 13 57.0994 36.1376 129.746 26.9 9
2010 8 9 18 13 57.434 36.1016 129.745 18.8 7
2010 8 9 18 14 6.27826 36.3444 130.284 9.3 6
2010 8 9 18 14 6.32373 36.4079 130.048 25.3 6
2010 8 9 18 14 6.36887 36.4651 130.105 6.2 5
2010 8 9 18 14 13.7768 36.7085 131.094 8.1 5
2010 8 9 18 14 21.8868 36.1529 129.817 8.1 5
2010 8 9 18 14 59.6254 36.4677 130.063 9.5 5
2010 8 9 18 15 15.6984 36.5056 129.933 7.8 5
2010 8 9 18 15 15.7756 36.4574 130.101 8.3 5
2010 8 9 18 16 4.46097 36.4418 130.157 22.8 9
2010 8 9 18 16 4.52717 36.4279 130.038 14.1 5
2010 8 9 18 16 23.9217 36.0945 129.815 24.3 6
2010 8 9 18 16 35.7362 36.465 130.069 7.2 5
2010 8 9 18 16 35.8228 36.422 130.074 11.1 7
2010 8 9 18 18 28.0423 36.3874 130.323 14.2 6
2010 8 9 18 18 28.1935 36.4439 130.081 29.4 6
2010 8 9 18 18 39.7265 36.0609 129.849 27.5 7
2010 8 9 18 19 9.36139 36.3684 130.205 18.6 7
2010 8 9 18 19 9.41166 36.4921 130.064 7.7 5
2010 8 9 18 19 9.42425 36.5524 130.128 21.4 7
2010 8 9 18 19 9.45991 36.4443 130.112 15.5 5
2010 8 9 18 19 9.49903 36.4891 130.129 7.6 5
2010 8 9 18 19 46.0995 36.0899 129.976 12.4 6
2010 8 9 18 19 46.164 36.2441 129.823 7.7 7
2010 8 9 18 19 46.2071 36.137 130.048 20.3 5
2010 8 9 18 20 0.106124 36.3929 130.106 27.1 7
2010 8 9 18 21 46.774 36.0943 130.112 8.3 5
2010 8 9 18 25 10.3272 36.4834 130.202 7 7
2010 8 9 18 25 10.3272 36.434 130.206 14.9 6
2010 8 9 18 26 48.4089 36.142 129.875 29.9 10
2010 8 9 18 26 48.4598 36.111 129.822 20.1 7
2010 8 9 18 27 7.64831 36.4057 130.131 23 8
2010 8 9 18 28 27.9901 36.4615 130.176 29.6 10
2010 8 9 18 29 30.8368 36.4941 130.189 28.2 7
2010 8 9 18 32 27.5541 36.4046 130.166 29 5
2010 8 9 18 32 28.6037 36.5438 130.167 4.4 5
2010 8 9 18 33 17.4535 36.527 130.218 25.8 7
2010 8 9 18 34 7.43444 36.4221 130.236 26.5 8
2010 8 9 18 34 7.54625 36.4279 130.155 9.3 6
2010 8 9 18 36 16.8914 36.4648 130.166 22.8 6
2010 8 9 18 36 17.1007 36.4176 130.376 11.3 5
2010 8 9 18 36 17.1402 36.5357 130.151 4 5
2010 8 9 18 37 23.5569 36.583 130.101 9.2 5
2010 8 9 18 38 47.9895 36.624 130.117 2.7 5
2010 8 9 18 38 48.0492 36.5683 130.214 1.6 5
2010 8 9 18 40 3.19822 36.5623 130.241 7.3 5
2010 8 9 18 41 16.1047 36.4452 130.3 15.6 8
2010 8 9 18 41 16.7446 36.5303 130.091 10.2 6
2010 8 9 18 43 13.5779 36.6443 130.106 11 6
2010 8 9 18 43 13.8892 36.49 130.251 21.9 8
2010 8 9 18 44 40.8968 36.2742 130.913 27.1 5
2010 8 9 18 46 57.9151 36.5227 130.404 6.3 6
2010 8 9 18 46 58.0415 36.5333 130.285 26.9 7
2010 8 9 18 47 29.7078 36.3934 130.068 17.4 5
2010 8 9 18 48 38.2637 36.6659 130.271 8.5 5
2010 8 9 18 48 38.3285 36.6003 130.223 6.9 5
2010 8 9 18 49 42.7486 36.5716 130.124 12.6 5
2010 8 9 18 49 43.0934 36.4657 130.262 17.8 5
2010 8 9 18 49 43.1362 36.5825 130.268 2.8 5
2010 8 9 18 50 42.3853 36.6496 130.248 7.4 5
2010 8 9 18 50 42.4336 36.5716 130.421 4.8 5
2010 8 9 18 50 42.4978 36.5443 130.244 25.2 6
2010 8 9 18 50 53.5445 36.4492 130.113 24.4 5
2010 8 9 18 51 50.739 36.5522 130.403 4.4 5
2010 8 9 18 51 50.8237 36.5159 130.23 27.8 5
2010 8 9 18 51 50.8834 36.6188 130.219 6.4 5
2010 8 9 18 51 51.6723 36.5606 130.294 22.6 7
2010 8 9 18 54 48.7741 36.4679 130.155 29.3 7
2010 8 9 18 55 15.1074 36.6607 130.379 12.2 6
2010 8 9 18 55 15.1998 36.547 130.267 24.8 6
2010 8 9 18 57 1.5081 36.4677 130.158 24.9 7
2010 8 9 18 58 3.10952 36.5142 130.292 25.9 7
2010 8 9 18 58 3.28117 36.5605 130.284 21.7 8
2010 8 9 18 58 3.5871 36.5893 130.281 28.1 6
2010 8 9 18 58 34.7057 36.5542 130.257 22.5 6
2010 8 9 18 58 34.7671 36.5422 130.335 27.1 5
2010 8 9 18 59 12.254 36.5453 130.317 23.9 5
2010 8 9 18 59 34.0408 36.4473 130.222 21.8 5
2010 8 9 19 0 42.9063 36.5965 130.389 27.6 7
2010 8 9 19 2 49.945 36.6849 130.267 21.9 5
2010 8 9 19 4 9.83027 36.6253 130.316 16.5 6
2010 8 9 19 4 9.86616 36.572 130.334 25 8
2010 8 9 19 6 11.7421 36.4935 130.586 5.7 6
2010 8 9 19 7 9.5041 36.5922 130.311 11 6
2010 8 9 19 11 36.2255 36.5622 130.275 15.8 5
2010 8 9 19 12 59.3373 36.5926 130.311 25.8 6
2010 8 9 19 14 23.612 36.6167 130.574 8 5
2010 8 9 19 14 23.6931 36.6217 130.348 20.7 8
2010 8 9 19 14 23.7421 36.5699 130.342 21.1 7
2010 8 9 19 14 23.8656 36.5805 130.526 6.1 5
2010 8 9 19 15 34.259 36.6279 130.492 6.4 5
2010 8 9 19 18 23.2115 36.494 130.26 25.4 7
2010 8 9 19 18 23.4745 36.5908 130.277 8.6 5
2010 8 9 19 19 47.9383 36.49 130.257 22.1 8
2010 8 9 19 20 56.6209 36.5197 130.278 16.7 7
2010 8 9 19 21 46.3202 36.4565 130.48 11.9 7
2010 8 9 19 22 2.65363 36.6044 130.35 19.7 8
2010 8 9 19 23 35.0476 36.5831 130.316 22.8 7
2010 8 9 19 23 35.1278 36.5767 130.351 23.1 6
2010 8 9 19 23 35.2233 36.6362 130.308 20.2 5
2010 8 9 19 23 35.2989 36.5625 130.358 23 9
2010 8 9 19 24 39.2136 36.5225 130.443 10.6 6
2010 8 9 19 26 5.24886 36.5931 130.356 8.9 6
2010 8 9 19 26 5.28106 36.5235 130.482 11 5
2010 8 9 19 27 55.9501 36.5329 130.88 22.9 5
2010 8 9 19 27 56.1349 36.6359 130.341 22 8
2010 8 9 19 29 33.8478 36.5441 130.297 24.8 5
2010 8 9 19 30 5.3033 36.7568 130.453 15.8 5
2010 8 9 19 32 23.6953 36.7411 130.609 16.5 5
2010 8 9 19 34 28.7393 36.6225 130.539 12.1 5
2010 8 9 19 35 29.8278 36.7393 130.751 8.4 5
2010 8 9 19 36 0.141229 36.6214 130.37 26.2 6
2010 8 9 19 36 39.6214 36.5975 130.333 19.6 6
2010 8 9 19 37 36.2461 36.6757 130.444 14.6 5
2010 8 9 19 37 36.2954 36.6348 130.509 11.6 6
2010 8 9 19 38 42.0119 36.6472 130.477 15.4 7
2010 8 9 19 38 42.0679 36.6173 130.372 20.9 7
2010 8 9 19 38 42.0931 36.6664 130.34 14.9 7
2010 8 9 19 38 42.281 36.7272 130.266 3.9 5
2010 8 9 19 42 0.578076 36.6575 130.394 19.1 5
2010 8 9 19 42 1.43382 36.6691 130.461 20.4 7
2010 8 9 19 42 56.1413 36.6515 130.417 25.2 12
2010 8 9 19 42 56.1907 36.7137 130.398 8.9 5
2010 8 9 19 44 15.1258 36.6594 130.39 18 7
2010 8 9 19 45 29.9144 36.6479 130.626 10.8 5
2010 8 9 19 46 49.9137 36.6058 130.559 12.5 6
2010 8 9 19 48 25.3595 36.6116 130.412 22 8
2010 8 9 19 51 22.3658 36.7236 130.415 18.4 5
2010 8 9 19 51 22.5116 36.6654 130.593 15.5 5
2010 8 9 19 53 35.7226 36.6505 130.473 21 9
2010 8 9 19 53 35.9352 36.681 130.449 18.6 5
2010 8 9 19 54 57.4401 36.6607 130.543 15.1 8
2010 8 9 19 54 57.4999 36.6478 130.493 25 5
2010 8 9 19 54 57.5526 36.6701 130.405 2.6 5
2010 8 9 19 54 57.6192 36.6171 130.546 18.1 5
2010 8 9 20 1 33.4224 36.5819 130.46 5.3 6
2010 8 9 20 1 33.4982 36.6355 130.63 10.9 5
2010 8 9 20 23 34.1502 36.8957 130.635 13.3 6
2010 8 9 21 22 51.1756 37.3119 132.681 2.2 6
2010 8 9 21 24 38.0711 37.3772 132.79 7.4 5
2010 8 9 21 29 40.1608 37.3013 131.122 2.2 5
2010 8 9 21 33 0.595213 37.3292 132.751 15.9 8
2010 8 9 21 33 40.3891 37.3984 132.714 9 6
2010 8 9 21 35 20.8386 37.2295 131.362 14.1 6
2010 8 9 21 37 59.3586 37.1566 131.356 21.5 6
2010 8 9 21 39 4.03495 37.3118 132.751 14.4 6
2010 8 9 21 39 43.5593 35.6572 129.708 15.8 6
2010 8 9 21 41 53.7495 37.3488 132.771 9.9 8
2010 8 9 21 42 22.6288 37.248 131.346 14.2 6
2010 8 9 21 42 50.5264 37.3189 132.753 0.7 5
2010 8 9 21 42 50.6291 37.5163 132.542 4.9 5
2010 8 9 21 44 0.244804 37.2418 131.355 14.1 9
2010 8 9 21 44 0.329097 37.2413 131.328 13.5 7
2010 8 9 21 44 0.402802 37.2626 131.336 12.5 6
2010 8 9 21 44 0.475183 37.3556 131.349 13.5 5
2010 8 9 21 44 12.3039 35.826 129.464 16.1 6
2010 8 9 21 48 12.5867 37.3568 132.781 17.2 7
2010 8 9 21 48 36.1451 37.3478 132.758 2.8 6
2010 8 9 21 49 48.1915 37.3295 132.787 14.4 5
2010 8 9 21 50 28.3898 37.5034 132.661 8.2 5
2010 8 9 21 51 3.43353 37.8038 131.802 7.1 5
2010 8 9 21 51 30.265 37.6971 132.395 8.5 6
2010 8 9 21 51 49.4468 37.3503 132.779 14 7
2010 8 9 21 52 48.7555 37.3936 132.751 2.9 5
2010 8 9 21 52 48.865 37.3586 132.764 18.1 6
2010 8 9 21 52 48.912 37.3226 132.782 22.3 5
2010 8 9 21 54 18.0087 37.338 132.777 6.4 5
2010 8 9 21 55 35.8684 37.3762 132.787 9.9 5
2010 8 9 21 55 36.1967 37.5475 132.528 6.2 5
2010 8 9 21 56 20.9455 37.3708 132.919 9.9 5
2010 8 9 21 57 2.95351 37.3363 132.807 18.5 5
2010 8 9 21 57 43.9794 37.3635 132.814 19.4 5
2010 8 9 21 57 44.1113 37.3779 132.821 13.4 6
2010 8 9 21 58 14.8803 37.1874 131.439 15.6 7
2010 8 9 21 58 23.8453 37.704 131.69 28.8 8
2010 8 9 22 0 11.1721 37.3623 132.832 15.5 6
2010 8 9 22 0 34.3271 37.2761 131.446 10.8 7
2010 8 9 22 1 21.1567 37.3335 132.813 15.9 7
2010 8 9 22 1 31.443 37.1633 131.425 8.1 6
2010 8 9 22 2 7.94318 37.3392 132.788 3.2 5
2010 8 9 22 2 18.8131 37.2068 131.438 10.8 6
2010 8 9 22 2 19.5716 37.3338 131.569 15.5 8
2010 8 9 22 3 19.5731 37.3666 132.824 13.6 6
2010 8 9 22 3 49.5321 37.1911 131.422 2.1 5
2010 8 9 22 4 24.32 37.4086 132.912 13.7 7
2010 8 9 22 5 47.0633 37.385 132.835 18.8 6
2010 8 9 22 6 16.6091 37.4015 132.948 16.9 6
2010 8 9 22 6 16.6461 37.4427 132.919 9.6 6
2010 8 9 22 6 16.6944 37.4061 133.015 11.6 5
2010 8 9 22 6 16.9582 37.555 132.746 6.2 5
2010 8 9 22 6 39.0783 35.8194 129.788 15.1 6
2010 8 9 22 7 17.5586 37.3538 132.843 21.4 6
2010 8 9 22 8 7.04839 37.3749 132.815 7.8 5
2010 8 9 22 8 43.6781 37.1612 131.415 13.9 8
2010 8 9 22 8 44.097 37.2593 131.554 19.6 5
2010 8 9 22 8 45.2404 35.8613 129.8 6.5 6
2010 8 9 22 8 54.9173 37.4902 132.707 3.7 5
2010 8 9 22 9 25.8274 37.1744 131.472 22.9 6
2010 8 9 22 10 1.17746 37.1936 131.443 11 6
2010 8 9 22 10 48.8505 36.0895 129.543 17.8 5
2010 8 9 22 11 17.6775 37.405 132.876 10 7
2010 8 9 22 11 54.4482 37.3933 132.842 16.2 8
2010 8 9 22 11 54.6195 37.4084 132.851 15.9 7
2010 8 9 22 12 28.9164 37.1997 131.459 12.4 5
2010 8 9 22 12 29.0666 37.1829 131.424 2.5 6
2010 8 9 22 14 18.3049 37.3974 132.872 14.4 7
2010 8 9 22 14 45.4793 37.434 131.154 6.7 5
2010 8 9 22 15 40.5658 37.1991 131.52 10 5
2010 8 9 22 15 40.6778 37.2149 131.509 23.5 5
2010 8 9 22 15 41.0797 36.1184 129.464 14.6 6
2010 8 9 22 18 20.7972 37.2405 131.498 9.2 5
2010 8 9 22 18 47.0399 37.2268 131.528 23.2 5
2010 8 9 22 18 47.1829 37.2016 131.471 10.5 8
2010 8 9 22 18 47.4336 37.2062 131.481 11.6 7
2010 8 9 22 18 47.5086 37.227 131.461 10.3 6
2010 8 9 22 19 25.5164 37.2223 131.507 16.8 6
2010 8 9 22 19 25.5668 37.1841 131.491 10.4 5
2010 8 9 22 19 25.6136 37.1893 131.446 2.3 5
2010 8 9 22 19 46.4275 37.4667 131.176 9 6
2010 8 9 22 19 57.7192 37.4697 131.706 8.7 6
2010 8 9 22 19 57.7931 37.5108 131.683 12.5 5
2010 8 9 22 21 19.9655 36.1075 129.46 3.4 5
2010 8 9 22 21 22.2051 37.1741 131.518 12.6 6
2010 8 9 22 22 10.9305 36.144 129.442 5.4 5
2010 8 9 22 22 11.041 36.1186 129.453 17.6 5
2010 8 9 22 22 46.7635 36.15 129.468 16.1 6
2010 8 9 22 23 20.7069 36.152 129.536 11.4 6
2010 8 9 22 23 46.3817 37.228 131.509 12.2 7
2010 8 9 22 23 46.541 37.251 131.549 19.1 7
2010 8 9 22 23 55.0362 36.179 129.506 13.5 5
2010 8 9 22 23 55.1403 36.1671 129.456 15.2 5
2010 8 9 22 24 30.0411 37.4199 131.702 7.5 6
2010 8 9 22 24 30.1833 37.3844 131.738 23.3 5
2010 8 9 22 24 30.2781 37.3867 131.708 10.2 8
2010 8 9 22 24 36.7788 36.1569 129.459 18.1 8
2010 8 9 22 25 1.20795 36.1441 129.485 1.8 5
2010 8 9 22 25 24.0186 37.2595 131.538 10.4 6
2010 8 9 22 26 29.6903 37.3321 131.613 9.7 6
2010 8 9 22 26 37.8247 36.1233 129.502 24.8 5
2010 8 9 22 27 46.3475 37.3362 131.636 14.4 5
2010 8 9 22 27 46.4994 37.3493 131.62 8.5 6
2010 8 9 22 27 47.1476 37.3692 131.624 17.2 7
2010 8 9 22 27 53.5358 35.9105 129.96 16.9 6
2010 8 9 22 28 8.93522 36.1141 129.604 14.7 6
2010 8 9 22 28 45.2372 37.3857 131.625 15.7 7
2010 8 9 22 29 21.1519 37.3481 131.624 11.6 5
2010 8 9 22 29 42.3912 37.3591 131.608 12.6 6
2010 8 9 22 29 42.5458 37.4143 131.616 4 5
2010 8 9 22 29 42.6034 37.355 131.634 16.2 7
2010 8 9 22 30 11.0004 37.2512 131.548 4 5
2010 8 9 22 30 20.5707 37.3617 131.607 8.1 5
2010 8 9 22 30 20.6753 37.3681 131.581 2.9 5
2010 8 9 22 30 34.3156 37.4863 131.488 0.9 5
2010 8 9 22 30 34.3503 37.3629 131.613 7.4 7
2010 8 9 22 30 34.4419 37.3623 131.629 7.8 5
2010 8 9 22 31 41.3506 37.3568 131.606 6.8 6
2010 8 9 22 33 23.2842 37.3979 131.655 14.6 7
2010 8 9 22 33 28.4778 36.1836 129.524 21.7 5
2010 8 9 22 33 28.5157 36.1859 129.523 8 6
2010 8 9 22 34 9.00851 37.2898 131.582 2.9 6
2010 8 9 22 34 42.4216 37.3868 131.599 11 6
2010 8 9 22 34 59.956 37.4113 131.645 13.7 6
2010 8 9 22 35 49.1819 37.3817 131.656 24.7 8
2010 8 9 22 35 49.2276 37.3867 131.656 14.7 7
2010 8 9 22 35 49.6246 37.3415 131.63 16.1 7
2010 8 9 22 36 22.1012 37.3421 131.635 17.4 6
2010 8 9 22 36 22.1821 37.3384 131.591 13.5 6
2010 8 9 22 36 45.8576 37.3624 131.646 4.1 5
2010 8 9 22 37 18.5814 37.34 131.578 29.3 6
2010 8 9 22 37 18.686 37.3835 131.652 19.3 7
2010 8 9 22 37 19.1565 37.3633 131.673 1.6 5
2010 8 9 22 37 19.4951 37.3539 131.66 8.9 5
2010 8 9 22 37 24.7921 36.1973 129.568 18.3 5
2010 8 9 22 39 15.8939 37.3453 131.593 3.5 6
2010 8 9 22 39 16.0349 37.3862 131.65 23.7 5
2010 8 9 22 39 16.3912 37.3717 131.677 27.9 6
2010 8 9 22 40 10.0323 37.3676 131.648 15.9 5
2010 8 9 22 42 21.7735 37.3476 131.666 14.6 6
2010 8 9 22 42 22.4634 37.3705 131.631 8.9 6
2010 8 9 22 43 32.9337 37.5285 131.839 4.1 5
2010 8 9 22 45 17.2478 37.6293 131.097 25.7 5
2010 8 9 22 46 47.6338 37.3708 131.775 3.6 5
2010 8 9 22 47 58.6028 35.8701 129.906 21.1 7
2010 8 9 22 48 2.6405 37.3244 131.626 25.7 9
2010 8 9 22 48 41.919 37.8258 132.069 6.3 5
2010 8 9 22 48 59.3713 37.3471 131.727 17.4 5
2010 8 9 22 49 52.5818 35.9036 129.856 17.1 5
2010 8 9 22 53 57.7424 37.7404 132.052 14 5
2010 8 9 22 54 40.3481 37.4219 131.789 18.6 7
2010 8 9 22 54 40.5296 37.4413 131.827 24 7
2010 8 9 22 54 40.6411 37.4318 131.812 19.1 6
2010 8 9 22 54 51.6204 37.3422 131.709 16 6
2010 8 9 22 55 21.2161 37.3248 131.717 20.2 5
2010 8 9 22 56 8.36386 37.3585 131.758 12.6 7
2010 8 9 22 56 11.5969 37.7751 132.102 7.3 6
2010 8 9 22 56 42.3638 37.3233 131.702 6.1 5
2010 8 9 22 58 10.3668 37.3773 131.763 5.1 5
2010 8 9 22 58 10.6053 37.3716 131.789 17.9 5
2010 8 9 22 58 58.9664 37.7361 132.089 8.6 5
2010 8 9 22 59 28.0689 37.366 131.759 11.5 10
2010 8 9 22 59 50.5065 37.3943 131.814 14.1 5
2010 8 9 23 1 33.1987 37.8129 132.131 17.6 7
2010 8 9 23 1 33.2574 37.7796 132.092 3.3 5
2010 8 9 23 3 35.0868 37.7943 132.015 13.4 5
2010 8 9 23 3 52.1164 38.0106 132.693 4.5 5
2010 8 9 23 4 21.3336 37.404 131.866 3.6 5
2010 8 9 23 7 8.14017 37.8294 132.395 18.2 6
2010 8 9 23 7 8.2284 37.8183 132.155 9.1 6
2010 8 9 23 7 8.70161 37.8794 132.229 9.8 5
2010 8 9 23 8 47.457 37.9407 132.179 8.9 6
2010 8 9 23 8 47.4843 37.9137 132.143 13.8 5
2010 8 9 23 9 2.00698 37.4285 131.833 20.4 6
2010 8 9 23 9 41.1099 37.8706 132.162 14.1 5
2010 8 9 23 12 45.412 37.8879 132.119 4.2 5
2010 8 9 23 15 5.47665 37.8328 132.831 28 6
2010 8 9 23 15 13.0347 36.5136 129.508 3.1 5
2010 8 9 23 16 32.4991 37.7544 133.843 15.1 7
2010 8 9 23 17 43.005 37.829 132.914 11.9 5
2010 8 9 23 18 55.5813 37.4654 131.949 17.6 8
2010 8 9 23 19 17.5523 37.9366 133.786 20.9 5
2010 8 9 23 21 28.3826 37.8592 132.962 22.6 5
2010 8 9 23 23 6.94132 36.5735 129.558 18.8 7
2010 8 9 23 23 7.00298 36.558 129.519 4.4 5
2010 8 9 23 23 7.06058 36.5357 129.542 10.7 5
2010 8 9 23 23 7.40811 36.4883 129.509 20.8 5
2010 8 9 23 23 38.3664 36.5802 129.566 20.3 6
2010 8 9 23 24 35.5248 37.8886 132.915 18.8 6
2010 8 9 23 25 52.7132 36.5595 129.577 18.6 6
2010 8 9 23 25 52.7715 36.5881 129.554 16.2 6
2010 8 9 23 26 13.0367 37.875 132.914 16.4 5
2010 8 9 23 26 13.0951 37.8578 132.936 5.2 6
2010 8 9 23 26 13.2825 37.8494 132.93 5.8 6
2010 8 9 23 26 39.4262 36.6191 129.621 7.7 5
2010 8 9 23 26 39.4914 36.5895 129.543 16.3 7
2010 8 9 23 27 1.43779 37.9617 133.918 18.1 6
2010 8 9 23 27 1.53445 37.8777 133.949 2.4 5
2010 8 9 23 28 2.91953 37.8902 132.93 12.1 6
2010 8 9 23 28 2.99743 37.8971 132.896 6.1 5
2010 8 9 23 28 5.62478 38.0958 133.599 7.5 5
2010 8 9 23 28 5.71463 38.0777 133.576 16 7
2010 8 9 23 28 16.2457 37.9301 133.849 7.4 6
2010 8 9 23 28 19.8669 36.601 129.591 14.7 6
2010 8 9 23 30 27.3767 38.054 133.77 3.2 5
2010 8 9 23 30 51.7408 37.8684 132.848 6.3 5
2010 8 9 23 31 24.4102 37.7794 133.855 5.4 6
2010 8 9 23 31 24.4692 37.8358 133.948 23.9 5
2010 8 9 23 31 50.4093 37.9578 133.927 19.7 6
2010 8 9 23 32 59.0224 36.5781 129.566 2.4 5
2010 8 9 23 34 23.0545 36.6213 129.594 19.9 8
2010 8 9 23 34 23.2805 37.9326 132.962 4.1 5
2010 8 9 23 34 23.3487 37.9373 133.011 7.5 5
2010 8 9 23 34 32.3351 38.122 132.966 10.2 6
2010 8 9 23 35 2.83459 37.9424 133.891 7.9 5
2010 8 9 23 35 2.95181 37.937 133.914 18 5
2010 8 9 23 35 3.10446 37.9582 133.921 24.2 6
2010 8 9 23 35 3.34239 37.8936 133.992 15.3 5
2010 8 9 23 36 15.5615 37.8825 133.835 12.1 6
2010 8 9 23 36 15.8553 38.0308 133.941 10.1 7
2010 8 9 23 36 15.9171 37.9528 133.934 17.9 5
2010 8 9 23 36 16.0509 37.9572 133.937 18.4 5
2010 8 9 23 36 29.2121 37.6895 133.941 10.2 5
2010 8 9 23 36 29.3654 37.6181 133.957 17 6
2010 8 9 23 36 29.433 37.6096 133.951 19 5
2010 8 9 23 37 27.9802 37.8781 132.944 12.6 7
2010 8 9 23 38 12.3461 37.7802 133.986 2.7 5
2010 8 9 23 38 25.5266 37.8418 133 1.7 5
2010 8 9 23 39 12.4098 36.6311 129.622 14.3 7
2010 8 9 23 39 18.127 37.8702 134.065 14.1 5
2010 8 9 23 39 18.1953 37.857 133.917 4.5 6
2010 8 9 23 39 18.247 37.813 133.976 13 5
2010 8 9 23 40 14.4923 37.8418 133.69 5.2 5
2010 8 9 23 40 28.0618 37.9854 133.08 16.3 5
2010 8 9 23 41 4.1429 37.9549 133.934 15.5 5
2010 8 9 23 41 30.768 37.8979 132.901 28.7 6
2010 8 9 23 41 30.825 37.9538 132.951 7.5 5
2010 8 9 23 41 30.8694 37.9121 132.961 17.6 6
2010 8 9 23 42 12.2739 36.7006 129.619 11.8 6
2010 8 9 23 43 19.0315 36.6961 129.633 3.7 5
2010 8 9 23 43 19.0784 36.7183 129.67 29.5 6
2010 8 9 23 44 32.8724 37.9145 132.995 16.2 6
2010 8 9 23 44 32.9368 38.0452 132.907 4.2 5
2010 8 9 23 45 4.94533 37.6984 133.927 15.1 6
2010 8 9 23 45 7.0886 36.6755 129.697 3.6 5
2010 8 9 23 45 27.4191 37.8901 133.976 23.1 5
2010 8 9 23 46 7.36089 37.6812 133.988 17.1 8
2010 8 9 23 46 52.4392 38.0362 132.938 6.3 5
2010 8 9 23 46 52.5612 38.0568 132.981 20 6
2010 8 9 23 46 52.6149 38.0524 132.984 13.7 8
2010 8 9 23 46 52.6974 38.0746 133.06 11 5
2010 8 9 23 47 35.7016 37.6428 133.993 18.8 7
2010 8 9 23 47 35.7703 37.6556 134.017 16.1 5
2010 8 9 23 48 46.6599 37.9712 133.951 17.4 7
2010 8 9 23 48 46.7076 37.971 133.958 18.2 7
2010 8 9 23 48 47.4235 37.9457 133.928 15.4 6
2010 8 9 23 49 18.1281 37.9512 133.949 6.2 6
2010 8 9 23 49 33.6836 36.6907 129.69 3.4 6
2010 8 9 23 50 5.26656 37.9756 133.947 5.9 5
2010 8 9 23 50 5.31647 38.0164 133.96 11.1 6
2010 8 9 23 50 51.6845 37.9221 134.062 2.5 6
2010 8 9 23 51 18.9976 38.1997 133.659 6.6 5
2010 8 9 23 52 6.62607 38.0928 133.827 4 5
2010 8 9 23 52 6.81365 37.9542 134.01 16.9 6
2010 8 9 23 52 30.314 37.4433 134.079 28.4 5
2010 8 9 23 52 41.8583 37.9521 133.948 10.2 9
2010 8 9 23 52 42.0762 37.9748 133.97 17.8 6
2010 8 9 23 52 42.1927 37.9632 133.955 3.8 6
2010 8 9 23 53 8.54477 37.9829 134.078 18.8 6
2010 8 9 23 53 21.579 38.014 133.043 11.3 5
2010 8 9 23 55 13.4501 37.6958 134.018 14.3 9
2010 8 9 23 55 13.4721 37.7065 134.056 26.5 6
2010 8 9 23 55 33.6631 37.9906 133.98 23.5 6
2010 8 9 23 55 33.7223 37.9945 133.988 19 6
2010 8 9 23 56 38.5188 38.0455 133.976 9.4 5
2010 8 10 0 0 15.3215 37.9281 134.076 5 6
2010 8 10 0 0 41.6856 38.1828 132.989 21.1 6
2010 8 10 0 0 42.0675 38.1916 133.024 24.8 5
2010 8 10 0 0 48.8261 37.9034 134.105 13.3 6
2010 8 10 0 1 26.0995 38.0639 133.661 14.7 9
2010 8 10 0 1 26.1832 38.0927 133.674 25.1 8
2010 8 10 0 1 28.164 37.8663 134.123 1.3 5
2010 8 10 0 2 9.7605 38.1644 133.004 15.5 5
2010 8 10 0 2 9.82426 38.1761 132.949 5.7 6
2010 8 10 0 2 9.96691 38.2181 133.017 11.1 5
2010 8 10 0 2 26.9765 38.0974 133.999 13.8 6
2010 8 10 0 2 27.0898 38.079 133.97 16 7
2010 8 10 0 3 20.0202 37.9403 134.073 1.2 5
2010 8 10 0 3 20.0548 37.9996 134.046 13.2 9
2010 8 10 0 3 25.2646 37.6095 132.287 12 8
2010 8 10 0 4 0.261703 37.9299 134.116 13 7
2010 8 10 0 4 0.749622 37.8458 134.134 2.8 5
2010 8 10 0 4 0.85122 38.0937 133.869 2.7 5
2010 8 10 0 4 48.4261 38.0386 133.895 11.1 5
2010 8 10 0 4 54.3834 38.1902 133.649 3.3 5
2010 8 10 0 4 54.5078 38.1041 133.78 12.3 6
2010 8 10 0 5 30.467 38.0611 133.993 7.2 5
2010 8 10 0 5 46.7904 38.0515 133.678 5.7 7
2010 8 10 0 5 46.839 38.1038 133.733 10.6 5
2010 8 10 0 5 49.448 37.5777 132.267 7.5 5
2010 8 10 0 6 12.0301 38.0212 134.009 5.9 5
2010 8 10 0 7 1.66391 38.0461 133.733 6.5 6
2010 8 10 0 7 1.73191 38.0358 133.641 7.4 5
2010 8 10 0 7 47.3565 38.0665 133.724 2.5 5
2010 8 10 0 7 51.3572 37.602 132.24 10.3 8
2010 8 10 0 8 11.5814 37.9462 134.114 10.6 5
2010 8 10 0 8 11.6164 38.046 134.068 11.2 5
2010 8 10 0 8 11.6728 37.9791 134.063 20.9 7
2010 8 10 0 8 11.7469 38.0168 134.072 15.3 7
2010 8 10 0 8 11.8137 38.0064 134.101 23.6 6
2010 8 10 0 8 11.877 38.0654 134.106 14.6 6
2010 8 10 0 8 12.421 37.9883 134.082 22.4 5
2010 8 10 0 8 23.0724 38.1081 133.022 1.6 5
2010 8 10 0 9 5.46631 38.1258 133.708 1.1 5
2010 8 10 0 9 43.186 38.0949 133.71 14.4 9
2010 8 10 0 9 43.3409 38.1602 133.773 12.2 7
2010 8 10 0 10 19.0312 37.7005 134.109 8.1 6
2010 8 10 0 10 22.752 38.1301 133.029 7.7 5
2010 8 10 0 10 22.752 38.1363 133.016 5.2 6
2010 8 10 0 10 22.787 38.1429 132.956 5.6 5
2010 8 10 0 10 22.8357 38.1941 132.969 12.9 7
2010 8 10 0 10 22.8831 38.1969 133.002 18.2 8
2010 8 10 0 10 45.1663 38.0131 134.055 2.9 5
2010 8 10 0 11 12.6387 38.2502 132.824 5.7 6
2010 8 10 0 11 52.6887 37.643 133.997 12.1 5
2010 8 10 0 12 35.6191 37.9759 134.061 3.8 5
2010 8 10 0 12 35.6757 38.0133 134.03 6 5
2010 8 10 0 12 36.6878 38.2227 132.903 7.6 5
2010 8 10 0 13 5.39953 38.1912 132.985 13 11
2010 8 10 0 13 39.2964 37.589 132.366 2.5 5
2010 8 10 0 14 23.7103 37.7114 134.211 21.8 7
2010 8 10 0 14 45.9768 38.244 133.03 16.4 7
2010 8 10 0 15 15.2408 37.8813 134.183 3.1 5
2010 8 10 0 15 15.7508 37.9122 134.076 5.8 5
2010 8 10 0 15 15.8984 37.9248 134.096 10.2 7
2010 8 10 0 15 28.4226 37.7082 134.096 22 8
2010 8 10 0 16 48.6002 38.2335 132.926 8.1 6
2010 8 10 0 16 56.6681 38.2927 132.921 11 8
2010 8 10 0 17 19.8698 37.8267 132.325 7.4 6
2010 8 10 0 17 32.6047 38.2489 132.918 6.7 7
2010 8 10 0 17 32.7366 38.2229 132.947 9.5 6
2010 8 10 0 17 48.4771 37.9902 134.027 6.5 6
2010 8 10 0 18 2.18997 38.4105 133.584 3.5 5
2010 8 10 0 18 11.0639 37.5501 134.071 26.9 5
2010 8 10 0 18 48.0566 38.0828 134.13 9.9 5
2010 8 10 0 19 7.09193 38.0684 133.921 4.2 5
2010 8 10 0 19 7.09196 38.1318 133.867 5.2 5
2010 8 10 0 19 7.1662 38.1285 133.836 10.6 6
2010 8 10 0 19 7.47142 38.156 133.903 12.8 7
2010 8 10 0 19 23.6489 38.2217 133.041 1.4 5
2010 8 10 0 19 24.7965 37.5474 134.028 13.7 8
2010 8 10 0 20 35.0489 38.0281 134.1 6.5 5
2010 8 10 0 20 35.906 38.0742 134.104 15 7
2010 8 10 0 20 35.9579 38.0716 134.045 11.2 5
2010 8 10 0 20 42.4883 38.2352 133.099 4.4 5
2010 8 10 0 21 32.0351 38.1613 133.904 15.8 7
2010 8 10 0 21 32.229 38.2166 133.063 16.3 5
2010 8 10 0 21 35.9209 38.0216 134.161 4.1 6
2010 8 10 0 21 42.8682 37.7284 134.248 10.9 6
2010 8 10 0 21 43.0649 37.7605 134.322 17.6 8
2010 8 10 0 22 20.1708 38.3056 132.922 6.6 6
2010 8 10 0 22 20.2507 38.2829 132.93 6.1 6
2010 8 10 0 22 20.3104 38.3362 132.966 11.1 6
2010 8 10 0 23 0.980202 37.7302 134.311 4.5 6
2010 8 10 0 23 1.09295 37.7628 134.334 15 7
2010 8 10 0 23 1.14566 37.7395 134.33 14.7 6
2010 8 10 0 23 42.7293 38.0569 134.009 4.7 5
2010 8 10 0 24 18.8602 38.2 133.65 10.4 5
2010 8 10 0 24 32.3294 38.2555 133.013 5.9 5
2010 8 10 0 24 32.4824 38.4065 132.979 12.2 5
2010 8 10 0 24 46.4486 37.7648 134.314 20.1 8
2010 8 10 0 25 49.1877 37.7773 134.4 22.2 7
2010 8 10 0 25 54.3437 38.1297 133.994 12.2 5
2010 8 10 0 25 57.9939 38.3191 132.98 18.9 5
2010 8 10 0 25 58.089 38.3138 132.961 14.4 8
2010 8 10 0 26 11.9594 38.2911 133.015 19.7 6
2010 8 10 0 26 20.596 37.7871 134.334 17.3 8
2010 8 10 0 26 42.7221 38.2967 132.958 17.2 5
2010 8 10 0 27 2.63503 37.7684 134.364 17.2 6
2010 8 10 0 27 41.7751 37.6462 134.498 10.9 5
2010 8 10 0 27 42.119 37.7844 134.328 19.2 6
2010 8 10 0 27 51.3474 38.1869 133.659 4.5 6
2010 8 10 0 28 21.1674 37.7198 134.396 2.1 5
2010 8 10 0 28 22.4153 38.2826 133.01 15 6
2010 8 10 0 28 22.5336 38.2902 133.048 25.2 6
2010 8 10 0 28 22.8981 38.2063 133.066 1 6
2010 8 10 0 28 49.5821 37.7756 134.377 6.9 6
2010 8 10 0 28 49.8538 37.7467 134.313 7.6 5
2010 8 10 0 29 27.2947 38.0843 133.67 11.8 5
2010 8 10 0 29 32.6079 37.9081 134.33 18.1 10
2010 8 10 0 29 32.7168 37.9119 134.279 5 6
2010 8 10 0 29 32.8249 38.2535 133.102 8.1 7
2010 8 10 0 30 6.16128 38.2494 133.086 5.8 5
2010 8 10 0 30 22.2203 38.2005 134.274 16.5 5
2010 8 10 0 30 26.2419 37.7953 134.394 12.8 5
2010 8 10 0 30 36.1214 37.7807 134.369 21.6 8
2010 8 10 0 30 36.2653 37.8217 134.402 15.3 8
2010 8 10 0 30 36.3466 37.7707 134.29 9.3 5
2010 8 10 0 30 42.612 38.3059 133.056 16.3 7
2010 8 10 0 31 1.21483 38.2286 133.113 6.7 6
2010 8 10 0 31 1.29699 38.2712 133.105 24.6 6
2010 8 10 0 31 22.6155 37.7669 134.457 13.7 5
2010 8 10 0 31 22.6155 37.7446 134.449 6.2 6
2010 8 10 0 31 30.9364 38.2232 133.711 12.4 6
2010 8 10 0 31 34.5922 38.2208 133.12 1.7 6
2010 8 10 0 32 4.53133 37.7993 134.385 16.7 7
2010 8 10 0 32 4.5922 37.8086 134.389 17.9 7
2010 8 10 0 32 8.07708 38.3472 133.093 6.5 8
2010 8 10 0 32 22.3384 38.3468 133.116 18.2 7
2010 8 10 0 32 44.1405 38.1535 133.012 11.5 5
2010 8 10 0 32 44.1588 38.3045 132.999 7.7 5
2010 8 10 0 32 54.3827 38.1814 133.71 7.3 6
2010 8 10 0 32 54.3963 38.2094 133.753 21.3 5
2010 8 10 0 33 2.95719 37.4761 134.16 27.9 5
2010 8 10 0 33 3.19418 38.2854 133.172 3.6 6
2010 8 10 0 34 8.92735 37.748 134.439 3.3 6
2010 8 10 0 34 8.96304 37.7803 134.365 8.1 5
2010 8 10 0 34 15.759 38.1191 134.054 28.1 5
2010 8 10 0 34 49.0476 37.7725 134.497 3.6 5
2010 8 10 0 34 49.0998 37.7896 134.445 25 6
2010 8 10 0 34 52.7336 38.303 133.182 4.6 5
2010 8 10 0 35 27.3165 37.8258 134.443 25.5 6
2010 8 10 0 35 27.3897 37.7965 134.41 25 5
2010 8 10 0 35 38.8344 38.2878 133.12 17 6
2010 8 10 0 35 38.879 38.3159 133.108 15.2 7
2010 8 10 0 35 38.9247 38.3425 133.122 22.7 5
2010 8 10 0 35 39.0145 38.2783 133.129 0.5 5
2010 8 10 0 35 39.1156 38.2725 133.122 5.5 6
2010 8 10 0 36 2.51571 38.3254 133.101 13.6 8
2010 8 10 0 36 2.56406 38.338 133.153 10.5 5
2010 8 10 0 36 6.68542 38.4012 133.149 12.4 5
2010 8 10 0 36 27.6726 38.3132 133.055 16.9 6
2010 8 10 0 36 32.4099 37.8071 134.398 7.7 5
2010 8 10 0 36 32.4583 37.8199 134.413 22.2 6
2010 8 10 0 36 32.7516 37.7897 134.419 14.1 5
2010 8 10 0 36 32.8248 37.8177 134.362 21.2 7
2010 8 10 0 36 36.4053 38.3321 133.115 20.9 6
2010 8 10 0 36 36.6127 38.2564 133.139 5.6 6
2010 8 10 0 37 12.0479 38.3372 133.065 12.1 5
2010 8 10 0 37 22.112 38.135 133.961 3.2 5
2010 8 10 0 37 22.6747 38.1025 134.118 6.6 6
2010 8 10 0 37 37.9276 37.7847 134.388 12.3 7
2010 8 10 0 38 22.159 38.1075 133.456 16.4 5
2010 8 10 0 38 22.2728 37.993 133.428 3.4 6
2010 8 10 0 38 37.4407 38.1486 134.103 29.4 6
2010 8 10 0 38 37.4438 38.1403 134.023 6.5 6
2010 8 10 0 38 50.7678 37.7499 134.468 20.7 6
2010 8 10 0 39 18.569 37.7392 134.639 14.5 5
2010 8 10 0 39 21.217 38.3141 133.095 14.7 8
2010 8 10 0 39 37.0362 37.7929 134.594 19.3 6
2010 8 10 0 39 37.2716 37.7903 134.41 5.1 6
2010 8 10 0 40 1.38874 37.7557 134.496 7.5 6
2010 8 10 0 40 30.6621 38.1348 134.123 16 7
2010 8 10 0 41 27.6043 37.7915 134.434 15.9 6
2010 8 10 0 41 27.642 37.8212 134.452 12.2 6
2010 8 10 0 41 27.7334 37.8755 134.416 23.3 7
2010 8 10 0 41 51.2317 38.2975 133.149 4.8 6
2010 8 10 0 42 4.91277 38.3351 133.087 4.7 6
2010 8 10 0 42 29.1879 37.8552 134.401 8 5
2010 8 10 0 42 49.8635 38.3699 133.097 17.5 6
2010 8 10 0 42 49.9276 38.3352 133.051 3.5 5
2010 8 10 0 42 49.967 38.3651 133.09 18.1 7
2010 8 10 0 42 50.2133 38.3669 133.113 26.2 6
2010 8 10 0 43 7.16838 37.8399 134.399 5.8 5
2010 8 10 0 43 18.7803 38.3765 133.166 17 7
2010 8 10 0 43 49.8003 38.3867 133.128 21.7 8
2010 8 10 0 43 49.8273 38.3562 133.139 13.7 5
2010 8 10 0 44 8.20846 37.8472 134.417 5.5 5
2010 8 10 0 44 8.30807 37.8732 134.404 10 6
2010 8 10 0 44 16.7356 37.8453 134.569 15.1 11
2010 8 10 0 44 25.8169 38.4398 133.103 6.1 6
2010 8 10 0 44 45.2985 38.4106 133.534 17.3 6
2010 8 10 0 44 45.3653 38.4105 133.021 16.8 7
2010 8 10 0 44 48.4211 37.8283 134.463 23.1 5
2010 8 10 0 44 48.5092 37.7754 134.419 4.9 5
2010 8 10 0 45 13.7486 38.3288 133.113 4.7 5
2010 8 10 0 45 13.8012 38.2644 133.14 5.4 5
2010 8 10 0 45 13.9973 38.3167 133.12 13.2 9
2010 8 10 0 45 17.8657 37.8635 134.6 15.9 6
2010 8 10 0 45 21.6375 38.2553 133.893 2.1 5
2010 8 10 0 46 1.81441 37.8452 134.439 19.4 6
2010 8 10 0 46 1.87344 37.8232 134.484 23.2 6
2010 8 10 0 46 1.9292 37.8372 134.508 18.5 7
2010 8 10 0 46 2.01622 37.8364 134.54 14.2 8
2010 8 10 0 46 16.6221 37.8677 134.547 4.2 5
2010 8 10 0 46 29.4153 38.1339 134.095 2.5 5
2010 8 10 0 46 32.8812 38.2956 133.115 2.8 6
2010 8 10 0 46 38.649 37.7903 132.65 5.9 5
2010 8 10 0 46 39.715 37.8311 132.719 13.9 5
2010 8 10 0 46 59.2095 38.1395 133.508 18.7 8
2010 8 10 0 47 9.6761 38.4425 133.221 27.6 6
2010 8 10 0 47 36.8776 37.8877 134.59 15.5 9
2010 8 10 0 48 13.3373 38.3618 133.05 18.4 5
2010 8 10 0 48 56.6567 38.4289 133.158 9 5
2010 8 10 0 48 56.764 38.3909 133.223 9.4 6
2010 8 10 0 48 56.8292 38.4419 133.211 17.1 8
2010 8 10 0 49 29.4458 37.8185 134.465 13.1 9
2010 8 10 0 49 29.507 37.8386 134.487 17.3 6
2010 8 10 0 49 29.815 37.426 134.993 17.6 5
2010 8 10 0 49 37.1742 38.1022 132.073 13.4 6
2010 8 10 0 49 37.2325 38.1567 132.026 26.8 9
2010 8 10 0 50 17.0102 37.7012 135.15 12.6 5
2010 8 10 0 50 17.2868 37.8011 134.747 17.6 5
2010 8 10 0 50 17.3926 37.8767 134.63 21.7 5
2010 8 10 0 50 34.8189 38.3398 133.841 19.5 5
2010 8 10 0 50 39.6996 38.4374 133.192 17.4 8
2010 8 10 0 50 39.7722 38.3956 133.232 5.8 5
2010 8 10 0 50 39.8057 38.4555 133.181 7.1 5
2010 8 10 0 50 51.0364 37.7966 134.499 3.7 5
2010 8 10 0 50 51.2752 37.8262 134.485 11 8
2010 8 10 0 51 14.3375 38.3317 133.206 5.2 6
2010 8 10 0 51 44.7757 37.9985 134.364 2.1 5
2010 8 10 0 51 45.0922 37.9141 134.441 19.2 5
2010 8 10 0 51 49.7315 37.7627 134.549 0.2 5
2010 8 10 0 51 50.1018 37.8253 134.513 14.4 7
2010 8 10 0 51 50.2086 37.8811 134.525 10.5 6
2010 8 10 0 51 52.1277 38.3776 133.557 1.8 5
2010 8 10 0 51 52.5608 38.4278 133.535 25.2 7
2010 8 10 0 52 20.83 38.4123 133.189 14.5 6
2010 8 10 0 52 38.0214 38.2468 133.995 16.1 7
2010 8 10 0 52 54.8381 38.4265 133.164 20.5 8
2010 8 10 0 53 26.4513 38.3591 133.143 4.7 5
2010 8 10 0 53 30.8202 38.1869 134.062 1.6 5
2010 8 10 0 54 27.5426 37.9225 134.52 14 5
2010 8 10 0 54 27.5687 37.8669 134.47 5.3 7
2010 8 10 0 54 27.6165 37.8261 134.52 7.1 6
2010 8 10 0 54 27.6601 37.872 134.495 15.7 6
2010 8 10 0 54 27.7691 37.8181 134.535 5.1 5
2010 8 10 0 54 41.7785 37.7737 132.714 17.1 5
2010 8 10 0 54 50.1656 38.3843 134.006 22.4 6
2010 8 10 0 55 2.43821 38.3984 133.179 16.8 8
2010 8 10 0 55 2.52866 38.3625 133.218 15.4 7
2010 8 10 0 55 2.58758 38.4314 133.069 21.4 5
2010 8 10 0 55 14.5664 37.8928 134.494 30 6
2010 8 10 0 55 14.7439 37.8667 134.586 14.2 5
2010 8 10 0 55 15.4752 37.8667 134.624 17.7 5
2010 8 10 0 57 51.2893 37.8725 132.742 18.4 6
2010 8 10 0 58 14.1507 37.952 134.454 16.2 5
2010 8 10 0 58 14.2292 37.9681 134.471 16.7 6
2010 8 10 1 0 7.98799 38.0026 134.553 1.5 5
2010 8 10 1 1 5.67152 37.9637 134.484 9 7
2010 8 10 1 1 13.1965 38.4021 133.722 16.3 5
2010 8 10 1 1 37.1912 38.376 133.366 13.2 6
2010 8 10 1 2 14.4891 38.0896 134.456 5.8 7
2010 8 10 1 2 43.7061 37.8821 134.619 8.9 5
2010 8 10 1 2 43.7574 37.8327 134.671 3.8 5
2010 8 10 1 4 37.9222 37.9049 134.613 6.9 5
2010 8 10 1 5 42.3827 37.5416 134.452 5.8 5
2010 8 10 1 7 14.1099 38.0451 132.019 23.9 6
2010 8 10 1 7 14.2806 38.0053 131.95 14.6 5
2010 8 10 1 7 30.1415 38.0171 134.654 19.9 5
2010 8 10 1 8 19.6354 37.494 134.192 5.6 5
2010 8 10 1 8 21.8456 37.8704 134.705 6.2 6
2010 8 10 1 8 22.048 37.921 134.692 19.3 6
2010 8 10 1 9 0.3292 38.4321 133.571 5.5 5
2010 8 10 1 9 0.531264 38.4218 133.634 6.1 5
2010 8 10 1 9 23.6906 38.3861 132.938 12 7
2010 8 10 1 9 46.2546 37.9209 134.697 21.6 6
2010 8 10 1 10 31.431 38.0885 134.565 5.8 5
2010 8 10 1 10 31.4463 38.1085 134.482 7.3 5
2010 8 10 1 11 17.2359 38.1244 134.489 6.5 5
2010 8 10 1 11 17.3241 38.1615 134.482 25.7 6
2010 8 10 1 11 17.7037 38.0978 134.507 3.6 5
2010 8 10 1 11 18.0025 38.1189 134.534 11.8 5
2010 8 10 1 11 18.0025 38.0047 134.542 5.6 6
2010 8 10 1 11 18.0231 38.0561 134.524 23 5
2010 8 10 1 11 18.251 38.0566 134.508 14.7 5
2010 8 10 1 12 45.6332 38.5503 133.01 10.7 5
2010 8 10 1 13 13.1556 37.9827 134.685 11.3 6
2010 8 10 1 14 27.3508 38.5001 133.493 11.3 7
2010 8 10 1 14 38.5323 38.1942 134.75 12.2 7
2010 8 10 1 14 55.1274 37.9331 134.708 19.7 8
2010 8 10 1 14 55.1844 37.8962 134.816 12 5
2010 8 10 1 15 33.4549 37.5623 134.44 7.5 6
2010 8 10 1 15 44.3306 37.9809 134.668 5.6 6
2010 8 10 1 16 26.6926 37.9572 134.715 14.4 5
2010 8 10 1 16 26.7873 37.9037 134.74 8 5
2010 8 10 1 16 55.4019 38.1183 133.573 26.6 5
2010 8 10 1 16 56.7426 38.3086 134.125 7.1 6
2010 8 10 1 17 23.392 38.0765 134.739 19.3 8
2010 8 10 1 17 58.6704 38.1744 134.762 19.7 5
2010 8 10 1 18 34.3983 37.697 134.491 4.1 5
2010 8 10 1 19 53.9019 38.0792 134.61 6.2 5
2010 8 10 1 19 54.2779 37.9515 134.688 4.5 5
2010 8 10 1 22 11.1858 38.1224 134.719 13.3 6
2010 8 10 1 22 11.3448 38.0704 134.599 8.5 5
2010 8 10 1 22 51.2779 38.4101 134.469 7.9 5
2010 8 10 1 25 47.746 38.0666 134.706 11.1 10
2010 8 10 1 27 27.4438 37.6272 134.509 19.3 9
2010 8 10 1 28 25.0904 38.0615 134.746 12.9 5
2010 8 10 1 28 54.6999 37.5533 134.444 5.9 7
2010 8 10 1 29 20.9141 37.9907 134.745 3.6 6
2010 8 10 1 29 21.5162 38.0052 134.769 11.9 5
2010 8 10 1 30 2.95994 38.3832 133.843 19 9
2010 8 10 1 30 13.7359 38.1157 134.733 9.3 6
2010 8 10 1 30 14.1713 38.1685 134.688 13.7 6
2010 8 10 1 31 13.605 38.2196 134.676 20.1 6
2010 8 10 1 31 44.015 37.6648 134.435 10.1 6
2010 8 10 1 31 44.1054 37.6137 134.527 13.9 9
2010 8 10 1 31 44.1509 37.5335 134.564 10 6
2010 8 10 1 32 19.3654 38.0727 135.055 29.1 5
2010 8 10 1 32 19.4369 38.0672 134.785 3.3 6
2010 8 10 1 32 19.7508 38.1769 134.763 12 6
2010 8 10 1 32 20.0049 38.0191 134.812 3.6 5
2010 8 10 1 32 30.839 38.31 134.571 3 5
2010 8 10 1 34 5.43996 37.9888 134.797 2.4 6
2010 8 10 1 34 5.54065 38.035 134.731 6.6 5
2010 8 10 1 35 57.8239 37.5481 134.527 29.5 10
2010 8 10 1 36 15.7866 38.1154 134.767 10.6 9
2010 8 10 1 36 15.8723 38.0907 134.74 18.3 6
2010 8 10 1 36 57.0402 38.1621 134.742 10.3 6
2010 8 10 1 36 57.1589 38.17 134.781 17.7 7
2010 8 10 1 38 13.623 38.0521 134.832 15.7 5
2010 8 10 1 38 29.3755 38.2501 134.753 16.4 5
2010 8 10 1 39 12.7756 38.2266 134.768 10 6
2010 8 10 1 39 18.1052 38.0113 134.837 15.1 6
2010 8 10 1 39 18.5832 38.1525 134.765 3.6 5
2010 8 10 1 39 33.6661 37.632 134.549 18.7 6
2010 8 10 1 40 27.4465 38.0684 134.804 4.6 5
2010 8 10 1 41 0.841099 38.2511 134.772 4.2 5
2010 8 10 1 41 0.928855 38.278 134.773 19.4 6
2010 8 10 1 41 1.06814 38.2632 134.749 15.4 6
2010 8 10 1 41 20.6453 38.1329 134.798 11.2 7
2010 8 10 1 41 20.714 38.1596 134.715 12.5 5
2010 8 10 1 41 20.7492 38.1381 134.727 6.4 7
2010 8 10 1 42 30.0211 38.1988 134.789 2.5 5
2010 8 10 1 42 30.2494 38.2295 134.78 14.7 5
2010 8 10 1 42 55.7272 38.6233 133.599 17.6 5
2010 8 10 1 43 19.5119 38.0557 134.91 12 5
2010 8 10 1 43 19.5219 38.0717 134.83 16.4 6
2010 8 10 1 43 19.558 38.056 134.815 5.1 6
2010 8 10 1 43 19.7108 38.0381 134.828 14.9 9
2010 8 10 1 43 19.7828 38.0659 134.844 15.8 9
2010 8 10 1 43 53.189 38.2347 134.788 13 6
2010 8 10 1 45 38.6301 38.0429 134.914 14.3 5
2010 8 10 1 45 38.6547 38.0723 134.858 17.6 6
2010 8 10 1 45 38.6827 38.1255 134.798 2.4 5
2010 8 10 1 45 38.7301 38.0136 134.909 3.7 5
2010 8 10 1 45 38.7818 38.0613 134.78 5.8 5
2010 8 10 1 45 48.8959 38.5129 133.661 9.2 6
2010 8 10 1 45 50.2777 38.2191 134.836 11.2 5
2010 8 10 1 45 51.0365 38.2726 134.778 14.6 5
2010 8 10 1 46 42.5531 38.1425 134.83 6.6 8
2010 8 10 1 47 39.4858 37.5856 134.627 21 5
2010 8 10 1 49 22.5363 37.6402 134.49 29 11
2010 8 10 1 49 22.6472 37.6096 134.598 18.1 7
2010 8 10 1 49 22.7048 37.6998 134.6 8.4 5
2010 8 10 1 49 35.8441 38.1198 134.747 22.3 7
2010 8 10 1 49 35.8818 38.1002 134.792 10.4 5
2010 8 10 1 49 35.9394 38.1024 134.838 24.7 5
2010 8 10 1 51 33.1213 38.2012 134.816 16.4 8
2010 8 10 1 51 33.2542 38.2145 134.852 12.6 7
2010 8 10 1 51 33.3098 38.1673 134.842 8.4 5
2010 8 10 1 51 33.3589 38.1851 134.873 12.4 5
2010 8 10 1 51 33.5735 38.1709 134.828 15.9 9
2010 8 10 1 51 38.5722 38.3627 133.865 4.8 5
2010 8 10 1 52 11.8235 38.1775 134.83 20.8 8
2010 8 10 1 52 11.8889 38.1203 134.898 5.1 5
2010 8 10 1 52 11.9546 38.1491 134.864 3.3 6
2010 8 10 1 52 12.3025 38.1974 134.859 24.7 5
2010 8 10 1 52 59.6514 38.1301 134.902 3 5
2010 8 10 1 53 0.158165 38.1766 134.823 8.4 8
2010 8 10 1 53 17.401 38.2024 134.847 18.2 7
2010 8 10 1 54 7.3801 38.5362 133.459 11.2 5
2010 8 10 1 54 25.6747 38.2268 135.069 29 8
2010 8 10 1 54 25.799 38.2106 134.845 14.5 8
2010 8 10 1 54 25.8415 38.1746 134.806 3.7 7
2010 8 10 1 54 25.935 38.172 134.82 8 8
2010 8 10 1 55 0.512761 37.5818 134.613 28.6 13
2010 8 10 1 55 0.566734 37.5651 134.638 22.1 8
2010 8 10 1 55 0.596471 37.5115 134.71 3.9 5
2010 8 10 1 56 27.3159 38.2927 134.86 11.3 6
2010 8 10 1 56 27.3823 38.1774 134.892 1.5 5
2010 8 10 1 56 27.439 38.1785 134.891 1.8 5
2010 8 10 1 56 28.0052 38.2362 134.862 20.5 6
2010 8 10 1 56 46.872 37.5805 134.657 17.7 5
2010 8 10 1 57 21.8282 38.2237 134.815 7.4 5
2010 8 10 1 57 21.8609 38.245 134.867 26 5
2010 8 10 1 58 12.3984 38.1978 134.908 26.3 5
2010 8 10 1 59 2.12854 38.1274 134.943 12.7 5
2010 8 10 1 59 20.7942 38.2599 134.852 17 7
2010 8 10 1 59 20.8592 38.2887 134.868 12.1 7
2010 8 10 1 59 20.9049 38.2394 134.895 22 5
2010 8 10 2 3 16.5465 38.1109 135.112 18.3 8
2010 8 10 2 4 4.88654 38.0693 135.137 1 5
2010 8 10 2 4 8.15425 38.3833 135.023 9 5
2010 8 10 2 4 8.61631 38.2625 134.879 28.9 7
2010 8 10 2 4 29.0735 38.1038 132.278 7.4 6
2010 8 10 2 4 35.5312 37.6237 134.724 2.4 5
2010 8 10 2 6 11.0075 38.0849 135.032 9.6 6
2010 8 10 2 7 17.0507 38.1918 134.993 16 8
2010 8 10 2 7 17.2316 38.1817 134.93 2.3 5
2010 8 10 2 7 55.3046 38.3282 134.919 8 5
2010 8 10 2 7 55.6287 38.3315 134.912 9.8 6
2010 8 10 2 8 5.5759 37.5402 134.71 27.5 5
2010 8 10 2 8 5.60473 37.5533 134.747 28.2 5
2010 8 10 2 9 9.13193 37.514 134.666 9.6 7
2010 8 10 2 9 9.19467 37.4423 134.76 11.5 5
2010 8 10 2 9 9.2255 37.4717 134.749 2.4 5
2010 8 10 2 9 9.24807 37.5299 134.678 8.4 7
2010 8 10 2 9 9.34714 37.556 134.652 16.8 7
2010 8 10 2 9 44.9589 38.1439 135.13 19.5 5
2010 8 10 2 10 11.2417 37.5612 134.731 17.7 7
2010 8 10 2 11 57.1067 38.1389 132.108 5.9 6
2010 8 10 2 12 52.791 38.0868 135.205 7.3 6
2010 8 10 2 13 44.7184 37.5063 134.762 4 5
2010 8 10 2 13 44.7251 37.4913 134.768 21.4 5
2010 8 10 2 13 44.7637 37.6791 134.618 1.9 5
2010 8 10 2 13 44.9578 37.4695 134.77 0.9 5
2010 8 10 2 13 53.09 38.2306 135.126 12.8 5
2010 8 10 2 16 49.2468 37.6879 134.916 23.4 6
2010 8 10 2 17 28.4755 37.7468 135.064 13.1 7
2010 8 10 2 17 33.3981 38.1371 135.114 9.6 6
2010 8 10 2 17 40.1182 38.4297 135.023 14 5
2010 8 10 2 18 14.6987 38.723 133.617 15.2 7
2010 8 10 2 18 22.7238 38.2197 135.245 12.1 7
2010 8 10 2 18 32.2795 37.7681 135.066 23.7 7
2010 8 10 2 19 27.128 37.6619 134.915 22.6 5
2010 8 10 2 20 8.62412 37.8001 135.079 11.7 6
2010 8 10 2 20 14.1656 38.2923 135.088 1.1 5
2010 8 10 2 20 14.1656 38.1687 135.137 5.5 5
2010 8 10 2 21 5.39186 38.0935 135.224 4.2 5
2010 8 10 2 21 5.46773 38.1777 135.102 2.8 5
2010 8 10 2 21 11.6502 38.3724 134.983 6.9 5
2010 8 10 2 21 43.3277 38.3838 134.971 8.1 5
2010 8 10 2 21 51.8913 38.1659 135.153 9 8
2010 8 10 2 22 19.4018 37.7777 135.064 28.1 9
2010 8 10 2 22 19.4627 37.7447 135.062 5.1 6
2010 8 10 2 22 19.5616 37.7746 135.066 7.2 6
2010 8 10 2 22 22.4387 38.3285 135.029 8.7 5
2010 8 10 2 23 25.4574 38.2507 135.177 17.9 5
2010 8 10 2 23 37.0649 37.7229 135.083 13.8 5
2010 8 10 2 23 37.1123 37.7761 135.08 7.9 5
2010 8 10 2 23 37.1554 37.7197 135.07 2.3 5
2010 8 10 2 23 37.441 37.8328 135.09 23.7 5
2010 8 10 2 23 46.394 38.2151 132.253 15.7 7
2010 8 10 2 24 5.11506 38.178 135.195 22.1 8
2010 8 10 2 24 38.0698 38.1779 135.141 5.8 6
2010 8 10 2 24 38.4076 38.2186 135.157 18.3 6
2010 8 10 2 24 38.4356 38.2125 135.175 23.6 6
2010 8 10 2 25 0.651498 38.037 135.247 2.6 5
2010 8 10 2 25 2.47126 37.7128 135.121 1.1 5
2010 8 10 2 25 29.8941 38.1265 135.284 19.1 5
2010 8 10 2 25 30.1313 38.1426 135.263 9.9 5
2010 8 10 2 25 30.2916 38.148 135.296 16.5 8
2010 8 10 2 26 42.8329 38.1751 135.214 2.8 6
2010 8 10 2 27 22.8273 37.7567 135.102 11.3 6
2010 8 10 2 27 22.9356 37.7634 135.076 14.2 7
2010 8 10 2 27 26.5108 38.1683 135.225 13.2 6
2010 8 10 2 27 26.5795 38.1878 135.213 16.1 6
2010 8 10 2 27 26.6132 38.192 135.23 19.8 8
2010 8 10 2 27 26.6404 38.1918 135.216 17.9 7
2010 8 10 2 27 34.1134 38.1033 135.237 8.3 5
2010 8 10 2 27 39.4361 38.2573 135.206 12.9 7
2010 8 10 2 27 56.1847 38.1855 135.266 26.9 5
2010 8 10 2 28 26.9458 37.7723 135.046 15.5 10
2010 8 10 2 28 26.9948 37.7759 135.014 8.4 5
2010 8 10 2 28 29.0985 38.2029 135.205 13.4 7
2010 8 10 2 29 35.1757 38.1583 135.231 2.2 5
2010 8 10 2 29 41.9113 37.8222 135.131 20.5 6
2010 8 10 2 29 42.1471 37.7771 135.08 11.6 7
2010 8 10 2 30 4.62285 37.7258 134.937 10.8 6
2010 8 10 2 30 4.62952 37.7009 134.947 18.4 8
2010 8 10 2 30 55.0933 37.7762 135.101 8 6
2010 8 10 2 31 23.7607 38.1434 135.28 7.6 6
2010 8 10 2 31 47.0537 38.1783 135.306 16.3 7
2010 8 10 2 31 47.2714 38.2316 135.198 22.1 5
2010 8 10 2 33 0.172946 38.1606 135.257 16.3 6
2010 8 10 2 33 0.511029 38.2287 135.26 19.9 7
2010 8 10 2 33 29.5884 38.192 135.303 14.4 5
2010 8 10 2 33 29.6492 38.2045 135.239 5.1 5
2010 8 10 2 33 30.13 38.2171 135.136 8.4 7
2010 8 10 2 33 30.9603 38.492 135.192 20 6
2010 8 10 2 34 6.96229 38.2952 132.421 6.4 6
2010 8 10 2 34 9.52004 38.2305 135.237 20.8 5
2010 8 10 2 34 34.4166 38.1663 135.323 4.9 6
2010 8 10 2 34 34.4905 38.2152 135.274 17.9 6
2010 8 10 2 34 53.6068 37.7421 135.117 2.3 5
2010 8 10 2 35 0.451047 38.2197 135.219 9.8 6
2010 8 10 2 35 0.852501 38.1925 135.238 7.9 6
2010 8 10 2 35 38.554 38.2354 135.28 12.8 6
2010 8 10 2 35 38.6314 38.2229 135.229 8.6 8
2010 8 10 2 36 15.883 38.2141 135.284 16.1 6
2010 8 10 2 36 54.4572 37.7711 135.099 12.2 8
2010 8 10 2 37 3.71784 38.2799 132.471 9.7 7
2010 8 10 2 37 3.88691 38.2902 132.471 7.7 5
2010 8 10 2 37 5.33641 38.4372 135.187 6.2 5
2010 8 10 2 37 34.9114 38.2283 135.323 16.6 6
2010 8 10 2 37 35.1113 38.2042 135.252 7.5 6
2010 8 10 2 37 35.2392 38.2549 135.328 19.3 6
2010 8 10 2 37 35.3471 38.2188 135.258 5.6 6
2010 8 10 2 38 27.1575 38.2753 135.334 14.2 5
2010 8 10 2 38 27.3611 38.2208 135.294 21.8 6
2010 8 10 2 38 30.2131 37.8026 135.024 7.6 5
2010 8 10 2 38 30.2916 37.7837 135.12 2.1 6
2010 8 10 2 39 7.42748 38.3234 132.489 13.8 6
2010 8 10 2 39 20.1136 37.8355 135.106 18.2 5
2010 8 10 2 41 20.3703 37.7993 135.286 24 5
2010 8 10 2 43 9.86889 37.7371 135.099 13.6 5
2010 8 10 2 44 43.2049 37.8465 135.173 7.8 5
2010 8 10 2 45 44.7764 38.265 135.349 5.5 5
2010 8 10 2 46 24.5563 38.3935 132.536 16.4 6
2010 8 10 2 46 24.8337 38.3571 132.544 16.3 7
2010 8 10 2 46 27.7034 37.9429 135.264 2.5 5
2010 8 10 2 47 17.2455 37.6192 135.096 2.2 5
2010 8 10 2 48 51.9476 38.3508 132.481 8.1 5
2010 8 10 2 49 29.3409 38.2611 133.66 6.8 6
2010 8 10 2 50 18.1536 37.6803 135.091 14.7 5
2010 8 10 2 50 18.7666 37.7601 135.093 10.2 6
2010 8 10 2 51 9.80445 38.4842 135.291 19 6
2010 8 10 2 51 32.2011 37.664 135.111 1.1 5
2010 8 10 2 51 32.2503 37.683 135.105 17.7 6
2010 8 10 2 52 3.88652 38.4167 135.336 17 7
2010 8 10 2 52 32.0739 37.7417 135.094 12.6 8
2010 8 10 2 52 32.1064 37.6696 135.085 7.9 6
2010 8 10 2 52 32.1749 37.7197 135.065 11.7 6
2010 8 10 2 52 32.2893 37.6316 135.154 7.8 5
2010 8 10 2 54 40.8052 38.417 132.56 4.6 5
2010 8 10 2 54 41.596 37.7117 135.112 14.5 6
2010 8 10 2 55 19.0096 38.4107 132.576 18 9
2010 8 10 2 55 36.3674 37.7104 135.092 14.3 9
2010 8 10 2 55 36.5034 37.6449 135.143 3.1 5
2010 8 10 2 56 16.0768 38.2809 135.41 7.3 5
2010 8 10 2 56 20.4919 38.3843 132.604 4.2 5
2010 8 10 2 56 36.3439 37.6737 135.128 7.5 5
2010 8 10 2 57 24.1244 37.6875 135.149 29.8 10
2010 8 10 2 57 24.2198 37.739 135.179 16.8 7
2010 8 10 2 57 24.3197 37.6371 135.206 2.9 6
2010 8 10 2 58 35.3894 38.4699 132.616 7.9 5
2010 8 10 3 0 22.3253 38.4301 132.617 14 9
2010 8 10 3 0 22.4275 38.4553 132.567 5.5 6
2010 8 10 3 1 2.17075 37.8015 135.186 19.4 6
2010 8 10 3 1 58.0237 38.3774 132.544 5.4 6
2010 8 10 3 2 22.8034 37.6514 135.221 5.3 5
2010 8 10 3 2 23.2377 37.651 135.219 3.7 5
2010 8 10 3 3 14.0005 37.8696 135.302 18.5 6
2010 8 10 3 3 18.1463 38.3727 132.559 11.8 9
2010 8 10 3 4 18.9113 38.3987 132.627 13.2 8
2010 8 10 3 4 33.5956 37.9317 135.338 1.9 7
2010 8 10 3 4 33.6908 38.0029 135.319 16.4 9
2010 8 10 3 4 33.7586 37.9787 135.309 16.4 6
2010 8 10 3 4 54.9681 37.7563 135.165 16.6 7
2010 8 10 3 4 55.0801 37.7402 135.178 24.3 5
2010 8 10 3 5 21.5969 38.3981 132.655 17.3 8
2010 8 10 3 5 21.6503 38.347 132.662 2.4 5
2010 8 10 3 5 21.8771 38.3886 132.682 18.9 5
2010 8 10 3 5 22.0102 38.3864 132.649 18.1 5
2010 8 10 3 5 22.0103 38.2909 132.279 9.8 5
2010 8 10 3 5 22.0798 38.3931 132.676 8.1 5
2010 8 10 3 5 46.6305 37.8242 135.345 3.6 5
2010 8 10 3 5 46.9549 37.9216 135.303 7.8 5
2010 8 10 3 6 7.46238 37.6581 135.244 2.2 5
2010 8 10 3 6 7.84544 37.6895 135.214 22.3 7
2010 8 10 3 6 48.0612 38.7329 132.962 28.1 6
2010 8 10 3 6 48.1779 38.7813 132.98 19.9 5
2010 8 10 3 6 48.2982 38.7704 132.97 1.7 6
2010 8 10 3 7 14.2092 37.6924 135.241 8.4 6
2010 8 10 3 7 14.3811 37.7159 135.225 20.9 7
2010 8 10 3 7 19.2026 37.9406 135.033 5.2 5
2010 8 10 3 7 24.1493 38.4098 132.633 7.1 5
2010 8 10 3 7 53.7123 38.8295 132.917 3 5
2010 8 10 3 8 23.3212 38.0537 135.436 7.1 5
2010 8 10 3 9 13.2563 38.7748 133.048 8.2 7
2010 8 10 3 9 13.3229 38.8247 132.969 13.3 6
2010 8 10 3 9 45.7941 38.8273 133.118 14.3 7
2010 8 10 3 10 13.3071 38.3182 135.489 5.3 5
2010 8 10 3 10 32.8986 37.9123 135.348 18.4 8
2010 8 10 3 10 32.937 37.8005 135.382 3.2 5
2010 8 10 3 10 43.5827 38.0714 135.405 8.9 5
2010 8 10 3 10 43.6712 38.0606 135.437 15.7 6
2010 8 10 3 11 3.53069 38.8014 133.137 18.7 7
2010 8 10 3 11 3.5897 38.8008 133.135 3.6 6
2010 8 10 3 11 3.71298 38.8151 133.088 18.9 6
2010 8 10 3 11 4.55531 37.8572 135.367 10.1 5
2010 8 10 3 12 8.87044 38.7563 133.014 3.9 6
2010 8 10 3 13 24.5337 38.2022 134.635 18.8 7
2010 8 10 3 13 28.1046 38.8534 133.014 13.4 6
2010 8 10 3 13 40.153 38.3914 135.488 3.9 5
2010 8 10 3 13 40.1552 38.4689 135.471 21.2 5
2010 8 10 3 13 53.3208 37.841 135.398 6.7 6
2010 8 10 3 13 53.4134 38.0018 135.273 6.4 5
2010 8 10 3 14 2.17654 38.3532 133.92 17.8 7
2010 8 10 3 14 2.23727 38.3337 133.925 14.1 6
2010 8 10 3 14 28.2978 38.5061 132.695 12.1 5
2010 8 10 3 14 37.221 38.094 135.429 15.6 8
2010 8 10 3 14 37.2728 38.1009 135.459 20.8 8
2010 8 10 3 14 37.3144 38.0471 135.457 11.1 5
2010 8 10 3 14 55.3596 39.0325 133.063 10.7 5
2010 8 10 3 14 55.7586 38.8499 133.044 8.3 5
2010 8 10 3 15 0.031867 38.0725 135.459 12.8 5
2010 8 10 3 15 15.3289 37.7781 135.394 22.2 7
2010 8 10 3 15 15.8006 37.8628 135.356 17.5 5
2010 8 10 3 15 34.7126 38.4089 132.644 13.8 5
2010 8 10 3 15 50.4511 38.0722 135.519 11.1 5
2010 8 10 3 15 50.6005 38.0707 135.463 5.5 5
2010 8 10 3 16 17.924 37.9122 135.472 18.8 6
2010 8 10 3 17 9.52349 38.7395 133.184 17 6
2010 8 10 3 17 14.1235 38.364 132.722 6 6
2010 8 10 3 17 14.537 38.3814 132.712 6.6 6
2010 8 10 3 17 41.298 38.0558 135.473 8.8 5
2010 8 10 3 17 41.3971 38.0987 135.466 11 7
2010 8 10 3 17 41.4332 38.0189 135.49 6.2 6
2010 8 10 3 17 41.4615 38.0447 135.408 5.3 6
2010 8 10 3 17 41.7069 38.0393 135.469 13.9 5
2010 8 10 3 17 42.1195 37.9855 135.358 22 7
2010 8 10 3 19 3.30985 37.7474 135.287 19.6 6
2010 8 10 3 19 16.3421 38.3183 132.85 28.2 5
2010 8 10 3 19 16.3926 38.3976 132.659 6.2 5
2010 8 10 3 19 16.4894 38.3858 132.731 6.5 6
2010 8 10 3 19 17.9866 38.0573 135.514 11 7
2010 8 10 3 19 28.5264 37.9886 135.417 5.5 5
2010 8 10 3 20 12.1161 38.4226 132.657 7.1 8
2010 8 10 3 20 12.8227 38.9108 133.188 15.5 6
2010 8 10 3 20 12.8892 38.7988 133.198 6.9 6
2010 8 10 3 20 13.0066 38.8046 133.178 6.3 6
2010 8 10 3 20 13.0758 38.865 133.164 15.4 10
2010 8 10 3 20 13.1869 38.8021 133.238 12.1 5
2010 8 10 3 20 15.8976 38.0424 135.514 11.4 5
2010 8 10 3 21 21.7662 38.8395 133.216 12.8 5
2010 8 10 3 21 51.2031 38.0456 135.455 27 8
2010 8 10 3 21 51.249 38.0463 135.507 16.5 7
2010 8 10 3 21 51.2952 38.0967 135.461 8.9 5
2010 8 10 3 21 51.3301 38.0693 135.457 6.8 5
2010 8 10 3 22 42.1528 38.0961 135.5 19.6 6
2010 8 10 3 22 42.203 38.018 135.532 1.5 5
2010 8 10 3 23 19.8054 38.8496 133.174 11 8
2010 8 10 3 23 57.6759 38.902 133.262 23.7 7
2010 8 10 3 23 57.7705 38.8593 133.219 10.1 5
2010 8 10 3 23 57.9135 38.8235 133.226 8.8 5
2010 8 10 3 24 0.310597 37.7274 135.36 15.2 6
2010 8 10 3 24 0.364784 37.7264 135.333 15.3 5
2010 8 10 3 24 0.418699 37.661 135.34 1.6 5
2010 8 10 3 24 18.6654 38.4142 132.667 14.6 6
2010 8 10 3 24 32.2558 38.4209 132.647 16.5 6
2010 8 10 3 24 32.4244 38.3842 132.747 7.4 5
2010 8 10 3 24 45.3458 39.1258 132.845 16.4 5
2010 8 10 3 24 45.3459 38.8264 133.241 7.9 5
2010 8 10 3 24 45.3766 38.9409 133.188 22.1 8
2010 8 10 3 24 45.4465 38.8234 133.25 6.6 6
2010 8 10 3 24 45.6158 38.8314 133.201 10.2 5
2010 8 10 3 24 45.9015 38.8916 133.208 17.7 9
2010 8 10 3 24 49.1507 37.8852 135.464 2.3 5
2010 8 10 3 24 49.152 37.9248 135.473 9.2 6
2010 8 10 3 24 51.5436 38.1015 135.495 22.5 5
2010 8 10 3 25 45.0686 38.8824 133.223 7.1 6
2010 8 10 3 25 45.1719 38.8399 133.22 15.5 7
2010 8 10 3 25 45.203 38.8714 133.238 17.1 5
2010 8 10 3 25 45.5628 38.8941 133.222 13 7
2010 8 10 3 26 41.7396 37.8983 135.429 12.2 6
2010 8 10 3 26 47.7355 38.7988 133.224 11.6 8
2010 8 10 3 26 47.7809 38.7707 133.351 7.4 6
2010 8 10 3 26 47.82 38.7189 133.363 13.6 6
2010 8 10 3 27 46.0789 37.8848 135.42 10.8 5
2010 8 10 3 28 4.22121 38.4521 132.682 5.3 6
2010 8 10 3 28 31.0847 38.537 132.727 4.4 5
2010 8 10 3 29 19.5464 38.4164 132.777 4.6 5
2010 8 10 3 29 31.7641 38.8651 133.271 12 6
2010 8 10 3 29 50.1242 38.4537 132.757 11.3 6
2010 8 10 3 29 50.1538 38.4458 132.763 19.5 5
2010 8 10 3 30 5.51968 38.8125 133.255 23.6 6
2010 8 10 3 30 14.1596 38.4315 132.71 20.8 6
2010 8 10 3 30 14.5451 38.3935 132.702 7 6
2010 8 10 3 30 14.6073 38.4444 132.704 15.3 5
2010 8 10 3 30 36.7345 38.4235 132.718 7.7 5
2010 8 10 3 30 36.8037 38.3819 132.728 8.1 5
2010 8 10 3 30 36.8259 38.441 132.673 10.4 7
2010 8 10 3 31 22.8992 38.4083 132.767 6.7 6
2010 8 10 3 31 23.0966 38.4357 132.711 9.3 8
2010 8 10 3 31 23.1941 38.4422 132.716 16.1 7
2010 8 10 3 31 23.3298 38.4499 132.755 17.4 5
2010 8 10 3 31 30.2969 38.9014 133.26 21.6 8
2010 8 10 3 31 30.3695 38.9653 133.248 7.7 6
2010 8 10 3 31 30.3922 38.8755 133.26 16.7 8
2010 8 10 3 31 30.446 38.8839 133.261 21 7
2010 8 10 3 31 30.4686 38.8685 133.246 8.5 7
2010 8 10 3 31 30.5737 38.9835 133.255 6.4 6
2010 8 10 3 31 43.3092 38.4461 132.711 22.9 5
2010 8 10 3 32 42.46 38.7693 133.365 19.1 7
2010 8 10 3 32 42.46 38.8738 133.383 6.2 6
2010 8 10 3 32 43.8316 38.8254 133.362 10.6 5
2010 8 10 3 33 7.61788 38.4272 132.766 11.4 5
2010 8 10 3 33 7.80002 38.4542 132.675 9.3 5
2010 8 10 3 33 8.02324 38.4126 132.754 5.8 6
2010 8 10 3 33 51.6084 38.5216 132.782 14.2 9
2010 8 10 3 33 51.6302 38.5433 132.775 17.7 6
2010 8 10 3 34 0.788429 38.1865 135.562 19.4 10
2010 8 10 3 34 0.789561 38.1798 135.572 12.4 5
2010 8 10 3 34 30.6413 38.4464 132.803 5.4 6
2010 8 10 3 35 26.0945 38.8874 133.288 6.3 6
2010 8 10 3 35 28.5514 37.8821 135.565 29 6
2010 8 10 3 37 20.4835 38.5773 132.718 1.9 5
2010 8 10 3 37 21.1104 38.5354 132.905 17.6 7
2010 8 10 3 37 23.7155 38.91 133.624 21.8 5
2010 8 10 3 37 23.8078 38.9162 133.303 16.3 7
2010 8 10 3 37 25.0357 37.9146 135.566 20.7 5
2010 8 10 3 38 40.2985 38.4546 132.73 8.4 7
2010 8 10 3 38 40.8227 38.4045 132.827 11.3 5
2010 8 10 3 39 31.8052 38.4801 132.761 21.4 9
2010 8 10 3 39 31.8391 38.5213 132.783 10.8 6
2010 8 10 3 39 31.8756 38.427 132.832 9 5
2010 8 10 3 39 46.7858 38.9003 133.321 16.6 6
2010 8 10 3 39 46.8325 38.8717 133.33 5.7 6
2010 8 10 3 39 46.911 38.8302 133.373 12.9 8
2010 8 10 3 41 10.3565 38.4644 132.875 13.3 5
2010 8 10 3 42 28.0039 38.8719 133.32 2.7 5
2010 8 10 3 42 28.0231 39.0616 133.256 3.1 5
2010 8 10 3 42 46.9468 38.4549 132.793 23.9 5
2010 8 10 3 44 1.08371 38.5425 132.965 10.9 6
2010 8 10 3 44 1.17316 38.5423 132.93 10.8 7
2010 8 10 3 44 35.5828 38.446 132.837 3.4 6
2010 8 10 3 45 47.323 38.3796 132.938 11.1 5
2010 8 10 3 46 31.7026 38.1516 135.55 10.7 5
2010 8 10 3 47 1.45331 38.5939 132.791 8.4 5
2010 8 10 3 47 1.94324 38.4711 132.771 6.9 5
2010 8 10 3 48 29.7038 38.605 132.906 19.6 7
2010 8 10 3 48 29.781 38.6461 132.887 10 7
2010 8 10 3 48 30.1833 38.5903 132.957 7.2 5
2010 8 10 3 49 39.2602 38.5315 132.858 9.5 5
2010 8 10 3 50 8.80001 38.6591 132.929 11.5 5
2010 8 10 3 52 7.50231 38.7235 133.028 21.9 6
2010 8 10 3 52 18.5558 37.8896 135.492 22.5 5
2010 8 10 3 52 46.477 38.5288 133.001 25.2 5
2010 8 10 3 52 46.4815 38.5166 133.012 11.6 5
2010 8 10 3 54 32.2919 38.2654 135.723 9.4 8
2010 8 10 3 55 13.8123 38.6521 133.004 8.1 7
2010 8 10 3 55 26.1063 38.6521 133.098 8.3 5
2010 8 10 3 56 22.9962 38.6348 133.026 9.1 6
2010 8 10 3 56 56.1179 39.5358 134.461 28.4 5
2010 8 10 3 56 56.1184 38.2846 135.81 8 6
2010 8 10 3 57 51.2287 38.2686 135.779 1.4 5
2010 8 10 3 57 56.1585 38.5283 132.898 15.1 6
2010 8 10 3 57 56.6273 38.5138 132.862 8.9 6
2010 8 10 3 58 35.6751 38.5934 132.885 17.3 6
2010 8 10 3 58 40.2915 38.2659 135.807 17 6
2010 8 10 3 58 58.4969 38.8416 133.028 14.3 6
2010 8 10 3 59 31.0849 38.5708 132.867 15.3 7
2010 8 10 4 0 5.65041 38.5534 132.882 6.8 7
2010 8 10 4 0 5.962 38.4441 132.995 8.8 5
2010 8 10 4 0 8.99369 38.6209 132.996 25.1 6
2010 8 10 4 1 6.87549 38.6315 132.991 10.5 8
2010 8 10 4 1 7.13921 38.6059 132.965 24.2 8
2010 8 10 4 1 38.9805 38.361 135.683 2.1 5
2010 8 10 4 1 40.2828 38.5079 133.007 6.9 5
2010 8 10 4 2 7.41514 38.4437 135.468 9.8 5
2010 8 10 4 2 39.6458 38.3734 135.752 17.8 7
2010 8 10 4 3 44.0822 38.309 135.779 4.9 5
2010 8 10 4 3 44.136 38.4497 135.749 11.1 5
2010 8 10 4 3 44.2008 38.4025 135.76 11.5 7
2010 8 10 4 3 46.9929 38.1384 135.825 13.4 6
2010 8 10 4 4 23.939 38.7717 132.99 2 5
2010 8 10 4 4 24.0967 38.7422 133.037 11.8 7
2010 8 10 4 4 33.2286 38.593 132.969 9.9 5
2010 8 10 4 5 4.99908 38.591 133.025 13.4 6
2010 8 10 4 5 57.0799 38.2579 135.644 24.7 6
2010 8 10 4 5 57.1232 38.3255 135.741 7.4 5
2010 8 10 4 6 15.9674 38.6704 133.032 17.9 9
2010 8 10 4 7 14.6401 38.7801 133.005 3.7 5
2010 8 10 4 7 15.385 38.6993 133.056 21.2 6
2010 8 10 4 7 56.4753 38.5605 132.967 4.2 5
2010 8 10 4 8 0.954191 38.3504 135.773 29 7
2010 8 10 4 8 1.00659 38.3888 135.794 16.9 5
2010 8 10 4 8 1.07269 38.5616 135.589 1.3 5
2010 8 10 4 9 36.0436 38.6748 133.037 11.9 6
2010 8 10 4 9 36.403 38.5751 133.042 5.1 5
2010 8 10 4 10 36.9251 38.6846 133.059 10.2 5
2010 8 10 4 10 37.3498 38.7258 133.101 16.1 7
2010 8 10 4 13 45.1033 38.6131 133.02 20.7 6
2010 8 10 4 16 34.3839 39.0347 132.806 7.8 5
2010 8 10 4 17 36.8968 38.6296 133.137 4.8 5
2010 8 10 4 17 45.961 38.297 135.992 8 5
2010 8 10 4 19 0.073277 38.2567 136.026 14.3 6
2010 8 10 4 20 10.3472 38.5407 136.109 12.1 5
2010 8 10 4 22 27.6851 38.4719 135.985 9.1 5
2010 8 10 4 23 34.6079 38.65 133.136 20.2 7
2010 8 10 4 24 15.9771 38.5312 135.902 0.8 5
2010 8 10 4 24 27.7542 38.3983 135.902 23.3 6
2010 8 10 4 25 23.0471 38.8435 132.929 6.1 5
2010 8 10 4 26 33.499 38.3041 135.996 26.6 7
2010 8 10 4 28 3.7498 38.8077 133.002 1 5
2010 8 10 4 28 3.74986 38.6403 133.113 5.6 6
2010 8 10 4 28 21.0879 38.3324 136.151 12 5
2010 8 10 4 28 21.3138 38.5355 135.953 1.1 5
2010 8 10 4 28 21.3139 38.3499 136.037 5.7 5
2010 8 10 4 28 51.5561 38.5887 133.23 6.7 5
2010 8 10 4 29 46.1324 38.6714 133.172 17.4 8
2010 8 10 4 29 46.1598 38.6514 133.14 5.2 7
2010 8 10 4 29 46.1927 38.6505 133.172 11.5 6
2010 8 10 4 29 46.2665 38.7454 133.191 14.6 5
2010 8 10 4 29 46.2933 38.6347 133.172 14.1 7
2010 8 10 4 30 10.4592 38.2927 136.156 6.9 6
2010 8 10 4 30 10.6542 38.3833 136.072 23.3 6
2010 8 10 4 31 7.18511 35.706 134.416 1.1 5
2010 8 10 4 31 25.1072 38.2919 136.172 3.4 6
2010 8 10 4 31 25.2223 38.3429 136.12 8.2 6
2010 8 10 4 31 25.2851 38.3537 136.137 19.4 8
2010 8 10 4 34 2.4149 38.3247 136.144 6.8 7
2010 8 10 4 35 59.0293 38.6394 133.059 24.3 7
2010 8 10 4 35 59.0608 38.6313 133.052 20.5 5
2010 8 10 4 35 59.8253 37.8019 134.299 27.5 5
2010 8 10 4 35 59.8982 38.6709 133.22 17.8 9
2010 8 10 4 36 18.0962 38.1865 136.153 19.4 7
2010 8 10 4 38 27.5776 38.7366 133.019 3.6 5
2010 8 10 4 39 9.41259 38.3291 136.212 2.9 6
2010 8 10 4 39 9.45655 38.3783 136.182 20.3 5
2010 8 10 4 39 9.51844 38.3426 136.179 11.6 5
2010 8 10 4 40 0.829561 38.3029 136.191 8 5
2010 8 10 4 40 0.829573 38.376 136.04 28.6 5
2010 8 10 4 40 53.0081 38.3654 136.154 25.6 8
2010 8 10 4 40 53.071 38.322 136.164 18.7 5
2010 8 10 4 40 53.1691 38.3424 136.118 9.3 5
2010 8 10 4 42 50.5834 38.5665 133.09 15.1 6
2010 8 10 4 44 12.8095 38.3892 136.173 20.7 10
2010 8 10 4 44 13.0791 38.5888 135.948 3.7 5
2010 8 10 4 45 15.7644 38.2472 136.702 7.9 5
2010 8 10 4 45 25.6997 38.7599 135.921 7.6 5
2010 8 10 4 45 25.6998 38.515 136.243 3.4 5
2010 8 10 4 45 29.9913 38.686 133.188 13 5
2010 8 10 4 46 48.9598 38.6152 133.308 6.7 5
2010 8 10 4 46 49.0214 38.6324 133.326 3.7 5
2010 8 10 4 46 49.0614 38.6679 133.348 5.5 6
2010 8 10 4 46 49.1454 38.704 133.291 15.1 5
2010 8 10 4 46 50.2441 38.4495 133.306 24 5
2010 8 10 4 47 25.7048 38.9536 132.943 5.5 5
2010 8 10 4 47 25.7049 38.6822 133.253 8.7 5
2010 8 10 4 47 26.0057 38.7564 133.222 14.4 9
2010 8 10 4 47 35.0917 38.4287 136.174 17.1 6
2010 8 10 4 47 57.7701 35.7395 134.725 6.3 5
2010 8 10 4 48 38.4842 38.3956 136.303 12.1 6
2010 8 10 4 50 41.3483 38.8833 133.358 24.2 6
2010 8 10 4 52 2.80405 38.429 136.08 10.2 5
2010 8 10 4 52 2.80408 38.3393 136.248 5.6 6
2010 8 10 4 52 37.5433 38.6418 133.144 9.2 5
2010 8 10 4 53 20.368 38.6533 133.333 9.7 6
2010 8 10 4 53 20.6577 39.0452 132.925 17.4 6
2010 8 10 4 53 20.6578 38.6739 133.287 6.1 5
2010 8 10 4 54 55.3545 38.6982 133.319 14.1 6
2010 8 10 4 55 15.1606 38.8332 133.435 12.4 6
2010 8 10 4 55 15.1607 38.897 133.436 4 5
2010 8 10 4 55 15.1754 38.4462 136.249 21.7 7
2010 8 10 4 55 17.6346 38.7413 133.327 10.4 6
2010 8 10 4 55 18.2593 38.7186 133.303 14.3 9
2010 8 10 4 56 5.34216 38.8196 133.207 8.9 5
2010 8 10 4 58 51.3694 38.5989 133.496 15.8 6
2010 8 10 4 58 51.3694 38.7895 133.303 1.3 5
2010 8 10 4 59 32.7457 38.6811 133.28 21.7 11
2010 8 10 4 59 32.8551 38.7368 133.339 19.9 6
2010 8 10 4 59 57.6735 38.6924 133.376 11 5
2010 8 10 5 1 12.0905 39.0952 127.836 13.6 7
2010 8 10 5 2 7.83875 38.6102 133.082 9.6 6
2010 8 10 5 2 39.1444 38.896 133.399 18.8 7
2010 8 10 5 2 39.4852 38.8566 133.406 6.1 6
2010 8 10 5 4 17.0332 38.6687 133.234 7.2 5
2010 8 10 5 6 6.4524 38.7212 133.393 18 7
2010 8 10 5 7 32.3341 38.9936 132.774 10.3 6
2010 8 10 5 7 32.3342 38.6884 133.162 7.1 5
2010 8 10 5 8 42.1808 38.7255 133.197 18.5 8
2010 8 10 5 8 42.4678 38.7005 133.196 6.1 5
2010 8 10 5 8 59.0578 38.6898 133.419 15.3 7
2010 8 10 5 9 29.7795 38.686 133.148 21 12
2010 8 10 5 9 29.8605 38.6289 133.242 6.5 5
2010 8 10 5 10 5.42684 38.6253 133.216 8.5 5
2010 8 10 5 10 27.8852 38.9756 133.054 15.3 7
2010 8 10 5 11 40.5188 39.0652 133.528 10.3 5
2010 8 10 5 11 40.5188 38.8953 133.518 3.3 5
2010 8 10 5 17 19.2517 38.4656 136.458 5.6 5
2010 8 10 5 18 21.5822 38.383 136.444 10.1 9
2010 8 10 5 18 35.0913 38.8426 133.131 21.7 7
2010 8 10 5 20 7.54234 38.8216 133.285 24.2 7
2010 8 10 5 20 7.57511 38.7753 133.498 10.2 7
2010 8 10 5 20 8.56817 38.7358 133.577 20.1 8
2010 8 10 5 20 21.0142 38.5213 136.435 7.2 5
2010 8 10 5 21 57.9957 38.672 133.375 27.7 8
2010 8 10 5 21 58.0781 38.893 133.237 7.7 5
2010 8 10 5 21 58.157 38.6938 133.356 19.4 7
2010 8 10 5 23 29.043 38.709 133.409 18.6 9
2010 8 10 5 23 29.1339 38.684 133.453 14 7
2010 8 10 5 24 36.4707 38.9498 133.121 8.2 6
2010 8 10 5 24 36.5451 38.6936 133.443 24.4 5
2010 8 10 5 24 36.6203 38.6706 133.482 9.6 7
2010 8 10 5 24 36.7155 38.7562 133.474 20.9 7
2010 8 10 5 25 37.5577 38.8589 133.276 22.5 6
2010 8 10 5 25 38.0515 38.9222 133.541 13.4 5
2010 8 10 5 27 1.34892 38.7263 133.402 26.5 10
2010 8 10 5 27 1.46602 38.715 133.395 3.5 5
2010 8 10 5 27 20.0596 38.3093 136.482 17.4 8
2010 8 10 5 28 7.17915 38.6858 133.47 10 6
2010 8 10 5 28 53.3157 38.6939 133.4 4.5 5
2010 8 10 5 31 0.17304 38.6827 133.508 22.5 5
2010 8 10 5 32 34.394 38.7421 133.499 15 8
2010 8 10 5 32 34.4654 38.7443 133.524 20.4 7
2010 8 10 5 32 34.5488 38.7419 133.51 21.4 6
2010 8 10 5 32 34.6275 38.7082 133.537 8.7 6
2010 8 10 5 34 17.0608 38.7418 133.509 17.3 5
2010 8 10 5 34 17.5818 38.6678 133.572 8.3 5
2010 8 10 5 35 5.51882 38.8576 133.424 7.6 6
2010 8 10 5 35 5.57629 38.6541 133.546 4 5
2010 8 10 5 36 23.5477 38.7298 133.499 16 5
2010 8 10 5 36 23.5477 38.7463 133.469 3.1 5
2010 8 10 5 41 27.0724 38.7048 133.576 27.3 5
2010 8 10 5 41 54.0832 38.6945 133.505 10.4 5
2010 8 10 5 42 42.4551 38.7528 133.515 15.4 7
2010 8 10 5 42 42.5447 38.6856 133.552 7.2 5
2010 8 10 5 42 42.7231 38.7651 133.481 14 10
2010 8 10 5 43 21.9095 38.7176 133.524 26.4 10
2010 8 10 5 43 50.1063 38.9996 133.288 4.3 5
2010 8 10 5 46 7.14756 38.5254 136.619 16.1 6
2010 8 10 5 47 38.1941 38.7216 133.576 8.8 6
2010 8 10 5 49 41.3101 38.8022 133.341 4 5
2010 8 10 5 51 33.0399 38.7611 133.45 17.9 6
2010 8 10 5 58 28.5763 38.8006 133.52 3.1 5
2010 8 10 5 59 24.7098 38.7338 133.587 9.1 6
2010 8 10 5 59 43.846 38.8468 133.241 9 6
2010 8 10 5 59 44.7994 39.0117 133.506 9.3 5
2010 8 10 5 59 44.7995 38.8696 133.531 7.3 5
2010 8 10 6 0 45.3101 38.8789 133.263 13.8 6
2010 8 10 6 1 12.7151 38.827 133.575 18.3 7
2010 8 10 6 1 12.7656 38.8092 133.622 19.7 9
2010 8 10 6 1 33.4055 38.9242 133.298 12.2 5
2010 8 10 6 2 4.57634 38.8408 133.288 9.8 10
2010 8 10 6 2 45.7627 38.9272 133.304 15.4 8
2010 8 10 6 3 4.15285 38.8285 133.61 14.9 9
2010 8 10 6 3 28.8493 38.818 133.509 12.3 6
2010 8 10 6 3 29.2163 38.8181 133.578 9.7 6
2010 8 10 6 3 49.4762 39.0093 133.245 15 7
2010 8 10 6 4 9.79357 38.9662 133.417 6.2 5
2010 8 10 6 4 10.0179 38.8724 133.595 10 6
2010 8 10 6 5 36.6752 38.8241 133.568 18.3 7
2010 8 10 6 5 51.5224 38.9177 133.62 16.5 5
2010 8 10 6 6 30.8735 38.8669 133.672 4.2 5
2010 8 10 6 8 1.80929 39.0396 133.377 8.9 7
2010 8 10 6 8 1.80937 38.7823 133.667 7.7 6
2010 8 10 6 9 22.4281 38.842 133.613 19.4 5
2010 8 10 6 9 22.494 38.9764 133.479 9.8 5
2010 8 10 6 9 22.5789 38.8316 133.61 16 10
2010 8 10 6 9 22.6713 38.9588 133.478 7.5 5
2010 8 10 6 9 29.7551 39.0723 133.234 11.2 6
2010 8 10 6 11 5.16767 39.0873 133.334 10.4 5
2010 8 10 6 11 5.25151 38.8288 133.577 7.2 7
2010 8 10 6 11 5.35595 38.8709 133.648 21.1 5
2010 8 10 6 11 30.8103 38.8654 133.632 15.9 8
2010 8 10 6 11 58.9843 38.8344 133.584 29.8 5
2010 8 10 6 11 59.1685 39.0874 133.323 5 5
2010 8 10 6 12 45.9678 38.8615 133.655 20.6 8
2010 8 10 6 13 21.8191 38.8681 133.624 18.1 6
2010 8 10 6 13 48.2834 38.8428 133.691 16.1 7
2010 8 10 6 14 56.6935 38.9783 133.586 8.9 6
2010 8 10 6 15 20.7037 38.8736 133.604 14.3 7
2010 8 10 6 15 30.5819 38.8588 133.66 9.5 6
2010 8 10 6 15 30.6444 39.0454 133.481 9.5 5
2010 8 10 6 15 30.6926 39.175 133.257 11.8 5
2010 8 10 6 15 30.6927 38.831 133.642 4.4 5
2010 8 10 6 15 30.7428 38.8352 133.646 4.9 5
2010 8 10 6 15 30.7943 39.0772 133.386 5.1 5
2010 8 10 6 16 1.2913 38.9387 133.561 25.2 12
2010 8 10 6 16 1.6225 38.9433 133.555 20.8 8
2010 8 10 6 16 51.2315 39.0357 133.509 9.4 5
2010 8 10 6 16 51.2989 39.0921 133.321 5.4 6
2010 8 10 6 16 51.3266 38.8707 133.656 15.9 7
2010 8 10 6 17 15.45 38.5149 133.935 8.9 5
2010 8 10 6 17 15.6256 39.1368 133.13 5.4 5
2010 8 10 6 18 5.82518 38.9938 133.647 2.8 5
2010 8 10 6 18 34.8149 38.8715 133.64 17.4 9
2010 8 10 6 19 5.65199 38.8821 133.638 4.5 5
2010 8 10 6 21 33.1716 38.971 133.488 6.5 5
2010 8 10 6 22 18.2739 38.9439 133.405 6.8 5
2010 8 10 6 22 27.0174 38.8703 133.656 5.3 6
2010 8 10 6 22 27.1352 38.8384 133.727 19.1 6
2010 8 10 6 22 32.375 38.9669 133.477 14.1 7
2010 8 10 6 23 33.8047 38.8843 133.678 25.8 8
2010 8 10 6 25 24.5016 38.8632 133.606 4.8 6
2010 8 10 6 25 24.8425 38.8785 133.609 10.2 7
2010 8 10 6 26 28.1117 38.8661 133.708 20 6
2010 8 10 6 26 37.3598 38.9644 133.492 7 5
2010 8 10 6 29 27.4553 38.8948 133.635 27.4 8
2010 8 10 6 30 40.7228 39.1137 133.464 7 5
2010 8 10 6 31 21.6884 38.9232 133.645 21.9 7
2010 8 10 6 31 21.9847 38.9618 133.647 10.7 6
2010 8 10 6 31 22.0715 38.9053 133.606 4.3 5
2010 8 10 6 31 22.1857 38.9239 133.563 25.4 8
2010 8 10 6 32 1.65321 38.9164 133.652 13.7 7
2010 8 10 6 32 2.13808 38.8962 133.655 20.6 5
2010 8 10 6 32 34.7309 39.1269 133.439 7.3 5
2010 8 10 6 32 34.86 38.8983 133.779 5.5 5
2010 8 10 6 33 36.7894 38.8545 133.777 13.2 7
2010 8 10 6 33 36.7894 38.7553 133.558 29.1 6
2010 8 10 6 33 52.516 38.9611 133.447 15.4 5
2010 8 10 6 34 52.311 38.9774 133.767 15.5 5
2010 8 10 6 34 52.3879 38.9077 133.782 18.9 8
2010 8 10 6 35 41.0916 38.9054 133.854 16.9 6
2010 8 10 6 35 41.1407 38.8641 133.819 1.2 5
2010 8 10 6 35 41.1559 38.8854 133.78 16.1 6
2010 8 10 6 35 41.5382 38.8537 133.784 8.3 5
2010 8 10 6 35 59.3386 38.971 133.537 16.8 5
2010 8 10 6 36 33.8295 38.9445 133.728 21.7 5
2010 8 10 6 36 33.905 38.9166 133.646 15.5 6
2010 8 10 6 36 34.0394 39.022 133.753 5.9 5
2010 8 10 6 37 59.9061 38.9675 133.499 20.7 7
2010 8 10 6 38 42.1095 38.9654 133.444 26.6 11
2010 8 10 6 38 42.1402 38.9 133.554 7.6 5
2010 8 10 6 38 43.3503 38.9948 133.46 18.6 6
2010 8 10 6 39 43.8522 38.955 133.761 16.1 6
2010 8 10 6 39 53.5414 38.9505 133.571 10.7 5
2010 8 10 6 40 46.9547 39.0174 133.459 26.1 8
2010 8 10 6 40 47.0633 38.9262 133.448 3.6 5
2010 8 10 6 42 6.49788 38.9511 133.747 19.1 6
2010 8 10 6 42 12.2307 38.9445 133.569 11.3 7
2010 8 10 6 42 41.7163 38.9481 133.504 11.2 5
2010 8 10 6 42 42.0759 38.9736 133.576 22.2 6
2010 8 10 6 42 59.7504 38.9275 133.787 27.4 9
2010 8 10 6 43 11.5023 39.0006 133.479 5.6 5
2010 8 10 6 43 55.5294 38.9734 133.575 1.9 6
2010 8 10 6 43 55.598 38.9704 133.584 13.5 5
2010 8 10 6 43 55.7199 39.0548 133.584 16.3 6
2010 8 10 6 44 35.6344 39.017 133.471 5.4 6
2010 8 10 6 45 9.13979 39.009 133.793 24 10
2010 8 10 6 45 9.16819 38.8751 133.641 15.7 6
2010 8 10 6 45 9.19361 38.9564 133.792 9.4 5
2010 8 10 6 45 9.49537 39.0448 133.772 9.1 5
2010 8 10 6 45 47.2676 38.9858 133.576 28.6 7
2010 8 10 6 45 47.2676 38.9149 133.545 22.3 5
2010 8 10 6 45 47.3025 39.0304 133.584 21 7
2010 8 10 6 45 47.3311 39.0223 133.58 24 6
2010 8 10 6 46 42.4544 39.2182 133.434 11.1 6
2010 8 10 6 48 59.077 38.9843 133.577 17.7 7
2010 8 10 6 48 59.077 38.9117 133.818 5.7 5
2010 8 10 6 50 19.2367 38.9654 133.542 4.6 5
2010 8 10 6 50 24.4239 38.9981 133.883 17 9
2010 8 10 6 54 0.713921 38.9968 133.509 23.2 9
2010 8 10 6 54 0.77434 39.0227 133.547 19 5
2010 8 10 6 54 0.8191 39.0658 133.172 21.2 5
2010 8 10 6 54 0.944292 39.0102 133.541 20 6
2010 8 10 6 55 12.3119 39.0479 133.586 20.8 8
2010 8 10 6 55 12.3927 38.999 133.58 9.7 7
2010 8 10 7 3 24.7678 39.0336 133.803 8.1 5
2010 8 10 7 3 24.7678 39.0449 133.968 11.9 5
2010 8 10 7 8 29.7786 39.2326 133.581 10.5 5
2010 8 10 7 8 30.8638 38.9571 133.843 11.5 8
2010 8 10 7 8 31.1251 39.0184 133.815 23.3 6
2010 8 10 7 10 42.7172 39.0907 133.618 24.4 10
2010 8 10 7 10 42.7172 39.0681 133.604 24.4 7
2010 8 10 7 10 42.792 39.2965 133.317 9.1 5
2010 8 10 7 22 51.2475 39.018 133.936 20.5 6
2010 8 10 7 22 52.0281 39.0892 133.821 18.5 6
2010 8 10 7 32 29.2206 39.2909 133.62 11.1 5
2010 8 10 7 36 6.15097 39.0447 134.215 28 6
2010 8 10 7 37 29.0071 39.0899 134.03 11.9 10
2010 8 10 7 37 29.0932 39.1016 134.038 22.7 6
2010 8 10 7 39 47.7772 39.0783 134.052 16.3 7
2010 8 10 7 55 6.60488 39.0659 134.143 19.6 8
2010 8 10 8 1 19.0748 39.0427 134.107 13.7 5
2010 8 10 8 3 21.6418 39.0632 134.156 23.1 9
2010 8 10 8 21 28.2397 37.0816 137.756 16.9 5
2010 8 10 8 32 25.325 40.0576 128.283 18.4 8
2010 8 10 8 56 9.5893 42.8078 132.319 8.4 6
2010 8 10 8 59 10.4361 42.7915 132.438 11.3 7
2010 8 10 9 1 23.9117 42.7562 132.498 17.9 5
2010 8 10 9 5 25.1076 42.8572 132.529 17.8 11
2010 8 10 9 24 8.08666 42.9307 132.312 26.4 7
2010 8 10 9 57 51.7737 35.0194 129.116 16 5
2010 8 10 10 13 55.2051 42.3151 135.606 11.8 7
2010 8 10 10 30 26.0916 42.3553 135.632 23.6 9
2010 8 10 10 34 42.7501 42.4141 135.845 16.1 5
2010 8 10 10 34 42.9615 42.4286 135.852 12.8 7
2010 8 10 10 38 46.8587 42.3245 135.743 21 8
2010 8 10 10 38 47.4243 42.398 135.909 13.5 7
2010 8 10 10 42 9.72857 42.4475 135.76 20.4 5
2010 8 10 10 55 32.5856 42.6079 136.272 6.3 5
2010 8 10 10 55 32.5856 42.6409 136.282 6.6 5
2010 8 10 10 56 11.0105 42.615 136.319 11.4 5
2010 8 10 10 58 30.8485 42.4935 135.989 21.1 8
2010 8 10 10 58 32.5474 42.6256 136.287 3.2 5
2010 8 10 11 3 47.6757 42.5942 136.518 11.3 6
2010 8 10 11 3 47.7504 42.603 136.488 25.4 8
2010 8 10 11 3 47.8792 42.6567 136.465 16.2 8
2010 8 10 11 5 26.4337 42.5178 135.754 26.2 7
2010 8 10 11 16 12.1774 42.5954 136.188 24.3 5
2010 8 10 11 19 37.2417 42.6573 136.403 28.6 8
2010 8 10 11 23 37.2814 42.6911 136.548 14.2 5
2010 8 10 11 26 6.93272 42.7232 136.581 29.1 5
2010 8 10 11 30 29.1717 42.7225 136.478 20.8 7
2010 8 10 11 31 6.34542 42.7321 136.538 20.6 9
2010 8 10 11 36 5.2987 42.7713 136.587 15.8 7
2010 8 10 11 36 5.47084 42.7573 136.604 25.3 6
2010 8 10 11 38 10.9485 43.0327 136.405 6.1 5
2010 8 10 11 44 50.1759 42.8625 136.638 13.6 7
2010 8 10 11 50 12.2377 43.2937 136.597 24.5 5
2010 8 10 11 53 30.7665 43.2415 136.56 24.7 5
2010 8 10 11 54 13.076 42.6093 136.548 14 5
2010 8 10 12 1 15.3118 42.8968 136.77 18 9
2010 8 10 12 2 10.9996 42.5994 136.571 18.7 7
2010 8 10 12 2 11.1093 42.6264 136.579 9.2 7
2010 8 10 12 2 11.2278 42.6173 136.593 21.7 5
2010 8 10 12 9 23.9434 40.1604 135.635 25.4 10
2010 8 10 12 9 24.0113 40.1495 135.706 29.9 5
2010 8 10 12 10 28.561 42.6747 136.321 23.6 5
2010 8 10 12 11 44.298 43.3299 137.188 10.1 5
2010 8 10 12 11 45.0577 41.9581 134.778 20 5
2010 8 10 12 13 12.0839 42.721 136.604 16.8 9
2010 8 10 12 18 11.4503 42.9003 136.84 29.1 6
2010 8 10 12 21 33.035 40.7099 133.886 19.9 6
2010 8 10 12 22 49.9566 42.6976 136.644 14.4 5
2010 8 10 12 29 59.3643 42.7705 136.656 8.6 5
2010 8 10 12 35 36.0588 42.7667 136.785 28.4 6
2010 8 10 12 37 54.3947 43.4393 136.869 22.2 6
2010 8 10 12 40 51.3094 42.6941 136.788 29.9 6
2010 8 10 12 41 6.30402 43.4311 136.906 22.4 6
2010 8 10 12 44 56.6777 42.7277 136.815 21 7
2010 8 10 12 44 56.7763 42.6888 136.848 24.4 5
2010 8 10 12 44 57.0668 42.7329 136.819 14.3 5
2010 8 10 12 44 57.205 42.707 136.852 27.9 6
2010 8 10 12 48 41.394 43.5571 136.768 13.3 5
2010 8 10 12 48 46.7232 42.8236 136.918 18.1 7
2010 8 10 12 49 34.5702 43.0178 132.188 21.7 6
2010 8 10 12 50 49.515 42.5352 131.802 7.8 6
2010 8 10 12 51 5.28124 42.8671 136.98 24.2 9
2010 8 10 12 51 5.41872 42.952 137.356 19.8 5
2010 8 10 13 0 23.8779 43.0916 137.192 11.3 6
2010 8 10 13 10 32.8457 42.9098 137.13 7.9 6
2010 8 10 13 13 52.4969 43.2596 137.427 27.5 9
2010 8 10 13 20 18.8129 43.2998 137.322 2.4 5
2010 8 10 13 21 10.541 42.8423 137.216 15.7 5
2010 8 10 13 25 21.5537 43.3472 137.439 16.9 5
2010 8 10 13 26 51.9958 42.8998 137.132 21.3 6
2010 8 10 13 31 38.2022 42.3936 135.677 18.8 6
2010 8 10 13 35 19.3471 43.3969 137.529 16 7
2010 8 10 13 38 33.8952 43.3739 137.542 17.4 7
2010 8 10 13 38 39.6462 42.3538 135.826 20.5 5
2010 8 10 13 38 39.695 42.4027 135.679 14.9 8
2010 8 10 13 39 30.3313 42.3986 135.854 14.7 5
2010 8 10 13 41 59.9256 42.4474 136.209 17.5 5
2010 8 10 13 42 50.0413 43.3783 137.453 18 5
2010 8 10 13 43 49.9989 42.9003 137.709 10.5 5
2010 8 10 13 43 54.2116 42.446 135.84 16.9 6
2010 8 10 13 47 42.842 42.4825 135.963 10.2 6
2010 8 10 13 49 26.745 42.4622 135.948 15.5 6
2010 8 10 13 49 26.983 42.5482 135.987 30 6
2010 8 10 13 51 32.9207 42.4912 135.995 14.9 5
2010 8 10 13 52 8.20715 42.5006 136.254 16 5
2010 8 10 13 53 29.5475 42.5191 135.927 16 7
2010 8 10 13 54 26.994 42.5233 136.018 25.2 5
2010 8 10 13 54 28.2346 43.7168 137.338 21.3 5
2010 8 10 13 54 28.4962 43.6992 137.342 26.6 7
2010 8 10 13 54 38.2893 42.511 136.359 21.3 5
2010 8 10 13 55 23.8078 42.5027 135.927 9.2 6
2010 8 10 13 58 35.5652 42.4754 136.028 3.5 5
2010 8 10 14 0 0.942257 43.1602 137.483 18.8 6
2010 8 10 14 0 38.3642 42.5926 136.369 9.6 5
2010 8 10 14 2 51.2762 42.5208 136.142 11.8 5
2010 8 10 14 4 25.9116 42.5516 136.084 24.5 6
2010 8 10 14 5 3.19411 42.5755 136.111 6 5
2010 8 10 14 5 22.8387 42.6631 136.274 26.3 8
2010 8 10 14 5 32.8214 42.5727 136.564 21.8 5
2010 8 10 14 5 39.1217 42.6101 136.188 20.9 7
2010 8 10 14 6 4.06981 42.5414 136.094 19.8 5
2010 8 10 14 8 57.1029 42.5817 136.115 9.5 9
2010 8 10 14 12 8.50493 42.7177 136.527 18.2 8
2010 8 10 14 12 42.6219 42.646 136.142 9.6 5
2010 8 10 14 12 42.6866 42.649 136.209 15.8 7
2010 8 10 14 13 21.8044 42.6086 136.163 24.5 5
2010 8 10 14 14 9.64323 42.761 136.522 20.6 6
2010 8 10 14 14 55.5967 42.6712 136.069 0.8 5
2010 8 10 14 19 1.09734 42.7682 136.501 14.7 5
2010 8 10 14 23 46.5035 43.28 137.706 10.6 5
2010 8 10 14 26 13.1718 42.7171 136.384 27.4 5
2010 8 10 14 27 0.586678 42.7723 136.369 18.1 5
2010 8 10 14 29 34.1483 42.9926 136.882 6.8 6
2010 8 10 14 29 34.3235 42.9637 136.8 17.6 5
2010 8 10 14 32 23.6605 43.1239 137.717 5.3 5
2010 8 10 14 32 39.3283 42.7648 136.599 28 6
2010 8 10 14 33 33.0311 43.0757 137.744 18.2 6
2010 8 10 14 37 55.8516 43.126 137.609 24.2 6
2010 8 10 14 38 35.9123 42.8638 136.789 20.5 6
2010 8 10 14 38 56.7913 43.0296 137.846 18.7 5
2010 8 10 14 38 56.8786 43.1279 137.666 24.1 6
2010 8 10 14 41 31.5117 42.7598 136.541 23.2 8
2010 8 10 14 41 31.5681 42.7606 136.533 15.4 6
2010 8 10 14 41 31.8292 42.6238 136.616 9.6 6
2010 8 10 14 45 23.5538 43.3603 137.839 12.3 6
2010 8 10 14 48 22.965 43.2305 137.723 21.6 7
2010 8 10 14 51 35.3987 43.2004 137.734 26.7 5
2010 8 10 14 53 1.77845 40.6114 136.723 20.5 5
2010 8 10 14 54 39.4936 42.9966 137.052 21 7
2010 8 10 14 54 39.5505 43.0577 137.032 16.5 6
2010 8 10 14 54 57.1775 43.3303 137.958 14.4 7
2010 8 10 14 54 57.8092 43.0468 138.002 4.6 5
2010 8 10 14 54 57.9614 43.1748 137.983 3 5
2010 8 10 14 55 36.5728 40.6998 136.52 17.5 6
2010 8 10 15 1 3.86252 43.203 137.722 28.1 5
2010 8 10 15 4 59.8452 42.9559 137.178 26.8 8
2010 8 10 15 6 45.9018 42.9105 137.339 24.5 7
2010 8 10 15 10 28.3252 43.2392 137.985 16.5 5
2010 8 10 15 10 32.8803 42.813 136.865 28.7 5
2010 8 10 15 14 1.60876 40.7485 136.768 3.8 5
2010 8 10 15 14 1.85264 40.7377 136.751 10.9 6
2010 8 10 15 14 54.8417 43.3396 137.959 22 6
2010 8 10 15 14 55.3889 43.253 138.041 12.6 7
2010 8 10 15 15 49.2578 40.7195 136.836 26 6
2010 8 10 15 15 49.3029 40.733 137.105 21.4 6
2010 8 10 15 17 16.0611 42.9641 137.342 8.6 6
2010 8 10 15 19 1.38085 43.0985 138.297 6.3 5
2010 8 10 15 19 1.61728 43.2263 138.094 23 5
2010 8 10 15 19 28.6106 42.9864 137.388 11.5 6
2010 8 10 15 24 29.0029 43.0702 137.116 8.9 7
2010 8 10 15 27 43.1578 43.1937 138.062 9.3 5
2010 8 10 15 27 43.1829 43.1882 137.98 5.7 5
2010 8 10 15 30 46.4808 43.0935 138.057 9.6 5
2010 8 10 15 39 31.217 43.1723 138.05 7.5 6
2010 8 10 15 42 54.4602 43.2122 137.418 5.2 6
2010 8 10 15 43 30.1729 43.2746 138.296 17.8 7
2010 8 10 15 54 22.6692 43.2397 138.032 17.7 6
2010 8 10 15 54 23.2313 43.3206 138.357 22.8 5
2010 8 10 16 2 26.9001 43.1303 138.242 19.6 6
2010 8 10 16 7 59.3186 43.2915 138.41 25.4 7
2010 8 10 16 7 59.3198 43.1216 138.306 13.6 5
2010 8 10 16 57 22.6704 42.7475 138.181 10.3 5
2010 8 10 17 29 15.9768 42.9719 138.913 18.7 5
2010 8 10 17 33 56.6888 43.1537 138.273 28.4 9
2010 8 10 17 58 34.4292 44.7357 137.015 17.7 6
2010 8 10 18 16 19.5123 45.1688 137.66 26.9 7
2010 8 10 18 54 38.6733 45.016 137.039 18.2 6
2010 8 10 18 58 29.9012 45.818 138.959 21.5 5
2010 8 10 19 1 49.5948 45.3612 137.582 16.9 5
2010 8 10 19 13 14.1674 45.7281 139.058 20.3 8
2010 8 10 19 15 52.8427 45.5689 137.877 9.6 5
2010 8 10 19 30 13.794 46.1745 138.833 11.3 5
2010 8 10 19 48 47.7005 45.8269 139.228 9.5 5
2010 8 10 19 52 5.37503 45.7102 138.027 23.1 6
2010 8 10 19 54 22.9501 46.3379 139.439 13.1 7
2010 8 10 19 55 14.9113 46.2845 139.083 21 10
2010 8 10 20 7 27.0912 46.2331 139.039 8.1 5
2010 8 10 20 12 25.82 46.2853 139.298 11.3 6
2010 8 10 20 12 26.1239 46.2906 139.316 7.3 5
2010 8 10 20 12 26.3136 46.2888 139.315 7 5
2010 8 10 20 12 26.3954 46.2886 139.305 10.7 7
2010 8 10 20 16 16.0786 46.3633 139.191 13.7 6
2010 8 10 20 21 12.7212 47.141 139.486 12.7 10
2010 8 10 20 27 49.0039 46.364 139.799 12.8 6
2010 8 10 20 31 35.6935 46.3916 139.709 10.3 5
2010 8 10 20 33 25.7626 46.1982 138.838 8.2 5
2010 8 10 20 38 12.4357 46.0919 138.34 13.3 7
2010 8 10 20 38 55.174 46.566 139.261 15.1 7
2010 8 10 20 50 59.9335 46.6343 139.355 10.9 5
2010 8 10 21 5 18.7889 46.7908 139.727 15.1 7
2010 8 10 21 43 42.0637 46.9772 139.486 7.3 5
2010 8 10 22 18 48.2831 47.2668 140.569 0.5 5
2010 8 11 2 30 46.1001 40.7341 132.395 5.6 5
2010 8 11 2 36 16.5701 40.6889 131.691 12 5
2010 8 11 2 36 16.6215 40.8254 131.619 2.3 6
2010 8 11 2 50 37.7851 41.0051 133.018 28.7 5
2010 8 11 2 51 46.1445 40.7576 131.939 13.1 5
2010 8 11 2 52 42.4352 41.2459 133.495 8.3 6
2010 8 11 4 9 53.2486 49.4037 141.602 9.8 10
2010 8 11 4 9 53.689 49.3558 141.59 2.9 5
2010 8 11 4 16 3.18253 40.8591 136.908 19.2 5
2010 8 11 4 16 3.50866 40.8635 136.919 17.1 6
2010 8 11 4 42 31.3053 49.3067 141.87 6.6 8
2010 8 11 4 47 36.5815 41.0119 137.228 13.6 5
2010 8 11 4 47 36.7056 41.0319 137.221 21.9 6
2010 8 11 5 1 29.2627 37.3898 138.325 19.4 5
2010 8 11 5 59 2.44592 37.726 138.435 19.6 5
2010 8 11 10 35 5.61395 41.8644 139.31 19.9 6
2010 8 11 10 52 37.9969 41.9036 139.283 13.3 5
2010 8 11 11 4 30.0971 41.885 139.657 16.2 5
2010 8 11 11 8 35.1064 41.919 139.729 10.7 8
2010 8 11 11 24 1.0316 41.9644 139.907 23 7
2010 8 11 11 41 35.9274 42.0085 139.862 3.7 5
2010 8 11 14 39 22.8836 41.6036 139.607 6.5 6
2010 8 11 14 52 7.37209 41.7589 139.686 5.8 5
2010 8 11 14 52 7.43898 41.7111 139.709 17.4 5
2010 8 11 18 36 14.3322 41.4589 137.775 20.8 7
2010 8 11 18 40 33.0914 41.3533 137.137 10.6 5
2010 8 11 19 25 28.9541 44.5116 138.697 24 9
2010 8 11 20 10 40.5113 44.707 139.334 15.4 5
2010 8 11 20 23 22.8074 44.5532 139.734 4.3 5
2010 8 11 20 23 23.542 44.6386 139.491 16.2 5
2010 8 11 20 35 48.7595 41.1211 138.755 19.4 5
2010 8 11 20 57 25.9649 44.6538 139.8 8.7 5
2010 8 11 21 0 57.706 44.6273 139.658 5.3 5
2010 8 11 22 35 59.746 40.4229 138.622 18.1 5
2010 8 11 22 37 58.9555 40.4803 138.696 10.5 5
2010 8 11 22 37 59.3371 40.5017 138.631 17 7
2010 8 11 23 7 22.7175 40.7225 138.785 4.7 5
2010 8 11 23 36 29.6247 39.5368 137.678 11.2 6
2010 8 11 23 36 30.0811 39.6957 137.316 4.6 5
2010 8 11 23 47 1.33145 39.7802 136.864 24 8
2010 8 11 23 59 18.1091 39.6319 137.677 15.9 7
2010 8 12 0 24 22.0133 46.1566 138.55 9.2 5
2010 8 12 0 26 32.8211 39.8738 137.485 12.4 5
2010 8 12 0 27 22.5743 39.8898 137.092 3.9 6
2010 8 12 0 27 39.3082 39.4169 138.219 3.9 6
2010 8 12 0 27 39.3816 39.6423 137.942 3.3 5
2010 8 12 0 28 9.03834 39.6741 137.359 11.2 5
2010 8 12 0 30 6.61771 39.8399 137.508 14.5 7
2010 8 12 0 32 19.2131 39.8302 137.546 13 7
2010 8 12 0 35 44.4659 39.4346 138.332 6.8 5
2010 8 12 0 36 15.2032 39.9225 137.451 21.4 10
2010 8 12 0 37 33.3316 39.8227 137.58 2.7 5
2010 8 12 0 40 44.9392 40.0483 137.385 1.3 5
2010 8 12 0 40 45.0124 39.8706 137.613 6.6 5
2010 8 12 0 41 57.4082 39.655 137.921 2.8 5
2010 8 12 0 45 58.2379 39.463 138.45 5.4 5
2010 8 12 0 45 58.2999 39.4684 138.45 4.3 5
2010 8 12 0 46 3.17134 39.9639 137.539 11.3 7
2010 8 12 0 46 3.21958 39.9311 137.513 17.5 5
2010 8 12 0 47 38.272 39.6882 138.161 3.3 5
2010 8 12 0 48 16.0862 39.9875 137.426 18.4 5
2010 8 12 0 48 57.5849 39.8074 137.889 11 5
2010 8 12 0 59 13.0292 39.7808 137.978 15.2 6
2010 8 12 0 59 31.1402 39.5756 138.531 16.5 6
2010 8 12 1 0 3.2668 39.9329 137.673 1.2 5
2010 8 12 1 2 47.0779 39.7544 138.05 11.8 7
2010 8 12 1 4 20.6475 39.6071 138.626 19.5 5
2010 8 12 1 6 42.4705 46.6303 138.989 15.7 5
2010 8 12 1 7 46.2847 39.7029 138.133 4.6 5
2010 8 12 1 8 18.127 39.9975 137.704 7.6 7
2010 8 12 1 9 43.4172 39.921 137.802 14 8
2010 8 12 1 9 43.5207 40.0473 137.777 18.2 5
2010 8 12 1 9 44.2222 39.9351 137.846 11.4 5
2010 8 12 1 10 14.4262 46.327 138.708 13.5 5
2010 8 12 1 12 29.1481 46.2888 138.635 14.6 6
2010 8 12 1 13 54.3462 39.7948 138.164 5.6 5
2010 8 12 1 14 4.36288 39.9698 137.693 3.8 5
2010 8 12 1 16 51.6087 39.92 137.958 6.1 5
2010 8 12 1 17 53.4186 39.6032 138.693 29.7 10
2010 8 12 1 18 45.4878 39.6875 137.95 9.7 5
2010 8 12 1 19 31.312 39.8233 138.071 13.9 5
2010 8 12 1 19 31.4819 39.7773 138.079 21.7 5
2010 8 12 1 22 48.1376 39.949 137.715 17.1 5
2010 8 12 1 22 48.2549 39.9724 137.846 20 5
2010 8 12 1 24 39.0355 39.83 138.143 16.5 6
2010 8 12 1 24 39.8559 39.7769 138.177 2.2 5
2010 8 12 1 24 42.2152 39.6247 138.804 24.4 5
2010 8 12 1 24 43.1433 39.757 138.737 0.9 5
2010 8 12 1 26 59.04 46.6497 139.143 5 5
2010 8 12 1 26 59.0585 46.8263 138.947 8.1 5
2010 8 12 1 27 19.7417 39.4932 138.672 13.3 5
2010 8 12 1 29 42.8441 46.6427 139.127 7 5
2010 8 12 1 31 20.6454 39.8135 138.601 13.6 9
2010 8 12 1 31 41.0741 46.3949 138.803 13.3 6
2010 8 12 1 33 49.9315 46.4206 138.753 16.6 7
2010 8 12 1 34 6.05047 39.8456 138.288 17.9 5
2010 8 12 1 34 6.24895 39.845 138.175 18.8 5
2010 8 12 1 34 6.29332 39.8827 138.39 8 6
2010 8 12 1 34 43.0354 39.7964 138.618 11.9 5
2010 8 12 1 35 30.4455 46.4004 138.788 4.6 6
2010 8 12 1 36 25.9017 39.846 138.301 17.3 6
2010 8 12 1 37 10.9663 46.3547 138.813 1.2 5
2010 8 12 1 37 11.0287 46.4114 138.775 16.7 7
2010 8 12 1 38 6.1569 39.8721 138.161 16.2 5
2010 8 12 1 38 51.1619 46.4017 138.848 6.9 6
2010 8 12 1 39 26.6717 39.854 138.355 11.8 7
2010 8 12 1 39 27.3563 39.8574 138.37 16.4 5
2010 8 12 1 39 31.8575 39.6491 138.825 18.3 6
2010 8 12 1 39 52.0594 39.5901 138.748 17.7 6
2010 8 12 1 40 34.8591 39.6036 138.767 17.5 5
2010 8 12 1 40 34.9232 39.5751 138.781 7.9 5
2010 8 12 1 40 34.9501 39.6848 138.725 10.4 5
2010 8 12 1 41 9.64879 39.8929 138.339 15.7 7
2010 8 12 1 41 9.75661 39.8703 138.281 6 6
2010 8 12 1 42 48.9056 39.5808 138.816 7.6 5
2010 8 12 1 43 6.65964 39.7146 138.817 18.3 6
2010 8 12 1 43 54.722 39.9536 137.688 16.9 5
2010 8 12 1 44 0.825329 39.6849 138.908 19.4 5
2010 8 12 1 44 46.2155 39.5969 138.804 12.7 6
2010 8 12 1 45 23.7754 39.574 138.76 20.6 5
2010 8 12 1 46 15.8347 39.7127 139.06 17.8 8
2010 8 12 1 46 29.687 39.8694 138.047 17.5 8
2010 8 12 1 46 29.7478 39.9047 138.076 17.4 6
2010 8 12 1 46 30.2769 39.9072 138.101 7.1 5
2010 8 12 1 46 30.8905 39.9429 138.067 16.5 5
2010 8 12 1 47 6.00687 39.6952 138.857 15.9 8
2010 8 12 1 47 6.08238 39.6712 138.824 15.9 8
2010 8 12 1 47 6.1916 39.6587 138.8 14.9 6
2010 8 12 1 47 6.72187 39.66 138.841 16.2 6
2010 8 12 1 48 26.4526 40.0398 137.743 5.2 5
2010 8 12 1 49 49.4746 46.6053 138.655 5.7 5
2010 8 12 1 50 18.1261 39.6924 138.889 15 6
2010 8 12 1 51 22.8206 39.6368 138.836 17.8 7
2010 8 12 1 51 22.9 39.5749 138.86 9 6
2010 8 12 1 51 23.0467 39.5852 138.847 16.9 5
2010 8 12 1 51 23.8848 39.5799 138.829 8.4 6
2010 8 12 1 51 56.3179 39.8497 138.723 18.2 6
2010 8 12 1 52 26.4311 39.2354 138.657 23.1 5
2010 8 12 1 52 26.8241 39.851 138.062 5.3 6
2010 8 12 1 53 29.4239 40.0257 137.881 3.9 5
2010 8 12 1 54 20.7392 46.6114 138.591 8.6 5
2010 8 12 1 54 43.415 39.6402 138.983 5.6 5
2010 8 12 1 55 52.8285 39.8572 138.755 13.1 5
2010 8 12 1 55 53.3993 39.8443 138.757 4.8 6
2010 8 12 1 56 31.4422 39.8198 139.086 11.4 5
2010 8 12 2 0 5.11217 39.9323 138.271 15.9 7
2010 8 12 2 3 12.7047 39.8636 138.231 6.6 6
2010 8 12 2 3 24.8637 39.6668 139.14 13.5 7
2010 8 12 2 3 35.749 46.5143 138.963 6.6 6
2010 8 12 2 3 35.79 46.4862 138.953 17.3 6
2010 8 12 2 3 47.5367 39.8998 138.228 12.6 5
2010 8 12 2 4 23.5465 39.9134 138.288 16.1 5
2010 8 12 2 4 23.5775 39.7991 139.074 10.1 5
2010 8 12 2 4 23.7047 39.8817 138.324 3.2 6
2010 8 12 2 4 23.7047 39.9328 138.309 16.4 5
2010 8 12 2 4 23.8025 39.8898 138.33 12.2 5
2010 8 12 2 5 24.514 39.8634 138.318 17.3 5
2010 8 12 2 5 25.4335 39.8755 138.272 18.3 5
2010 8 12 2 6 4.10248 46.385 138.885 8.2 5
2010 8 12 2 6 12.2354 39.3817 139.244 6.6 6
2010 8 12 2 6 12.3234 39.3871 139.186 5.9 6
2010 8 12 2 7 37.8757 39.398 139.235 16.3 5
2010 8 12 2 7 38.3673 39.3171 139.267 8.2 5
2010 8 12 2 7 54.6978 39.6424 139.113 1.4 5
2010 8 12 2 8 19.0142 39.8339 138.252 4.1 5
2010 8 12 2 8 45.2896 39.4556 139.224 16.5 7
2010 8 12 2 8 46.0733 46.464 138.983 6.5 6
2010 8 12 2 9 5.77464 39.89 138.9 15.3 7
2010 8 12 2 9 54.6642 39.8908 138.409 9.1 5
2010 8 12 2 9 56.3795 46.4558 138.833 15.5 6
2010 8 12 2 10 32.4234 46.4864 139.018 2.5 5
2010 8 12 2 11 14.6759 39.9014 138.307 17.6 5
2010 8 12 2 11 15.6984 39.8222 138.166 6.8 6
2010 8 12 2 11 31.4493 46.4215 138.852 19 5
2010 8 12 2 11 57.5371 39.4327 139.282 17.8 5
2010 8 12 2 11 57.638 39.4264 139.354 19.8 5
2010 8 12 2 12 30.8989 39.9269 138.355 14.1 6
2010 8 12 2 12 31.3665 39.9251 138.321 17.3 5
2010 8 12 2 12 39.7084 39.8541 138.324 2.7 5
2010 8 12 2 12 40.0311 39.9448 138.179 25.9 6
2010 8 12 2 13 47.9101 39.9069 138.718 19 7
2010 8 12 2 13 48.0187 39.9712 138.72 19 5
2010 8 12 2 13 48.1306 39.8424 138.714 2.9 5
2010 8 12 2 13 48.2629 39.9739 138.717 17.3 5
2010 8 12 2 14 26.666 39.8903 138.389 29.9 8
2010 8 12 2 14 28.8745 39.871 138.253 25.2 7
2010 8 12 2 14 49.6157 39.4052 139.367 10.1 6
2010 8 12 2 14 49.682 39.4446 139.277 15.9 6
2010 8 12 2 15 9.70282 39.7962 138.97 2.3 5
2010 8 12 2 15 45.3466 39.9084 138.348 13 5
2010 8 12 2 15 46.8527 39.9193 138.333 13.4 5
2010 8 12 2 15 57.3227 39.8826 138.897 15.9 6
2010 8 12 2 16 38.5934 39.9422 138.806 14.1 5
2010 8 12 2 16 56.1607 39.8801 138.46 12.7 5
2010 8 12 2 17 9.8 39.876 138.34 13.3 6
2010 8 12 2 17 10.316 39.8965 138.265 6 6
2010 8 12 2 17 31.3077 39.9153 138.429 6.7 5
2010 8 12 2 18 3.04692 39.8975 138.343 14.4 5
2010 8 12 2 18 38.5408 39.8713 138.351 14.5 7
2010 8 12 2 19 12.9382 39.9162 138.354 17.7 5
2010 8 12 2 19 13.1388 39.9221 138.346 17.1 6
2010 8 12 2 19 13.2224 39.9151 138.371 14.9 6
2010 8 12 2 19 13.3086 39.874 138.399 3.3 5
2010 8 12 2 19 13.3086 39.9562 138.356 5.8 5
2010 8 12 2 19 13.3913 39.9223 138.355 18.2 5
2010 8 12 2 20 16.3181 46.4695 138.981 9.1 5
2010 8 12 2 20 51.1372 40.0437 138.262 4.3 6
2010 8 12 2 21 12.3083 40.0193 138.777 6.8 6
2010 8 12 2 21 13.0452 39.6989 138.674 4.6 5
2010 8 12 2 21 37.1085 46.4556 138.957 5.9 5
2010 8 12 2 21 53.3721 39.7885 138.145 17 6
2010 8 12 2 22 14.7431 39.5586 139.47 11.5 6
2010 8 12 2 22 45.2708 40.2026 138.352 22.6 5
2010 8 12 2 22 45.4331 39.9039 138.34 16.5 6
2010 8 12 2 23 3.76632 46.4968 138.932 15.5 6
2010 8 12 2 23 34.9286 39.9092 138.361 18.3 6
2010 8 12 2 23 35.6765 39.9498 138.397 8.6 5
2010 8 12 2 23 52.3508 39.7783 138.934 17.5 5
2010 8 12 2 23 52.5603 39.7644 138.84 8.4 6
2010 8 12 2 23 54.1825 39.951 138.744 15.5 7
2010 8 12 2 25 13.9525 39.8029 138.926 15.1 7
2010 8 12 2 25 14.0918 39.7726 138.915 14.4 6
2010 8 12 2 25 14.1359 39.7737 138.906 22.1 6
2010 8 12 2 25 24.6374 39.7986 138.145 5.2 5
2010 8 12 2 26 23.1109 39.8539 139.007 17.1 7
2010 8 12 2 26 36.842 39.8114 138.221 19.3 6
2010 8 12 2 26 37.6221 39.7361 138.178 2.8 5
2010 8 12 2 27 24.6903 39.8283 138.929 17.7 9
2010 8 12 2 27 24.913 39.8378 138.902 4.1 6
2010 8 12 2 27 42.159 39.8836 138.311 8.9 5
2010 8 12 2 27 52.3887 39.7671 138.957 10 6
2010 8 12 2 27 52.5528 39.8023 138.899 7.5 5
2010 8 12 2 27 59.3668 39.6995 138.78 16.7 6
2010 8 12 2 28 27.3473 39.7812 138.889 11.5 5
2010 8 12 2 28 39.7477 40.0274 138.339 4.4 5
2010 8 12 2 28 39.8051 39.9083 138.363 9.7 5
2010 8 12 2 28 39.8899 39.9288 138.383 5.1 6
2010 8 12 2 29 7.31031 39.8221 138.944 17.9 7
2010 8 12 2 29 41.8686 39.8642 138.771 18.1 5
2010 8 12 2 30 2.30345 40.4199 138.373 21.6 5
2010 8 12 2 30 46.922 39.8315 138.239 19.5 6
2010 8 12 2 31 37.6291 39.8978 139.066 7.8 5
2010 8 12 2 31 37.7187 39.9897 139.005 12.6 5
2010 8 12 2 31 37.8224 39.9291 139.046 17.1 5
2010 8 12 2 31 38.0573 39.9463 139.047 15.6 5
2010 8 12 2 31 52.3231 39.7499 138.301 5.2 5
2010 8 12 2 31 57.5227 39.8156 138.936 4.2 5
2010 8 12 2 32 11.9429 39.846 138.898 19.7 7
2010 8 12 2 32 19.0268 39.8923 138.36 13.9 7
2010 8 12 2 32 50.3448 39.8402 138.484 5.7 5
2010 8 12 2 33 8.07531 39.8145 138.988 27.3 6
2010 8 12 2 33 28.8516 46.4462 138.966 11.9 8
2010 8 12 2 33 35.5811 39.7934 138.303 17.7 5
2010 8 12 2 33 43.8796 39.9356 139.069 17.4 5
2010 8 12 2 35 4.3913 39.8851 139.022 19 7
2010 8 12 2 35 4.70263 39.8446 139.007 16.7 5
2010 8 12 2 35 23.4181 46.4326 138.988 6.8 5
2010 8 12 2 35 37.873 39.8689 138.942 16.5 6
2010 8 12 2 36 16.1804 39.802 139.379 2.5 5
2010 8 12 2 36 16.1804 39.8218 139.33 12.9 6
2010 8 12 2 36 18.0531 39.9041 138.945 20.2 6
2010 8 12 2 36 54.3822 39.9662 139.063 9.9 6
2010 8 12 2 37 42.6303 39.8552 138.346 12.7 5
2010 8 12 2 37 42.7545 39.7882 138.284 7 6
2010 8 12 2 37 56.3509 39.8418 138.979 5.6 5
2010 8 12 2 37 56.4283 39.8856 138.948 13.3 8
2010 8 12 2 38 26.1442 39.9187 139.049 19.4 6
2010 8 12 2 38 26.2662 39.9035 139.039 18.6 6
2010 8 12 2 38 38.7056 46.4123 139.025 6.8 7
2010 8 12 2 38 38.7252 46.4393 139.03 18 7
2010 8 12 2 38 39.9182 39.7659 139.337 20.5 6
2010 8 12 2 38 55.0361 39.9452 138.487 12.8 5
2010 8 12 2 38 55.0976 39.8454 138.485 0.2 5
2010 8 12 2 38 55.1578 39.8829 138.43 7.9 5
2010 8 12 2 39 31.3328 39.8365 138.625 8.1 7
2010 8 12 2 40 31.6575 39.8698 139.082 23.2 6
2010 8 12 2 40 31.7484 39.9847 138.985 8.6 6
2010 8 12 2 40 31.856 39.8771 139.064 16.3 6
2010 8 12 2 40 32.238 39.8109 139.075 17.6 6
2010 8 12 2 41 15.5438 39.81 138.426 14.2 5
2010 8 12 2 41 15.6255 39.849 138.427 26.8 7
2010 8 12 2 41 15.7504 39.812 138.421 17.3 6
2010 8 12 2 41 15.785 39.8095 138.362 3.1 5
2010 8 12 2 41 15.938 39.7477 138.374 19 5
2010 8 12 2 41 16.1101 39.9048 138.458 7 5
2010 8 12 2 41 26.447 39.8558 138.677 12 6
2010 8 12 2 42 2.60416 39.889 139.071 17.8 7
2010 8 12 2 42 5.52831 39.8873 138.462 7.8 7
2010 8 12 2 42 5.72658 39.8907 138.498 16 7
2010 8 12 2 42 33.225 46.8621 139.535 22.7 6
2010 8 12 2 42 40.3881 39.8806 138.511 8.5 5
2010 8 12 2 42 41.0583 39.8884 138.488 20.8 5
2010 8 12 2 42 41.3279 39.9325 138.59 12.9 5
2010 8 12 2 43 16.4173 39.8407 138.369 15.8 8
2010 8 12 2 43 16.5879 39.5625 139.336 17.3 7
2010 8 12 2 44 36.521 39.7668 138.541 1.5 5
2010 8 12 2 44 36.574 39.8311 138.406 7.7 5
2010 8 12 2 44 36.8466 39.8379 138.424 6 7
2010 8 12 2 45 25.6112 39.8558 138.429 16 8
2010 8 12 2 46 43.0326 39.9129 138.728 19.5 6
2010 8 12 2 46 43.3515 39.7693 138.6 14.1 6
2010 8 12 2 47 13.7808 39.7138 139.611 21.7 5
2010 8 12 2 48 31.8985 39.8679 138.474 17 6
2010 8 12 2 48 32.1513 39.8616 138.435 7.7 5
2010 8 12 2 49 0.678929 39.7829 139.439 13.3 6
2010 8 12 2 49 26.3957 39.9456 138.502 6.3 6
2010 8 12 2 49 27.1847 39.8321 138.534 8.8 6
2010 8 12 2 49 27.2257 39.8709 138.52 18.2 7
2010 8 12 2 50 41.07 39.8864 138.582 15 5
2010 8 12 2 50 41.2041 39.8632 138.513 6.7 5
2010 8 12 2 52 38.7969 39.8337 138.506 28.6 10
2010 8 12 2 57 9.96488 39.6336 138.795 6.4 5
2010 8 12 2 58 53.0998 46.8906 139.561 27.2 5
2010 8 12 2 59 29.2596 39.9072 138.571 18.1 6
2010 8 12 3 0 31.9593 39.922 138.739 10.8 5
2010 8 12 3 1 24.1927 39.8935 138.578 16.7 6
2010 8 12 3 2 2.93357 40.1472 138.814 4.1 5
2010 8 12 3 2 3.05677 39.9691 138.956 5.8 5
2010 8 12 3 3 21.958 39.6484 138.329 18.3 5
2010 8 12 3 3 22.8763 39.6777 138.362 13.8 7
2010 8 12 3 4 22.0129 39.9421 139.069 13.9 6
2010 8 12 3 6 41.5061 39.9334 139.096 15.6 7
2010 8 12 3 7 6.2311 39.9324 138.679 15.2 9
2010 8 12 3 8 41.4612 39.8736 138.791 7.9 5
2010 8 12 3 9 50.9518 39.9718 139.102 4.3 5
2010 8 12 3 12 4.84826 39.7643 139.034 1.6 5
2010 8 12 3 12 5.78946 39.7822 138.873 14.9 7
2010 8 12 3 12 44.6297 46.853 139.591 3.5 6
2010 8 12 3 12 59.0133 39.9424 138.673 18.3 7
2010 8 12 3 12 59.1618 39.8708 138.694 4.2 6
2010 8 12 3 12 59.2735 39.9319 138.658 20.4 7
2010 8 12 3 12 59.3374 39.8737 138.706 2.3 5
2010 8 12 3 12 59.542 39.9159 138.663 17.5 5
2010 8 12 3 14 53.0513 40.1437 139.116 16.4 6
2010 8 12 3 17 48.2347 39.8972 139.126 17.1 5
2010 8 12 3 19 29.9157 39.7528 139.464 0.6 5
2010 8 12 3 19 30.0272 39.6986 139.482 2.1 5
2010 8 12 3 19 37.0938 40.0846 138.99 24.3 6
2010 8 12 3 20 28.7239 39.898 139.507 2 5
2010 8 12 3 22 4.33598 46.9899 139.434 13.6 5
2010 8 12 3 22 53.3615 39.4632 139.692 11.9 5
2010 8 12 3 24 58.0146 46.999 139.524 15.4 5
2010 8 12 3 25 45.4809 39.6706 139.44 5.3 5
2010 8 12 3 25 45.5323 39.4915 139.63 18.3 6
2010 8 12 3 25 45.7652 39.4922 139.644 16.4 5
2010 8 12 3 25 46.2649 39.4353 139.661 2.6 5
2010 8 12 3 27 12.4748 39.7688 139.33 13.6 5
2010 8 12 3 29 3.42128 46.9496 139.586 15.5 6
2010 8 12 3 29 39.3659 39.6178 138.901 11.7 8
2010 8 12 3 29 39.3678 39.6961 138.804 25 5
2010 8 12 3 29 39.4743 39.5791 138.916 14.8 6
2010 8 12 3 30 55.777 47.0956 139.513 20.9 8
2010 8 12 3 31 12.2231 39.6219 138.721 9.3 7
2010 8 12 3 31 12.2498 39.6195 138.715 7.6 6
2010 8 12 3 32 30.0211 39.6386 138.837 14.7 6
2010 8 12 3 32 30.1884 39.7932 138.778 2.3 5
2010 8 12 3 33 24.1526 39.5854 138.811 13.6 5
2010 8 12 3 37 8.43444 39.5409 138.919 21.3 5
2010 8 12 3 37 10.1853 39.9328 138.981 18.1 7
2010 8 12 3 37 10.274 39.9412 138.972 18 7
2010 8 12 3 38 4.47106 39.6004 139.181 11.4 6
2010 8 12 3 38 4.47108 39.5994 139.144 1.9 5
2010 8 12 3 38 24.7898 39.5083 139.006 18.5 5
2010 8 12 3 38 24.7899 39.5964 138.917 5.9 6
2010 8 12 3 38 24.8333 39.7584 138.779 1.7 5
2010 8 12 3 38 24.8741 39.6846 139.109 28.7 5
2010 8 12 3 38 24.9723 39.6928 138.887 16.7 8
2010 8 12 3 38 25.218 39.6788 138.869 12.8 6
2010 8 12 3 40 32.6491 39.5272 139.008 12.5 7
2010 8 12 3 44 46.4339 39.6262 139.265 8.1 5
2010 8 12 3 44 46.492 39.5895 139.329 8.1 5
2010 8 12 3 44 46.492 39.6618 139.267 8.2 5
2010 8 12 3 45 22.2695 39.6953 139.018 5.2 6
2010 8 12 3 45 40.8311 46.9561 139.652 14.8 7
2010 8 12 3 47 12.5329 39.708 139.052 7.1 6
2010 8 12 3 47 12.591 39.7096 139.081 18.4 5
2010 8 12 3 47 12.6789 39.5788 139.051 5 6
2010 8 12 3 50 19.6385 39.6508 139.434 18.1 7
2010 8 12 3 50 19.6385 39.6605 139.355 10.6 5
2010 8 12 4 3 26.3843 39.6857 139.519 25.1 9
2010 8 12 4 3 26.5304 39.7826 139.46 21.4 5
2010 8 12 4 17 17.8322 39.6009 139.577 2.4 5
2010 8 12 4 29 17.3933 40.0901 139.635 20.6 7
2010 8 12 4 29 17.4326 40.187 139.63 9 5
2010 8 12 4 30 38.3539 39.7262 139.695 19.3 5
2010 8 12 4 45 31.001 40.0644 139.614 18.8 5
2010 8 12 4 54 12.1846 39.6426 139.77 2.1 5
2010 8 12 4 54 13.0671 40.1953 139.378 13.7 5
2010 8 12 5 9 34.2833 39.7221 139.64 18.9 5
2010 8 12 10 14 17.6536 44.6445 136.628 16 5
2010 8 12 10 21 46.4504 44.7057 136.707 18.6 6
2010 8 12 10 21 46.4504 44.6379 136.62 18.9 6
2010 8 12 10 29 34.1739 44.6569 137.111 28.8 5
2010 8 12 10 33 42.4909 44.6791 136.698 21.3 7
2010 8 12 10 39 55.7674 44.7303 136.907 24 7
2010 8 12 10 48 48.0763 44.4955 137.065 21.5 5
2010 8 12 10 48 48.0763 44.6247 136.918 22.3 5
2010 8 12 10 55 48.4065 44.6349 136.937 28.6 7
2010 8 12 18 49 22.0197 43.2343 139.235 19.4 5
2010 8 12 20 48 7.03504 36.568 130.436 16.3 6
2010 8 12 23 2 21.1161 36.2645 131.416 7.1 5
2010 8 12 23 39 7.05245 36.1541 131.932 18.5 5
2010 8 12 23 40 19.4742 36.1346 131.902 14.2 9
2010 8 12 23 40 19.5154 36.1277 131.913 17 7
2010 8 12 23 40 19.5473 36.123 131.926 27.4 5
2010 8 12 23 40 19.6203 36.1246 131.913 18 8
2010 8 12 23 41 51.7618 36.1486 131.976 19.3 5
2010 8 12 23 43 21.2231 36.1782 131.992 13.8 5
2010 8 12 23 46 43.5888 36.1182 131.961 16 7
2010 8 12 23 46 43.8289 36.3694 131.563 15.6 6
2010 8 12 23 49 55.3702 36.0944 131.98 13.4 7
2010 8 12 23 52 50.5023 36.1309 131.931 15.8 6
2010 8 12 23 53 48.6235 36.1462 132.029 27.5 6
2010 8 12 23 59 35.1746 36.1908 132.037 17.5 6
2010 8 12 23 59 35.2925 36.1435 131.997 7.8 5
2010 8 13 0 1 8.87919 36.0938 132.046 6.1 5
2010 8 13 4 23 9.15151 36.3233 131.81 24.8 6
2010 8 13 4 44 29.9164 36.2056 132.321 17 5
2010 8 13 9 21 10.2242 44.116 135.76 21.6 5
2010 8 13 9 33 34.956 38.3726 134.333 9.4 5
2010 8 13 10 1 21.1908 45.5302 141.755 26.5 9
2010 8 13 10 32 56.7701 44.5371 141.108 5.8 5
2010 8 13 10 38 3.56123 44.5564 141.296 28.2 11
2010 8 13 10 44 40.5745 38.2789 135.129 26.7 5
2010 8 13 10 45 55.4128 38.5892 134.575 23.5 7
2010 8 13 10 52 11.4374 44.5179 141.161 16 5
2010 8 13 10 58 26.3276 38.9725 134.514 16.1 5
2010 8 13 10 58 26.4987 38.6553 135.1 11.1 6
2010 8 13 11 1 47.2634 38.4781 135.114 20.8 8
2010 8 13 11 5 34.6932 38.6619 134.952 15.3 9
2010 8 13 11 12 15.0044 38.6857 134.958 15.5 7
2010 8 13 11 14 12.6615 38.5011 134.982 26.6 6
2010 8 13 11 15 4.05202 38.6832 135.088 10 5
2010 8 13 11 23 54.9019 38.6775 135.259 5.5 5
2010 8 13 11 34 48.7869 38.2338 135.411 4.6 5
2010 8 13 11 42 48.8636 38.41 135.508 16.7 10
2010 8 13 11 48 29.2338 38.5944 135.41 6.5 5
2010 8 13 11 48 29.4711 38.4992 135.468 28 7
2010 8 13 11 49 20.9187 38.5145 135.441 16.2 8
2010 8 13 11 49 21.1947 38.5164 135.479 29.3 10
2010 8 13 11 49 47.5172 35.9615 129.54 12.4 5
2010 8 13 11 58 6.18629 44.5931 141.689 8.1 5
2010 8 13 12 4 20.9175 44.6831 141.49 11.8 5
2010 8 13 12 4 20.9526 44.6153 141.673 12.6 6
2010 8 13 12 7 35.1356 44.603 141.665 24.5 6
2010 8 13 12 13 20.4016 35.8835 129.893 25.6 5
2010 8 13 12 13 20.5276 36.0579 129.447 17.1 5
2010 8 13 12 18 23.4313 43.5081 135.235 29.8 6
2010 8 13 12 19 12.4869 36.05 129.856 21.4 5
2010 8 13 12 26 0.078769 35.8699 129.529 10.1 6
2010 8 13 12 26 0.120048 36.0853 129.932 20.3 5
2010 8 13 12 30 41.4141 36.0065 129.53 25 7
2010 8 13 12 30 41.4791 36.0066 129.514 26.6 8
2010 8 13 12 36 25.8477 44.815 139.722 15.2 5
2010 8 13 12 37 55.235 44.5849 141.014 26.2 5
2010 8 13 12 43 53.8267 35.9407 129.848 8.4 6
2010 8 13 12 43 59.4628 43.4744 135.234 21.7 6
2010 8 13 12 47 4.4827 43.56 135.398 26.5 7
2010 8 13 12 52 6.71516 35.9196 129.81 9.2 5
2010 8 13 12 54 47.4745 44.8263 140.396 5.3 5
2010 8 13 12 54 47.5158 44.7836 140.497 28.7 5
2010 8 13 12 54 47.6237 44.79 140.731 22.2 5
2010 8 13 12 55 28.1074 36.0359 129.893 25.4 7
2010 8 13 12 56 8.16972 44.6423 140.529 5.9 5
2010 8 13 12 57 36.2115 36.059 129.891 12.3 5
2010 8 13 12 57 36.3309 36.0502 129.853 12.6 8
2010 8 13 13 1 44.7637 44.7741 140.6 16.3 5
2010 8 13 13 4 36.5731 44.8054 140.683 28.3 5
2010 8 13 13 4 36.8037 44.8396 140.363 10.2 5
2010 8 13 13 6 0.580501 36.0429 130.492 25.5 5
2010 8 13 13 8 44.8266 44.6844 141.126 11.2 5
2010 8 13 13 9 0.835594 44.7789 140.126 13 5
2010 8 13 13 9 45.2394 44.7819 140.357 26.3 6
2010 8 13 13 13 48.0604 44.8312 140.544 17 6
2010 8 13 13 14 9.28283 44.7677 140.651 28.8 6
2010 8 13 13 15 34.6284 44.8033 140.601 10.2 5
2010 8 13 13 15 38.284 44.8015 140.639 13.4 7
2010 8 13 13 16 19.6273 44.7947 140.9 13.9 5
2010 8 13 13 16 59.1922 44.7867 140.606 16.3 5
2010 8 13 13 17 30.5604 44.7789 140.64 28 5
2010 8 13 13 21 14.5694 36.1611 129.802 22.7 5
2010 8 13 13 21 20.162 44.8307 140.595 15.6 6
2010 8 13 13 21 20.2773 44.8227 141.004 18 5
2010 8 13 13 22 9.02497 44.7604 140.643 23.2 6
2010 8 13 13 24 34.3378 44.7602 140.715 19.9 5
2010 8 13 13 25 6.10116 44.8117 140.679 21.1 6
2010 8 13 13 25 42.9569 44.8048 140.616 5.3 5
2010 8 13 13 25 43.0686 44.7964 140.682 27.9 6
2010 8 13 13 26 6.53669 44.7951 140.935 8 5
2010 8 13 13 26 41.6772 44.8367 140.501 20.1 8
2010 8 13 13 27 43.7075 44.7577 140.76 28.7 5
2010 8 13 13 28 58.2058 44.747 140.838 25.7 6
2010 8 13 13 29 22.8248 44.8041 140.709 15 5
2010 8 13 13 30 32.7809 44.8691 140.448 10.7 6
2010 8 13 13 31 5.11038 44.7576 140.788 5.7 5
2010 8 13 13 31 12.233 44.7976 140.742 13.3 5
2010 8 13 13 32 1.27494 44.5682 140.92 9 5
2010 8 13 13 32 29.7714 44.8393 140.397 12.2 5
2010 8 13 13 32 52.0519 44.7798 140.733 10.6 5
2010 8 13 13 33 4.65849 44.7811 140.338 11.2 5
2010 8 13 13 33 43.2113 44.5846 140.924 7.4 5
2010 8 13 13 34 7.48928 44.6951 140.874 6.3 5
2010 8 13 13 34 56.3572 44.7758 140.94 24.3 6
2010 8 13 13 35 29.0616 44.7718 140.812 28 5
2010 8 13 13 35 39.2003 44.7789 140.749 28.5 5
2010 8 13 13 35 39.3705 44.8129 140.711 17 5
2010 8 13 13 35 54.0557 44.6917 140.909 6.5 5
2010 8 13 13 36 14.4966 44.7739 140.562 26.5 5
2010 8 13 13 37 24.7273 44.767 140.83 19.6 5
2010 8 13 13 37 24.9765 44.7793 140.865 28.4 6
2010 8 13 13 40 21.742 44.7836 140.581 18.9 5
2010 8 13 13 40 21.7836 44.7318 140.649 19.6 5
2010 8 13 13 41 6.32684 44.7239 140.401 27.3 6
2010 8 13 13 41 25.7845 44.7694 140.571 24.4 5
2010 8 13 13 41 52.658 44.8086 140.832 26 6
2010 8 13 13 43 45.9833 44.8459 140.787 11.2 5
2010 8 13 13 45 12.5599 44.7895 140.605 25.7 6
2010 8 13 13 46 31.8945 44.8069 141.15 24.5 5
2010 8 13 13 46 55.476 44.815 140.789 14.6 6
2010 8 13 13 46 55.8344 44.803 140.779 23.3 5
2010 8 13 13 47 21.0178 44.8235 140.622 17 5
2010 8 13 13 48 9.3391 44.8048 141.037 26.5 5
2010 8 13 13 48 20.9608 44.7455 140.961 28.8 5
2010 8 13 13 49 11.5118 44.7989 140.979 21.5 6
2010 8 13 13 49 17.6583 44.7515 140.956 25.9 7
2010 8 13 13 50 20.8937 44.8219 140.736 21 5
2010 8 13 13 52 14.1073 44.8333 140.964 24.6 6
2010 8 13 13 53 23.4006 44.8025 140.987 9.9 5
2010 8 13 13 53 25.844 44.8084 141.008 23.2 5
2010 8 13 13 54 22.2199 44.8341 141.186 21.6 5
2010 8 13 13 54 22.4401 44.8279 140.755 20.8 5
2010 8 13 13 54 45.393 44.8392 140.639 23.5 8
2010 8 13 13 54 48.4545 44.7691 140.963 12.9 6
2010 8 13 13 55 25.6583 44.7897 140.779 1.9 5
2010 8 13 13 56 3.65213 44.8238 141.116 28.7 6
2010 8 13 13 56 14.6734 44.8361 141.032 23.8 5
2010 8 13 13 56 23.2367 44.8294 141.04 22.6 5
2010 8 13 13 56 49.5461 44.807 140.968 16.4 6
2010 8 13 13 57 54.3495 44.7802 141.055 8.4 6
2010 8 13 13 58 31.7513 44.7835 141.468 21.8 8
2010 8 13 13 58 31.8029 44.7644 141.444 14.9 6
2010 8 13 13 58 41.7887 44.8138 141.09 17.6 5
2010 8 13 13 58 41.885 44.8042 141.079 23 5
2010 8 13 13 59 12.0665 44.7791 141.573 21.3 5
2010 8 13 13 59 25.438 44.9217 141.414 27 5
2010 8 13 14 0 0.4087 44.857 141.069 27.7 5
2010 8 13 14 0 45.8212 44.7539 140.823 11.6 6
2010 8 13 14 1 45.8496 44.7814 141.132 25.5 7
2010 8 13 14 2 5.75219 44.7619 141.035 20.5 6
2010 8 13 14 2 5.81684 44.7364 141.007 24.1 5
2010 8 13 14 2 38.1164 44.8148 141.078 11.7 5
2010 8 13 14 2 38.2155 44.7946 141.54 23.2 5
2010 8 13 14 3 21.4871 44.8516 140.84 18.5 5
2010 8 13 14 3 39.1624 44.7281 140.853 24.7 6
2010 8 13 14 6 51.4389 44.8335 141.04 21.5 5
2010 8 13 14 6 51.5251 44.6886 141.036 6.9 5
2010 8 13 14 6 51.5574 44.7708 141.005 14.4 5
2010 8 13 14 7 6.58335 44.8418 140.835 13.2 6
2010 8 13 14 7 11.2683 44.8417 141.135 21.5 5
2010 8 13 14 7 11.3559 44.81 141.486 24.4 6
2010 8 13 14 7 11.4325 44.8336 141.146 17.5 6
2010 8 13 14 8 8.70861 44.7012 141.502 12.2 5
2010 8 13 14 8 56.2792 44.7096 141.555 20.7 6
2010 8 13 14 9 17.6524 44.8759 141.137 23.8 10
2010 8 13 14 9 17.7464 44.8892 141.122 23.5 7
2010 8 13 14 9 32.2067 44.8036 141.507 9.3 7
2010 8 13 14 9 32.9614 44.846 141.154 26.8 8
2010 8 13 14 9 50.3035 44.7999 140.917 23.3 9
2010 8 13 14 10 5.61225 44.8537 141.187 20.5 7
2010 8 13 14 10 16.838 44.8188 141.468 21.8 9
2010 8 13 14 11 12.7352 44.7641 141.295 22.5 7
2010 8 13 14 13 50.593 44.7865 141.127 11.1 5
2010 8 13 14 15 47.5854 44.8086 141.275 27.4 7
2010 8 13 14 16 23.0517 44.7605 141.576 21.1 5
2010 8 13 14 16 28.9468 44.7245 141.235 21.8 7
2010 8 13 14 17 3.27016 44.82 141.506 9.8 5
2010 8 13 14 17 20.3372 44.7365 141.151 19.8 5
2010 8 13 14 17 27.4502 44.8137 141.209 15.4 6
2010 8 13 14 17 43.18 44.7981 141.238 9.7 6
2010 8 13 14 17 55.497 44.8636 141.083 12.8 7
2010 8 13 14 17 55.6437 44.8336 141.173 20.7 5
2010 8 13 14 18 23.1877 44.8108 141.175 22.8 7
2010 8 13 14 21 19.2242 44.7888 141.268 6.9 6
2010 8 13 14 22 4.91728 44.8354 141.303 14 8
2010 8 13 14 22 5.40962 44.8066 141.292 3.9 5
2010 8 13 14 23 11.013 44.8195 141.35 14.5 5
2010 8 13 14 23 49.3257 44.8282 141.161 22 5
2010 8 13 14 25 3.07219 44.8555 141.571 25.2 6
2010 8 13 14 26 13.6627 44.7156 141.376 22.3 7
2010 8 13 14 27 5.05378 44.7164 141.405 23.7 7
2010 8 13 14 27 47.333 44.8008 141.349 21.1 6
2010 8 13 14 28 40.6059 44.8284 141.414 24.6 6
2010 8 13 14 28 58.4009 44.8581 141.538 14.4 5
2010 8 13 14 29 25.6832 44.7333 141.32 15 5
2010 8 13 14 29 45.3827 44.7181 141.33 26.8 5
2010 8 13 14 29 45.7545 44.7663 141.327 11.6 5
2010 8 13 14 30 22.0581 44.781 141.296 10.8 7
2010 8 13 14 31 47.0866 44.7811 141.347 20.7 6
2010 8 13 14 32 1.08277 44.7561 141.41 12.4 6
2010 8 13 14 32 56.3665 44.8091 140.938 9.1 7
2010 8 13 14 33 14.6948 44.7362 141.474 4.8 5
2010 8 13 14 34 13.0102 44.7837 141.584 25.6 6
2010 8 13 14 34 54.6465 44.7716 141.503 19 6
2010 8 13 14 34 57.8814 44.9068 141.542 19.7 5
2010 8 13 14 35 23.1681 44.7807 141.515 15.2 5
2010 8 13 14 35 39.016 44.7741 141.503 27.8 5
2010 8 13 14 37 3.4881 44.842 140.899 20.1 5
2010 8 13 14 37 30.9518 44.8068 141.558 25.9 5
2010 8 13 14 37 40.5475 44.8069 141.419 3.9 5
2010 8 13 14 38 36.1204 38.1486 136.714 6.4 5
2010 8 13 14 39 24.6445 44.7292 141.549 15.7 5
2010 8 13 14 40 6.60215 44.8594 141.393 6.7 6
2010 8 13 14 40 6.73527 44.8597 141.232 7.7 5
2010 8 13 14 40 7.25227 44.762 141.445 17.8 7
2010 8 13 14 40 43.0355 44.9276 140.936 12.3 5
2010 8 13 14 41 33.6175 38.5491 136.363 5.1 5
2010 8 13 14 41 33.8014 38.4971 136.353 13.5 10
2010 8 13 14 43 37.8956 44.7109 141.552 6 5
2010 8 13 14 43 38.0248 44.733 141.504 24.5 6
2010 8 13 14 43 49.9622 44.7888 141.529 14.9 5
2010 8 13 14 44 11.1522 44.8047 141.5 18.5 5
2010 8 13 14 44 23.0995 44.7998 141.543 6.7 5
2010 8 13 14 44 23.1375 44.7591 141.531 10.1 5
2010 8 13 14 44 50.7263 44.8531 141.466 11 5
2010 8 13 14 45 11.4163 44.8087 141.439 6.8 5
2010 8 13 14 45 14.5911 44.7979 141.595 11.9 5
2010 8 13 14 45 32.9873 44.7815 141.59 16.5 6
2010 8 13 14 48 13.5692 44.7595 141.595 20.1 8
2010 8 13 14 49 10.8528 44.8033 141.562 12.2 8
2010 8 13 14 49 50.1496 44.8574 141.536 24.8 5
2010 8 13 14 51 38.2464 37.998 136.93 10.9 6
2010 8 13 14 54 55.4361 44.7959 141.557 15.8 7
2010 8 13 14 54 55.4847 44.746 141.556 4.7 5
2010 8 13 14 55 47.2425 45.4742 141.138 15.4 5
2010 8 13 14 57 56.8941 44.8781 141.113 13.6 5
2010 8 13 14 58 29.6499 44.6817 141.538 21.2 6
2010 8 13 15 5 27.0082 38.5778 136.518 20 9
2010 8 13 15 9 11.6305 44.8218 141.255 15.2 6
2010 8 13 15 12 5.65564 44.8586 141.235 19.3 8
2010 8 13 15 12 43.1158 44.793 141.397 15.8 7
2010 8 13 15 15 39.6404 44.8468 141.411 11.4 5
2010 8 13 15 17 49.5638 44.8259 141.428 28 5
2010 8 13 15 28 43.7669 44.8776 140.852 18.4 8
2010 8 13 15 29 15.6179 36.5394 136.105 14.2 6
2010 8 13 15 30 4.02349 44.8501 140.845 25.7 8
2010 8 13 15 30 6.19395 44.7532 141.505 28.2 5
2010 8 13 15 33 44.1906 38.3644 137.043 11.3 8
2010 8 13 15 33 44.6897 38.4263 136.939 18.6 8
2010 8 13 15 33 48.8201 44.8191 140.886 7.5 5
2010 8 13 15 35 29.4013 44.8047 141.185 17.2 8
2010 8 13 15 36 47.1338 44.8645 140.809 21.7 8
2010 8 13 15 37 21.5781 44.7718 141.434 24.5 7
2010 8 13 15 40 15.6126 44.79 141.537 14.2 5
2010 8 13 15 40 59.7491 44.7938 141.112 14.9 7
2010 8 13 15 42 24.6285 44.8023 141.185 22.8 7
2010 8 13 15 43 36.5759 44.8628 141.466 7.6 6
2010 8 13 15 44 38.654 44.802 141.271 29.6 7
2010 8 13 15 44 54.8115 44.7866 141.178 20.6 5
2010 8 13 15 46 54.6022 44.8036 141.199 16.9 7
2010 8 13 15 46 54.6693 44.8391 141.149 6.7 5
2010 8 13 15 47 9.19258 44.6202 140.865 20.4 5
2010 8 13 15 47 41.7371 44.8731 140.878 15.7 7
2010 8 13 15 48 37.266 38.4778 137.092 12.1 6
2010 8 13 15 49 54.4707 38.3539 137.182 17.4 8
2010 8 13 15 49 54.5482 38.5162 137.26 25.6 6
2010 8 13 15 50 36.6296 44.8093 141.178 22 7
2010 8 13 15 51 16.1232 44.9038 140.64 13.3 5
2010 8 13 15 51 54.739 44.7986 141.229 17.3 7
2010 8 13 15 51 54.739 44.945 141.227 8.1 6
2010 8 13 15 52 51.0081 44.74 141.127 7.4 5
2010 8 13 15 53 1.0433 44.9193 139.526 23.3 8
2010 8 13 15 54 23.0263 44.8939 141.182 24.1 6
2010 8 13 15 54 59.1129 36.5763 136.212 12.8 5
2010 8 13 15 56 24.0177 44.8244 141.312 19 8
2010 8 13 15 56 27.1147 36.5681 136.27 18.7 9
2010 8 13 15 57 50.1348 44.84 141.201 26.7 7
2010 8 13 15 58 18.92 44.824 141.527 21.1 5
2010 8 13 15 58 21.6712 44.8597 141.197 22.4 6
2010 8 13 15 58 23.1129 44.8965 139.598 16.8 7
2010 8 13 15 58 23.1152 44.8929 139.526 20.2 8
2010 8 13 15 58 31.9239 38.3791 137.196 11.5 7
2010 8 13 16 0 49.8718 44.7453 141.588 29.3 6
2010 8 13 16 1 56.3804 44.8958 139.56 20.2 6
2010 8 13 16 2 45.1331 44.7982 141.314 12.3 5
2010 8 13 16 7 12.4892 44.733 141.45 16.5 6
2010 8 13 16 7 39.041 38.5743 137.151 14 5
2010 8 13 16 8 4.3022 44.8588 141.377 29 6
2010 8 13 16 8 26.373 44.6792 141.502 9.7 5
2010 8 13 16 8 57.1508 44.947 140.702 29 6
2010 8 13 16 8 57.2198 44.9924 140.671 24.3 5
2010 8 13 16 9 10.4909 38.4457 137.29 16.3 7
2010 8 13 16 10 17.0626 44.9087 141.081 24.3 6
2010 8 13 16 10 54.7456 44.8669 139.629 14.2 6
2010 8 13 16 11 7.15008 38.4975 137.326 19.1 7
2010 8 13 16 11 9.69696 44.6688 139.992 19.1 7
2010 8 13 16 11 52.0292 44.8938 140.849 20.4 5
2010 8 13 16 11 55.3248 38.5539 137.05 14.3 11
2010 8 13 16 12 34.4269 44.9218 139.879 14.9 5
2010 8 13 16 13 58.0965 44.834 141.442 12.1 7
2010 8 13 16 14 7.74008 44.84 141.48 20.8 5
2010 8 13 16 14 11.8755 44.8188 141.303 11.8 5
2010 8 13 16 17 38.2416 44.8791 141.198 27.3 7
2010 8 13 16 18 13.6912 44.8934 141.379 15.6 7
2010 8 13 16 18 48.8614 44.9264 140.933 17.4 5
2010 8 13 16 19 36.7355 38.5707 136.993 9.6 5
2010 8 13 16 19 47.87 44.9033 141.262 27.5 6
2010 8 13 16 21 28.0123 44.9608 140.916 15.1 5
2010 8 13 16 24 38.8272 44.8492 141.345 27.9 5
2010 8 13 16 27 47.7119 44.9222 141.454 19.7 8
2010 8 13 16 28 17.1582 44.6808 140.168 23.1 6
2010 8 13 16 29 38.8164 44.8911 141.464 23.6 8
2010 8 13 16 30 37.647 44.9063 141.362 21.8 6
2010 8 13 16 31 2.34953 44.7167 140.193 11.2 5
2010 8 13 16 32 12.5194 44.9956 141.049 24.4 7
2010 8 13 16 36 0.152083 44.766 141.587 14.1 6
2010 8 13 16 36 23.5525 44.9272 141.44 22.8 5
2010 8 13 16 39 25.5607 44.8982 141.546 21.3 10
2010 8 13 16 39 57.2839 44.8791 141.544 18.9 5
2010 8 13 16 40 6.67702 44.9324 139.853 20.4 9
2010 8 13 16 41 5.80017 44.9676 139.846 28.2 8
2010 8 13 16 45 48.3153 44.8622 140.8 26.9 8
2010 8 13 16 46 37.8152 44.8342 139.882 7.3 5
2010 8 13 16 48 9.48236 44.8576 141.345 26.9 7
2010 8 13 16 49 39.1795 44.8785 141.282 4.4 5
2010 8 13 16 50 12.0005 44.831 141.342 23.1 6
2010 8 13 16 52 8.76727 44.6787 140.445 17.3 5
2010 8 13 16 53 6.70917 44.9043 139.888 10.7 5
2010 8 13 16 54 12.367 45.1059 139.947 23.1 5
2010 8 13 16 54 44.0475 44.7566 140.409 25.1 7
2010 8 13 16 56 12.1422 44.8783 140.868 28.4 7
2010 8 13 16 56 40.7811 44.9495 140 21 6
2010 8 13 16 57 13.5214 44.8217 140.938 17.2 6
2010 8 13 16 58 22.0779 44.7471 140.442 24 6
2010 8 13 16 59 29.0151 44.8612 141.354 28.2 9
2010 8 13 17 0 4.17806 44.6841 141.488 5.1 5
2010 8 13 17 1 9.91219 44.7253 140.476 28.5 6
2010 8 13 17 2 56.3719 44.7798 141.499 17.1 5
2010 8 13 17 4 54.9594 44.9629 141.484 26.7 5
2010 8 13 17 5 32.5773 38.1932 137.915 23.5 6
2010 8 13 17 5 53.7734 44.7806 141.609 14.3 5
2010 8 13 17 6 46.1328 44.8343 141.496 25.9 8
2010 8 13 17 7 30.9402 44.8928 141.184 28.3 6
2010 8 13 17 7 31.2608 44.9228 141.169 26 9
2010 8 13 17 8 6.70045 44.8508 141.404 19.3 7
2010 8 13 17 8 34.5035 44.8555 141.562 26.5 7
2010 8 13 17 10 12.5624 44.8486 141.359 24.1 7
2010 8 13 17 10 40.5262 44.8721 141.329 24 8
2010 8 13 17 10 50.015 44.7439 140.557 18.7 8
2010 8 13 17 10 52.5542 44.9032 141.185 25.9 5
2010 8 13 17 11 6.55506 38.1614 138.058 12 5
2010 8 13 17 12 30.4064 44.9386 140.431 13.4 5
2010 8 13 17 13 3.61447 44.7932 140.612 24.2 7
2010 8 13 17 13 6.91202 44.8856 141.266 28.8 7
2010 8 13 17 13 23.2829 44.873 141.023 21.9 6
2010 8 13 17 13 52.031 45.0619 140.442 25.4 10
2010 8 13 17 14 58.45 44.7392 140.634 20 7
2010 8 13 17 16 14.3095 45.0503 140.427 18.6 6
2010 8 13 17 20 5.1964 44.8848 141.094 28.5 8
2010 8 13 17 20 33.9485 44.8535 141.381 20.9 6
2010 8 13 17 20 53.6912 44.869 141.517 26.7 6
2010 8 13 17 24 31.6885 44.7894 140.35 26.8 7
2010 8 13 17 24 34.1671 44.8186 140.883 28.8 7
2010 8 13 17 24 53.0657 44.8744 141.16 23.4 7
2010 8 13 17 26 5.04731 44.892 141.144 29.7 6
2010 8 13 17 26 5.40331 44.7951 140.78 24.2 7
2010 8 13 17 26 5.40548 44.7706 140.757 25.6 7
2010 8 13 17 26 44.3373 44.8903 141.447 16 6
2010 8 13 17 27 21.9162 44.9631 141.245 28.2 5
2010 8 13 17 29 4.38134 44.8573 141.51 18.8 6
2010 8 13 17 29 31.9008 44.8263 140.992 13.3 6
2010 8 13 17 30 51.4579 44.8365 141.255 16.2 5
2010 8 13 17 31 15.6185 44.7742 140.758 13.4 5
2010 8 13 17 35 55.3565 44.768 140.698 25.1 6
2010 8 13 17 36 18.9711 44.7441 141.327 16.2 5
2010 8 13 17 36 44.0937 44.7931 140.518 27.1 6
2010 8 13 17 40 7.04485 44.8087 140.816 29.3 9
2010 8 13 17 40 12.1776 44.8498 141.095 11.6 5
2010 8 13 17 41 24.6513 44.7709 140.495 29 5
2010 8 13 17 42 43.1844 44.8608 141.106 27.3 7
2010 8 13 17 44 10.0261 44.7523 140.895 21.9 5
2010 8 13 17 46 9.68852 38.8725 135.998 14.5 5
2010 8 13 17 46 9.78491 38.6421 136.337 20.5 5
2010 8 13 17 48 49.3346 44.786 140.815 29 8
2010 8 13 17 49 53.5381 44.7743 141.231 17.2 5
2010 8 13 17 50 13.6419 44.8464 140.593 27 6
2010 8 13 17 51 55.8569 44.7313 140.883 14.8 5
2010 8 13 17 52 7.64318 44.7681 140.851 23.2 5
2010 8 13 17 52 37.2629 44.8568 140.627 29.8 7
2010 8 13 17 52 39.4866 44.7649 140.95 28.9 8
2010 8 13 18 8 18.1803 44.8641 141.344 17.6 5
2010 8 13 18 11 15.8266 44.8477 141.54 23.6 6
2010 8 13 18 11 40.587 44.9984 141.448 25.2 5
2010 8 13 18 13 0.036973 44.8248 141.356 14.2 5
2010 8 13 18 13 2.15795 44.8914 140.773 24 5
2010 8 13 18 15 55.9771 44.856 141.175 27.8 5
2010 8 13 18 18 30.8173 44.9387 141.169 21.2 5
2010 8 13 18 20 40.6855 45.0392 140.602 9.9 5
2010 8 13 18 22 56.2636 44.8671 141.429 29 8
2010 8 13 18 23 30.1554 44.866 141.454 27.9 8
2010 8 13 18 24 30.4251 44.9272 141.122 15.7 5
2010 8 13 18 24 30.5571 44.8181 141.14 25.9 6
2010 8 13 18 24 53.1614 44.8638 140.892 26.5 5
2010 8 13 18 24 56.93 38.4558 136.579 16.7 5
2010 8 13 18 25 14.6317 44.8391 141.488 24.8 6
2010 8 13 18 27 23.0416 44.8118 141.194 23.2 5
2010 8 13 18 30 18.1262 44.843 141.545 10.8 5
2010 8 13 18 32 58.1123 44.7871 141.495 18.7 5
2010 8 13 18 33 13.3725 44.7992 141.326 25.9 5
2010 8 13 18 33 18.3795 44.8689 141.53 28.6 5
2010 8 13 18 33 19.6965 44.8736 140.848 18.4 6
2010 8 13 18 33 19.7995 44.8139 140.772 19.6 6
2010 8 13 18 34 14.651 45.0821 141.065 7.6 5
2010 8 13 18 34 42.3284 44.8208 141.319 28 5
2010 8 13 18 42 24.4228 38.4522 136.365 24.7 5
2010 8 13 18 43 19.3092 38.4283 136.543 10.5 5
2010 8 13 18 45 9.1762 44.8946 141.364 12.5 5
2010 8 13 18 46 38.4369 44.8682 141.381 24.2 5
2010 8 13 18 47 33.5206 44.7282 141.447 14.7 5
2010 8 13 18 47 43.1862 38.437 136.612 7.5 5
2010 8 13 18 48 58.2934 44.9168 141.486 21.4 6
2010 8 13 18 50 37.5827 44.7753 140.132 28.3 5
2010 8 13 18 51 35.3051 44.9116 140.951 14.3 5
2010 8 13 18 51 55.4301 38.4955 136.745 4.3 5
2010 8 13 18 52 26.6523 44.8018 141.467 24.6 9
2010 8 13 18 53 25.186 44.7643 141.528 24.7 5
2010 8 13 18 55 56.0659 44.7568 141.55 23.8 6
2010 8 13 18 56 27.0282 44.8346 141.145 14.6 5
2010 8 13 18 58 52.014 44.8519 140.734 18.9 7
2010 8 13 18 59 47.6866 44.8255 140.891 28.2 7
2010 8 13 19 0 51.145 44.753 141.621 19.7 5
2010 8 13 19 2 49.7489 44.7593 141.455 20.9 5
2010 8 13 19 2 50.2259 44.7919 141.431 29.9 5
2010 8 13 19 5 5.73835 38.4367 137.735 29.9 6
2010 8 13 19 7 9.88153 44.7796 141.497 23.4 5
2010 8 13 19 17 20.7687 44.8388 140.853 24.3 8
2010 8 13 19 17 59.0118 44.7473 141.463 24.9 6
2010 8 13 19 20 3.77813 44.6976 141.456 19.5 5
2010 8 13 19 20 6.31291 44.7388 140.376 28.2 5
2010 8 13 19 20 30.1633 44.7719 141.52 15.9 5
2010 8 13 19 21 15.8505 44.7963 140.923 3.4 5
2010 8 13 19 21 38.177 44.8139 141.386 22 5
2010 8 13 19 22 33.6563 44.6819 140.239 19 5
2010 8 13 19 22 47.1042 44.7887 141.578 11.7 5
2010 8 13 19 23 4.45509 44.7161 141.61 14.2 5
2010 8 13 19 23 22.4149 44.81 140.991 23 6
2010 8 13 19 23 39.471 44.7275 141.596 12.6 5
2010 8 13 19 25 1.31089 44.8086 141.034 18.7 5
2010 8 13 19 25 23.0135 44.7432 141.548 14.2 5
2010 8 13 19 26 0.193876 44.682 140.344 14.3 5
2010 8 13 19 26 39.6474 44.7109 140.429 18.6 5
2010 8 13 19 28 45.3426 44.7731 140.812 15.4 6
2010 8 13 19 31 4.27631 44.8048 141.32 16.8 5
2010 8 13 19 32 27.8372 44.7431 141.462 14.4 5
2010 8 13 19 32 35.0891 35.1468 129.19 9.1 5
2010 8 13 19 32 46.6792 44.6964 141.578 9.9 5
2010 8 13 19 33 13.353 44.7033 141.5 4.7 5
2010 8 13 19 36 26.2735 44.833 141.219 11.6 5
2010 8 13 19 38 33.169 44.8028 141.311 14.4 5
2010 8 13 19 40 53.7467 44.7639 141.083 9.7 5
2010 8 13 19 42 19.9451 44.7113 140.485 14.8 5
2010 8 13 19 42 38.8829 44.7663 141.514 14.5 5
2010 8 13 19 42 38.8895 44.755 141.538 14.7 6
2010 8 13 19 42 39.0773 44.7692 141.452 10.9 5
2010 8 13 19 42 39.1253 44.7565 141.451 12.1 5
2010 8 13 19 42 39.1819 44.8074 141.453 6.5 5
2010 8 13 19 43 53.2793 44.7426 140.691 9.3 5
2010 8 13 19 49 41.1416 44.7527 140.897 9 7
2010 8 13 19 51 44.3688 44.7248 141.075 14.6 5
2010 8 13 19 53 3.85857 44.6622 141.426 9.2 5
2010 8 13 19 54 17.7877 44.6111 141.289 5.7 5
2010 8 13 19 55 13.4013 44.6385 141.269 5.1 5
2010 8 13 19 55 59.1301 44.5909 141.296 13.4 6
2010 8 13 19 56 15.9051 44.7749 141.425 10.7 5
2010 8 13 19 57 5.43973 44.6681 140.384 9.8 5
2010 8 13 19 57 51.5469 44.6711 141.392 10.3 5
2010 8 13 19 59 38.4763 44.7161 141.457 8.4 5
2010 8 13 20 1 46.1055 35.2491 129.337 14.7 5
2010 8 13 20 1 46.204 35.2425 129.428 5.9 5
2010 8 13 20 1 54.1406 44.6781 141.01 7.3 5
2010 8 13 20 1 54.2091 44.6751 141.019 8.6 5
2010 8 13 20 3 3.76387 44.6817 141.258 5.9 5
2010 8 13 20 3 8.6976 35.7578 131.992 18.2 5
2010 8 13 20 4 39.2411 44.7443 141.486 10.6 7
2010 8 13 20 7 31.4482 44.5818 141.372 15 5
2010 8 13 20 8 14.6889 44.6718 141.366 17.2 6
2010 8 13 20 8 56.5682 44.6259 140.564 22.9 5
2010 8 13 20 9 6.77151 44.7957 141.327 20 5
2010 8 13 20 9 54.4762 44.6388 141.451 5.7 5
2010 8 13 20 10 28.4686 35.2139 129.344 17.1 5
2010 8 13 20 11 40.1868 44.6527 140.736 5.2 5
2010 8 13 20 12 20.6367 44.8025 141.216 7 5
2010 8 13 20 12 35.1971 44.6641 140.767 14.3 6
2010 8 13 20 13 11.8117 44.5872 140.668 8.4 6
2010 8 13 20 13 11.8507 44.666 140.822 11.6 5
2010 8 13 20 13 11.8936 44.711 140.769 11.2 7
2010 8 13 20 13 15.8607 44.7436 141.081 14.7 5
2010 8 13 20 13 35.5097 44.6144 141.354 14.5 5
2010 8 13 20 14 32.6174 44.6629 141.025 3.5 5
2010 8 13 20 14 32.658 44.6795 141.083 13.3 8
2010 8 13 20 16 9.26111 44.7741 141.398 18 5
2010 8 13 20 16 9.38822 44.7619 141.44 12.4 5
2010 8 13 20 17 10.9816 44.6718 141.04 6.3 5
2010 8 13 20 17 11.0266 44.6797 141.046 7.2 5
2010 8 13 20 17 47.5588 44.7853 141.095 10.8 6
2010 8 13 20 20 29.6673 44.6981 141.149 17.6 5
2010 8 13 20 21 37.3981 44.6802 141.156 18.2 6
2010 8 13 20 22 2.09176 44.6477 141.456 7.3 5
2010 8 13 20 23 49.4888 36.3243 134.134 8.2 5
2010 8 13 20 24 30.4388 44.6752 140.861 13.9 5
2010 8 13 20 25 19.6817 44.6953 141.173 7.7 5
2010 8 13 20 25 38.6031 44.6744 140.879 15.1 5
2010 8 13 20 26 7.9327 44.6534 141.331 13.9 6
2010 8 13 20 26 8.032 44.657 141.341 19.5 6
2010 8 13 20 26 33.2848 44.6415 141.478 14.9 7
2010 8 13 20 26 34.1403 44.6457 141.57 11.7 5
2010 8 13 20 27 15.4929 44.5978 141.571 15.3 7
2010 8 13 20 27 56.6446 44.7363 141.631 9.5 5
2010 8 13 20 28 24.6493 44.6217 141.003 15.6 5
2010 8 13 20 28 24.6943 44.6323 141.042 13.6 5
2010 8 13 20 29 36.7606 44.6146 140.935 5.2 7
2010 8 13 20 29 57.7993 44.6772 141.533 8.8 6
2010 8 13 20 30 14.9681 44.6827 141.499 11.9 5
2010 8 13 20 30 22.3881 44.6542 141.02 9.9 5
2010 8 13 20 30 36.6619 44.7044 141.465 8.6 5
2010 8 13 20 31 1.70125 44.5913 141.423 10.2 5
2010 8 13 20 31 31.7796 44.6668 141.184 19.5 7
2010 8 13 20 31 31.8178 44.6712 141.247 19 5
2010 8 13 20 31 32.2374 44.6155 141.4 7.1 5
2010 8 13 20 32 1.57805 44.6077 141.655 9.9 5
2010 8 13 20 32 6.72133 44.6861 141.361 3.6 5
2010 8 13 20 32 36.3816 44.6337 141.352 17.3 6
2010 8 13 20 32 51.2851 44.5945 140.866 18.9 6
2010 8 13 20 35 3.67222 44.5617 141.549 18.4 5
2010 8 13 20 36 1.71129 44.6232 141.478 19.8 6
2010 8 13 20 36 18.2707 44.6155 141.658 13.7 5
2010 8 13 20 37 25.5108 44.5832 141.426 16 5
2010 8 13 20 37 25.6061 44.5969 141.448 18.2 6
2010 8 13 20 37 25.9287 44.6027 141.44 18.9 7
2010 8 13 20 38 10.5872 44.756 141.267 11.8 5
2010 8 13 20 38 22.4194 44.658 141.062 19.7 5
2010 8 13 20 39 4.74726 44.6143 141.611 20 5
2010 8 13 20 39 5.13542 44.6071 141.531 12.5 5
2010 8 13 20 39 33.4359 44.5984 141.654 18.3 5
2010 8 13 20 39 34.6778 44.6188 141.335 19.2 5
2010 8 13 20 39 54.5192 44.6135 141.621 11 5
2010 8 13 20 41 53.0364 44.5352 140.908 11.2 5
2010 8 13 20 43 2.66707 44.5793 140.955 12.3 5
2010 8 13 20 44 4.10392 44.6168 141.626 19.6 5
2010 8 13 20 44 33.4649 44.6079 141.599 14.6 5
2010 8 13 20 45 10.8461 44.6584 141.605 9.5 5
2010 8 13 20 45 11.0865 44.6059 141.618 14.3 6
2010 8 13 20 45 11.7721 44.5794 141.656 20.1 5
2010 8 13 20 46 7.42599 44.6008 141.662 15.4 6
2010 8 13 20 51 10.4246 44.5379 141.618 14.9 6
2010 8 13 20 51 12.0441 44.6939 141.591 11 5
2010 8 13 20 58 55.8276 35.6611 132.651 13.4 5
2010 8 13 21 11 55.9194 44.5688 141.307 15.4 5
2010 8 13 21 14 32.8643 44.5436 141.165 14.8 5
2010 8 13 21 15 32.4658 44.5939 141.574 17.4 5
2010 8 13 21 23 51.1928 44.5346 141.581 18.1 5
2010 8 13 21 25 5.55608 44.5821 141.522 8.5 5
2010 8 13 21 54 0.867744 35.1304 129.833 16 5
2010 8 13 22 40 22.6451 35.2205 130.057 14.2 5
2010 8 14 2 8 18.1071 36.9403 135.843 18.6 7
2010 8 14 4 7 7.94301 40.344 139.548 18.1 7
2010 8 14 4 8 30.1827 40.3593 139.592 13.1 5
2010 8 14 4 9 51.8981 40.3768 139.589 19.4 7
2010 8 14 13 12 59.6444 39.0121 127.999 7.4 6
2010 8 14 13 23 12.8462 39.1417 128.029 10.5 6
2010 8 14 13 26 16.2542 38.8321 128.284 7.5 5
2010 8 14 13 36 57.9859 38.9577 128.447 8 6
2010 8 14 13 43 52.1012 38.9701 128.47 5.1 6
2010 8 14 13 52 28.047 38.7728 128.243 29.2 6
2010 8 14 14 3 1.27818 38.6526 128.492 24.6 5
2010 8 14 14 6 15.0072 38.7285 128.532 10.5 5
2010 8 14 14 9 17.6672 38.9318 128.448 19.7 8
2010 8 14 14 9 34.6684 39.0699 128.884 10 6
2010 8 14 14 10 27.4666 38.7058 128.571 25.8 7
2010 8 14 14 17 17.8578 39.0179 128.733 13.1 8
2010 8 14 14 25 35.1284 38.939 128.763 6.1 5
2010 8 14 14 30 44.0834 38.6614 128.984 16.5 5
2010 8 14 14 44 29.4315 38.606 128.424 12.2 5
2010 8 14 14 44 52.2984 39.0856 129.143 11.4 6
2010 8 14 14 59 35.3547 39.0481 129.194 13 7
2010 8 14 15 8 49.0364 38.8593 130.161 25.5 6
2010 8 14 15 8 50.8143 39.2975 130.535 5.6 6
2010 8 14 15 42 37.9087 38.4395 129.47 21.5 8
2010 8 14 15 52 0.675945 39.2432 130.977 17.8 8
2010 8 14 15 56 53.5837 38.7212 129.31 21.9 7
2010 8 14 16 31 4.27607 38.6352 128.562 22.5 6
2010 8 14 16 31 23.3964 38.3917 129.554 16.3 7
2010 8 14 16 41 16.3304 38.5867 128.619 18.5 8
2010 8 14 16 41 16.4605 38.5487 129.365 29.9 5
2010 8 14 16 41 33.0382 38.4416 129.582 22.9 8
2010 8 14 16 43 56.707 38.4867 129.509 29.9 7
2010 8 14 16 50 18.753 38.4809 129.549 26.9 7
2010 8 14 17 26 3.0094 38.6103 128.516 25.4 9
2010 8 14 17 38 34.1594 38.5601 128.612 29.8 6
2010 8 14 17 48 12.896 38.4512 128.922 22.2 5
2010 8 14 18 27 16.0064 38.4536 128.534 16.5 7
2010 8 14 18 28 20.4448 38.5268 128.619 8.1 5
2010 8 14 18 30 50.0664 38.6419 128.677 4.4 6
2010 8 14 18 36 13.2954 38.4928 128.515 22.6 7
2010 8 14 18 36 13.3378 38.4949 128.548 22.3 5
2010 8 14 18 40 7.17673 38.4529 129.537 0.5 5
2010 8 14 18 46 21.8504 38.1128 129.107 28.9 5
2010 8 14 18 52 30.4388 38.6117 128.388 12.6 6
2010 8 14 18 53 22.8765 37.5186 137.893 10.1 5
2010 8 14 18 55 41.7221 38.4084 129.955 15.9 8
2010 8 14 18 57 6.4195 38.5646 128.774 19 6
2010 8 14 18 59 15.3214 38.2428 128.707 1.1 5
2010 8 14 19 12 14.4054 38.0185 129.095 18.4 7
2010 8 14 19 25 44.8413 38.4775 128.845 5.9 5
2010 8 14 19 32 56.513 39.4456 128.069 8.5 5
2010 8 14 19 36 45.227 38.6295 128.637 14.3 6
2010 8 14 19 41 53.4879 38.5939 128.999 14.7 6
2010 8 14 20 47 38.2939 38.2774 129.171 8.6 5
2010 8 14 20 51 7.08528 38.1557 129.345 10.8 5
2010 8 14 21 57 13.6275 37.9701 129.093 28 5
2010 8 14 22 0 7.34645 38.6295 130.22 3 6
2010 8 14 22 0 48.9073 37.8195 129.666 12.5 8
2010 8 14 22 0 49.0504 37.7498 129.57 16.3 7
2010 8 14 22 40 14.8912 37.9278 128.931 9.9 6
2010 8 14 23 26 29.4652 37.6266 129.457 27.8 6
2010 8 14 23 26 29.4652 37.489 129.641 4.5 6
2010 8 14 23 30 34.49 37.5768 129.7 17.3 7
2010 8 14 23 30 35.3142 37.5553 129.687 1.6 5
2010 8 14 23 30 35.4628 37.6706 129.737 20.5 6
2010 8 14 23 32 51.1985 37.5413 129.844 22 7
2010 8 14 23 33 15.4856 36.6823 130.224 29.8 5
2010 8 15 0 40 50.7153 36.9901 129.57 28.8 8
2010 8 15 0 42 23.8143 36.9906 129.553 4.5 5
2010 8 15 0 50 6.22532 36.9494 129.511 11.4 7
2010 8 15 1 6 23.7046 36.7962 129.553 3.9 5
2010 8 15 1 7 57.5232 36.7877 129.532 11.8 8
2010 8 15 1 10 39.9426 36.8594 129.623 23 6
2010 8 15 1 10 40.005 36.8718 129.621 13.3 6
2010 8 15 1 14 32.043 36.8217 129.552 5.4 5
2010 8 15 1 17 1.4803 37.4665 129.187 3.6 5
2010 8 15 1 20 52.6807 36.8524 129.703 21.6 7
2010 8 15 1 21 20.6153 36.815 129.791 29.7 10
2010 8 15 1 22 16.9477 36.8344 129.757 24.8 7
2010 8 15 1 22 17.0035 36.8318 129.726 12.8 6
2010 8 15 1 24 36.0861 36.817 129.771 1.8 5
2010 8 15 1 27 13.3556 35.9052 130.234 22.1 5
2010 8 15 1 28 35.45 36.7938 129.854 3.9 5
2010 8 15 1 29 6.91636 36.8193 129.82 4.5 5
2010 8 15 1 32 31.9108 36.8425 129.858 11.7 7
2010 8 15 1 35 18.4574 36.8413 129.864 4.7 5
2010 8 15 1 35 18.5673 36.8698 129.901 11.1 6
2010 8 15 1 51 13.7074 37.1481 129.529 11.8 6
2010 8 15 2 7 16.2314 36.3366 129.497 1.7 5
2010 8 15 2 12 15.3159 36.4445 129.56 14.9 7
2010 8 15 2 12 36.5854 36.5482 129.623 15.1 6
2010 8 15 2 12 36.5963 36.5279 129.629 4.6 5
2010 8 15 2 21 46.4113 36.3648 129.691 2.4 5
2010 8 15 2 27 43.1676 35.6425 131.827 29.4 5
2010 8 15 2 39 24.3776 36.1021 129.424 4.2 5
2010 8 15 2 43 0.164809 36.7819 129.957 2.9 5
2010 8 15 2 43 18.5977 36.3477 129.55 2.8 5
2010 8 15 2 45 54.324 36.1688 129.514 25 5
2010 8 15 2 47 11.3279 36.1655 129.466 15.1 7
2010 8 15 2 47 19.8921 36.2354 129.483 9.7 5
2010 8 15 2 47 52.7371 36.0905 129.506 3 5
2010 8 15 2 47 52.8257 36.1058 129.509 2.7 5
2010 8 15 2 48 15.2932 36.205 129.491 11.2 8
2010 8 15 2 48 28.5287 36.195 129.464 8.3 5
2010 8 15 2 49 5.14008 36.8913 129.906 21.4 5
2010 8 15 2 49 5.25511 36.8566 129.878 5.8 5
2010 8 15 2 49 35.4752 36.2036 129.518 15.9 7
2010 8 15 2 49 35.5197 36.146 129.533 2.7 5
2010 8 15 2 49 35.5732 36.1754 129.525 6.9 6
2010 8 15 2 49 45.2212 36.1783 129.513 10.4 5
2010 8 15 2 50 18.492 36.2153 129.538 17.9 7
2010 8 15 2 50 28.2046 36.2 129.529 12.8 5
2010 8 15 2 50 42.9982 36.4533 129.976 18.7 6
2010 8 15 2 50 43.0775 36.4164 129.951 7 5
2010 8 15 2 50 52.7695 36.1036 129.528 3.6 5
2010 8 15 2 51 11.0799 36.1524 129.557 12.8 6
2010 8 15 2 51 12.3492 36.4221 129.543 3.4 5
2010 8 15 2 51 12.4483 36.4449 129.562 16.5 5
2010 8 15 2 51 24.5924 36.2043 129.548 16.5 6
2010 8 15 2 52 5.65443 36.1914 129.571 3.3 5
2010 8 15 2 52 5.77001 36.2704 129.594 15.4 7
2010 8 15 2 52 21.1935 36.5259 130.151 5.4 5
2010 8 15 2 52 49.0261 36.1986 129.555 29.1 8
2010 8 15 2 52 57.7303 36.1282 129.557 2.6 5
2010 8 15 2 53 12.5301 36.2082 129.592 5.6 5
2010 8 15 2 53 12.7126 36.2277 129.61 16 7
2010 8 15 2 54 17.4917 36.1787 129.556 4 6
2010 8 15 2 54 17.4986 36.2241 129.598 24.4 5
2010 8 15 2 54 25.1396 36.1263 129.563 2.1 5
2010 8 15 2 54 50.5081 36.1038 129.441 13.7 5
2010 8 15 2 55 22.2485 36.1722 129.565 15.2 6
2010 8 15 2 55 38.6462 36.1877 129.619 15.7 6
2010 8 15 2 55 39.6487 36.1302 129.571 12.4 6
2010 8 15 2 56 24.6798 36.1876 129.607 21 7
2010 8 15 2 56 36.7103 36.1357 129.641 3.6 5
2010 8 15 2 57 12.4625 36.1056 129.603 3.5 5
2010 8 15 2 57 12.7318 36.1172 129.592 4.9 5
2010 8 15 2 58 19.3562 36.1534 129.575 6.6 5
2010 8 15 2 58 19.4269 36.1045 129.588 2.6 5
2010 8 15 2 58 19.6123 36.1544 129.583 16.5 7
2010 8 15 2 58 19.6795 36.0346 129.669 20.7 5
2010 8 15 2 58 19.7464 36.1154 129.596 2.2 5
2010 8 15 2 58 19.8159 36.1214 129.596 15.5 6
2010 8 15 2 58 20.0209 36.1496 129.6 22 6
2010 8 15 2 59 26.4813 36.1048 129.616 2.2 5
2010 8 15 2 59 37.5942 36.1966 129.61 22.7 7
2010 8 15 2 59 37.6884 36.1493 129.601 2.5 5
2010 8 15 3 0 32.4551 36.1716 129.638 2.2 5
2010 8 15 3 0 37.8321 36.127 129.624 2.2 5
2010 8 15 3 1 30.773 36.1191 129.691 16.4 7
2010 8 15 3 1 31.1698 36.1019 129.673 12 6
2010 8 15 3 1 39.0631 36.3642 129.726 19.5 8
2010 8 15 3 2 33.4557 36.1425 129.65 14.4 6
2010 8 15 3 2 56.5024 36.1476 129.655 28.5 7
2010 8 15 3 3 2.65306 36.572 130.277 7.9 5
2010 8 15 3 3 2.6866 36.5287 130.315 4.2 5
2010 8 15 3 4 45.4208 36.2421 129.672 9.2 5
2010 8 15 3 4 45.5207 36.1227 129.764 2.6 5
2010 8 15 3 4 50.3603 36.1549 129.656 7.1 5
2010 8 15 3 5 23.2139 36.2696 129.664 15.6 6
2010 8 15 3 5 23.7093 36.4796 129.744 5 5
2010 8 15 3 8 57.2481 36.1279 129.826 17.5 6
2010 8 15 3 13 57.0914 36.2011 129.716 1.3 5
2010 8 15 3 14 33.6822 36.0995 129.447 20.8 7
2010 8 15 3 15 42.1786 36.1959 129.689 4.2 5
2010 8 15 3 16 27.5744 36.1714 129.834 12.8 5
2010 8 15 3 16 57.2857 36.2472 129.727 6.2 5
2010 8 15 3 20 46.3191 36.1906 129.607 12.3 6
2010 8 15 3 22 18.737 36.0951 129.8 11.3 5
2010 8 15 3 23 23.8629 36.0886 129.827 18.2 6
2010 8 15 3 24 24.6556 36.0662 129.831 21.9 11
2010 8 15 3 25 48.8923 36.0957 129.84 17.2 5
2010 8 15 3 27 30.4893 36.747 130.601 15 6
2010 8 15 3 27 35.054 36.0427 129.859 3.1 5
2010 8 15 3 28 3.37256 36.1484 130.019 12 6
2010 8 15 3 28 56.6676 36.0888 129.822 6.8 5
2010 8 15 3 29 49.0769 36.3303 129.874 22 6
2010 8 15 3 37 16.0085 36.0735 130.001 2.1 5
2010 8 15 3 41 25.5362 35.8868 129.591 7.1 5
2010 8 15 3 44 59.6134 35.7209 131.743 24.7 5
2010 8 15 3 48 10.893 35.8122 129.521 9.8 5
2010 8 15 4 58 4.60783 35.2923 129.336 4.2 5
2010 8 15 5 3 8.12397 35.3109 129.406 21.3 11
2010 8 15 5 6 7.54001 35.3505 129.427 9.8 5
2010 8 15 5 9 30.4455 35.2162 129.238 4.1 5
2010 8 15 5 11 21.6588 35.3023 129.536 22.9 10
2010 8 15 5 15 8.86509 35.3327 129.609 19.8 6
2010 8 15 5 55 8.17279 35.2483 130.016 18.1 13
2010 8 15 5 59 18.4085 35.4435 129.786 21.5 7
2010 8 15 12 42 19.2163 35.2446 129.325 29.6 8
2010 8 15 12 44 41.1652 35.2494 129.311 19.3 5
2010 8 15 12 57 18.3195 35.3809 129.408 10.7 6
2010 8 15 13 12 45.6311 35.2401 129.309 13.4 5
2010 8 15 13 13 32.9803 35.1963 129.427 12.5 5
2010 8 15 13 14 46.7954 35.1184 129.532 27.9 6
2010 8 15 13 14 46.8458 35.1239 129.21 19.4 5
2010 8 15 13 14 46.8798 35.1482 129.185 10.8 5
2010 8 15 13 14 47.0212 35.2045 129.316 14.2 5
2010 8 15 13 15 22.8715 35.2433 129.316 13.2 6
2010 8 15 13 15 22.8734 35.0753 129.278 11.1 5
2010 8 15 13 19 15.8146 35.2336 129.286 4.9 6
2010 8 15 13 21 7.04471 35.2807 129.368 21.7 10
2010 8 15 13 21 57.0268 35.2427 129.274 26.2 6
2010 8 15 13 22 56.5382 35.2715 129.412 18.7 5
2010 8 15 13 24 5.41726 35.0944 129.175 6.3 5
2010 8 15 13 24 5.49654 35.2614 129.387 17.8 7
2010 8 15 13 25 9.05556 35.284 129.634 21.6 5
2010 8 15 13 25 33.5837 35.2899 129.387 25.9 8
2010 8 15 13 25 33.8708 35.2736 129.307 7 6
2010 8 15 13 28 58.806 35.2849 129.476 15.9 6
2010 8 15 13 29 22.1443 35.2301 129.648 27.8 6
2010 8 15 13 29 59.5846 35.3042 129.453 13.2 7
2010 8 15 13 30 41.3594 35.2624 129.455 11.4 7
2010 8 15 13 31 5.3817 35.2379 129.398 13.7 5
2010 8 15 13 31 14.2102 35.2852 129.536 7.1 6
2010 8 15 13 31 14.4521 35.3018 129.478 23.1 6
2010 8 15 13 32 10.5721 35.2662 129.403 6.2 5
2010 8 15 13 32 14.3387 35.3055 129.384 9.5 5
2010 8 15 13 32 55.9567 35.2021 129.349 24.3 8
2010 8 15 13 32 56.1226 35.2477 129.339 20.9 7
2010 8 15 13 34 0.197624 35.288 129.437 23.7 7
2010 8 15 13 34 51.4009 35.3254 129.466 4.5 6
2010 8 15 13 34 56.5328 35.3253 129.419 3.1 5
2010 8 15 13 34 57.1783 35.2791 129.369 16.2 7
2010 8 15 13 35 53.8302 35.3111 129.411 19.8 9
2010 8 15 13 36 9.41746 35.2758 129.493 8 6
2010 8 15 13 36 31.3302 35.2831 129.368 23.1 7
2010 8 15 13 37 5.26638 35.3313 129.503 13.4 8
2010 8 15 13 37 5.48438 35.305 129.489 15.6 8
2010 8 15 13 37 5.9979 35.321 129.501 11.2 6
2010 8 15 13 37 18.6221 35.2794 129.305 16.1 6
2010 8 15 13 38 45.6663 35.3573 129.541 4.3 5
2010 8 15 13 39 27.0777 36.3078 132.683 14.8 7
2010 8 15 13 39 42.437 35.3525 129.515 26.9 10
2010 8 15 13 42 11.2038 35.216 129.353 27.8 7
2010 8 15 13 42 11.5521 35.0653 129.444 11.4 5
2010 8 15 13 42 50.6112 35.3331 129.551 15.7 8
2010 8 15 13 43 55.3058 35.2247 129.294 12.4 6
2010 8 15 13 45 21.1621 35.1753 129.315 18.7 7
2010 8 15 13 46 3.90361 35.3223 129.417 13.6 6
2010 8 15 13 48 23.422 35.3188 129.382 18.6 7
2010 8 15 13 49 2.58196 35.2708 129.396 13.1 10
2010 8 15 13 49 2.71807 35.1944 129.441 13 5
2010 8 15 13 49 2.77209 35.2929 129.562 9.1 6
2010 8 15 13 50 19.2024 35.3683 129.571 25 10
2010 8 15 13 50 49.1985 35.2865 129.534 6.9 6
2010 8 15 13 50 49.2739 35.2852 129.449 21.7 8
2010 8 15 13 50 49.4027 35.3162 129.524 28.1 6
2010 8 15 13 50 49.96 35.2955 129.461 14.5 7
2010 8 15 13 51 3.11192 35.2806 129.552 17.3 7
2010 8 15 13 52 5.53965 35.2989 129.624 12.5 5
2010 8 15 13 52 5.57802 35.2923 129.497 12.6 6
2010 8 15 13 52 5.73141 35.2946 129.369 5.7 5
2010 8 15 13 52 53.4031 35.2942 129.423 9.9 6
2010 8 15 13 53 27.0933 35.2566 129.49 9.7 6
2010 8 15 13 53 38.1181 35.3129 129.42 7.1 5
2010 8 15 13 54 9.38205 35.3103 129.468 16.7 5
2010 8 15 13 54 41.0923 35.3376 129.605 17.4 5
2010 8 15 13 54 41.1772 35.2864 129.386 21.4 7
2010 8 15 13 55 4.64848 36.2581 133.222 28.7 5
2010 8 15 13 55 16.2845 35.3071 129.372 12.7 5
2010 8 15 13 55 16.3461 35.2877 129.554 8.4 7
2010 8 15 13 55 53.3602 35.3144 129.459 12.6 5
2010 8 15 13 55 54.0743 35.3215 129.466 11.6 7
2010 8 15 13 56 34.9363 35.3473 129.53 13.2 8
2010 8 15 13 57 51.5885 35.3115 129.642 19.7 6
2010 8 15 13 57 51.7244 35.1543 129.572 9.3 5
2010 8 15 13 57 51.9177 35.3225 129.647 23.7 5
2010 8 15 13 57 52.1445 35.3324 129.512 11.2 8
2010 8 15 13 58 9.99836 35.2999 129.488 7.4 5
2010 8 15 13 58 45.0802 35.339 129.521 14.3 5
2010 8 15 13 58 45.1992 35.3385 129.53 15.2 8
2010 8 15 13 59 15.629 35.3856 129.65 6.6 6
2010 8 15 13 59 29.5524 35.3531 129.608 24.9 6
2010 8 15 14 0 3.10804 36.3391 132.864 27.4 7
2010 8 15 14 0 11.61 35.3643 129.676 17.3 6
2010 8 15 14 0 11.7337 35.3169 129.638 16 6
2010 8 15 14 0 11.9022 35.3149 129.49 18.9 7
2010 8 15 14 0 58.8741 35.2037 129.464 12.4 5
2010 8 15 14 0 59.2614 35.2998 129.518 6.2 5
2010 8 15 14 1 38.7681 35.2411 129.559 12.1 6
2010 8 15 14 2 3.75075 35.3031 129.554 8.4 5
2010 8 15 14 3 27.3193 35.3241 129.45 9.1 6
2010 8 15 14 4 38.3021 35.3625 129.598 19.8 8
2010 8 15 14 4 38.3843 35.3732 129.555 7.6 6
2010 8 15 14 5 22.5975 35.3019 129.538 7.9 7
2010 8 15 14 5 22.9298 35.2153 129.512 17.8 7
2010 8 15 14 6 12.5015 35.2184 129.537 25 8
2010 8 15 14 6 12.6397 35.3117 129.548 14.7 7
2010 8 15 14 6 34.3207 35.2095 129.593 8.7 5
2010 8 15 14 7 43.1986 35.2675 129.545 12.3 5
2010 8 15 14 8 44.5669 35.3359 129.655 14.1 8
2010 8 15 14 8 54.7451 35.2318 129.569 14 5
2010 8 15 14 9 51.8502 35.3317 129.548 14.8 9
2010 8 15 14 9 51.93 35.3466 129.562 16.6 6
2010 8 15 14 10 50.3903 35.2932 129.549 27.1 8
2010 8 15 14 11 15.5823 35.3202 129.601 8.5 5
2010 8 15 14 11 37.6212 35.3158 129.488 20.1 8
2010 8 15 14 11 59.5366 35.097 129.119 8.4 5
2010 8 15 14 12 5.45096 35.2764 129.598 23.3 7
2010 8 15 14 12 13.5875 35.3629 129.83 9.6 5
2010 8 15 14 12 13.702 35.3394 129.84 19.5 5
2010 8 15 14 13 5.29529 35.349 129.652 11.2 7
2010 8 15 14 13 46.8021 35.3559 129.519 12.6 6
2010 8 15 14 13 46.9171 35.3368 129.738 14.9 5
2010 8 15 14 13 48.7664 35.3159 129.778 13.9 5
2010 8 15 14 14 15.8223 35.3298 129.562 12.6 8
2010 8 15 14 14 48.6493 35.3327 129.555 16 10
2010 8 15 14 15 20.8067 35.3573 129.626 21.4 5
2010 8 15 14 15 20.9326 35.385 129.616 13 6
2010 8 15 14 15 39.197 35.3857 129.657 25.4 10
2010 8 15 14 15 39.5546 35.3454 129.63 19.7 9
2010 8 15 14 16 8.26239 35.28 129.658 27.6 5
2010 8 15 14 16 27.4332 35.297 129.687 10.4 6
2010 8 15 14 18 20.4257 35.2345 129.811 26.9 6
2010 8 15 14 18 21.0418 35.2992 129.663 6.7 5
2010 8 15 14 18 46.0924 35.3519 129.626 20.4 7
2010 8 15 14 18 46.1692 35.3394 129.583 5.8 5
2010 8 15 14 19 9.25978 35.1561 129.63 11.9 5
2010 8 15 14 19 9.31665 35.3029 129.563 17.6 8
2010 8 15 14 19 9.4338 35.2988 129.57 18.1 8
2010 8 15 14 19 24.5764 35.4262 129.611 13.4 5
2010 8 15 14 20 2.8462 35.349 129.548 19.6 8
2010 8 15 14 20 2.88851 35.3066 129.781 10.4 5
2010 8 15 14 20 18.4968 35.3795 129.731 8.5 5
2010 8 15 14 20 33.1202 35.3703 129.703 17.1 7
2010 8 15 14 20 45.1872 35.3208 129.69 12.7 5
2010 8 15 14 20 45.3924 35.3111 129.596 12.1 6
2010 8 15 14 21 28.8426 35.3666 129.643 18.8 7
2010 8 15 14 22 18.9054 35.3986 129.612 7.9 5
2010 8 15 14 23 13.9681 35.3394 129.696 23.8 7
2010 8 15 14 23 14.0847 35.387 129.629 19.8 6
2010 8 15 14 23 14.6306 35.3685 129.637 20.4 6
2010 8 15 14 23 43.1209 35.2216 129.834 18.7 6
2010 8 15 14 23 43.2606 35.3555 129.667 7.6 6
2010 8 15 14 24 47.4617 35.334 129.767 20.4 8
2010 8 15 14 24 47.9121 35.3714 129.615 16.4 8
2010 8 15 14 24 47.9654 35.3757 129.746 4.7 5
2010 8 15 14 24 48.2406 35.3398 129.596 11.5 6
2010 8 15 14 30 44.8415 35.2849 129.29 9.2 7
2010 8 15 14 32 10.8741 35.3911 129.677 15.9 6
2010 8 15 14 33 31.4452 35.3122 129.348 24.9 7
2010 8 15 14 38 33.7173 35.2944 129.302 11.3 9
2010 8 15 15 10 56.3135 35.2867 129.774 16.3 5
2010 8 15 15 13 36.758 35.2855 129.677 25.1 10
2010 8 15 15 50 49.7862 37.9234 135.783 18.5 6
2010 8 15 16 4 50.7649 37.8331 135.799 17.5 5
2010 8 15 16 4 51.1612 37.7923 135.561 21 5
2010 8 15 16 29 17.3414 37.9428 136.259 13.3 5
2010 8 15 16 29 17.4728 37.9307 135.852 21.8 6
2010 8 15 16 43 39.4387 37.8655 135.786 17.6 10
2010 8 15 16 52 40.4929 37.945 135.899 23.6 10
2010 8 15 16 52 40.5543 37.9237 136.004 19.2 7
2010 8 15 16 55 56.887 37.844 136.094 21.3 7
2010 8 15 16 55 57.5314 37.8563 135.895 11.3 5
2010 8 15 16 57 55.774 37.8932 135.882 11.2 5
2010 8 15 16 58 34.4576 37.9009 135.854 22.3 8
2010 8 15 16 58 34.5603 37.8703 136.226 16.9 7
2010 8 15 17 2 35.9854 37.9145 136.371 17.5 5
2010 8 15 17 2 36.0516 37.948 135.923 29.6 8
2010 8 15 17 2 36.4667 37.9955 135.928 17.7 5
2010 8 15 17 5 54.5612 37.9747 136.067 29.2 5
2010 8 15 17 9 39.4182 37.9296 136.096 17.7 7
2010 8 15 17 9 39.6062 37.9664 135.937 26.5 6
2010 8 15 17 22 25.9493 38.0528 136.007 11.2 6
2010 8 15 17 32 39.6554 37.9689 136.132 24.5 6
2010 8 15 17 37 53.7148 37.9958 136.055 24.3 10
2010 8 15 17 37 53.7754 37.9701 136.078 23.3 7
2010 8 15 17 45 31.7599 38.1163 136.31 17 6
2010 8 15 17 50 12.4303 37.9948 136.292 20.9 5
2010 8 15 17 55 22.8751 37.9712 136.223 26.8 11
2010 8 15 17 55 23.2343 38.0211 136.259 23.1 8
2010 8 15 17 55 23.3187 38.0188 136.242 23 9
2010 8 15 18 1 37.4648 37.9941 136.195 26.2 7
2010 8 15 18 3 3.78978 38.0281 136.192 28.7 8
2010 8 15 18 4 28.6746 38.0211 136.228 25.9 6
2010 8 15 18 4 28.8716 38.0078 136.229 22.1 7
2010 8 15 18 4 29.0697 37.981 136.185 29.2 8
2010 8 15 18 4 29.0977 38.0421 136.261 15.2 5
2010 8 15 18 5 53.0351 38.0755 136.286 21.8 8
2010 8 15 18 5 53.1467 37.978 136.345 20.5 5
2010 8 15 18 7 12.3552 37.9515 136.28 6.4 5
2010 8 15 18 8 2.4272 38.0683 136.272 23.8 6
2010 8 15 18 9 23.4493 37.9927 136.294 22.1 8
2010 8 15 18 9 23.7057 38.0146 136.284 22 7
2010 8 15 18 9 23.9194 38.0893 136.314 11.2 6
2010 8 15 18 10 40.1882 38.0328 136.347 22.6 8
2010 8 15 18 13 1.03297 38.0464 136.34 23.5 8
2010 8 15 18 13 1.17359 38.023 136.662 10 6
2010 8 15 18 13 1.23599 38.0419 136.328 20.3 7
2010 8 15 18 14 23.3093 38.1509 136.352 9.6 7
2010 8 15 18 14 23.3766 38.0647 136.349 24.5 8
2010 8 15 18 14 23.7388 38.0266 136.311 17.1 8
2010 8 15 18 15 14.5912 38.0589 136.485 27.3 8
2010 8 15 18 16 14.6461 38.1004 136.348 18 5
2010 8 15 18 16 14.6478 38.0423 136.314 26.1 5
2010 8 15 18 18 23.0412 37.9672 136.362 16.2 6
2010 8 15 18 20 58.7936 38.0235 136.627 11.7 5
2010 8 15 18 20 58.852 38.0458 136.367 25.3 8
2010 8 15 18 29 21.5464 38.0917 136.351 25.4 10
2010 8 15 18 34 18.3134 38.0171 136.584 10.4 5
2010 8 15 18 40 47.0966 38.0428 136.438 17.4 6
2010 8 15 18 40 47.1266 37.9916 136.46 4.6 5
2010 8 15 18 40 47.1774 38.036 136.438 14.4 7
2010 8 15 18 50 56.603 38.0629 136.666 3.8 5
2010 8 15 19 12 15.2514 38.1794 136.631 10.5 5
2010 8 15 19 56 16.0426 38.2697 136.554 12.7 5
2010 8 15 20 35 58.7811 35.8651 131.579 27.4 5
2010 8 15 20 48 49.0692 38.3859 137.381 12.9 6
2010 8 15 20 50 18.3648 38.4059 137.422 17.7 7
2010 8 15 20 52 40.787 38.4107 137.48 19.1 8
2010 8 15 20 57 16.462 36.1352 129.438 5.9 5
2010 8 15 21 0 30.8747 36.1919 129.493 4.7 5
2010 8 15 21 4 13.7087 36.2884 129.442 15.1 5
2010 8 15 21 7 46.4694 36.2283 129.49 3.8 5
2010 8 15 21 9 8.41096 36.2596 129.473 4 5
2010 8 15 21 10 5.47629 36.2872 129.494 14.6 7
2010 8 15 21 11 17.8203 36.1822 129.558 12.7 6
2010 8 15 21 13 32.3268 36.2562 129.55 5.5 5
2010 8 15 21 16 8.94779 36.1248 129.636 6.8 5
2010 8 15 21 17 2.45088 36.2744 129.654 9.6 5
2010 8 15 21 17 53.1215 36.3068 129.509 11.6 7
2010 8 15 21 17 53.3143 36.4117 129.495 16.9 5
2010 8 15 21 18 55.6612 36.1779 129.653 16.2 6
2010 8 15 21 23 38.3814 36.2034 129.673 8.7 7
2010 8 15 21 23 59.6179 36.4391 129.671 20.3 6
2010 8 15 21 24 40.38 36.2047 129.703 2.4 5
2010 8 15 23 17 10.6592 38.1885 137.621 5 7
2010 8 15 23 20 23.1111 38.7908 137.5 23.7 5
2010 8 15 23 22 52.1688 38.186 138.141 5.5 5
2010 8 16 1 41 15.9041 37.6883 137.49 22.8 8
2010 8 16 6 47 49.2249 36.1885 129.526 9.7 6
2010 8 16 6 48 19.6594 36.2627 129.426 5.3 6
2010 8 16 6 49 49.8275 36.2664 129.497 1.1 5
2010 8 16 6 56 5.55934 36.2614 129.54 16.9 6
2010 8 16 6 57 58.1831 36.298 129.52 12.9 6
2010 8 16 6 58 26.6791 36.2703 129.569 17.4 8
2010 8 16 6 59 35.8185 36.2581 129.541 10.6 7
2010 8 16 6 59 48.7299 36.2095 129.581 15 6
2010 8 16 7 0 11.5579 36.2615 129.549 15.6 5
2010 8 16 7 0 57.0834 36.2627 129.527 14.5 7
2010 8 16 7 2 25.9939 36.2596 129.495 24.8 5
2010 8 16 7 2 26.3146 36.2853 129.51 19.8 6
2010 8 16 7 2 54.0471 36.2844 129.517 11.4 7
2010 8 16 7 2 54.2265 36.2836 129.473 5.4 7
2010 8 16 7 3 13.5007 36.2057 129.699 5 5
2010 8 16 7 3 35.0097 36.3337 129.687 9.4 5
2010 8 16 7 3 49.975 36.1316 129.61 14.5 6
2010 8 16 7 4 5.20067 36.3339 129.515 7.7 6
2010 8 16 7 4 5.31794 36.2548 129.5 4.5 5
2010 8 16 7 4 5.44796 36.2752 129.512 27.1 10
2010 8 16 7 5 16.7444 36.4412 129.794 11.6 5
2010 8 16 7 30 39.5176 36.3468 129.754 29.9 7
2010 8 16 7 35 33.5144 36.3486 129.905 10 7
2010 8 16 7 36 47.1943 36.3229 129.948 4 5
2010 8 16 7 36 47.3138 36.3392 130.02 21.9 9
2010 8 16 7 37 27.0835 36.3837 129.898 26.2 6
2010 8 16 7 39 4.21112 36.2815 130.018 7.3 5
2010 8 16 14 49 49.636 37.0785 130.289 26.5 6
2010 8 16 20 32 14.8936 38.4758 128.561 8.6 5
2010 8 16 21 38 21.0517 36.4768 129.793 11.1 9
2010 8 16 21 43 1.25726 36.3767 129.693 9.3 6
2010 8 16 21 48 2.66207 36.163 129.658 12.4 9
2010 8 16 21 54 46.2963 36.2693 129.726 15.8 8
2010 8 16 21 55 43.3721 36.0779 129.612 15.2 7
2010 8 16 22 0 2.27328 36.1048 129.693 21.9 6
2010 8 16 22 1 23.8344 36.2274 129.646 18 5
2010 8 16 22 5 46.6142 36.1259 129.762 13 6
2010 8 16 22 7 10.7824 36.2428 129.819 21.8 7
2010 8 16 22 8 53.6597 36.2209 129.811 11.6 6
2010 8 16 22 8 56.602 36.1464 129.74 12 6
2010 8 16 22 9 12.0163 36.239 129.813 4.5 5
2010 8 16 22 11 1.42467 36.229 129.897 6.7 5
2010 8 16 22 11 58.4944 36.118 129.832 17.6 6
2010 8 16 22 12 58.9712 36.3859 129.833 3.9 5
2010 8 16 22 16 41.1822 36.4717 129.884 4.4 5
2010 8 16 22 17 25.3988 36.2041 129.9 12.2 5
2010 8 16 22 30 22.5823 36.1256 130.042 29.2 5
2010 8 16 22 41 23.5462 36.588 130.233 7.3 5
2010 8 16 22 49 48.0752 36.452 130.299 17.4 5
2010 8 17 22 51 40.7402 40.6297 129.896 29.9 5
2010 8 18 3 23 4.61169 39.1177 135.8 21.4 5
2010 8 18 11 33 43.4201 35.0895 132.127 4.9 5
2010 8 20 5 57 24.3818 35.5698 132.936 15.2 6
2010 8 20 6 21 21.3111 36.8305 133.522 22.5 5
2010 8 20 6 44 21.4704 35.3921 132.365 28.7 5
2010 8 20 6 45 52.4915 35.4059 132.355 10.4 5
2010 8 20 7 16 7.05647 35.0081 132.257 15.3 5
2010 8 20 9 15 14.6123 35.1636 132.068 9.5 5
2010 8 21 6 47 45.0416 50.7753 141.047 3.8 5
2010 8 21 7 30 29.5533 50.9642 141.588 2.8 5
2010 8 21 8 6 6.35649 50.9591 142.057 11.9 6
2010 8 21 8 9 29.4275 50.9369 141.959 8.3 5
2010 8 21 13 57 2.56405 35.4447 130.159 29.3 5
2010 8 22 4 31 40.8476 35.8475 133.709 28.2 5
2010 8 22 5 51 17.8886 35.6125 133.227 19.8 5
2010 8 22 5 54 17.5843 36.7435 132.745 10.3 5
2010 8 22 17 30 33.3189 42.5951 133.409 29.8 5
2010 8 22 17 36 10.325 42.1102 133.368 24.1 5
2010 8 22 18 0 28.8092 42.4539 133.133 22.8 7
2010 8 22 18 4 52.461 42.3064 132.978 23.6 8
2010 8 22 18 12 39.8711 42.3428 133.081 29.1 5
2010 8 22 18 12 40.3533 42.413 133.088 26.4 5
2010 8 22 18 15 46.7692 42.3265 133.138 23.8 8
2010 8 22 18 18 1.71082 42.3536 133.164 16.7 10
2010 8 22 18 22 28.2848 42.3695 133.229 26.4 11
2010 8 22 18 25 19.9289 42.3708 133.27 25.3 5
2010 8 22 18 38 43.5793 41.0742 130.118 19.2 5
2010 8 22 20 44 57.9613 42.8213 134.85 13.5 5
2010 8 22 20 44 58.0169 42.8073 134.841 9.5 5
2010 8 22 20 45 15.3795 42.7906 134.845 6.5 5
2010 8 22 20 46 43.3048 42.8119 134.815 6.1 5
2010 8 22 20 51 35.835 42.9846 134.917 29.8 5
2010 8 22 20 51 35.8909 42.7876 134.818 10.7 5
2010 8 22 20 59 29.48 42.7568 134.877 13.8 6
2010 8 22 21 0 33.447 42.7929 134.904 17.7 5
2010 8 22 21 1 24.559 42.8229 135.002 18.3 6
2010 8 22 21 3 12.4111 42.7743 134.881 8.4 5
2010 8 22 21 4 21.6717 42.7629 134.928 11.1 6
2010 8 22 21 4 41.7877 42.8031 134.958 10.1 5
2010 8 22 21 5 29.1425 42.7895 134.951 20.3 5
2010 8 22 21 5 29.5571 42.7873 134.94 24.4 5
2010 8 22 21 8 5.52441 42.7671 135.046 14.1 5
2010 8 22 21 8 43.6195 42.8122 134.986 18.1 5
2010 8 22 21 8 43.6787 42.7673 134.995 20.6 6
2010 8 22 21 14 22.6063 42.7925 135.09 11.2 5
2010 8 22 21 15 32.1145 42.7837 135.098 13.2 5
2010 8 22 21 17 12.6622 42.8554 135.104 18.1 5
2010 8 22 21 19 46.3201 42.7969 135.103 16.9 6
2010 8 22 21 21 0.687481 42.7884 135.137 18.4 6
2010 8 22 21 21 0.734782 42.7725 135.173 10.6 5
2010 8 22 21 25 43.8725 42.8033 135.156 19.2 5
2010 8 22 21 28 11.5859 42.7944 135.46 19.5 5
2010 8 22 21 28 11.612 42.8288 135.236 21.4 6
2010 8 22 21 30 8.66781 42.7623 135.315 16.9 5
2010 8 22 21 31 47.2725 42.798 135.232 9.6 5
2010 8 22 21 35 25.8312 42.7755 135.317 20.2 6
2010 8 22 21 35 26.0097 42.7523 135.349 13.2 5
2010 8 22 21 37 11.6796 42.7744 135.36 6.9 5
2010 8 22 21 37 11.7557 42.8458 135.358 16.2 5
2010 8 22 21 38 15.5022 42.8057 135.413 16.7 5
2010 8 22 21 46 50.6985 42.7106 135.478 25 6
2010 8 22 22 49 57.9645 39.3484 127.635 14.6 6
2010 8 22 22 51 48.0167 39.3575 127.671 11.8 6
2010 8 22 22 54 5.09717 42.5994 136.628 15 5
2010 8 23 3 29 45.2624 37.9175 128.853 6.3 6
2010 8 23 3 43 54.5237 38.0375 128.932 9.9 5
2010 8 23 3 44 55.9068 37.9938 128.913 7.8 6
2010 8 23 3 44 56.0058 38.0247 128.999 16.3 6
2010 8 23 3 49 57.5513 38.0447 128.997 6.1 5
2010 8 23 4 8 48.3403 38.3299 128.659 1.6 5
2010 8 23 4 9 58.9362 38.3289 128.713 1 5
2010 8 23 4 13 54.727 38.2028 128.727 0.8 5
2010 8 23 4 14 37.3678 38.0957 129.207 6.7 5
2010 8 23 4 16 38.3524 38.3942 128.748 10.4 7
2010 8 23 4 19 46.2615 38.3255 128.724 3.8 5
2010 8 23 4 21 20.6993 38.3332 128.782 0.8 5
2010 8 23 4 27 58.2975 38.3758 128.83 21.3 5
2010 8 23 4 33 52.0473 38.4037 128.874 28.6 7
2010 8 23 4 40 2.73879 37.8163 128.963 5.1 5
2010 8 23 4 42 12.1924 37.8393 128.941 6.9 5
2010 8 23 4 44 8.85537 38.087 128.946 20.2 6
2010 8 23 4 52 58.924 37.9047 128.948 25.3 7
2010 8 23 5 52 46.2508 35.0707 131.675 22.5 5
2010 8 23 6 40 14.9798 35.4971 132.536 26.8 5
2010 8 23 7 31 36.6977 35.5799 132.44 25.1 5
2010 8 23 7 54 38.4542 35.5899 132.948 29.6 5
2010 8 23 7 55 48.174 35.6056 133.482 16.9 5
2010 8 23 8 2 46.5532 35.6191 133.147 22.7 5
2010 8 23 8 6 10.5224 37.7539 131.62 14.9 5
2010 8 23 8 25 59.8184 35.6965 133.995 10.1 5
2010 8 23 11 10 50.1544 38.6181 128.375 28.3 9
2010 8 23 11 30 51.4696 47.3812 139.466 16.1 6
2010 8 23 11 54 57.5 47.2313 139.813 6.2 5
2010 8 23 15 6 31.5787 38.247 128.805 9.7 5
2010 8 23 15 26 17.8699 38.2814 128.626 11.2 6
2010 8 23 15 58 7.92378 42.5706 138.141 3.3 5
2010 8 23 16 17 42.273 43.3986 141.124 23.1 9
2010 8 23 16 20 48.3105 43.425 141.213 24.3 8
2010 8 23 16 24 7.75028 43.42 141.242 9.8 5
2010 8 23 16 30 24.2264 38.0169 129.046 21.1 6
2010 8 23 16 32 7.83728 40.81 134.29 10.6 5
2010 8 23 16 32 42.8184 40.8632 134.253 18.9 6
2010 8 23 16 34 28.1559 40.8954 134.304 14.3 7
2010 8 23 16 35 56.3621 40.9472 134.405 22 6
2010 8 23 16 35 56.9062 40.9159 134.293 25.5 6
2010 8 23 16 38 43.1777 42.7423 138.949 22.6 6
2010 8 23 16 39 17.5781 40.8569 134.371 23.3 8
2010 8 23 16 39 57.4458 40.9053 134.259 7.5 5
2010 8 23 16 39 57.599 40.9045 134.376 17.9 5
2010 8 23 16 40 51.053 40.8864 134.409 28.7 7
2010 8 23 16 41 4.01457 40.8792 134.374 17.8 7
2010 8 23 16 41 36.5974 40.8795 134.387 27.6 7
2010 8 23 16 41 36.9124 40.875 134.372 23.7 5
2010 8 23 16 44 33.1586 40.8847 134.421 24.2 10
2010 8 23 16 44 41.089 40.9361 134.1 19.1 5
2010 8 23 16 45 20.1783 40.9497 134.244 23.4 6
2010 8 23 16 45 20.2316 40.8937 134.484 19.7 8
2010 8 23 16 46 25.3876 40.8798 134.445 27.4 5
2010 8 23 16 47 10.9601 40.8887 134.506 18.8 5
2010 8 23 16 47 11.056 40.8921 134.513 17.5 6
2010 8 23 16 47 40.0494 40.9422 134.489 20.3 8
2010 8 23 16 48 1.98089 40.8652 134.475 21.4 6
2010 8 23 16 48 23.3985 40.9533 134.511 27.8 8
2010 8 23 16 48 45.9088 40.9362 134.536 18 6
2010 8 23 16 49 21.3856 40.9723 134.532 21.1 7
2010 8 23 16 49 21.6289 41.0192 134.531 25.7 6
2010 8 23 16 50 4.71305 40.9219 134.562 29.7 5
2010 8 23 16 50 12.5921 40.839 134.549 12.5 5
2010 8 23 16 50 20.0696 41.0813 134.468 4.9 5
2010 8 23 16 50 20.2558 40.8554 134.625 10.5 5
2010 8 23 16 50 20.3045 40.9555 134.562 19.8 6
2010 8 23 16 50 29.4287 40.9769 134.548 23.3 5
2010 8 23 16 50 38.364 40.9495 134.534 22.9 8
2010 8 23 16 50 51.8949 40.9125 134.514 19.7 10
2010 8 23 16 51 19.3726 40.8976 134.503 9.4 5
2010 8 23 16 51 44.2477 40.9651 134.554 26.1 7
2010 8 23 16 52 12.656 40.9781 134.549 25.3 9
2010 8 23 16 52 12.7675 40.9065 134.565 16.3 5
2010 8 23 16 52 26.673 40.8457 134.518 18 7
2010 8 23 16 52 26.8591 40.8255 134.504 20.6 7
2010 8 23 16 52 29.6293 40.9614 134.549 18.2 5
2010 8 23 16 52 52.2816 41.9006 133.765 12.1 5
2010 8 23 16 52 52.4266 40.8991 134.569 17.7 5
2010 8 23 16 53 20.7073 40.9125 134.569 23.2 7
2010 8 23 16 53 40.8869 40.9678 134.562 19 7
2010 8 23 16 53 41.0478 40.9348 134.56 3.4 5
2010 8 23 16 53 41.1247 40.8513 134.598 24.2 5
2010 8 23 16 53 41.3697 40.8975 134.549 24 6
2010 8 23 16 54 33.1886 40.8354 134.596 7.7 5
2010 8 23 16 54 33.4749 40.8575 134.554 12 7
2010 8 23 16 54 41.0001 40.9074 134.58 24.8 5
2010 8 23 16 55 3.65499 40.9445 134.651 23.2 6
2010 8 23 16 55 34.8862 40.91 134.642 27.5 7
2010 8 23 16 56 17.5894 40.8484 134.722 15.7 5
2010 8 23 16 56 25.1442 40.7794 134.658 19.1 5
2010 8 23 16 56 34.5073 40.8615 134.724 18.9 6
2010 8 23 16 56 53.2212 40.9243 134.655 21.5 7
2010 8 23 16 56 53.2826 40.9056 134.694 27.7 5
2010 8 23 16 56 53.9445 40.9083 134.706 25 6
2010 8 23 16 57 41.4776 40.8984 134.699 26.2 5
2010 8 23 16 58 2.13421 40.9 134.665 24.3 6
2010 8 23 16 58 2.36152 40.9059 134.685 23.5 5
2010 8 23 16 58 6.05723 40.9186 134.64 23.8 5
2010 8 23 16 58 22.9475 40.7877 134.733 10.2 5
2010 8 23 16 58 30.6609 40.8646 134.767 16.6 5
2010 8 23 16 59 5.61215 40.9091 134.717 22.1 6
2010 8 23 16 59 9.51375 40.9153 134.698 2.6 5
2010 8 23 16 59 9.61834 40.8497 134.746 14.4 5
2010 8 23 16 59 9.72775 40.8046 134.755 15 5
2010 8 23 16 59 27.3552 40.8882 134.774 26.7 5
2010 8 23 17 0 19.1961 40.9668 134.688 24.4 7
2010 8 23 17 0 30.952 40.9325 134.71 26.3 5
2010 8 23 17 0 39.544 40.8632 134.793 9.5 6
2010 8 23 17 0 50.8335 40.9047 134.692 7.5 5
2010 8 23 17 0 56.7785 40.9027 134.725 27.4 6
2010 8 23 17 1 50.5652 40.878 134.652 22.9 7
2010 8 23 17 1 58.5694 40.8734 134.78 25.6 8
2010 8 23 17 2 2.91558 40.9568 134.704 25.4 7
2010 8 23 17 2 17.2477 40.919 134.694 28.4 7
2010 8 23 17 2 17.7729 40.914 134.686 26 5
2010 8 23 17 2 25.8796 40.9258 134.76 28.6 6
2010 8 23 17 2 44.1896 40.9311 134.781 21.1 6
2010 8 23 17 2 49.773 40.9127 134.707 25.8 6
2010 8 23 17 2 58.5806 40.9406 134.726 29.9 5
2010 8 23 17 3 1.65212 41.0537 134.755 24.5 5
2010 8 23 17 3 18.3047 40.9217 134.726 29 5
2010 8 23 17 3 24.9008 40.8853 134.729 29.3 8
2010 8 23 17 3 25.0248 40.9209 134.757 20.3 6
2010 8 23 17 3 39.6637 40.9438 134.778 21.4 6
2010 8 23 17 3 43.2216 40.8504 134.75 25.2 5
2010 8 23 17 4 14.0859 40.7937 134.847 6.5 5
2010 8 23 17 4 14.8799 40.8926 134.83 22 6
2010 8 23 17 4 32.3159 40.9027 134.706 26.3 7
2010 8 23 17 4 35.8666 40.778 134.716 19.4 5
2010 8 23 17 5 0.745167 40.9194 134.742 29.1 5
2010 8 23 17 5 40.3674 40.9253 134.721 25.7 5
2010 8 23 17 5 52.9276 40.84 134.765 23.4 5
2010 8 23 17 6 5.59858 40.9164 134.767 23.7 6
2010 8 23 17 6 15.3694 41.0447 134.746 17.5 5
2010 8 23 17 6 18.4537 40.8794 134.753 21.3 6
2010 8 23 17 6 19.5982 41.0348 134.828 20.5 6
2010 8 23 17 6 20.2327 40.9759 134.853 29.4 7
2010 8 23 17 6 36.6814 41.1023 134.821 19.1 5
2010 8 23 17 6 49.8396 40.9002 134.788 26.8 5
2010 8 23 17 6 52.6158 40.9474 134.862 25.5 5
2010 8 23 17 7 10.5817 40.9368 134.759 23.6 5
2010 8 23 17 7 18.7878 40.9342 134.779 25.2 7
2010 8 23 17 7 54.6018 40.9477 134.804 23.9 6
2010 8 23 17 8 30.0564 40.9019 134.837 23.2 6
2010 8 23 17 8 36.5273 40.7721 134.705 11 5
2010 8 23 17 8 40.4456 40.9347 134.851 25 7
2010 8 23 17 8 43.7612 40.7973 134.915 12 5
2010 8 23 17 8 50.0123 40.8666 134.837 11.1 5
2010 8 23 17 8 50.1412 40.9113 134.804 22.7 5
2010 8 23 17 8 53.2467 40.9804 134.871 23.1 5
2010 8 23 17 9 4.50859 41.0332 134.855 24 5
2010 8 23 17 9 21.5591 40.8033 134.858 11.7 5
2010 8 23 17 9 34.6113 40.991 134.857 15.5 6
2010 8 23 17 9 46.7593 40.8949 134.8 21.9 8
2010 8 23 17 9 46.8585 40.913 134.781 23.3 5
2010 8 23 17 9 46.9591 40.9173 134.79 24.6 5
2010 8 23 17 9 53.1836 40.9072 134.792 20.7 9
2010 8 23 17 10 3.24385 41.0187 134.807 17.2 5
2010 8 23 17 10 3.69656 40.8926 134.879 25.5 5
2010 8 23 17 10 11.8378 40.895 134.885 0.2 5
2010 8 23 17 10 18.0257 41.0087 134.866 26.5 8
2010 8 23 17 10 26.3683 40.9379 134.802 28.6 5
2010 8 23 17 10 29.6757 40.9308 134.825 24.4 9
2010 8 23 17 10 29.7492 41.0727 134.894 17.8 5
2010 8 23 17 10 50.7826 40.9402 134.883 3.3 5
2010 8 23 17 11 14.7211 40.8952 135.152 21.1 5
2010 8 23 17 11 33.6764 41.024 134.915 26.4 6
2010 8 23 17 11 49.9487 40.9335 134.886 22.1 5
2010 8 23 17 12 3.83598 41.0422 134.941 29.1 5
2010 8 23 17 12 8.11913 40.9438 134.88 4.2 5
2010 8 23 17 12 38.8515 40.8313 134.894 9 5
2010 8 23 17 12 38.9418 40.9942 134.86 13.7 5
2010 8 23 17 13 16.4127 40.9496 134.896 22.5 7
2010 8 23 17 13 30.2281 40.9473 134.974 19.8 7
2010 8 23 17 13 30.2932 40.9256 134.925 24.7 5
2010 8 23 17 13 33.0092 40.9617 134.845 25.3 5
2010 8 23 17 13 44.9247 40.8882 134.866 27.4 5
2010 8 23 17 13 50.867 40.9339 134.934 23.2 5
2010 8 23 17 13 51.2546 40.8718 134.871 3.1 5
2010 8 23 17 13 59.6161 41.0265 134.88 19.3 5
2010 8 23 17 14 23.1611 40.9793 134.86 19.6 5
2010 8 23 17 14 27.1898 40.9708 134.915 27.4 7
2010 8 23 17 14 32.8126 40.8879 134.943 13.5 6
2010 8 23 17 14 56.8082 41.0467 134.888 16.2 5
2010 8 23 17 15 5.88655 40.9465 134.923 22.9 7
2010 8 23 17 15 19.381 41.0013 134.929 17.3 5
2010 8 23 17 15 35.1426 40.906 134.914 24 5
2010 8 23 17 15 41.8789 40.9383 135.052 16.9 5
2010 8 23 17 16 30.3596 40.9269 134.968 18.9 5
2010 8 23 17 16 36.9113 40.9229 134.997 23.6 5
2010 8 23 17 16 43.6536 41.0194 134.967 19.5 5
2010 8 23 17 17 7.521 40.9148 134.96 23.8 6
2010 8 23 17 17 11.4675 40.9717 134.973 20.9 6
2010 8 23 17 17 17.8978 40.9544 134.953 18.7 5
2010 8 23 17 17 31.474 40.9408 134.987 28 5
2010 8 23 17 17 38.7588 40.9503 134.895 20 5
2010 8 23 17 17 49.7422 40.9425 135.001 19.5 6
2010 8 23 17 17 54.5341 40.9201 134.935 21.5 6
2010 8 23 17 18 0.795341 40.9169 134.966 19.9 8
2010 8 23 17 18 13.4081 40.9173 134.898 26 7
2010 8 23 17 18 13.504 41.0782 134.891 15.1 5
2010 8 23 17 18 16.8227 40.9805 134.959 26.2 6
2010 8 23 17 18 19.921 40.9276 134.958 23.1 5
2010 8 23 17 18 25.754 40.9149 134.952 24 6
2010 8 23 17 18 31.8073 40.9337 134.959 19.9 6
2010 8 23 17 18 44.5013 41.0023 134.931 24.2 6
2010 8 23 17 18 59.1002 40.9299 134.947 20.7 7
2010 8 23 17 19 0.816557 40.9848 134.934 17.9 5
2010 8 23 17 19 4.10082 40.9167 134.99 25 6
2010 8 23 17 19 31.2217 40.9638 134.955 22.3 6
2010 8 23 17 19 33.1094 41.0257 134.889 16.1 5
2010 8 23 17 19 48.0042 40.9767 134.993 28.2 5
2010 8 23 17 19 51.3626 40.9704 135.058 20.8 7
2010 8 23 17 20 2.0948 40.9319 135.005 20.4 5
2010 8 23 17 20 10.3561 40.9334 134.989 24.4 6
2010 8 23 17 20 10.9271 40.9458 134.98 22.2 5
2010 8 23 17 20 15.3008 40.9236 134.953 26 5
2010 8 23 17 20 20.2329 40.923 134.998 13.6 7
2010 8 23 17 20 20.5791 40.9883 134.997 28.8 6
2010 8 23 17 20 32.5538 40.9223 134.994 26.4 5
2010 8 23 17 20 33.6054 41.0562 134.98 16.3 5
2010 8 23 17 20 55.0176 40.8949 135.027 13.1 5
2010 8 23 17 20 55.2919 40.924 135.021 22.1 7
2010 8 23 17 20 55.8651 40.9426 134.979 23 5
2010 8 23 17 21 6.02744 40.9492 135.001 25.7 9
2010 8 23 17 21 14.9399 40.9429 134.98 23.5 7
2010 8 23 17 21 15.1301 40.9606 134.997 22.8 6
2010 8 23 17 21 15.3108 40.9439 134.998 27.8 5
2010 8 23 17 21 31.3113 40.901 134.979 21.6 5
2010 8 23 17 21 36.8049 40.9101 135.03 23.6 8
2010 8 23 17 21 36.9169 40.9107 135.056 27 5
2010 8 23 17 21 45.3078 40.8628 135.087 6.5 5
2010 8 23 17 22 14.7248 40.9973 134.999 18.9 5
2010 8 23 17 22 17.4701 40.9527 135.019 23.4 6
2010 8 23 17 22 19.5775 40.9475 134.997 20.4 7
2010 8 23 17 22 26.0899 40.9193 135.015 21.5 8
2010 8 23 17 22 26.1985 41.0308 135.017 8.6 5
2010 8 23 17 22 33.7434 40.9668 135.036 19.6 7
2010 8 23 17 22 39.7135 41.004 134.935 17.7 5
2010 8 23 17 22 51.1951 40.9114 135.073 22.8 7
2010 8 23 17 23 10.8355 40.8544 135.092 8.7 5
2010 8 23 17 23 14.6658 40.9552 135.035 23 5
2010 8 23 17 23 31.6553 40.919 135.052 26.5 8
2010 8 23 17 23 31.7286 40.9147 135.047 25.5 9
2010 8 23 17 23 44.395 40.9078 134.985 19.6 7
2010 8 23 17 24 6.90694 40.8451 135.103 4.8 5
2010 8 23 17 24 37.9862 40.9241 135.007 23.8 5
2010 8 23 17 24 40.8036 40.972 135.032 20.4 9
2010 8 23 17 24 47.4913 40.957 135.007 20.2 6
2010 8 23 17 24 49.1298 40.923 135.001 22.9 5
2010 8 23 17 24 50.4319 40.9399 135.079 16.9 6
2010 8 23 17 25 1.87475 40.9171 134.958 19.9 6
2010 8 23 17 25 14.5771 40.9136 135.077 21.8 7
2010 8 23 17 25 27.2766 40.9741 135.138 23.5 7
2010 8 23 17 25 27.47 40.9139 135.075 21.8 10
2010 8 23 17 25 37.8078 40.985 135.106 23.1 5
2010 8 23 17 26 5.96234 40.9622 135.044 21.6 5
2010 8 23 17 26 38.7503 40.8896 135.116 18.4 6
2010 8 23 17 26 40.221 42.9793 139.864 11 5
2010 8 23 17 27 4.45098 40.9377 135.075 20.6 8
2010 8 23 17 27 12.5472 40.9926 135.094 23.7 6
2010 8 23 17 27 22.4906 40.9493 135.108 22.7 6
2010 8 23 17 27 36.4814 40.945 135.122 20.6 5
2010 8 23 17 27 39.3142 41.0863 135.075 18.2 5
2010 8 23 17 27 55.2372 40.9035 135.13 15.1 5
2010 8 23 17 27 55.3132 41.0069 135.143 21.4 5
2010 8 23 17 27 58.8989 40.931 135.114 21.4 5
2010 8 23 17 28 1.48601 40.9268 135.136 20.3 6
2010 8 23 17 28 10.4405 40.967 135.117 23.4 7
2010 8 23 17 28 10.6995 40.9647 135.04 24.8 7
2010 8 23 17 28 14.3512 41.0195 135.054 24 6
2010 8 23 17 28 20.937 40.9729 135.132 20.1 5
2010 8 23 17 28 32.866 40.9419 135.073 21.3 6
2010 8 23 17 28 46.1365 40.9889 135.066 21.3 5
2010 8 23 17 28 50.9451 40.9927 135.218 20.1 5
2010 8 23 17 29 2.09089 40.9426 135.061 18.2 7
2010 8 23 17 29 9.02034 40.9214 135.055 24.8 5
2010 8 23 17 29 15.1587 40.9643 135.243 14.9 6
2010 8 23 17 29 18.96 40.9352 135.171 23.5 5
2010 8 23 17 29 19.0897 40.9595 135.194 18.1 5
2010 8 23 17 29 27.0939 40.9751 135.245 24 7
2010 8 23 17 29 37.6421 40.9473 135.088 21.5 6
2010 8 23 17 29 43.8113 40.9356 135.105 20.2 5
2010 8 23 17 29 47.6232 40.9386 135.192 21.7 9
2010 8 23 17 29 47.7304 40.9488 135.206 18.7 6
2010 8 23 17 30 5.99911 41.0659 135.102 14.1 5
2010 8 23 17 30 15.712 40.9485 135.062 15.7 6
2010 8 23 17 30 17.7347 41.0328 135.12 16.5 5
2010 8 23 17 30 19.361 41.0197 135.169 7.1 5
2010 8 23 17 30 26.6491 41.0189 135.176 15.7 6
2010 8 23 17 30 38.438 40.9174 135.074 17 5
2010 8 23 17 30 43.3084 40.9814 135.21 20.4 7
2010 8 23 17 30 59.7052 40.9366 135.166 19.4 8
2010 8 23 17 31 2.27932 40.9553 135.097 21.8 6
2010 8 23 17 31 22.0579 40.9751 135.073 19 8
2010 8 23 17 31 37.3905 41.0131 135.147 19.7 6
2010 8 23 17 31 37.4533 41.0558 135.147 19.4 6
2010 8 23 17 31 43.6193 40.9726 135.078 23.3 5
2010 8 23 17 31 46.5812 40.9354 135.104 21.4 5
2010 8 23 17 31 50.6149 40.9564 135.153 24.1 8
2010 8 23 17 31 58.2106 40.9688 135.295 10.3 5
2010 8 23 17 32 9.36918 40.9134 135.209 6.9 5
2010 8 23 17 32 15.6796 40.9898 135.106 24.1 6
2010 8 23 17 32 15.8107 40.9754 135.101 20.7 7
2010 8 23 17 32 29.8203 40.9298 135.106 22.8 6
2010 8 23 17 32 42.4658 40.9691 135.072 21.3 6
2010 8 23 17 32 54.5247 40.9655 135.127 17.5 6
2010 8 23 17 33 0.935191 42.4822 139.127 28.1 5
2010 8 23 17 33 1.35688 41.0269 135.078 17.9 5
2010 8 23 17 33 1.54742 40.9473 135.109 28.7 5
2010 8 23 17 33 23.496 41.0469 135.117 19.1 5
2010 8 23 17 33 23.7966 41.051 135.13 21.1 6
2010 8 23 17 33 24.2292 40.9855 135.096 19.8 6
2010 8 23 17 33 44.8075 40.9222 135.222 20.5 6
2010 8 23 17 33 49.3438 40.8849 135.107 27.5 6
2010 8 23 17 33 57.1723 40.9166 135.104 24.8 6
2010 8 23 17 33 57.3224 40.864 135.193 29.5 8
2010 8 23 17 34 17.3564 40.9745 135.136 25.2 6
2010 8 23 17 34 17.5531 40.944 135.127 17.7 10
2010 8 23 17 34 22.3985 41.0009 135.121 18.5 5
2010 8 23 17 34 22.5215 40.902 135.108 20 6
2010 8 23 17 34 22.6161 40.9215 135.106 20.4 7
2010 8 23 17 34 26.4291 40.9934 135.194 18.7 6
2010 8 23 17 35 0.477721 41.0422 135.278 22.6 6
2010 8 23 17 35 4.07047 40.9115 135.178 14.4 6
2010 8 23 17 35 4.28435 40.7825 135.273 8.9 5
2010 8 23 17 35 10.7892 40.9349 135.099 23.2 6
2010 8 23 17 35 20.3409 40.9631 135.179 19.2 5
2010 8 23 17 35 25.6702 40.9966 135.17 18.2 5
2010 8 23 17 35 34.9979 40.9813 135.213 20.4 5
2010 8 23 17 35 42.0523 40.9626 135.25 23.5 7
2010 8 23 17 36 20.9614 40.9628 135.169 22 5
2010 8 23 17 37 27.9956 40.9647 135.206 10.9 5
2010 8 23 17 37 36.8096 40.9497 135.179 17.3 6
2010 8 23 17 37 48.3022 40.9267 135.286 22.1 5
2010 8 23 17 37 48.6585 40.9164 135.245 20.4 10
2010 8 23 17 38 0.583229 40.9657 135.258 19.6 7
2010 8 23 17 38 15.7063 40.9503 135.272 17.9 7
2010 8 23 17 38 16.2294 40.9671 135.224 18.5 6
2010 8 23 17 38 38.5104 40.9364 135.205 19.5 6
2010 8 23 17 38 46.7132 40.9058 135.391 11.7 5
2010 8 23 17 38 51.8915 41.0016 135.295 24 5
2010 8 23 17 39 0.789698 40.9386 135.279 18.8 5
2010 8 23 17 39 6.37386 41.0288 135.179 20.7 6
2010 8 23 17 39 49.9592 40.9659 135.25 17.4 7
2010 8 23 17 39 50.037 40.9725 135.265 18.3 6
2010 8 23 17 39 50.0998 40.9319 135.264 16.8 6
2010 8 23 17 40 1.895 40.9286 135.326 21.8 6
2010 8 23 17 40 3.10575 40.9567 135.336 24.3 5
2010 8 23 17 40 11.1063 40.9414 135.353 10.6 5
2010 8 23 17 40 39.395 41.0418 135.308 13.5 5
2010 8 23 17 40 39.6779 40.951 135.268 7 5
2010 8 23 17 40 40.0578 40.9457 135.27 6.8 5
2010 8 23 17 40 52.7959 40.9423 135.313 17 7
2010 8 23 17 40 52.8701 40.9283 135.3 14 7
2010 8 23 17 40 56.0257 40.9893 135.308 21.2 5
2010 8 23 17 41 4.30105 40.957 135.166 18.5 8
2010 8 23 17 41 13.2298 40.9515 135.293 19.4 6
2010 8 23 17 41 30.2647 40.8188 135.16 2.9 5
2010 8 23 17 41 40.6986 41.0143 135.188 19.7 6
2010 8 23 17 42 0.180412 40.9606 135.252 19 5
2010 8 23 17 42 1.02953 40.9697 135.243 22.5 5
2010 8 23 17 42 27.6311 40.9128 135.259 18 5
2010 8 23 17 42 32.9151 40.9353 135.361 10.5 5
2010 8 23 17 42 43.522 40.9944 135.316 28.5 5
2010 8 23 17 42 48.1718 40.2471 131.988 9.4 5
2010 8 23 17 42 48.9763 40.9619 135.338 14.2 5
2010 8 23 17 42 49.4122 40.9688 135.338 18.9 6
2010 8 23 17 42 49.5351 40.952 135.332 15.6 6
2010 8 23 17 42 57.5129 40.9814 135.26 18.2 5
2010 8 23 17 43 22.3253 40.8909 135.304 9.3 5
2010 8 23 17 43 50.3131 40.9611 135.276 12.7 7
2010 8 23 17 44 2.40359 40.9701 135.38 19.3 10
2010 8 23 17 44 19.4579 40.9668 135.271 21.2 7
2010 8 23 17 44 25.6893 40.9589 135.321 16.9 6
2010 8 23 17 44 25.8299 40.9684 135.297 17.8 5
2010 8 23 17 44 52.1397 40.9594 135.45 20.3 5
2010 8 23 17 44 52.3317 41.0674 135.32 15.2 5
2010 8 23 17 44 52.4184 40.9982 135.316 20.9 6
2010 8 23 17 45 4.30803 40.96 135.405 20.3 9
2010 8 23 17 45 4.40791 40.9846 135.405 15.6 6
2010 8 23 17 45 4.52058 41 135.42 23.2 7
2010 8 23 17 45 5.21157 40.9956 135.418 16.9 7
2010 8 23 17 45 5.63988 40.9783 135.435 17.7 5
2010 8 23 17 45 18.574 40.9437 135.383 19.3 8
2010 8 23 17 45 18.71 40.9697 135.38 16.7 8
2010 8 23 17 45 18.934 40.9353 135.359 16 6
2010 8 23 17 45 45.6979 40.9605 135.394 26.8 6
2010 8 23 17 45 45.8788 40.9957 135.417 19.5 7
2010 8 23 17 45 46.7003 41.0569 135.42 22.8 5
2010 8 23 17 46 3.36808 40.8996 135.344 16.9 7
2010 8 23 17 46 6.09307 40.9992 135.387 22.9 7
2010 8 23 17 46 6.17002 40.9769 135.387 20.4 6
2010 8 23 17 46 6.23297 40.9812 135.422 26.2 7
2010 8 23 17 46 53.3277 41.0213 135.491 12.6 6
2010 8 23 17 46 54.0493 40.9883 135.446 17.3 6
2010 8 23 17 46 59.756 40.9634 135.341 12.1 5
2010 8 23 17 47 17.6044 40.9924 135.42 16.1 6
2010 8 23 17 47 32.936 40.9505 135.345 15.2 5
2010 8 23 17 47 41.5049 41.0232 135.326 20.3 5
2010 8 23 17 47 50.939 40.9499 135.315 28.2 6
2010 8 23 17 47 51.1226 40.9734 135.274 9.2 6
2010 8 23 17 47 51.2281 40.9551 135.343 27 5
2010 8 23 17 47 51.7716 40.974 135.339 16.5 6
2010 8 23 17 48 16.9334 40.9341 135.367 17.9 6
2010 8 23 17 48 31.0951 41.0299 135.46 26.7 7
2010 8 23 17 48 44.0989 40.9704 135.402 21.2 7
2010 8 23 17 48 54.3839 40.9584 135.352 18.4 9
2010 8 23 17 49 4.42495 40.9312 135.366 15 8
2010 8 23 17 49 6.50497 41.0636 135.349 15.7 5
2010 8 23 17 49 25.7082 40.9462 135.376 20.2 5
2010 8 23 17 49 36.5741 40.9284 135.397 16.1 10
2010 8 23 17 49 46.8345 40.9158 135.398 17 5
2010 8 23 17 49 53.3241 40.9517 135.395 16.9 5
2010 8 23 17 50 1.89261 40.9843 135.336 15.4 7
2010 8 23 17 50 2.08403 40.9744 135.347 17.4 7
2010 8 23 17 50 4.45658 40.8498 135.396 26.4 5
2010 8 23 17 50 11.7158 41.0238 135.362 15.1 6
2010 8 23 17 50 11.8551 41.0529 135.366 18.9 5
2010 8 23 17 50 25.0865 41.0043 135.379 13.7 5
2010 8 23 17 50 38.7368 40.9601 135.37 19 5
2010 8 23 17 50 44.1992 40.9589 135.326 6.1 5
2010 8 23 17 50 54.7824 40.9318 135.367 18.7 5
2010 8 23 17 51 9.19887 41.0427 135.409 18 6
2010 8 23 17 51 16.2145 40.9913 135.353 14.3 5
2010 8 23 17 51 21.4536 40.9657 135.321 15.9 5
2010 8 23 17 51 23.6013 41.0101 135.381 22.9 6
2010 8 23 17 51 33.0111 40.9611 135.378 20.1 5
2010 8 23 17 51 49.3725 41.0063 135.368 17.3 5
2010 8 23 17 51 55.3164 40.916 135.435 24.1 5
2010 8 23 17 52 6.16539 40.9044 135.34 4.8 5
2010 8 23 17 52 11.7376 42.8114 140.198 21.6 7
2010 8 23 17 52 15.5121 41.0001 135.399 5.4 5
2010 8 23 17 52 16.4869 40.8237 135.394 9.7 5
2010 8 23 17 52 16.7798 41.0597 135.597 23 6
2010 8 23 17 52 36.6539 40.9563 135.448 15.8 6
2010 8 23 17 52 40.6353 40.9634 135.413 15.9 6
2010 8 23 17 52 41.2073 40.9223 135.401 25.6 5
2010 8 23 17 52 45.2565 40.9789 135.379 13.2 5
2010 8 23 17 52 55.341 40.9996 135.475 12.1 6
2010 8 23 17 53 15.4811 40.9341 135.416 16 7
2010 8 23 17 53 15.9079 41.0623 135.411 19.2 6
2010 8 23 17 53 34.9998 40.9427 135.399 19.2 7
2010 8 23 17 53 35.0612 40.9322 135.41 20.3 5
2010 8 23 17 53 35.2373 40.9413 135.389 17.5 8
2010 8 23 17 53 50.4103 40.9342 135.349 17 6
2010 8 23 17 54 0.331269 41.002 135.428 23.8 8
2010 8 23 17 54 6.04828 41.0453 135.449 19 5
2010 8 23 17 54 42.7376 40.9835 135.422 18 6
2010 8 23 17 54 58.8626 40.9218 135.44 24.7 5
2010 8 23 17 55 9.08823 41.0069 135.538 4.4 5
2010 8 23 17 55 9.27443 40.9838 135.375 14.2 7
2010 8 23 17 55 16.5218 41.0033 135.453 25 6
2010 8 23 17 55 23.3736 40.9408 135.488 18.5 6
2010 8 23 17 55 27.723 40.9834 135.423 19.7 5
2010 8 23 17 55 42.3778 40.9244 135.482 17.4 6
2010 8 23 17 55 48.233 41.0104 135.459 24.3 6
2010 8 23 17 55 57.1456 40.9194 135.431 20.3 6
2010 8 23 17 56 7.52403 41.0699 135.492 14 6
2010 8 23 17 56 10.7938 41.1822 135.484 26.8 6
2010 8 23 17 56 10.8413 41.328 135.491 16.4 6
2010 8 23 17 56 38.1379 40.9871 135.469 27.2 5
2010 8 23 17 56 43.2073 40.8879 135.427 18.8 6
2010 8 23 17 57 1.76956 40.951 135.508 24.1 8
2010 8 23 17 57 12.2655 40.8968 135.54 20.2 6
2010 8 23 17 58 7.57347 40.9442 135.506 16.4 6
2010 8 23 17 58 7.63408 41.0423 135.548 26.5 5
2010 8 23 17 58 13.9413 41.0542 135.519 15 6
2010 8 23 17 58 35.9601 40.9557 135.468 13.5 7
2010 8 23 17 58 36.5494 41.2303 135.471 22.7 6
2010 8 23 17 58 37.0913 40.9921 135.446 16.5 8
2010 8 23 17 58 49.5803 41.0017 135.485 21.7 7
2010 8 23 17 59 10.2199 41.0668 135.491 19.8 5
2010 8 23 17 59 21.1923 41.4385 135.01 6.9 5
2010 8 23 17 59 55.3791 41.079 135.494 18.7 5
2010 8 23 17 59 59.3713 40.9308 135.52 21.5 6
2010 8 23 18 0 6.09069 41.8014 134.817 15.3 5
2010 8 23 18 0 6.09102 40.8607 135.538 7.7 5
2010 8 23 18 0 14.641 40.9514 135.5 20.6 6
2010 8 23 18 0 36.2477 41.3293 135.627 9.5 5
2010 8 23 18 0 36.7275 41.3058 135.619 19.6 7
2010 8 23 18 1 20.2542 41.1131 135.552 15.6 5
2010 8 23 18 1 24.289 40.9731 135.546 21.8 7
2010 8 23 18 1 34.5447 40.8667 135.452 12.1 5
2010 8 23 18 1 43.5692 40.9635 135.537 15.3 7
2010 8 23 18 1 45.8746 40.9736 135.444 6.4 5
2010 8 23 18 1 46.4885 40.9779 135.504 15.6 6
2010 8 23 18 2 12.2282 40.9099 135.53 20.5 5
2010 8 23 18 2 23.9018 41.0064 135.5 21.2 5
2010 8 23 18 2 37.3696 40.9753 135.534 20.6 6
2010 8 23 18 2 56.6211 40.9914 135.523 19.1 5
2010 8 23 18 2 59.0441 40.9326 135.547 26.6 5
2010 8 23 18 3 6.45632 40.8876 135.56 12.2 5
2010 8 23 18 3 6.59012 40.9547 135.515 13.3 5
2010 8 23 18 3 6.65927 41.0647 135.566 18.7 6
2010 8 23 18 3 27.6966 40.9554 135.487 27.9 5
2010 8 23 18 3 27.8946 40.8722 135.53 14.8 6
2010 8 23 18 3 43.2073 42.6011 139.794 16 5
2010 8 23 18 4 11.8537 40.9503 135.555 23.8 7
2010 8 23 18 4 41.8766 41.042 135.584 22.6 6
2010 8 23 18 5 26.9649 40.9928 135.548 21.9 6
2010 8 23 18 5 52.9311 41.0881 135.521 7.5 5
2010 8 23 18 6 29.1104 40.9916 135.614 24.3 5
2010 8 23 18 6 43.5337 41.1026 135.562 26.6 5
2010 8 23 18 6 53.2444 42.6606 139.754 24.7 8
2010 8 23 18 6 55.0164 40.9859 135.575 22.9 5
2010 8 23 18 7 8.33945 41.0632 135.6 14.5 5
2010 8 23 18 7 42.9009 41.0126 135.542 20.2 5
2010 8 23 18 7 53.4036 42.5583 139.572 17.6 5
2010 8 23 18 7 59.7971 41.0408 135.534 10.7 5
2010 8 23 18 8 9.1418 41.0197 135.623 25.4 6
2010 8 23 18 8 25.1325 40.9439 135.644 21.1 6
2010 8 23 18 8 30.0502 42.4089 139.589 23 9
2010 8 23 18 8 43.3675 41.0045 135.632 24.3 7
2010 8 23 18 8 54.7067 41.0623 135.561 18 5
2010 8 23 18 9 3.62166 40.9716 135.613 23 6
2010 8 23 18 9 3.77861 40.9957 135.61 21.4 9
2010 8 23 18 9 17.557 40.9833 135.611 18 6
2010 8 23 18 9 23.0187 41.1484 135.607 26.4 6
2010 8 23 18 9 33.343 40.9688 135.634 26.4 6
2010 8 23 18 10 3.11233 40.9932 135.631 14.5 9
2010 8 23 18 10 3.60772 41.0842 135.685 19.5 6
2010 8 23 18 10 42.1218 41.1195 135.68 4.3 5
2010 8 23 18 11 4.61772 42.7193 139.899 25.9 6
2010 8 23 18 11 10.0082 41.0612 135.534 12.9 5
2010 8 23 18 11 14.7763 42.4513 139.64 25.5 6
2010 8 23 18 11 22.1912 40.8794 135.661 11.2 5
2010 8 23 18 11 29.9016 40.9829 135.733 23.6 6
2010 8 23 18 11 45.0237 42.5205 139.661 26.2 6
2010 8 23 18 11 45.078 42.4779 139.65 25.9 6
2010 8 23 18 11 45.9204 40.9945 135.722 18.3 6
2010 8 23 18 12 21.2873 40.9409 135.665 22.7 5
2010 8 23 18 12 46.6306 40.9975 135.748 23.3 5
2010 8 23 18 12 49.9304 41.0349 135.702 25.7 6
2010 8 23 18 12 53.2818 42.5056 139.741 25.7 5
2010 8 23 18 13 29.6269 42.4796 139.657 23.1 8
2010 8 23 18 13 49.0293 41.0057 135.666 18.7 5
2010 8 23 18 14 2.82606 41.0189 135.67 24.4 5
2010 8 23 18 14 13.3949 41.0205 135.675 24.4 5
2010 8 23 18 14 26.1041 41.0069 135.673 11.1 8
2010 8 23 18 14 26.3192 41.0182 135.687 22.7 5
2010 8 23 18 14 26.7559 41.1089 135.691 17.9 6
2010 8 23 18 14 26.8032 41.1536 135.768 15.2 5
2010 8 23 18 14 32.3218 42.4809 139.68 24.9 6
2010 8 23 18 14 32.3219 42.5638 139.778 20.4 5
2010 8 23 18 14 32.5012 42.5904 139.732 22.2 6
2010 8 23 18 14 49.4006 41.0069 135.679 25.9 5
2010 8 23 18 15 2.70825 41.1286 135.653 16.6 5
2010 8 23 18 15 37.3285 41.0125 135.725 12.8 5
2010 8 23 18 15 45.6103 41.0106 135.658 3.7 5
2010 8 23 18 15 50.7774 40.9441 135.781 7.5 5
2010 8 23 18 16 6.63129 40.9309 135.665 12.5 5
2010 8 23 18 16 11.5036 41.0062 135.681 26.3 6
2010 8 23 18 16 21.3775 41.0364 135.783 17.6 5
2010 8 23 18 16 58.4948 42.5259 139.764 24.1 6
2010 8 23 18 17 22.307 40.9863 135.716 22.1 8
2010 8 23 18 17 22.3859 41.0559 135.756 21.8 5
2010 8 23 18 17 26.5632 41.0604 135.744 6.8 5
2010 8 23 18 17 52.1799 40.9387 135.655 19 6
2010 8 23 18 17 58.3401 42.5094 139.629 7.2 5
2010 8 23 18 17 58.3754 42.4929 139.796 22.6 7
2010 8 23 18 17 58.5757 42.4004 139.661 9.2 5
2010 8 23 18 18 36.1999 41.104 135.691 15.3 6
2010 8 23 18 18 53.4795 40.9484 135.764 25.5 8
2010 8 23 18 18 57.8859 41.0047 135.782 19.8 6
2010 8 23 18 18 58.1617 41.0745 135.73 17.9 6
2010 8 23 18 19 12.0264 41.0067 135.787 20.1 6
2010 8 23 18 19 12.2018 41.0233 135.779 25.8 6
2010 8 23 18 19 14.2015 42.4874 139.791 27.3 5
2010 8 23 18 19 30.164 41.0092 135.673 17 6
2010 8 23 18 20 53.0563 41.0056 135.829 28.8 6
2010 8 23 18 20 57.2989 40.9833 135.939 17.7 5
2010 8 23 18 21 17.5265 40.9856 135.864 18.7 6
2010 8 23 18 21 21.9216 40.9588 136.104 21.2 5
2010 8 23 18 21 55.3852 41.1608 135.77 19.7 5
2010 8 23 18 22 1.87762 41.2313 135.553 7.2 5
2010 8 23 18 22 9.07894 40.9937 135.793 22.7 8
2010 8 23 18 22 17.6376 40.9787 135.809 21.6 9
2010 8 23 18 22 48.3444 41.0817 135.817 24.9 5
2010 8 23 18 23 3.12636 40.9845 135.806 24.9 6
2010 8 23 18 23 3.2062 41.075 135.809 20.7 5
2010 8 23 18 23 13.6266 41.0252 135.802 23.3 7
2010 8 23 18 23 14.1267 41.0984 135.792 22.7 5
2010 8 23 18 23 45.1678 41.0104 135.783 23.2 6
2010 8 23 18 24 34.707 40.9945 135.873 22.9 8
2010 8 23 18 24 45.0326 40.9738 135.842 19.8 7
2010 8 23 18 25 10.2323 40.9838 135.838 22.1 8
2010 8 23 18 25 17.4026 40.992 135.838 29.5 8
2010 8 23 18 25 26.9509 41.325 135.453 19.1 6
2010 8 23 18 25 27.2836 41.0898 135.828 23 6
2010 8 23 18 25 51.0065 41.0043 135.829 23.1 7
2010 8 23 18 25 57.6308 40.994 135.858 22.4 7
2010 8 23 18 26 14.3998 41.0851 135.85 17.1 7
2010 8 23 18 26 42.715 40.9958 135.861 22.1 8
2010 8 23 18 27 0.563542 41.0114 135.976 10.8 6
2010 8 23 18 27 0.668642 40.9652 135.841 17.7 6
2010 8 23 18 27 36.2722 40.9801 135.835 20.5 8
2010 8 23 18 27 39.6264 40.9829 135.866 27.8 6
2010 8 23 18 27 52.3958 41.0096 135.947 7.6 5
2010 8 23 18 27 56.7833 41.0858 135.822 9.7 5
2010 8 23 18 27 59.7857 40.9884 135.901 26.7 9
2010 8 23 18 28 14.3623 41.0972 135.848 16.1 7
2010 8 23 18 28 16.2415 40.9855 135.926 17.9 5
2010 8 23 18 28 18.758 41.0376 135.882 19.5 7
2010 8 23 18 28 50.0286 40.9361 135.891 13.4 6
2010 8 23 18 28 59.1609 41.028 135.91 17.1 5
2010 8 23 18 29 5.93649 41.1153 136.011 9 6
2010 8 23 18 29 11.4229 41.0213 135.905 21.5 7
2010 8 23 18 29 21.6263 41.0702 135.912 18.1 5
2010 8 23 18 29 28.2188 40.916 135.929 3.6 5
2010 8 23 18 29 35.8984 40.9753 135.899 21.9 8
2010 8 23 18 29 44.528 41.0999 135.942 7.6 5
2010 8 23 18 29 50.1398 41.0627 135.941 17.2 5
2010 8 23 18 29 57.9026 40.9612 135.896 24.2 8
2010 8 23 18 30 19.393 41.1629 135.728 8.3 5
2010 8 23 18 30 29.9385 41.053 135.955 15 7
2010 8 23 18 30 36.4322 41.2686 135.877 16.9 6
2010 8 23 18 30 53.3652 40.9954 135.912 16.3 5
2010 8 23 18 30 59.2294 41.045 136.052 5.1 5
2010 8 23 18 31 14.7882 40.9949 135.968 20.7 6
2010 8 23 18 31 46.7915 41.1237 135.927 18.5 6
2010 8 23 18 31 47.0969 41.2083 135.847 2.3 5
2010 8 23 18 31 51.1489 40.9546 135.823 15.1 5
2010 8 23 18 32 13.5107 41.0735 135.943 15 7
2010 8 23 18 32 23.9988 41.1484 135.942 16.3 5
2010 8 23 18 32 33.1937 41.0449 135.94 14.2 6
2010 8 23 18 32 35.2434 41.102 135.923 15.1 5
2010 8 23 18 32 44.8641 41.4215 135.184 23.5 5
2010 8 23 18 32 55.1221 41.0844 136.022 8.1 6
2010 8 23 18 32 55.2962 41.0596 135.94 24.3 5
2010 8 23 18 33 13.7401 40.8551 135.861 18.2 5
2010 8 23 18 33 21.8094 40.9482 135.96 14.2 5
2010 8 23 18 33 26.4011 41.0508 135.938 16.5 7
2010 8 23 18 33 37.5694 41.2098 135.899 22.4 5
2010 8 23 18 33 37.8339 41.3652 136.004 19.1 8
2010 8 23 18 33 44.5604 41.0029 135.902 22.7 8
2010 8 23 18 33 52.4183 41.0442 135.979 14.8 5
2010 8 23 18 34 0.155197 41.069 136.079 4.9 5
2010 8 23 18 34 3.53351 41.0809 135.984 5.2 6
2010 8 23 18 34 8.58434 40.9738 135.979 24.5 9
2010 8 23 18 34 26.9451 41.005 135.914 19.4 5
2010 8 23 18 34 45.7265 40.9686 135.978 24 8
2010 8 23 18 35 4.10359 41.0011 135.943 17.4 6
2010 8 23 18 35 27.2761 41.0664 135.995 15.1 6
2010 8 23 18 36 6.5923 41.0962 136.023 21.8 8
2010 8 23 18 36 7.07087 41.0042 136.023 20.9 8
2010 8 23 18 36 34.7142 41.0807 135.995 13.7 5
2010 8 23 18 36 42.1763 40.9999 136.048 18.8 6
2010 8 23 18 36 44.2515 41.1154 135.956 20.6 5
2010 8 23 18 37 6.40589 41.0372 136.012 19.8 7
2010 8 23 18 37 11.0933 41.0861 135.956 18.4 5
2010 8 23 18 37 17.0908 41.028 136.058 15.3 5
2010 8 23 18 37 23.0366 41.065 136.096 2.7 5
2010 8 23 18 37 30.6332 41.0123 136.123 7.6 5
2010 8 23 18 37 34.6388 40.9264 136.109 6.5 5
2010 8 23 18 37 43.4312 42.0361 137.447 26.9 6
2010 8 23 18 38 9.4812 40.9871 135.986 2.9 5
2010 8 23 18 38 22.5197 41.2186 135.924 26.6 7
2010 8 23 18 38 26.2192 41.0169 136.076 18.9 6
2010 8 23 18 38 42.3542 41.0823 135.979 4.8 5
2010 8 23 18 38 42.6324 41.1026 136.002 17 5
2010 8 23 18 38 47.8469 41.0108 136.033 16.3 7
2010 8 23 18 38 57.6891 41.0551 136.043 2.8 6
2010 8 23 18 39 14.876 41.0864 136.028 10.2 5
2010 8 23 18 39 21.695 40.9941 136.06 12.1 5
2010 8 23 18 39 38.3084 40.9926 136.049 26.4 7
2010 8 23 18 39 50.022 41.0981 136.009 14.4 6
2010 8 23 18 39 50.1816 41.0754 136.094 6.2 5
2010 8 23 18 40 3.12755 41.0434 136.176 7 5
2010 8 23 18 40 20.3686 40.9359 136.066 8.6 5
2010 8 23 18 40 35.0668 40.9964 136.076 17.4 7
2010 8 23 18 40 44.3304 40.9936 136.094 17.2 6
2010 8 23 18 40 56.2751 41.0098 136.177 5.8 6
2010 8 23 18 41 6.43436 41.04 136.141 17.4 6
2010 8 23 18 41 7.34055 41.1456 135.889 15.1 6
2010 8 23 18 41 18.4069 41.0591 135.959 16.4 5
2010 8 23 18 41 33.5666 40.9789 136.08 25.4 8
2010 8 23 18 41 42.789 41.0528 136.108 16.4 5
2010 8 23 18 41 56.4467 41.0071 136.132 15.8 6
2010 8 23 18 41 56.5824 41.0447 136.074 15.1 5
2010 8 23 18 42 5.21659 41.1694 135.916 14.7 7
2010 8 23 18 42 5.3132 41.1662 135.917 11.2 6
2010 8 23 18 42 21.1084 40.9777 135.982 17.6 5
2010 8 23 18 42 41.8128 41.1805 135.898 11.5 5
2010 8 23 18 42 49.9026 40.9832 136.07 15.5 5
2010 8 23 18 43 27.6491 41.021 136.149 22.8 6
2010 8 23 18 43 43.4521 41.0368 136.223 4.2 5
2010 8 23 18 43 51.4502 41.065 136.104 17 8
2010 8 23 18 43 55.6565 41.2154 135.838 14.9 5
2010 8 23 18 44 3.25011 41.179 135.977 10.6 7
2010 8 23 18 44 4.75715 41.0975 136.061 14.2 7
2010 8 23 18 44 4.99953 41.0452 136.071 24.3 6
2010 8 23 18 44 13.171 40.9911 136.086 18.6 10
2010 8 23 18 44 27.3893 41.1244 136.072 15.9 5
2010 8 23 18 44 36.0528 41.1748 135.855 23.6 6
2010 8 23 18 44 36.0983 40.9917 136.111 22.7 8
2010 8 23 18 44 45.6885 40.9857 136.129 12.9 5
2010 8 23 18 45 8.07913 40.9733 136.073 11.2 5
2010 8 23 18 45 9.74206 41.182 135.981 18.1 8
2010 8 23 18 45 19.1363 41.1546 135.921 19.4 6
2010 8 23 18 45 19.272 41.0771 135.957 6.8 5
2010 8 23 18 45 21.9657 41.0018 136.091 23.5 6
2010 8 23 18 45 32.941 41.2585 136.046 10 5
2010 8 23 18 45 51.8416 40.9479 136.146 18.8 7
2010 8 23 18 45 55.0146 41.0064 136.123 14.7 5
2010 8 23 18 45 56.5214 41.17 135.911 18.4 6
2010 8 23 18 46 4.20387 41.0705 136.131 15.2 8
2010 8 23 18 46 22.4246 41.2165 135.988 16.8 8
2010 8 23 18 46 22.6575 41.1907 136.005 21.5 7
2010 8 23 18 46 41.7445 41.0346 136.287 5 5
2010 8 23 18 46 47.7379 41.0453 136.119 15.1 7
2010 8 23 18 46 48.8995 41.1973 136 25.4 5
2010 8 23 18 47 19.9431 41.0027 136.149 23.8 8
2010 8 23 18 47 28.4364 41.597 135.345 26.1 5
2010 8 23 18 47 41.9745 40.9563 136.218 9.3 5
2010 8 23 18 47 45.3618 41.2843 136.07 4.2 5
2010 8 23 18 47 47.0707 40.9986 136.169 15.9 5
2010 8 23 18 47 47.1915 41.0591 136.156 17.4 7
2010 8 23 18 48 4.6974 41.2682 136.067 14.4 5
2010 8 23 18 48 8.91975 41.0233 136.181 21.8 6
2010 8 23 18 48 8.9264 41.0215 136.139 19.1 7
2010 8 23 18 48 40.6889 41.2108 136.049 14.8 7
2010 8 23 18 48 40.7085 41.1611 136.04 19.3 6
2010 8 23 18 48 40.7729 41.145 136.05 8.9 5
2010 8 23 18 48 40.919 41.2136 136.055 11.9 5
2010 8 23 18 48 41.0138 41.1871 136.007 23.7 6
2010 8 23 18 48 41.1839 41.2182 136.042 9.2 5
2010 8 23 18 48 43.2964 41.0595 136.146 19.7 7
2010 8 23 18 48 47.8508 40.9852 136.229 5.5 5
2010 8 23 18 48 49.0944 41.0348 136.171 17.8 6
2010 8 23 18 48 55.3712 41.1358 135.975 14 5
2010 8 23 18 49 5.1052 41.1823 136.055 17.3 8
2010 8 23 18 49 5.17573 41.1978 136.047 16.8 9
2010 8 23 18 49 18.8935 41.0593 136.319 4.8 6
2010 8 23 18 49 18.9666 41.0963 136.191 13.1 5
2010 8 23 18 49 19.0311 41.0649 136.21 20 8
2010 8 23 18 49 21.6461 41.2153 136.045 19.5 9
2010 8 23 18 49 42.0755 41.1343 135.977 13.3 7
2010 8 23 18 49 42.1813 41.1328 136.031 9.2 6
2010 8 23 18 49 57.8225 41.2194 136.048 13.8 7
2010 8 23 18 49 57.8975 41.2209 136.082 11.3 6
2010 8 23 18 50 0.391216 41.0128 136.125 14.3 5
2010 8 23 18 50 0.519567 41.0052 136.173 15.5 8
2010 8 23 18 50 2.05662 41.0989 136.05 5.4 5
2010 8 23 18 50 11.7502 41.0289 136.175 19.7 7
2010 8 23 18 50 11.8299 41.0187 136.168 10.6 6
2010 8 23 18 50 22.0837 41.0731 136.314 3.8 5
2010 8 23 18 50 29.7973 41.2128 136.044 9.8 5
2010 8 23 18 50 30.0822 41.1735 136.017 14.3 7
2010 8 23 18 50 34.5159 40.9895 136.196 18.2 7
2010 8 23 18 50 40.6236 41.0471 136.195 9.5 5
2010 8 23 18 50 44.7807 41.0172 136.229 15.9 7
2010 8 23 18 50 49.5301 41.127 136.17 15.4 6
2010 8 23 18 50 49.6549 41.0984 136.179 14.7 5
2010 8 23 18 50 58.4384 41.1631 136.234 6.1 6
2010 8 23 18 51 4.60564 41.0095 136.172 13.5 6
2010 8 23 18 51 11.6473 41.0584 136.17 11.7 6
2010 8 23 18 51 24.8626 40.9849 136.202 13 6
2010 8 23 18 51 25.4481 41.1335 136.179 12.8 6
2010 8 23 18 51 40.4257 41.0957 136.135 15.9 5
2010 8 23 18 51 40.6096 41.0491 136.143 20.2 6
2010 8 23 18 51 44.1156 41.0245 136.252 12 5
2010 8 23 18 51 52.067 41.068 136.145 6.6 6
2010 8 23 18 52 0.124557 41.1458 136.068 18 7
2010 8 23 18 52 6.73153 41.0515 136.268 9.7 6
2010 8 23 18 52 15.9253 41.0352 136.325 11.2 6
2010 8 23 18 52 20.2475 41.3382 135.857 14.2 5
2010 8 23 18 52 29.9794 41.1514 136.118 14.9 5
2010 8 23 18 52 30.0609 41.1139 136.184 12.6 7
2010 8 23 18 52 37.5698 41.0211 136.216 13.2 8
2010 8 23 18 52 45.0518 41.0531 136.177 17.7 9
2010 8 23 18 53 1.9023 41.0327 136.211 18.3 9
2010 8 23 18 53 2.05335 41.068 136.207 19.8 5
2010 8 23 18 53 4.94553 41.0192 136.205 16.8 8
2010 8 23 18 53 8.014 41.171 136.102 17 8
2010 8 23 18 53 8.16773 41.155 136.076 18.7 8
2010 8 23 18 53 16.4144 41.1518 136.07 23.3 7
2010 8 23 18 53 28.5059 41.0545 136.208 17.1 6
2010 8 23 18 53 45.0136 41.0847 136.073 21.2 5
2010 8 23 18 53 45.0669 41.1519 136.086 13.2 6
2010 8 23 18 53 55.9134 41.224 136.078 11.9 5
2010 8 23 18 54 0.090113 41.1027 136.351 3.2 5
2010 8 23 18 54 5.08457 41.0555 136.258 11.4 5
2010 8 23 18 54 9.33899 41.1066 136.059 12.3 6
2010 8 23 18 54 21.0356 40.9662 136.151 23.3 6
2010 8 23 18 54 21.3542 41.1337 136.085 19.5 5
2010 8 23 18 54 21.6353 41.1509 136.153 5.9 5
2010 8 23 18 54 21.9458 41.1315 136.099 20.4 9
2010 8 23 18 54 26.7069 41.0175 136.222 13.1 7
2010 8 23 18 54 26.7831 41.0842 136.259 12.2 8
2010 8 23 18 54 30.3653 41.0479 136.229 11 8
2010 8 23 18 55 2.59327 41.0052 136.25 9.7 6
2010 8 23 18 55 11.2221 41.0775 136.304 17.8 5
2010 8 23 18 55 11.3179 41.0914 136.272 20.1 5
2010 8 23 18 55 27.3062 41.0662 136.205 22.3 8
2010 8 23 18 55 31.5764 41.0056 136.253 15 7
2010 8 23 18 55 36.1456 41.0014 136.265 20.6 8
2010 8 23 18 55 36.2157 41.0785 136.315 14.5 7
2010 8 23 18 55 36.5436 40.9953 136.25 14.9 7
2010 8 23 18 55 39.9746 41.1863 136.101 19.2 7
2010 8 23 18 55 40.037 41.2069 136.099 17.7 7
2010 8 23 18 55 46.4584 41.072 136.261 20.3 8
2010 8 23 18 55 54.3664 41.146 136.025 11.5 5
2010 8 23 18 56 1.38284 41.0313 136.266 21.6 10
2010 8 23 18 56 41.6923 41.0478 136.301 17.7 6
2010 8 23 18 56 42.5108 41.1737 136.055 12.9 7
2010 8 23 18 57 18.4675 41.0991 136.228 14.1 8
2010 8 23 18 57 31.5169 41.0905 136.273 11.7 6
2010 8 23 18 57 34.2227 41.1857 136.127 15.2 6
2010 8 23 18 57 36.841 41.1928 136.107 10.4 6
2010 8 23 18 57 59.4167 41.0988 136.3 14.5 5
2010 8 23 18 58 21.1272 41.0438 136.292 10.7 9
2010 8 23 18 58 21.2179 41.0462 136.279 14.7 9
2010 8 23 18 58 27.2154 41.1093 136.279 12.6 7
2010 8 23 18 58 33.6419 40.9933 136.239 3.7 5
2010 8 23 18 58 33.6419 41.0078 136.327 17.1 5
2010 8 23 18 58 34.6601 41.1865 136.179 6.5 6
2010 8 23 18 58 41.8851 41.2491 136.103 17.8 5
2010 8 23 18 58 41.8852 41.0029 136.292 10.4 6
2010 8 23 18 58 42.1028 41.0094 136.291 18.1 7
2010 8 23 18 59 5.2023 41.1987 136.128 14.7 6
2010 8 23 18 59 5.27625 41.1627 136.107 14.8 8
2010 8 23 18 59 6.44038 41.0723 136.26 1.1 5
2010 8 23 18 59 12.9495 41.2087 136.154 17 8
2010 8 23 18 59 15.801 41.111 136.331 10.8 5
2010 8 23 18 59 20.543 41.146 136.149 10.7 8
2010 8 23 18 59 26.4348 41.172 136.167 16.1 9
2010 8 23 18 59 26.4896 41.2015 136.167 19.7 5
2010 8 23 18 59 32.4031 41.176 136.144 10.8 7
2010 8 23 18 59 34.4343 41.0726 136.347 17 8
2010 8 23 18 59 45.9527 41.0597 136.277 6.6 5
2010 8 23 18 59 46.0118 41.1702 136.183 17.7 9
2010 8 23 18 59 46.1438 41.1552 136.182 6.5 6
2010 8 23 18 59 50.1474 41.1427 136.191 21.4 6
2010 8 23 18 59 50.2508 41.184 136.192 14.3 7
2010 8 23 18 59 53.8255 41.0632 136.29 15.4 5
2010 8 23 19 0 3.617 41.172 136.18 9.4 5
2010 8 23 19 0 13.7078 42.1342 137.584 11.5 5
2010 8 23 19 0 16.7929 41.005 136.322 2.6 5
2010 8 23 19 0 27.5317 41.1494 136.201 2.3 5
2010 8 23 19 0 29.8691 41.083 136.295 18.3 7
2010 8 23 19 0 32.8529 41.2106 136.289 5.8 6
2010 8 23 19 0 41.77 41.0863 136.342 13.7 8
2010 8 23 19 0 41.8696 41.0822 136.401 8 5
2010 8 23 19 0 41.9491 41.1142 136.295 14 6
2010 8 23 19 0 42.5454 41.0424 136.305 8.7 5
2010 8 23 19 0 47.3172 41.1592 136.163 18 5
2010 8 23 19 0 47.4563 41.1215 136.204 10.2 5
2010 8 23 19 1 5.27282 41.0652 136.373 6.4 5
2010 8 23 19 1 5.62709 41.2024 136.245 8.4 5
2010 8 23 19 1 18.6009 41.2386 136.201 8 5
2010 8 23 19 1 18.6964 41.1584 136.171 8.6 7
2010 8 23 19 1 21.5606 41.1352 136.268 12.2 6
2010 8 23 19 1 21.7252 41.068 136.32 14.6 6
2010 8 23 19 1 29.5131 41.0431 136.291 12.6 5
2010 8 23 19 1 31.2876 41.0822 136.369 18.7 7
2010 8 23 19 1 36.4099 40.9628 136.275 18.7 9
2010 8 23 19 1 39.1302 41.0889 136.255 13.5 5
2010 8 23 19 2 2.45031 41.1537 136.183 16.1 5
2010 8 23 19 2 2.51302 41.2139 136.254 5 6
2010 8 23 19 2 5.88737 41.065 136.282 12.8 5
2010 8 23 19 2 9.57614 41.0553 136.252 6.7 6
2010 8 23 19 2 13.8644 41.2003 136.21 13.9 6
2010 8 23 19 2 14.174 41.201 136.25 14.4 7
2010 8 23 19 2 21.7153 41.0509 136.326 9.1 7
2010 8 23 19 2 27.4077 42.2169 139.462 13.6 9
2010 8 23 19 2 27.4232 41.1429 136.155 11.4 7
2010 8 23 19 2 27.6766 41.0941 136.13 10.9 7
2010 8 23 19 2 30.4635 41.1351 136.418 18.5 7
2010 8 23 19 2 36.8436 41.0663 136.298 11.7 7
2010 8 23 19 2 42.7019 41.0168 136.302 11.9 8
2010 8 23 19 2 42.724 41.1232 136.145 16.6 9
2010 8 23 19 2 48.6708 41.1317 136.368 10.9 7
2010 8 23 19 2 49.0291 41.1179 136.384 10.7 5
2010 8 23 19 3 3.54466 41.1242 136.336 8.6 6
2010 8 23 19 3 8.96081 41.2085 136.213 14.8 6
2010 8 23 19 3 19.915 41.1727 136.18 11.9 5
2010 8 23 19 3 22.0759 41.0635 136.298 18 5
2010 8 23 19 3 26.6526 41.0718 136.32 13.6 6
2010 8 23 19 3 31.4567 41.0751 136.329 12.2 7
2010 8 23 19 3 32.7497 41.2362 136.229 14.2 8
2010 8 23 19 3 37.6715 41.0722 136.287 15.4 6
2010 8 23 19 3 40.6169 41.0796 136.376 12.7 8
2010 8 23 19 4 0.273852 41.2309 136.292 8.5 6
2010 8 23 19 4 0.394926 41.198 136.226 15.4 8
2010 8 23 19 4 4.08068 41.0689 136.3 12.6 7
2010 8 23 19 4 11.6397 41.0581 136.338 19 6
2010 8 23 19 4 14.1858 41.2167 136.222 15.5 8
2010 8 23 19 4 14.9217 41.1538 136.31 10.8 6
2010 8 23 19 4 28.9833 41.0766 136.333 13.9 7
2010 8 23 19 4 35.9427 41.0113 136.34 8.5 6
2010 8 23 19 4 48.8884 41.0259 136.357 19.2 6
2010 8 23 19 5 8.15487 41.2075 136.262 10.1 6
2010 8 23 19 5 9.98492 41.1285 136.445 4.8 5
2010 8 23 19 5 13.4518 41.0999 136.355 14.7 8
2010 8 23 19 5 15.6542 41.1946 136.238 12.7 8
2010 8 23 19 5 19.2777 41.0969 136.444 6.1 5
2010 8 23 19 5 22.4924 41.0757 136.318 13.2 9
2010 8 23 19 5 22.6656 41.1727 136.286 10.6 5
2010 8 23 19 5 25.2346 41.0798 136.342 5.5 5
2010 8 23 19 5 30.473 41.308 136.022 8.8 5
2010 8 23 19 5 36.474 41.0984 136.372 11.7 6
2010 8 23 19 5 36.9254 41.0835 136.348 14.5 6
2010 8 23 19 5 44.8048 41.1205 136.401 14.5 6
2010 8 23 19 5 46.4987 41.071 136.327 13.9 5
2010 8 23 19 5 52.8466 41.0869 136.346 11 9
2010 8 23 19 5 52.8738 41.1986 136.252 14.4 7
2010 8 23 19 5 53.0662 41.2378 136.244 13.9 7
2010 8 23 19 5 59.4065 41.0988 136.393 12.1 5
2010 8 23 19 6 0.657272 41.0734 136.349 12.6 7
2010 8 23 19 6 0.728771 41.043 136.305 12.9 6
2010 8 23 19 6 0.80493 41.0847 136.365 10.5 6
2010 8 23 19 6 13.5497 41.2071 136.246 23.4 9
2010 8 23 19 6 13.7293 41.2672 136.235 12.2 6
2010 8 23 19 6 13.7936 41.2432 136.255 12.1 6
2010 8 23 19 6 14.3002 41.056 136.334 8.3 6
2010 8 23 19 6 24.3692 41.0933 136.497 8.4 5
2010 8 23 19 6 28.2966 41.0119 136.391 1.7 5
2010 8 23 19 6 36.5156 41.1981 136.215 14.2 7
2010 8 23 19 6 36.5957 41.1915 136.194 11.5 5
2010 8 23 19 6 42.9829 41.1964 136.259 10.5 6
2010 8 23 19 6 43.2786 41.0827 136.395 20.1 5
2010 8 23 19 6 46.9075 41.0363 136.324 8.3 5
2010 8 23 19 7 1.94047 41.0879 136.606 17.4 6
2010 8 23 19 7 2.01764 41.2128 136.245 17 6
2010 8 23 19 7 2.06438 41.2384 136.276 20.2 6
2010 8 23 19 7 4.78184 41.0145 136.381 11.6 5
2010 8 23 19 7 4.89319 41.1247 136.356 14 5
2010 8 23 19 7 8.61789 41.0388 136.287 17.5 5
2010 8 23 19 7 10.5877 41.2238 136.297 8.9 6
2010 8 23 19 7 16.7257 41.1429 136.359 8.5 7
2010 8 23 19 7 25.5939 41.2458 136.292 14.4 7
2010 8 23 19 7 25.6742 41.2208 136.271 19 5
2010 8 23 19 7 25.754 41.2348 136.272 16.6 9
2010 8 23 19 7 38.0199 41.0849 136.365 20.6 5
2010 8 23 19 7 43.5499 41.0882 136.349 14.6 6
2010 8 23 19 7 50.0894 41.1011 136.433 8.5 5
2010 8 23 19 7 52.3056 41.1606 136.262 11.8 7
2010 8 23 19 8 8.90313 41.1009 136.4 15.8 8
2010 8 23 19 8 9.97425 41.2075 136.27 13.4 6
2010 8 23 19 8 10.098 41.1391 136.216 21.4 8
2010 8 23 19 8 25.3616 41.1162 136.381 14.8 6
2010 8 23 19 8 30.7263 41.0272 136.418 4.7 5
2010 8 23 19 8 34.4286 41.0663 136.355 19.9 5
2010 8 23 19 8 43.3291 41.1894 136.25 15.5 7
2010 8 23 19 8 44.2292 41.0107 136.369 11.4 5
2010 8 23 19 8 52.3997 41.0785 136.392 7.8 5
2010 8 23 19 8 53.6575 41.1773 136.335 15.6 6
2010 8 23 19 8 53.7086 41.151 136.248 12.7 7
2010 8 23 19 8 58.6036 41.1031 136.37 10.4 6
2010 8 23 19 9 1.33351 41.2203 136.283 6.4 5
2010 8 23 19 9 1.82159 41.0888 136.37 12.1 7
2010 8 23 19 9 11.1546 41.0612 136.354 15.8 5
2010 8 23 19 9 37.0583 41.0431 136.374 17.6 5
2010 8 23 19 9 42.8101 41.2072 136.272 10.8 7
2010 8 23 19 9 43.1422 41.2348 136.277 16.5 7
2010 8 23 19 9 52.209 41.0896 136.372 10.3 7
2010 8 23 19 9 55.6217 41.0115 136.408 8.8 5
2010 8 23 19 10 3.63295 41.2791 136.293 9.7 7
2010 8 23 19 10 3.74053 41.2607 136.302 11.2 6
2010 8 23 19 10 8.20144 41.0718 136.459 3.1 5
2010 8 23 19 10 20.1376 41.2113 136.257 11.3 7
2010 8 23 19 10 29.7983 41.0673 136.387 8.7 7
2010 8 23 19 10 33.5486 41.1083 136.493 9.8 5
2010 8 23 19 10 35.1142 36.3893 135.559 13.2 7
2010 8 23 19 10 40.1759 41.1001 136.478 14.4 6
2010 8 23 19 10 44.1353 41.1641 136.291 22.9 6
2010 8 23 19 10 49.3021 41.0328 136.413 21.9 5
2010 8 23 19 10 56.4316 41.0864 136.435 13.1 5
2010 8 23 19 11 4.24576 41.0578 136.484 9.2 6
2010 8 23 19 11 8.65806 41.0898 136.465 14.2 5
2010 8 23 19 11 8.821 41.1051 136.473 16.9 6
2010 8 23 19 11 23.331 40.9859 136.471 14.8 5
2010 8 23 19 11 36.2411 41.1361 136.49 11.7 7
2010 8 23 19 11 51.5093 41.1015 136.473 24.6 5
2010 8 23 19 11 58.3169 41.083 136.44 14.5 8
2010 8 23 19 12 6.50553 41.1817 136.313 20.1 6
2010 8 23 19 12 15.3211 36.387 135.523 9.3 6
2010 8 23 19 12 18.4429 41.0957 136.425 22.6 8
2010 8 23 19 12 20.0697 41.0682 136.465 11 5
2010 8 23 19 12 20.3055 41.0803 136.401 13.2 7
2010 8 23 19 12 30.0896 41.0889 136.479 8.1 5
2010 8 23 19 12 30.2027 41.1732 136.344 7.1 5
2010 8 23 19 12 40.5278 41.0456 136.449 15.1 5
2010 8 23 19 12 47.698 40.978 136.424 9.1 5
2010 8 23 19 12 52.9507 41.244 136.446 17.9 8
2010 8 23 19 12 53.1075 41.2814 136.43 15.1 7
2010 8 23 19 12 58.2236 41.1006 136.437 11.5 5
2010 8 23 19 13 0.423762 41.2103 136.449 17.8 7
2010 8 23 19 13 12.4259 41.0758 136.453 5.6 7
2010 8 23 19 13 22.6977 41.184 136.485 19 9
2010 8 23 19 13 33.0455 41.1561 136.395 13.6 5
2010 8 23 19 13 39.8869 41.2378 136.363 15.3 9
2010 8 23 19 13 53.0951 41.0382 136.509 8 5
2010 8 23 19 13 54.2067 41.0614 136.409 6.5 5
2010 8 23 19 13 55.8775 41.0533 136.406 10.3 7
2010 8 23 19 13 58.456 41.2815 136.434 13.7 8
2010 8 23 19 13 58.694 41.3411 136.434 12.7 6
2010 8 23 19 13 58.8226 41.2763 136.434 10 9
2010 8 23 19 14 0.554776 41.0771 136.462 9.8 8
2010 8 23 19 14 1.08078 41.0049 136.452 9.9 5
2010 8 23 19 14 3.5221 41.0663 136.46 16 9
2010 8 23 19 14 17.5075 40.9606 136.457 12.9 6
2010 8 23 19 14 19.1837 41.0949 136.469 16.2 6
2010 8 23 19 14 40.1707 41.025 136.392 18.6 6
2010 8 23 19 14 46.4672 41.1779 136.471 12.8 5
2010 8 23 19 14 47.1089 41.0425 136.433 10.8 8
2010 8 23 19 14 56.5992 36.3713 135.554 15.3 6
2010 8 23 19 14 58.2529 41.1103 136.467 16.9 5
2010 8 23 19 15 2.2585 41.2409 136.437 11.3 7
2010 8 23 19 15 3.16928 41.0514 136.434 11.8 5
2010 8 23 19 15 9.51346 41.1233 136.445 7.8 5
2010 8 23 19 15 9.6228 41.1206 136.495 11 7
2010 8 23 19 15 12.2143 41.0517 136.444 13.8 7
2010 8 23 19 15 16.0127 41.0811 136.482 14.2 10
2010 8 23 19 15 25.8735 41.2366 136.387 16.4 6
2010 8 23 19 15 49.6758 41.2006 136.366 15.7 9
2010 8 23 19 15 50.3713 40.8886 136.601 6.5 5
2010 8 23 19 15 50.6033 41.0996 136.457 9.3 5
2010 8 23 19 15 50.661 36.4466 135.562 8.4 5
2010 8 23 19 15 57.1921 41.2811 136.495 18 5
2010 8 23 19 15 57.2954 41.2755 136.536 9.7 6
2010 8 23 19 15 58.644 41.0868 136.511 19.4 9
2010 8 23 19 16 4.50069 41.0857 136.539 8.7 5
2010 8 23 19 16 6.28458 41.0103 136.472 23.2 7
2010 8 23 19 16 27.0721 41.2056 136.343 14.5 9
2010 8 23 19 16 29.6932 41.0479 136.485 28.2 5
2010 8 23 19 16 29.9053 41.0851 136.507 9.4 8
2010 8 23 19 16 36.9676 41.237 136.537 10.2 6
2010 8 23 19 16 38.574 41.1168 136.624 2.8 5
2010 8 23 19 16 41.6997 41.0605 136.474 14.3 7
2010 8 23 19 16 48.809 41.0661 136.501 11.1 5
2010 8 23 19 16 53.3615 41.2645 136.365 12.4 5
2010 8 23 19 17 8.51878 41.0912 136.596 5.4 5
2010 8 23 19 17 24.9008 41.1033 136.587 11.2 5
2010 8 23 19 17 28.1895 36.3873 135.565 17.7 7
2010 8 23 19 17 29.0776 41.27 136.454 17.3 5
2010 8 23 19 17 29.1659 41.2013 136.404 11.3 5
2010 8 23 19 17 49.8477 41.0272 136.524 11.3 5
2010 8 23 19 17 49.9288 40.9735 136.53 6.9 5
2010 8 23 19 18 11.5035 41.1715 136.612 8.6 5
2010 8 23 19 18 15.2704 41.2205 136.452 24.2 5
2010 8 23 19 18 15.3482 41.3401 136.348 12.2 5
2010 8 23 19 18 27.2084 36.4035 135.532 12.6 6
2010 8 23 19 18 27.3734 41.0681 136.502 6.8 5
2010 8 23 19 18 50.252 41.0931 136.541 6.5 5
2010 8 23 19 19 4.47649 41.2814 136.452 12 8
2010 8 23 19 19 9.36914 41.0744 136.544 19.1 8
2010 8 23 19 19 11.0701 41.0734 136.524 18 7
2010 8 23 19 19 12.6953 41.0791 136.526 6.7 8
2010 8 23 19 19 17.3045 41.1873 136.414 17.9 6
2010 8 23 19 19 17.4906 41.169 136.411 17 6
2010 8 23 19 19 17.5797 41.1239 136.367 14 7
2010 8 23 19 19 29.8032 41.0695 136.559 16.5 8
2010 8 23 19 19 31.263 40.9561 136.658 7.6 5
2010 8 23 19 19 38.5057 36.4118 135.57 9.9 5
2010 8 23 19 19 51.543 41.0947 136.558 8.5 7
2010 8 23 19 19 55.7182 41.1017 136.544 8.1 6
2010 8 23 19 20 4.79491 41.0827 136.565 7.5 6
2010 8 23 19 20 7.69877 41.1716 136.558 9.9 8
2010 8 23 19 20 24.5376 40.2067 133.458 10 5
2010 8 23 19 20 34.8767 41.0825 136.57 5.6 5
2010 8 23 19 20 47.2726 41.0949 136.562 18 6
2010 8 23 19 20 49.6962 41.0806 136.612 14.7 7
2010 8 23 19 20 50.3641 41.1217 136.646 8.6 6
2010 8 23 19 21 6.63127 41.2314 136.573 3.5 5
2010 8 23 19 21 6.76642 41.1719 136.56 2.9 5
2010 8 23 19 21 6.84772 41.1811 136.557 6.7 5
2010 8 23 19 21 6.92644 41.1997 136.587 11.7 7
2010 8 23 19 21 10.5656 41.121 136.532 11.7 9
2010 8 23 19 21 11.5218 41.0517 136.552 15.1 8
2010 8 23 19 21 14.1937 41.0539 136.594 5.1 5
2010 8 23 19 21 32.714 41.0165 136.618 12.9 6
2010 8 23 19 21 32.714 41.0274 136.583 11 6
2010 8 23 19 21 51.8037 41.0596 136.592 15.4 9
2010 8 23 19 21 53.8039 41.2002 136.406 5.9 6
2010 8 23 19 21 54.1968 41.2258 136.484 16.4 9
2010 8 23 19 21 54.4664 41.2641 136.494 14.6 7
2010 8 23 19 22 3.37819 41.1053 136.605 14.6 6
2010 8 23 19 22 4.1578 36.5327 135.673 12.5 5
2010 8 23 19 22 4.20523 36.4105 135.577 12.8 7
2010 8 23 19 22 29.8206 41.2319 136.502 16.4 6
2010 8 23 19 22 32.8225 41.0945 136.674 5.6 7
2010 8 23 19 22 39.4636 41.0082 136.651 20.7 6
2010 8 23 19 22 43.6195 41.2281 136.496 11.8 5
2010 8 23 19 22 43.6749 41.2589 136.485 15 7
2010 8 23 19 22 43.7747 41.2843 136.534 13.1 6
2010 8 23 19 23 0.312969 41.0545 136.568 15.4 5
2010 8 23 19 23 1.37998 41.1109 136.604 19.4 6
2010 8 23 19 23 1.47952 41.0978 136.62 21.4 6
2010 8 23 19 23 1.54888 41.1092 136.593 17.6 5
2010 8 23 19 23 1.65731 41.0992 136.577 10 7
2010 8 23 19 23 4.99622 41.0649 136.611 11.3 6
2010 8 23 19 23 11.9371 41.0751 136.603 18.1 6
2010 8 23 19 23 18.4828 41.2184 136.573 13.6 5
2010 8 23 19 23 36.0269 41.1922 136.577 13.1 5
2010 8 23 19 23 44.81 41.1034 136.647 14.2 7
2010 8 23 19 23 45.896 41.0061 136.636 5.3 5
2010 8 23 19 23 46.3575 41.0641 136.592 14.5 5
2010 8 23 19 23 53.7395 41.2338 136.504 11 5
2010 8 23 19 23 54.2847 41.2773 136.479 7.1 6
2010 8 23 19 24 4.48516 40.9732 136.561 16.9 5
2010 8 23 19 24 12.7966 41.1663 136.529 15 5
2010 8 23 19 24 13.5279 41.0307 136.612 3.7 5
2010 8 23 19 24 21.1665 41.1458 136.719 2.1 5
2010 8 23 19 24 23.8871 36.412 135.615 25.1 6
2010 8 23 19 24 30.2569 41.1482 136.626 14.5 5
2010 8 23 19 24 30.2787 41.082 136.556 11.2 8
2010 8 23 19 24 31.0062 41.2697 136.506 16 7
2010 8 23 19 24 44.9525 41.1221 136.591 13.7 6
2010 8 23 19 24 48.2271 40.2363 133.463 10.4 5
2010 8 23 19 24 52.0658 41.151 136.585 17.3 5
2010 8 23 19 25 2.68388 41.0751 136.57 6.9 5
2010 8 23 19 25 4.84887 41.1039 136.648 17.8 6
2010 8 23 19 25 22.0789 41.0426 136.541 15.4 7
2010 8 23 19 25 32.6974 41.1878 136.688 8 5
2010 8 23 19 25 32.791 41.1751 136.725 14 5
2010 8 23 19 25 32.9663 41.1931 136.762 15.6 6
2010 8 23 19 25 33.1384 41.1751 136.724 14.5 5
2010 8 23 19 25 44.9766 41.106 136.69 20.6 6
2010 8 23 19 25 55.8458 41.3223 136.653 13.9 5
2010 8 23 19 26 13.5055 41.0841 136.627 12.6 5
2010 8 23 19 26 13.9906 41.2141 136.525 7.9 6
2010 8 23 19 26 16.7346 41.066 136.649 21.6 5
2010 8 23 19 26 25.1595 41.1711 136.671 14.7 7
2010 8 23 19 26 36.8413 41.074 136.631 7.5 5
2010 8 23 19 26 41.709 41.1674 136.679 13.4 6
2010 8 23 19 26 46.4988 41.0047 136.649 18.7 6
2010 8 23 19 26 51.227 41.075 136.697 11.1 6
2010 8 23 19 27 6.32677 41.0634 136.596 17.2 6
2010 8 23 19 27 16.1797 41.3266 136.608 21.7 12
2010 8 23 19 27 33.1261 41.1679 136.51 9.8 7
2010 8 23 19 27 33.798 41.2131 136.571 15.1 6
2010 8 23 19 28 23.7238 41.2953 136.604 17.7 7
2010 8 23 19 28 49.3035 41.048 136.658 12.2 5
2010 8 23 19 28 50.4257 41.174 136.731 10.6 5
2010 8 23 19 28 55.7523 41.0786 136.706 18.4 6
2010 8 23 19 29 6.33349 41.3474 136.723 15.3 5
2010 8 23 19 29 23.5872 41.1895 136.598 17.5 6
2010 8 23 19 29 23.5872 41.2355 136.488 16.3 5
2010 8 23 19 29 23.6352 41.2437 136.56 19.3 5
2010 8 23 19 29 31.3155 41.2946 136.603 15.3 7
2010 8 23 19 29 50.6035 41.0569 136.678 12 8
2010 8 23 19 30 4.83379 41.2939 136.61 13 6
2010 8 23 19 30 10.5772 41.0572 136.692 16.7 8
2010 8 23 19 30 12.6632 41.119 136.727 12.9 5
2010 8 23 19 30 21.2351 41.0713 136.668 13.9 8
2010 8 23 19 30 26.9623 41.1018 136.643 22.8 5
2010 8 23 19 30 38.2696 41.1361 136.586 17.5 8
2010 8 23 19 31 0.648121 41.103 136.712 7.7 6
2010 8 23 19 31 20.3204 41.0762 136.701 14.7 5
2010 8 23 19 31 20.3492 41.1842 136.631 12.1 6
2010 8 23 19 31 31.703 41.1528 136.633 19.3 5
2010 8 23 19 31 31.7664 41.1366 136.641 7.1 5
2010 8 23 19 31 39.0211 41.0821 136.694 12.7 9
2010 8 23 19 31 46.9577 41.0503 136.687 5.6 5
2010 8 23 19 32 29.7303 41.0853 136.682 13.2 5
2010 8 23 19 32 36.4572 41.0137 136.711 1.8 5
2010 8 23 19 32 44.4683 41.1837 136.801 18.3 5
2010 8 23 19 32 49.2856 41.1514 136.757 25.8 5
2010 8 23 19 32 50.2862 41.0604 136.728 5.3 5
2010 8 23 19 32 50.3378 41.0663 136.718 6.6 5
2010 8 23 19 32 50.3378 41.0433 136.665 3.1 5
2010 8 23 19 33 2.68595 41.0996 136.823 10.9 7
2010 8 23 19 33 7.81883 41.1081 136.732 10.3 6
2010 8 23 19 33 9.4179 41.1083 136.728 16.9 5
2010 8 23 19 33 29.07 41.1079 136.764 13.8 8
2010 8 23 19 33 46.885 41.1534 136.798 16.3 9
2010 8 23 19 33 57.4074 41.0904 136.763 17.3 6
2010 8 23 19 34 35.4098 41.0598 136.74 10 5
2010 8 23 19 34 37.6445 41.0796 136.725 14.9 5
2010 8 23 19 34 37.8235 41.1069 136.712 14.3 7
2010 8 23 19 35 4.56681 41.063 136.744 9.4 5
2010 8 23 19 35 10.9582 41.0961 136.791 20.4 6
2010 8 23 19 35 21.6257 41.1057 136.794 15.3 8
2010 8 23 19 35 29.8378 41.1743 136.698 14.5 9
2010 8 23 19 35 33.9313 41.0834 136.714 12.8 5
2010 8 23 19 35 39.8546 41.0906 136.821 13.6 5
2010 8 23 19 35 55.841 41.1394 136.81 14.2 5
2010 8 23 19 36 6.5945 41.1708 136.71 18.1 7
2010 8 23 19 36 40.9655 41.0934 136.795 13.4 7
2010 8 23 19 36 52.383 41.1743 136.84 18 5
2010 8 23 19 37 6.42316 41.1174 136.839 21.6 5
2010 8 23 19 37 26.8794 41.3245 136.783 15.9 6
2010 8 23 19 37 46.0562 41.0731 136.788 20.3 6
2010 8 23 19 37 46.1412 41.0702 136.806 7.2 5
2010 8 23 19 38 3.52993 41.0652 136.836 14.6 7
2010 8 23 19 38 4.51456 41.1906 136.71 12.1 5
2010 8 23 19 38 16.1703 41.1182 136.858 17.6 5
2010 8 23 19 38 25.9214 41.1338 136.836 6.5 5
2010 8 23 19 38 36.3184 41.0832 136.781 13.6 5
2010 8 23 19 38 42.1591 36.3928 135.549 8.8 6
2010 8 23 19 39 20.0009 41.1066 136.896 10.4 5
2010 8 23 19 39 22.8172 41.1001 136.858 15.1 6
2010 8 23 19 39 29.9104 41.1034 136.811 12.7 5
2010 8 23 19 39 39.1255 41.1263 136.843 18.3 6
2010 8 23 19 39 45.3924 41.0725 136.952 7.8 5
2010 8 23 19 40 2.10878 41.0828 136.821 16.3 6
2010 8 23 19 40 32.726 41.0765 136.876 12.9 5
2010 8 23 19 40 51.48 41.1089 136.855 15.4 6
2010 8 23 19 41 7.42756 40.2452 133.763 20 6
2010 8 23 19 41 9.58287 36.5709 135.505 11.3 5
2010 8 23 19 41 13.5698 41.0835 136.883 17.8 5
2010 8 23 19 41 21.757 41.1549 136.866 13.6 5
2010 8 23 19 41 27.8018 41.1387 136.903 15.3 5
2010 8 23 19 41 36.8897 41.0681 136.855 17.4 8
2010 8 23 19 41 46.7332 41.0289 136.875 9.7 5
2010 8 23 19 41 49.1517 40.8465 136.318 15.2 9
2010 8 23 19 42 10.9232 41.0835 136.811 17.2 7
2010 8 23 19 42 25.0071 41.0928 136.904 18.2 6
2010 8 23 19 42 40.1764 41.0679 136.838 11.5 7
2010 8 23 19 42 47.015 41.1091 136.933 14.3 6
2010 8 23 19 42 50.2899 41.0635 136.866 16.4 5
2010 8 23 19 43 7.63408 41.1212 136.95 14.2 5
2010 8 23 19 43 16.9472 41.1022 136.897 15.2 5
2010 8 23 19 43 20.4931 41.0989 136.908 18.9 5
2010 8 23 19 43 22.7998 41.1081 136.931 14.2 6
2010 8 23 19 43 27.3885 41.069 136.99 19.3 5
2010 8 23 19 43 29.3993 41.0638 136.917 16 6
2010 8 23 19 43 29.7745 41.0548 136.926 13.6 5
2010 8 23 19 43 38.6629 41.2607 136.848 12.7 8
2010 8 23 19 43 38.9096 41.2174 136.843 12.4 9
2010 8 23 19 43 43.9721 41.1425 136.979 13.6 5
2010 8 23 19 43 49.6016 41.0954 136.939 12.7 5
2010 8 23 19 44 14.1847 41.0776 136.947 13 8
2010 8 23 19 44 22.5162 41.0522 136.915 13.7 5
2010 8 23 19 44 25.7472 40.9231 137.139 10.6 5
2010 8 23 19 44 25.8678 41.2223 136.841 17.6 6
2010 8 23 19 44 31.8638 36.4959 135.474 12.9 5
2010 8 23 19 44 41.9455 41.0768 136.973 10.6 5
2010 8 23 19 44 57.5881 41.0227 136.945 19.7 6
2010 8 23 19 45 10.4902 41.1259 136.913 9.3 5
2010 8 23 19 45 10.5971 41.1275 136.903 15.5 6
2010 8 23 19 45 13.5974 41.0764 136.932 16.5 6
2010 8 23 19 45 15.3562 41.2184 136.834 22.9 7
2010 8 23 19 45 15.8251 41.2194 136.846 24 5
2010 8 23 19 45 33.1291 41.1163 136.886 11.2 8
2010 8 23 19 45 36.8448 41.0519 136.937 16.2 5
2010 8 23 19 45 38.6112 41.0776 136.961 15.6 6
2010 8 23 19 45 41.0821 41.3869 136.646 14.9 5
2010 8 23 19 45 41.2583 41.2131 136.837 18.5 6
2010 8 23 19 45 55.2693 41.0035 136.944 26.5 6
2010 8 23 19 46 3.8859 41.0633 136.882 14.9 5
2010 8 23 19 46 12.4497 41.1097 136.915 9.1 5
2010 8 23 19 46 36.6432 41.1493 136.999 14.3 6
2010 8 23 19 46 46.6719 36.4168 135.546 11.4 6
2010 8 23 19 47 0.01907 41.2564 136.864 13.7 8
2010 8 23 19 47 0.29493 41.2629 136.825 18.6 6
2010 8 23 19 47 7.49654 40.8852 136.466 15.4 6
2010 8 23 19 47 11.5724 41.0925 137.006 12.3 5
2010 8 23 19 47 17.2631 41.2483 136.874 14.6 5
2010 8 23 19 47 29.1722 41.2326 136.857 20.2 5
2010 8 23 19 47 32.9748 36.4389 135.601 11.8 5
2010 8 23 19 47 36.9203 41.1012 136.986 19.4 5
2010 8 23 19 47 44.6841 41.2823 136.896 16.2 6
2010 8 23 19 48 2.92667 41.2919 136.89 6.6 5
2010 8 23 19 48 4.34586 41.4359 136.944 15.8 6
2010 8 23 19 48 4.549 41.3963 137.08 17.4 7
2010 8 23 19 48 12.8133 41.0718 137.018 15.8 6
2010 8 23 19 48 19.702 41.2404 136.948 16 8
2010 8 23 19 48 29.4228 41.1165 137.052 14.8 6
2010 8 23 19 48 31.4707 41.2279 136.883 12.7 6
2010 8 23 19 48 33.1974 41.0506 136.892 25.2 5
2010 8 23 19 48 33.3948 41.0899 136.955 17.8 6
2010 8 23 19 48 39.3707 41.1733 136.945 5.1 5
2010 8 23 19 48 47.7801 41.2666 136.882 16.6 5
2010 8 23 19 48 47.9423 41.2101 136.919 5 5
2010 8 23 19 48 57.2241 41.103 136.935 15.7 7
2010 8 23 19 48 57.356 41.1335 136.939 18.3 5
2010 8 23 19 49 12.6805 41.0791 136.929 14.8 5
2010 8 23 19 49 17.3034 41.2466 136.937 9.3 5
2010 8 23 19 49 24.5051 41.0164 136.997 26.1 5
2010 8 23 19 49 27.7911 41.0202 136.966 19.3 8
2010 8 23 19 49 31.4109 41.096 137.025 13.7 5
2010 8 23 19 49 31.5866 41.0941 137.058 7.9 5
2010 8 23 19 49 51.136 41.1858 137.119 14 7
2010 8 23 19 49 53.7135 41.0586 137.024 11.5 7
2010 8 23 19 50 0.003713 41.1864 136.945 4.7 5
2010 8 23 19 50 18.6741 41.2247 136.928 14.1 5
2010 8 23 19 50 18.6873 41.2855 136.959 14.6 5
2010 8 23 19 50 19.0325 41.229 136.958 16.7 5
2010 8 23 19 50 19.5539 41.2241 136.936 7.8 5
2010 8 23 19 50 34.9568 41.208 136.91 17.1 6
2010 8 23 19 50 35.0467 41.2007 136.937 16.1 5
2010 8 23 19 50 49.8486 41.064 136.988 7.6 5
2010 8 23 19 50 55.759 36.4437 135.596 12.5 5
2010 8 23 19 50 56.2637 41.0366 137.066 6.8 5
2010 8 23 19 50 59.5197 41.0681 136.924 11.2 6
2010 8 23 19 51 16.6535 41.0901 136.981 14 6
2010 8 23 19 51 22.857 41.0519 137.03 13.1 5
2010 8 23 19 51 28.5783 41.1824 136.975 11.9 6
2010 8 23 19 51 36.206 41.0866 137.08 11.4 6
2010 8 23 19 51 48.2605 41.2314 136.922 12.7 6
2010 8 23 19 51 48.4179 41.2423 136.932 10.8 8
2010 8 23 19 51 48.596 41.2319 136.932 2.1 5
2010 8 23 19 51 52.037 41.0477 136.997 6 5
2010 8 23 19 52 1.26864 41.045 136.976 7.4 5
2010 8 23 19 52 1.39431 41.0335 136.959 7.3 5
2010 8 23 19 52 6.82366 41.075 136.992 11.4 5
2010 8 23 19 52 10.5383 41.0435 137.073 4.2 5
2010 8 23 19 52 16.4366 41.0644 136.909 12.8 6
2010 8 23 19 52 44.5504 41.0981 137.017 15.4 5
2010 8 23 19 52 44.618 41.0779 137.019 10.9 5
2010 8 23 19 52 45.0226 41.0569 137.035 9.5 5
2010 8 23 19 53 8.4244 41.0594 137.033 21.6 7
2010 8 23 19 53 23.8194 41.0597 137.013 17.4 6
2010 8 23 19 53 33.1096 41.0649 137.012 14.6 6
2010 8 23 19 53 36.7526 41.1117 137.054 14.8 5
2010 8 23 19 53 39.6497 41.0719 137.126 16 6
2010 8 23 19 53 47.564 41.0775 136.998 13.5 6
2010 8 23 19 53 47.6585 41.0322 137.052 8.8 5
2010 8 23 19 54 4.65777 41.1857 136.962 15.9 5
2010 8 23 19 54 5.79485 41.0613 137.099 8.4 5
2010 8 23 19 54 6.05738 41.0692 137.068 9.2 5
2010 8 23 19 54 30.7779 41.0524 136.973 16.9 5
2010 8 23 19 54 31.2578 41.0427 137.011 8.7 5
2010 8 23 19 54 41.7808 41.177 137.115 6.7 5
2010 8 23 19 55 11.8165 41.0332 137.083 10.5 5
2010 8 23 19 55 16.6485 41.0778 137.052 7 5
2010 8 23 19 55 17.3525 41.1651 137.15 6.3 5
2010 8 23 19 55 22.8596 41.0619 137.067 14.1 7
2010 8 23 19 55 36.3962 41.0289 137.082 10.5 5
2010 8 23 19 55 43.2307 41.0456 137.127 5.5 5
2010 8 23 19 55 50.8047 41.0395 137.062 5.7 5
2010 8 23 19 55 54.3073 41.0882 137.087 16 6
2010 8 23 19 56 3.57683 41.0538 137.057 11.3 5
2010 8 23 19 56 12.2701 41.0566 137.038 16.9 6
2010 8 23 19 56 12.3128 41.0376 137.053 6.7 5
2010 8 23 19 56 30.9092 41.0357 137.094 11.8 6
2010 8 23 19 56 31.044 41.0292 137.102 14.4 5
2010 8 23 19 56 46.2745 41.0423 137.128 19 6
2010 8 23 19 56 54.1312 41.1881 137.199 14.3 6
2010 8 23 19 56 55.2789 41.0486 137.13 7.7 5
2010 8 23 19 57 11.5416 41.0274 137.127 6.8 5
2010 8 23 19 57 20.3181 41.0798 137.095 9.1 5
2010 8 23 19 57 20.6348 41.1424 137.097 16.2 5
2010 8 23 19 57 53.3979 41.0796 137.116 6.1 5
2010 8 23 19 57 54.943 41.1949 137.126 20.3 6
2010 8 23 19 57 57.2896 40.263 133.935 27 11
2010 8 23 19 58 13.0627 41.1052 137.108 12.3 5
2010 8 23 19 58 43.203 41.0525 137.104 6 5
2010 8 23 19 59 8.32359 41.0508 137.094 4.6 5
2010 8 23 19 59 8.46646 41.0206 137.111 5.4 5
2010 8 23 19 59 15.9101 41.0657 137.114 6.6 5
2010 8 23 19 59 21.1157 40.126 133.865 11 5
2010 8 23 19 59 28.9526 40.8378 136.54 3.1 5
2010 8 23 19 59 29.3755 40.8415 136.529 4 5
2010 8 23 19 59 29.3832 41.187 137.117 9.3 5
2010 8 23 19 59 29.5939 41.1943 137.088 16.2 5
2010 8 23 19 59 31.1317 41.0853 137.062 14.4 5
2010 8 23 19 59 35.2031 41.0434 137.122 13.4 7
2010 8 23 19 59 39.8624 41.0575 137.123 27.5 5
2010 8 23 20 0 2.83741 41.0754 137.105 11.9 5
2010 8 23 20 0 31.4259 41.0768 137.182 16 5
2010 8 23 20 0 49.7365 41.0597 137.108 19.3 5
2010 8 23 20 0 49.8121 41.0972 137.129 22.8 5
2010 8 23 20 0 50.8321 41.1218 137.126 5.3 5
2010 8 23 20 1 0.629787 41.0813 137.015 19 5
2010 8 23 20 1 4.14818 41.0828 137.137 13.8 6
2010 8 23 20 1 10.6042 41.0858 137.114 9.5 5
2010 8 23 20 1 24.809 42.1042 138.501 18 7
2010 8 23 20 1 26.0593 41.081 137.097 12.3 5
2010 8 23 20 1 31.387 41.0486 137.096 9.3 5
2010 8 23 20 1 50.4721 41.046 137.063 14.4 6
2010 8 23 20 1 56.4119 41.0786 137.155 9.5 5
2010 8 23 20 2 6.24251 40.1082 133.906 16.3 6
2010 8 23 20 2 13.1085 41.0887 137.079 11.5 5
2010 8 23 20 2 52.8203 41.0667 137.171 7.4 5
2010 8 23 20 3 3.77564 41.0742 137.152 18.3 5
2010 8 23 20 3 15.8549 41.0473 137.094 15.9 6
2010 8 23 20 3 18.4077 41.1307 137.295 17.6 5
2010 8 23 20 3 18.6474 41.1541 137.3 16 6
2010 8 23 20 3 28.8101 41.1028 137.161 15.5 5
2010 8 23 20 3 37.7333 41.1525 137.175 14.4 6
2010 8 23 20 3 41.0319 40.1362 133.902 12.1 9
2010 8 23 20 3 54.1934 41.0591 137.13 16.1 6
2010 8 23 20 3 59.9223 42.0906 138.603 18.7 7
2010 8 23 20 4 0.079106 42.1063 138.625 15.4 6
2010 8 23 20 4 0.152267 42.0887 138.602 15.8 5
2010 8 23 20 4 3.05692 41.1154 137.139 6.7 5
2010 8 23 20 4 29.7236 40.8658 136.68 6 5
2010 8 23 20 4 29.7332 40.8514 136.674 8.4 5
2010 8 23 20 4 51.0726 42.111 138.602 13.1 6
2010 8 23 20 5 16.0277 41.1057 137.177 15.4 6
2010 8 23 20 5 16.2365 41.1416 137.193 10.8 6
2010 8 23 20 5 17.5449 41.0492 137.195 14.2 5
2010 8 23 20 5 20.4537 41.0194 137.135 16.3 5
2010 8 23 20 5 38.7321 41.0488 137.209 11.8 6
2010 8 23 20 5 41.8934 40.0842 133.974 22.8 5
2010 8 23 20 5 53.3261 41.0551 137.17 13.2 6
2010 8 23 20 5 56.0833 41.1098 137.184 19.1 5
2010 8 23 20 6 21.3719 40.1235 133.932 23.7 11
2010 8 23 20 6 21.5481 41.07 137.142 6.7 5
2010 8 23 20 6 21.8515 41.0617 137.103 12.5 5
2010 8 23 20 6 34.6117 41.055 137.237 8.8 5
2010 8 23 20 7 8.20718 40.1946 134.02 25.1 5
2010 8 23 20 7 16.9608 41.0883 137.166 18.2 5
2010 8 23 20 7 18.291 40.1042 133.982 28.4 7
2010 8 23 20 7 20.3052 41.0831 137.2 13.8 5
2010 8 23 20 7 23.5944 41.1608 137.234 13.6 6
2010 8 23 20 7 31.8174 41.103 137.185 16.1 6
2010 8 23 20 7 40.5485 41.0831 137.185 13.2 5
2010 8 23 20 7 55.8757 41.0796 137.172 8.9 5
2010 8 23 20 8 17.7883 40.0868 134.23 27.3 7
2010 8 23 20 8 19.189 40.0113 133.939 7.8 5
2010 8 23 20 8 22.6647 41.0866 137.193 13.8 5
2010 8 23 20 8 27.8764 41.0515 137.19 8.5 5
2010 8 23 20 8 34.0495 41.1222 137.22 15.1 6
2010 8 23 20 9 5.91579 40.9999 137.211 6.7 5
2010 8 23 20 9 15.7367 41.0303 137.197 14.7 6
2010 8 23 20 9 34.3086 41.076 137.246 14.2 5
2010 8 23 20 9 41.7472 41.0467 137.255 13.7 5
2010 8 23 20 9 41.8602 41.0358 137.235 9.5 5
2010 8 23 20 9 43.0225 41.1399 137.3 10.6 5
2010 8 23 20 9 46.7722 40.1513 134.008 16.1 5
2010 8 23 20 9 54.783 41.0803 137.201 8.3 5
2010 8 23 20 9 56.3609 41.1009 137.224 9.2 5
2010 8 23 20 10 33.9556 41.0617 137.253 15.1 5
2010 8 23 20 10 55.6168 41.0133 137.213 21.8 5
2010 8 23 20 10 55.7454 41.0681 137.213 8.2 5
2010 8 23 20 11 5.64836 41.0947 137.226 12.3 5
2010 8 23 20 11 9.20185 41.0824 137.221 17.6 7
2010 8 23 20 11 52.8789 40.064 134.029 18.8 5
2010 8 23 20 11 59.0659 41.0626 137.243 16.4 6
2010 8 23 20 12 1.54516 42.1287 138.74 12.8 5
2010 8 23 20 12 2.77201 41.0752 137.265 16.5 6
2010 8 23 20 12 8.4871 41.0832 137.332 12.4 5
2010 8 23 20 12 17.1245 41.0672 137.278 6.9 5
2010 8 23 20 12 36.4249 41.0904 137.216 7.1 5
2010 8 23 20 12 43.386 40.8379 136.728 2.9 5
2010 8 23 20 12 52.5402 41.0908 137.248 12.9 5
2010 8 23 20 13 2.1216 40.8638 136.645 12.9 5
2010 8 23 20 13 2.23404 40.8685 136.674 6.2 5
2010 8 23 20 13 2.28626 40.8617 136.641 17.4 7
2010 8 23 20 13 6.23844 41.0866 137.291 7.3 5
2010 8 23 20 13 13.2561 40.1149 134.069 13.4 5
2010 8 23 20 13 16.3821 41.0985 137.207 17.8 6
2010 8 23 20 13 16.5517 41.0818 137.219 11.4 5
2010 8 23 20 13 26.9168 41.075 137.316 17.1 6
2010 8 23 20 13 44.7984 41.085 137.265 19.6 5
2010 8 23 20 14 20.0073 40.115 134.072 3.5 5
2010 8 23 20 14 25.0926 41.0568 137.246 6.6 5
2010 8 23 20 14 29.67 40.8773 136.708 12.7 5
2010 8 23 20 14 36.7324 40.1274 134.111 1 5
2010 8 23 20 14 49.295 40.1147 134.08 23.6 5
2010 8 23 20 15 41.9169 41.1369 137.298 12.8 5
2010 8 23 20 15 45.3791 40.1451 134.088 13.4 6
2010 8 23 20 15 53.8776 41.1029 137.311 16.6 5
2010 8 23 20 16 9.87769 40.1142 134.081 8.6 5
2010 8 23 20 16 31.6517 41.1019 137.306 11.8 5
2010 8 23 20 17 0.579962 41.115 137.303 15.5 6
2010 8 23 20 17 2.48723 40.1365 134.062 14.3 5
2010 8 23 20 17 21.7534 40.1232 134.132 14.1 6
2010 8 23 20 17 43.6892 41.1068 137.337 14.1 5
2010 8 23 20 17 48.446 41.2201 137.326 18 6
2010 8 23 20 18 4.4451 40.1313 134.134 13.6 6
2010 8 23 20 18 4.56989 40.1157 134.129 4.7 5
2010 8 23 20 18 21.8365 41.0919 137.309 17.6 5
2010 8 23 20 18 22.0092 41.0788 137.339 10.1 5
2010 8 23 20 18 27.1678 40.1411 134.121 20 6
2010 8 23 20 18 32.4798 41.112 137.32 9.2 5
2010 8 23 20 18 32.5859 41.1196 137.308 12.6 5
2010 8 23 20 18 36.1086 40.1039 134.15 6.2 5
2010 8 23 20 18 58.8467 41.127 137.313 17.5 6
2010 8 23 20 19 19.1734 40.1421 134.141 16.1 6
2010 8 23 20 19 21.7754 41.2263 137.392 15.9 5
2010 8 23 20 19 23.4474 41.1052 137.396 19.4 5
2010 8 23 20 19 28.8218 40.1113 134.182 1.3 5
2010 8 23 20 19 37.4918 41.0345 137.299 14.6 6
2010 8 23 20 19 47.2423 40.1 134.15 13.4 5
2010 8 23 20 19 47.7636 40.8904 136.736 9.5 5
2010 8 23 20 19 50.1755 41.1513 137.364 17 5
2010 8 23 20 19 50.5417 41.1428 137.369 6.5 5
2010 8 23 20 20 1.00257 40.8904 136.729 14.7 5
2010 8 23 20 20 2.62262 41.1215 137.315 23.7 5
2010 8 23 20 20 8.741 41.0759 137.385 17.6 5
2010 8 23 20 20 25.4028 41.0629 137.301 16.8 5
2010 8 23 20 20 31.9912 41.2846 137.422 16.5 5
2010 8 23 20 20 40.3001 40.8838 136.77 14 6
2010 8 23 20 20 40.37 40.8707 136.8 9.9 5
2010 8 23 20 20 49.4679 40.1722 134.128 9.8 5
2010 8 23 20 21 17.6124 41.1781 137.405 10.6 5
2010 8 23 20 21 39.8507 40.1419 134.176 2.1 5
2010 8 23 20 21 49.7364 41.0709 137.357 7 5
2010 8 23 20 21 50.9049 40.1105 134.12 12.4 5
2010 8 23 20 21 52.761 40.1192 134.185 13.8 5
2010 8 23 20 22 8.47623 41.1054 137.425 20.7 5
2010 8 23 20 22 10.5669 40.223 134.202 25.2 6
2010 8 23 20 22 22.3423 40.9096 136.795 11.2 5
2010 8 23 20 22 27.483 41.1256 137.352 18.1 5
2010 8 23 20 22 41.4989 41.0975 137.379 7.1 5
2010 8 23 20 22 42.2199 40.1603 134.158 16.4 5
2010 8 23 20 23 4.04279 40.1879 134.209 18 6
2010 8 23 20 23 32.7047 40.0993 134.209 26.4 5
2010 8 23 20 24 3.35214 40.1876 134.188 13.7 5
2010 8 23 20 24 9.7552 40.1509 134.194 17.1 5
2010 8 23 20 24 22.9891 40.1217 134.236 4.2 5
2010 8 23 20 24 27.678 41.1404 137.417 12.8 6
2010 8 23 20 24 33.4846 40.1457 134.204 22 6
2010 8 23 20 24 46.2052 40.8898 136.804 15.9 5
2010 8 23 20 24 51.867 41.0797 137.425 20.6 5
2010 8 23 20 25 1.07699 41.0928 137.328 16.8 5
2010 8 23 20 25 21.5616 41.2013 137.509 12.5 5
2010 8 23 20 25 24.4528 40.1593 134.198 4.8 5
2010 8 23 20 25 28.6193 41.0916 137.427 11.1 5
2010 8 23 20 25 39.7554 41.1064 137.386 9.8 5
2010 8 23 20 25 51.8056 41.0892 137.404 10.3 5
2010 8 23 20 26 13.0913 40.9275 136.797 12.3 5
2010 8 23 20 26 15.9547 41.1522 137.396 16.8 5
2010 8 23 20 26 29.9094 40.1576 134.204 15 6
2010 8 23 20 26 50.8626 41.2724 137.438 13.2 5
2010 8 23 20 26 52.6643 40.9121 136.791 15.1 6
2010 8 23 20 27 5.94828 40.8972 136.852 14.5 5
2010 8 23 20 27 27.3053 40.1341 134.257 19.3 5
2010 8 23 20 27 40.9108 40.1228 134.257 1.7 5
2010 8 23 20 27 42.0371 41.1063 137.417 8.5 5
2010 8 23 20 28 4.84767 41.163 137.389 13.4 6
2010 8 23 20 28 8.58697 40.1609 134.28 13 5
2010 8 23 20 28 8.64868 40.1274 134.262 7.7 6
2010 8 23 20 28 16.8046 41.1312 137.433 12.4 5
2010 8 23 20 28 44.7899 41.0993 137.423 8.2 5
2010 8 23 20 28 45.5229 41.1127 137.406 14.3 6
2010 8 23 20 29 3.00845 41.1159 137.44 1.7 5
2010 8 23 20 29 3.06482 41.1233 137.51 9.8 5
2010 8 23 20 29 15.8652 41.2637 137.433 20.2 5
2010 8 23 20 29 15.9359 41.2525 137.458 18.5 5
2010 8 23 20 29 16.3514 41.2415 137.476 14 6
2010 8 23 20 29 40.5871 41.1648 137.407 14.7 6
2010 8 23 20 29 45.2757 40.1605 134.262 3.1 5
2010 8 23 20 29 46.2507 40.8963 136.872 12.1 5
2010 8 23 20 30 5.25242 40.8866 136.82 15.8 5
2010 8 23 20 30 9.41403 41.0798 137.403 20 5
2010 8 23 20 30 21.8287 40.9185 136.894 16.5 5
2010 8 23 20 30 21.8319 40.9154 136.898 15.9 5
2010 8 23 20 30 30.8363 40.2071 134.286 6 5
2010 8 23 20 30 45.1326 41.1155 137.444 15.1 5
2010 8 23 20 31 2.45099 40.1095 134.334 9.4 5
2010 8 23 20 31 2.61232 40.1571 134.277 11.7 6
2010 8 23 20 31 51.1426 40.1197 134.313 14.1 5
2010 8 23 20 32 3.68159 40.0731 134.315 26.6 5
2010 8 23 20 32 32.8406 41.125 137.515 8.7 5
2010 8 23 20 32 33.4215 40.0915 134.261 11.9 5
2010 8 23 20 33 4.25767 40.9379 136.916 15 5
2010 8 23 20 33 4.28098 40.9613 136.951 29.7 5
2010 8 23 20 33 4.32878 40.9457 136.913 15.7 5
2010 8 23 20 33 21.2237 40.136 134.31 5.2 5
2010 8 23 20 33 21.2518 40.1163 134.31 0.9 5
2010 8 23 20 33 21.382 40.1224 134.297 6.7 5
2010 8 23 20 33 21.6087 40.1334 134.357 2 5
2010 8 23 20 33 26.1807 41.0489 137.469 21.1 5
2010 8 23 20 33 34.8397 40.1544 134.329 15.3 6
2010 8 23 20 34 27.2625 41.2841 137.56 13.6 5
2010 8 23 20 34 35.9497 40.2285 134.301 6.8 5
2010 8 23 20 34 36.9425 40.2118 134.281 13.5 6
2010 8 23 20 34 52.5443 40.5939 134.336 16.9 6
2010 8 23 20 34 59.6075 40.8826 136.893 16.1 6
2010 8 23 20 34 59.6711 40.8731 136.832 14.7 6
2010 8 23 20 34 59.7166 40.8905 136.877 14.6 6
2010 8 23 20 35 7.95054 40.1453 134.332 15.4 5
2010 8 23 20 35 25.4213 41.3288 137.508 15 5
2010 8 23 20 35 28.4435 41.1009 137.495 10.2 5
2010 8 23 20 36 13.109 41.1309 137.494 16 6
2010 8 23 20 36 48.8698 40.9503 136.947 17.7 6
2010 8 23 20 37 35.8903 41.3106 137.599 17.1 5
2010 8 23 20 37 56.6173 41.0863 137.488 18 6
2010 8 23 20 37 56.8315 41.103 137.486 20.4 7
2010 8 23 20 38 13.7111 41.1285 137.563 17.5 5
2010 8 23 20 39 9.54324 40.925 136.966 15.8 7
2010 8 23 20 39 43.931 40.2262 134.439 9.8 5
2010 8 23 20 39 44.725 40.2529 134.419 16.7 5
2010 8 23 20 40 13.8798 40.2149 134.453 15.4 5
2010 8 23 20 40 15.7769 40.9257 136.964 19.6 8
2010 8 23 20 40 16.9467 41.1318 137.582 10.6 5
2010 8 23 20 40 53.0045 40.112 134.442 19.7 5
2010 8 23 20 40 56.1824 41.0117 137.619 26.2 5
2010 8 23 20 41 7.21478 40.194 134.452 16.4 6
2010 8 23 20 41 22.515 41.1312 137.616 23.6 7
2010 8 23 20 41 22.5626 41.1554 137.629 22.8 5
2010 8 23 20 41 22.6191 41.1321 137.616 24.2 6
2010 8 23 20 41 22.7599 41.1631 137.616 21.4 7
2010 8 23 20 41 48.1451 41.1503 137.613 16.1 6
2010 8 23 20 41 48.2598 41.155 137.615 18.8 6
2010 8 23 20 41 48.3784 41.1503 137.628 21.7 5
2010 8 23 20 42 8.17023 40.1584 134.454 19.7 5
2010 8 23 20 42 36.8698 40.9152 137.054 17.9 5
2010 8 23 20 42 44.0923 41.1321 137.588 19.7 6
2010 8 23 20 42 44.1267 41.1371 137.593 17.6 5
2010 8 23 20 42 44.1624 41.151 137.578 18.2 5
2010 8 23 20 42 44.2633 41.118 137.656 19.5 5
2010 8 23 20 43 25.5104 40.1888 134.498 23.1 5
2010 8 23 20 43 52.5645 41.205 137.652 17.5 5
2010 8 23 20 43 52.7815 41.223 137.639 16.2 5
2010 8 23 20 44 29.042 40.1541 134.477 21.3 5
2010 8 23 20 44 29.1609 40.1425 134.478 15.8 8
2010 8 23 20 44 30.4803 40.9261 137.074 17.6 5
2010 8 23 20 44 50.4039 40.2248 134.554 19.1 6
2010 8 23 20 45 34.1365 41.2428 137.624 12.1 5
2010 8 23 20 46 14.5963 40.2397 134.519 15.8 5
2010 8 23 20 46 54.9295 41.1052 137.593 16.7 6
2010 8 23 20 47 23.4397 40.953 137.076 21.5 5
2010 8 23 20 47 43.2004 40.0806 134.406 15 6
2010 8 23 20 48 1.94535 40.9062 137.129 18 5
2010 8 23 20 48 26.1618 40.0997 134.442 26 7
2010 8 23 20 48 49.3666 40.0791 134.388 15.8 6
2010 8 23 20 49 14.0367 41.1129 137.648 23.4 5
2010 8 23 20 49 15.4805 41.2621 137.928 18.9 5
2010 8 23 20 49 25.2511 40.916 137.106 20.2 7
2010 8 23 20 49 59.0273 40.9057 137.069 17 6
2010 8 23 20 50 19.2964 41.121 137.605 15.5 8
2010 8 23 20 50 21.9025 41.2684 137.712 18.4 5
2010 8 23 20 50 26.7385 40.0787 134.466 20.8 6
2010 8 23 20 50 32.7235 40.9283 137.095 19.7 6
2010 8 23 20 50 47.0986 41.1469 137.638 15.8 5
2010 8 23 20 50 53.3124 41.2181 137.67 17.8 6
2010 8 23 20 50 53.8146 41.2548 137.707 14.5 5
2010 8 23 20 51 8.17401 40.9211 137.101 19 6
2010 8 23 20 51 8.28247 40.9175 137.107 16.6 6
2010 8 23 20 51 21.7673 40.0757 134.465 16.7 6
2010 8 23 20 51 43.1696 40.828 137.164 20.1 6
2010 8 23 20 51 59.466 41.7101 138.419 19.2 5
2010 8 23 20 51 59.5378 41.6547 138.132 7.7 5
2010 8 23 20 52 5.60137 40.0939 134.479 23.6 6
2010 8 23 20 52 5.67429 40.096 134.475 26.2 5
2010 8 23 20 52 7.13589 41.1718 137.654 23.2 6
2010 8 23 20 52 7.7092 41.1442 137.637 11.6 5
2010 8 23 20 52 7.87154 41.1475 137.68 19.4 5
2010 8 23 20 52 21.4662 40.9272 137.164 20.5 6
2010 8 23 20 52 23.2824 40.1301 134.47 17.8 7
2010 8 23 20 52 31.4644 40.8804 137.153 15.7 6
2010 8 23 20 52 51.8612 40.7379 135.273 20.2 7
2010 8 23 20 53 24.2081 40.9157 137.157 17.5 5
2010 8 23 20 53 24.326 40.8957 137.131 7.7 5
2010 8 23 20 53 32.1747 41.0504 137.689 12.7 5
2010 8 23 20 54 4.49051 40.8934 137.18 20.9 5
2010 8 23 20 54 12.2703 41.2502 137.78 20.6 7
2010 8 23 20 54 21.6949 41.166 137.73 20.7 5
2010 8 23 20 54 22.3253 41.1847 137.744 19.4 6
2010 8 23 20 54 54.5312 41.2955 137.764 14.5 5
2010 8 23 20 55 12.1956 41.247 137.776 16.5 6
2010 8 23 20 55 27.3574 40.0266 134.503 5 5
2010 8 23 20 55 37.6989 41.1887 137.718 25.7 8
2010 8 23 20 56 1.32219 40.8351 137.103 1.9 5
2010 8 23 20 56 24.5614 41.2474 137.779 14.6 5
2010 8 23 20 56 40.2415 41.2376 137.756 16.5 6
2010 8 23 20 56 41.4463 41.1968 137.78 17.7 6
2010 8 23 20 56 58.565 40.0881 134.518 13 5
2010 8 23 20 56 59.4058 40.0823 134.456 18.8 6
2010 8 23 20 57 20.1785 40.9204 137.226 6.9 5
2010 8 23 20 57 20.1785 40.8966 137.268 11.4 6
2010 8 23 20 57 20.2435 40.9398 137.257 15 6
2010 8 23 20 57 31.691 40.088 134.499 19.7 6
2010 8 23 20 57 47.0091 41.2833 137.804 18.3 5
2010 8 23 20 57 47.0658 41.2543 137.77 21.2 5
2010 8 23 20 58 1.42565 41.1677 137.804 20.3 5
2010 8 23 20 58 1.88236 41.1706 137.802 18.6 5
2010 8 23 20 58 14.3311 40.1166 134.553 16.6 5
2010 8 23 20 58 17.5316 40.1003 134.511 16.7 6
2010 8 23 20 58 24.004 40.1037 134.564 20.5 5
2010 8 23 20 58 39.2871 40.0862 134.587 9.7 5
2010 8 23 20 58 39.3501 40.0758 134.594 5.9 5
2010 8 23 20 58 39.4046 40.114 134.567 19.5 5
2010 8 23 20 58 40.5353 41.8244 138.567 11.3 6
2010 8 23 20 58 49.2822 41.3024 137.838 18 8
2010 8 23 20 58 50.9627 40.0942 134.565 17.7 6
2010 8 23 20 59 32.8131 40.109 134.509 16.7 6
2010 8 23 20 59 37.882 40.9239 137.257 18.9 5
2010 8 23 20 59 50.0869 40.0323 134.493 9.8 5
2010 8 23 20 59 51.1092 41.2692 137.863 12 6
2010 8 23 20 59 57.9839 40.1288 134.565 19 5
2010 8 23 21 0 19.4125 40.0698 134.532 18.9 5
2010 8 23 21 0 22.7888 41.1175 137.772 20 7
2010 8 23 21 0 23.2624 41.1291 137.75 17.2 7
2010 8 23 21 0 31.9633 40.9191 137.252 18.9 6
2010 8 23 21 0 35.3981 40.1228 134.551 18.9 6
2010 8 23 21 0 37.976 41.2896 137.905 14 5
2010 8 23 21 0 47.1757 40.0716 134.556 18.8 6
2010 8 23 21 1 2.83661 41.1607 137.774 16.1 7
2010 8 23 21 1 13.5188 40.0616 134.538 5.4 5
2010 8 23 21 1 19.8721 40.089 134.602 9.2 5
2010 8 23 21 1 28.5085 40.0786 134.561 11.1 6
2010 8 23 21 1 29.8645 40.1602 134.566 19.9 5
2010 8 23 21 1 38.9301 41.1886 137.835 24.8 7
2010 8 23 21 1 43.9494 41.2581 137.877 19 5
2010 8 23 21 1 44.0659 41.2541 137.844 18.9 7
2010 8 23 21 1 44.1075 42.0992 139.239 19.1 8
2010 8 23 21 1 55.6354 40.9194 137.282 18.1 5
2010 8 23 21 2 0.923267 40.0981 134.567 16.4 5
2010 8 23 21 2 0.993943 40.1209 134.549 17.8 5
2010 8 23 21 2 1.07625 40.0754 134.559 8.5 5
2010 8 23 21 2 8.84691 40.9188 137.298 15.5 7
2010 8 23 21 2 9.03788 40.1112 134.542 23.6 6
2010 8 23 21 2 9.11331 40.1127 134.57 15.4 5
2010 8 23 21 2 9.26746 40.0761 134.6 7.2 5
2010 8 23 21 2 13.3751 41.2869 137.899 19.9 6
2010 8 23 21 2 18.3812 40.0977 134.553 16.8 6
2010 8 23 21 2 27.7717 41.2313 137.904 12.7 5
2010 8 23 21 2 28.6062 41.1479 137.812 18.6 5
2010 8 23 21 2 29.0721 40.1089 134.588 12 5
2010 8 23 21 2 41.9005 41.2885 137.92 18 5
2010 8 23 21 2 55.5751 41.2355 137.828 7.3 5
2010 8 23 21 3 9.98828 41.214 137.827 15.1 5
2010 8 23 21 3 26.9124 41.2708 137.883 19.6 6
2010 8 23 21 3 27.037 41.2677 137.879 19.5 6
2010 8 23 21 3 37.5425 41.1445 137.863 25.7 5
2010 8 23 21 3 41.124 40.9275 137.321 17.2 5
2010 8 23 21 3 41.1513 40.9237 137.306 21.3 5
2010 8 23 21 3 58.8895 40.1467 134.632 19.7 5
2010 8 23 21 3 59.0331 40.1032 134.66 9.1 5
2010 8 23 21 4 8.41178 41.2339 137.829 9 5
2010 8 23 21 4 8.5296 41.2839 137.884 26.1 6
2010 8 23 21 4 8.90009 41.2585 137.862 16.8 5
2010 8 23 21 4 8.97545 41.2211 137.889 6.9 5
2010 8 23 21 4 9.17118 40.0947 134.596 1.3 5
2010 8 23 21 4 13.5468 40.9149 137.322 16.9 7
2010 8 23 21 4 13.6077 40.9285 137.342 20.1 7
2010 8 23 21 4 22.4706 41.1406 137.84 19.1 5
2010 8 23 21 4 26.0144 41.5695 138.217 11.3 7
2010 8 23 21 4 26.1359 41.551 138.389 17.4 7
2010 8 23 21 4 34.6327 41.3687 137.942 17 6
2010 8 23 21 4 34.8423 41.2341 137.869 1.5 5
2010 8 23 21 4 39.0284 40.913 137.315 18.7 5
2010 8 23 21 4 39.1242 40.8979 137.316 21.4 5
2010 8 23 21 4 58.8361 41.2854 137.895 15 5
2010 8 23 21 4 59.8011 41.1228 137.81 4.9 5
2010 8 23 21 5 3.1231 40.9141 137.298 20 6
2010 8 23 21 5 14.8757 41.3309 137.938 16.1 6
2010 8 23 21 5 17.6605 40.0856 134.667 17.9 5
2010 8 23 21 5 28.9526 40.102 134.565 18.2 5
2010 8 23 21 5 31.7811 41.2816 137.895 20.8 6
2010 8 23 21 5 56.7001 40.0883 134.612 17.4 5
2010 8 23 21 6 6.38487 40.0634 134.608 10.9 5
2010 8 23 21 6 19.0633 40.0621 134.613 8.7 5
2010 8 23 21 6 25.8124 40.0788 134.613 14.8 7
2010 8 23 21 6 30.1766 40.8879 137.26 6.6 5
2010 8 23 21 6 43.4905 40.0822 134.648 7.7 5
2010 8 23 21 7 0.557512 40.0817 134.637 20.7 6
2010 8 23 21 7 17.457 40.0631 134.649 17.6 6
2010 8 23 21 7 19.4013 41.2772 137.926 21.6 5
2010 8 23 21 7 22.618 40.1078 134.631 13.6 5
2010 8 23 21 7 30.2582 40.0717 134.589 15.5 6
2010 8 23 21 7 31.1281 40.0707 134.609 10.7 5
2010 8 23 21 7 42.097 41.2485 137.93 24.1 5
2010 8 23 21 7 42.4391 40.0962 134.657 20 6
2010 8 23 21 7 59.6866 41.1716 137.943 7.7 5
2010 8 23 21 8 1.70179 40.1134 134.59 17.3 5
2010 8 23 21 8 8.80588 40.0802 134.666 18 5
2010 8 23 21 8 13.8442 40.052 134.676 1.8 5
2010 8 23 21 8 13.8697 40.0795 134.674 14.6 5
2010 8 23 21 8 14.7173 40.1797 134.656 12.3 7
2010 8 23 21 8 28.3425 40.1584 134.644 13.7 5
2010 8 23 21 8 32.3752 40.0676 134.649 3.6 5
2010 8 23 21 8 39.1183 40.128 134.617 14.2 6
2010 8 23 21 8 44.8596 40.0473 134.633 3.2 5
2010 8 23 21 8 46.3938 40.0629 134.633 10.4 5
2010 8 23 21 9 11.7488 41.3137 137.995 18.8 6
2010 8 23 21 9 13.0215 41.322 137.987 15.6 7
2010 8 23 21 9 13.5605 41.3077 138.033 7.5 5
2010 8 23 21 9 51.9009 40.0583 134.65 5.6 5
2010 8 23 21 9 52.0244 40.0974 134.633 16.8 5
2010 8 23 21 10 2.13232 40.0721 134.686 16.4 6
2010 8 23 21 10 3.71303 41.2019 137.986 12.6 8
2010 8 23 21 10 8.31054 40.0907 134.653 12.5 7
2010 8 23 21 10 17.4481 40.1257 134.645 17.9 6
2010 8 23 21 10 26.3108 41.2602 137.981 15.9 7
2010 8 23 21 10 26.7539 41.225 137.965 14.7 7
2010 8 23 21 10 30.7938 40.1169 134.61 10.7 6
2010 8 23 21 10 34.4535 40.4089 134.812 5.9 5
2010 8 23 21 10 38.247 40.1606 134.627 14.5 6
2010 8 23 21 10 42.6656 41.2486 138.04 13.4 5
2010 8 23 21 11 4.74091 40.0751 134.627 16.2 6
2010 8 23 21 11 4.84118 40.0814 134.633 13.5 5
2010 8 23 21 11 4.88575 40.0911 134.646 11.3 5
2010 8 23 21 11 11.0758 40.0833 134.69 13.9 8
2010 8 23 21 11 23.963 41.2251 137.995 19.7 6
2010 8 23 21 11 24.0901 41.3244 137.978 27.9 6
2010 8 23 21 11 38.894 40.0917 134.657 14.6 6
2010 8 23 21 12 3.88918 41.2846 138.054 26.2 6
2010 8 23 21 12 5.15172 41.1659 137.971 17.2 6
2010 8 23 21 12 5.36968 41.1548 137.96 15.7 5
2010 8 23 21 12 15.2343 41.2902 137.962 17.8 7
2010 8 23 21 12 17.2635 40.0857 134.709 18.6 5
2010 8 23 21 12 17.4021 40.0491 134.719 0.5 5
2010 8 23 21 12 30.2525 41.2449 138.02 10.3 5
2010 8 23 21 13 15.0317 41.6195 138.427 16.7 6
2010 8 23 21 13 25.0572 40.1079 134.72 15 8
2010 8 23 21 13 25.218 40.0711 134.68 23.5 7
2010 8 23 21 13 53.4344 40.0348 134.623 13.4 5
2010 8 23 21 14 8.38417 40.0782 134.634 12.6 6
2010 8 23 21 14 20.6069 40.1378 134.859 10.7 5
2010 8 23 21 14 25.7162 41.313 138.075 15.5 6
2010 8 23 21 14 42.812 40.1061 134.929 28.4 6
2010 8 23 21 14 43.7052 40.111 134.8 4.4 5
2010 8 23 21 15 1.5673 40.1601 134.803 15.4 7
2010 8 23 21 15 1.66222 40.1289 134.796 16.2 6
2010 8 23 21 15 37.8311 41.2282 138.119 20.5 6
2010 8 23 21 15 38.0411 41.243 138.087 19.4 6
2010 8 23 21 15 40.9087 40.324 134.517 2.2 5
2010 8 23 21 15 58.3282 41.4639 137.709 5.1 5
2010 8 23 21 15 58.6923 41.2852 138.023 25.5 6
2010 8 23 21 15 58.8703 41.2773 137.994 6 5
2010 8 23 21 16 4.85865 40.1591 134.851 10.4 5
2010 8 23 21 16 5.31378 40.107 134.767 5.3 5
2010 8 23 21 16 19.6673 41.3221 138.095 22.2 5
2010 8 23 21 16 19.7794 41.296 138.047 16.8 5
2010 8 23 21 16 30.6321 40.0863 134.736 16.4 5
2010 8 23 21 16 49.3332 41.0802 137.893 10 6
2010 8 23 21 16 50.8863 39.9883 134.68 12.5 5
2010 8 23 21 16 51.8998 40.2178 134.732 20.9 5
2010 8 23 21 16 53.5822 40.1279 134.833 2.5 5
2010 8 23 21 17 3.84336 41.2291 138.14 13.2 5
2010 8 23 21 17 22.2412 40.154 134.981 22.3 7
2010 8 23 21 17 22.3965 40.1439 134.811 14.5 7
2010 8 23 21 17 23.559 41.301 138.1 10.5 5
2010 8 23 21 17 41.5651 41.2981 138.049 5 5
2010 8 23 21 17 52.9007 40.0561 134.783 4.5 5
2010 8 23 21 18 10.0603 40.0505 134.695 18.9 6
2010 8 23 21 18 28.1053 41.3336 138.188 13.5 5
2010 8 23 21 18 28.3081 41.331 138.12 13.6 5
2010 8 23 21 18 45.8591 40.1152 134.79 13.6 6
2010 8 23 21 18 46.4038 40.0475 134.659 5.3 5
2010 8 23 21 18 52.928 41.2477 138.146 6.3 5
2010 8 23 21 18 53.0642 41.2683 138.107 17 6
2010 8 23 21 18 53.2011 41.2491 138.075 16.7 6
2010 8 23 21 19 4.53914 40.0689 134.713 14.3 6
2010 8 23 21 19 15.0319 40.0578 134.699 16.9 6
2010 8 23 21 19 34.4025 40.0673 134.861 16.3 5
2010 8 23 21 19 43.2225 41.275 138.136 22.9 5
2010 8 23 21 19 43.3338 41.2663 138.129 24.4 5
2010 8 23 21 19 52.9381 41.281 138.05 6.7 5
2010 8 23 21 19 53.5395 41.3004 138.117 16.5 6
2010 8 23 21 20 8.91386 40.0114 134.749 2.2 5
2010 8 23 21 20 11.2888 41.3223 138.172 12.1 6
2010 8 23 21 20 22.6352 40.0917 134.764 12.9 6
2010 8 23 21 20 22.9667 40.0805 134.77 18.9 5
2010 8 23 21 20 28.5877 40.0263 134.821 14 5
2010 8 23 21 20 28.8313 41.2965 138.089 3.6 7
2010 8 23 21 20 29.5492 41.2797 138.136 11.2 5
2010 8 23 21 20 41.7362 40.0407 134.75 3.4 5
2010 8 23 21 20 44.8635 41.4177 138.098 10.5 5
2010 8 23 21 20 45.2535 41.306 138.113 19.5 6
2010 8 23 21 20 51.5478 40.0684 134.752 15 5
2010 8 23 21 20 51.894 40.0412 134.729 10.7 5
2010 8 23 21 20 54.0288 41.3057 138.183 18.4 6
2010 8 23 21 20 54.544 41.325 138.136 17.5 6
2010 8 23 21 20 54.876 41.3032 138.13 19.5 5
2010 8 23 21 21 3.24676 40.1137 134.689 14.3 5
2010 8 23 21 21 14.3721 41.3532 138.165 13.4 6
2010 8 23 21 21 14.523 41.2977 138.179 28.2 6
2010 8 23 21 21 15.194 40.0174 134.759 2.2 5
2010 8 23 21 21 20.6712 40.0557 134.721 14.9 6
2010 8 23 21 21 20.8809 40.0507 134.799 6 5
2010 8 23 21 21 21.0598 40.1052 134.789 14.2 6
2010 8 23 21 21 21.3376 40.0566 134.801 22.4 5
2010 8 23 21 21 21.7433 40.0657 134.731 7 5
2010 8 23 21 21 24.8002 40.0793 134.755 5.8 5
2010 8 23 21 21 34.4828 41.2699 138.169 15.1 5
2010 8 23 21 21 34.5647 41.3115 138.175 16.2 6
2010 8 23 21 21 34.6907 41.3205 138.17 14.8 5
2010 8 23 21 21 35.1186 41.3278 138.139 15.9 6
2010 8 23 21 21 36.7673 40.0781 134.742 18.5 6
2010 8 23 21 21 49.9943 41.201 138.063 8.2 5
2010 8 23 21 21 50.2771 41.2742 138.104 18.5 6
2010 8 23 21 21 52.931 41.2053 138.127 17.7 6
2010 8 23 21 21 53.0525 41.208 138.156 21 6
2010 8 23 21 22 2.53997 40.0538 134.729 16.9 5
2010 8 23 21 22 9.59215 40.0755 134.736 21.3 5
2010 8 23 21 22 14.4234 41.3043 138.153 15.2 7
2010 8 23 21 22 17.9651 40.0625 134.798 6.9 5
2010 8 23 21 22 22.2416 40.1349 134.829 26 6
2010 8 23 21 22 24.397 41.4674 138.464 4.1 5
2010 8 23 21 22 27.7173 41.3205 138.2 15 5
2010 8 23 21 22 41.7604 41.4045 138.198 14.2 5
2010 8 23 21 22 42.1967 41.3209 138.178 21.2 5
2010 8 23 21 22 48.6774 40.1388 134.818 16.3 6
2010 8 23 21 23 2.84749 40.0473 134.774 16.6 6
2010 8 23 21 23 4.29704 40.1468 134.775 11.9 6
2010 8 23 21 23 17.6655 40.0728 134.74 10.3 5
2010 8 23 21 23 22.2486 41.2986 138.151 5.1 5
2010 8 23 21 23 38.4488 40.0752 134.77 15.7 7
2010 8 23 21 23 55.989 41.2837 133.347 23.4 5
2010 8 23 21 23 58.8525 40.0657 134.767 1.7 5
2010 8 23 21 24 5.01556 41.2648 138.129 5.2 5
2010 8 23 21 24 10.9222 40.1313 134.845 15.2 6
2010 8 23 21 24 15.7261 40.0653 134.802 2.2 5
2010 8 23 21 24 16.1133 40.0865 134.825 4.2 6
2010 8 23 21 24 16.282 40.0928 134.844 17.3 6
2010 8 23 21 24 30.741 41.2009 138.19 22.3 7
2010 8 23 21 24 31.4775 41.2448 138.173 16.5 6
2010 8 23 21 24 59.5719 41.3072 138.246 16.9 7
2010 8 23 21 25 9.22443 40.1251 134.801 17.8 5
2010 8 23 21 25 12.7192 40.0973 134.839 13 5
2010 8 23 21 25 14.3887 41.2997 138.212 17.8 5
2010 8 23 21 25 14.55 41.3126 138.223 20.1 5
2010 8 23 21 25 26.451 40.0613 134.792 7 5
2010 8 23 21 25 44.002 41.3207 138.201 17.4 6
2010 8 23 21 26 7.94994 41.3082 138.207 18 6
2010 8 23 21 26 11.5351 40.0924 134.881 6.4 5
2010 8 23 21 26 32.0734 41.2665 138.232 8.9 5
2010 8 23 21 26 32.1272 41.2763 138.219 10.6 5
2010 8 23 21 26 32.197 41.2455 138.235 16.2 5
2010 8 23 21 27 0.102627 41.3126 138.217 17.6 6
2010 8 23 21 27 1.02091 40.1133 134.865 16.8 5
2010 8 23 21 27 2.22537 41.3107 138.253 21.7 5
2010 8 23 21 27 2.45429 41.3126 138.251 17.6 5
2010 8 23 21 27 3.58083 40.1938 134.8 19.6 5
2010 8 23 21 27 11.9748 40.1155 134.857 21.6 5
2010 8 23 21 27 28.2772 41.3061 138.249 20.4 5
2010 8 23 21 27 28.9646 40.1737 134.831 11.6 5
2010 8 23 21 27 53.0642 41.3191 138.22 22.8 8
2010 8 23 21 27 53.2281 41.2898 138.26 24.2 5
2010 8 23 21 27 59.2696 40.1058 134.775 14.9 5
2010 8 23 21 28 6.10446 41.2866 138.259 23.6 5
2010 8 23 21 28 6.22184 41.2903 138.227 19.3 6
2010 8 23 21 28 21.9684 40.0697 134.869 4.6 5
2010 8 23 21 28 51.4191 41.3032 138.249 18 5
2010 8 23 21 28 56.6341 41.1652 138.11 4 6
2010 8 23 21 29 5.1467 41.2884 138.244 3.5 7
2010 8 23 21 29 18.6025 40.1619 135.069 12.3 5
2010 8 23 21 29 49.516 41.2542 138.227 15.1 7
2010 8 23 21 29 49.7158 41.2562 138.26 15.4 5
2010 8 23 21 29 49.811 41.2841 138.248 14.6 6
2010 8 23 21 29 50.1806 41.3569 138.156 23.2 6
2010 8 23 21 30 4.59407 41.3291 138.267 19.3 6
2010 8 23 21 30 23.7308 41.2652 138.202 5.3 6
2010 8 23 21 30 25.9563 40.1659 134.951 16.2 5
2010 8 23 21 30 26.0253 40.0688 134.923 11 6
2010 8 23 21 30 41.1028 40.1025 134.826 19 5
2010 8 23 21 30 41.2039 40.0728 134.856 1 5
2010 8 23 21 30 41.3266 40.1142 134.804 18.3 5
2010 8 23 21 30 41.8473 41.2489 138.103 9.9 5
2010 8 23 21 30 51.0774 39.9493 134.35 16.8 5
2010 8 23 21 30 59.6902 40.1323 134.863 16.5 7
2010 8 23 21 31 11.4532 41.3631 138.473 15.2 5
2010 8 23 21 31 23.3669 41.2757 138.279 17.6 6
2010 8 23 21 31 46.653 40.1018 134.928 17 7
2010 8 23 21 31 58.3732 40.0669 134.988 17.6 7
2010 8 23 21 32 6.96002 41.3097 138.312 20.8 6
2010 8 23 21 32 7.12006 41.2896 138.291 15.4 7
2010 8 23 21 32 7.1547 41.3131 138.33 22.1 5
2010 8 23 21 32 7.48356 41.3291 138.298 20.5 6
2010 8 23 21 32 16.2705 40.1351 134.896 17.8 6
2010 8 23 21 32 32.2518 40.1058 134.97 15.1 7
2010 8 23 21 32 48.7524 41.2802 138.247 4.1 5
2010 8 23 21 33 4.48535 40.0989 135.28 26.5 5
2010 8 23 21 33 6.02289 41.264 138.235 10.8 8
2010 8 23 21 33 6.11896 41.2749 138.228 3 5
2010 8 23 21 33 11.4508 40.1269 134.89 4 5
2010 8 23 21 33 30.8173 41.2814 138.273 7.5 5
2010 8 23 21 33 46.8151 41.2959 138.312 17.3 8
2010 8 23 21 33 46.8923 41.2978 138.326 17.6 7
2010 8 23 21 33 46.9468 41.3065 138.318 20 6
2010 8 23 21 33 47.3639 41.3106 138.328 15.9 6
2010 8 23 21 33 47.6157 41.2573 138.439 24 5
2010 8 23 21 34 4.18141 41.2596 138.319 19.8 6
2010 8 23 21 34 21.0542 40.1028 134.892 20 6
2010 8 23 21 34 39.9906 41.2977 138.244 3.8 5
2010 8 23 21 34 40.0834 41.2762 138.311 18.1 5
2010 8 23 21 34 40.1096 41.276 138.311 16.9 6
2010 8 23 21 34 40.5812 41.276 138.296 16.6 7
2010 8 23 21 34 47.6947 40.0711 135.028 4.5 5
2010 8 23 21 34 47.7639 40.0895 134.866 0.5 5
2010 8 23 21 34 47.8305 40.1761 134.895 6.6 5
2010 8 23 21 34 47.9164 40.1406 134.929 12.9 6
2010 8 23 21 35 15.5524 40.0998 134.942 6.2 6
2010 8 23 21 35 16.3442 40.101 134.952 19.2 6
2010 8 23 21 35 36.4564 41.2862 138.38 2.3 5
2010 8 23 21 35 36.5489 41.3358 138.299 12.7 7
2010 8 23 21 35 36.8075 41.3557 138.315 14.3 5
2010 8 23 21 36 5.15758 41.2635 138.321 20.2 6
2010 8 23 21 36 50.7286 41.2648 138.274 9.7 5
2010 8 23 21 36 55.3922 40.2591 134.748 4.2 5
2010 8 23 21 37 21.9565 41.3062 138.377 18.4 5
2010 8 23 21 37 22.3118 41.3017 138.387 12.1 5
2010 8 23 21 37 22.4559 41.2672 138.315 19.9 6
2010 8 23 21 37 40.0583 41.2955 138.322 14.7 6
2010 8 23 21 38 2.66794 41.3294 138.366 14.7 5
2010 8 23 21 38 7.02693 40.5508 135.468 25.9 6
2010 8 23 21 38 36.1554 41.289 138.351 17.3 5
2010 8 23 21 38 39.1281 40.0612 135.01 13.8 5
2010 8 23 21 38 41.9303 40.1244 135.046 15.4 5
2010 8 23 21 38 49.8496 40.0966 134.99 16.8 7
2010 8 23 21 38 51.448 41.3976 138.359 8.7 6
2010 8 23 21 39 1.8695 40.949 137.788 19.6 5
2010 8 23 21 39 12.4441 41.2917 138.35 12.9 7
2010 8 23 21 39 12.8312 41.2661 138.289 7.7 5
2010 8 23 21 39 37.6041 41.2869 138.35 18.1 6
2010 8 23 21 39 38.3226 41.3545 138.403 11.7 6
2010 8 23 21 39 44.7998 40.5804 135.444 18.5 6
2010 8 23 21 39 44.8207 40.5647 135.433 16.6 5
2010 8 23 21 39 44.8424 40.5708 135.441 15.5 6
2010 8 23 21 40 2.61953 41.3266 138.338 12.8 6
2010 8 23 21 40 27.2034 40.2736 134.984 1.2 5
2010 8 23 21 40 28.0219 40.2797 134.951 17.5 6
2010 8 23 21 41 19.3085 40.0653 135.03 10.7 6
2010 8 23 21 41 23.9391 39.9768 134.382 16.9 6
2010 8 23 21 41 26.7246 41.2638 138.421 20.5 7
2010 8 23 21 41 27.0417 41.3136 138.455 19.8 5
2010 8 23 21 42 6.26079 41.2512 138.435 8.6 5
2010 8 23 21 42 6.35059 41.2814 138.437 15 5
2010 8 23 21 42 39.5674 41.312 138.447 9.9 6
2010 8 23 21 44 5.39852 41.319 138.485 12 5
2010 8 23 21 44 19.0048 41.3043 138.418 17.8 6
2010 8 23 21 44 23.9639 40.0965 135.019 5.8 5
2010 8 23 21 44 24.5633 40.1098 134.978 9.7 5
2010 8 23 21 44 55.2266 41.3174 138.439 16.6 8
2010 8 23 21 44 55.2693 41.3133 138.448 17.8 7
2010 8 23 21 45 9.59761 40.0373 135.143 14.2 6
2010 8 23 21 45 13.5242 41.6758 137.878 21.4 5
2010 8 23 21 45 13.6054 41.2894 138.378 7.8 7
2010 8 23 21 45 54.8284 40.6173 135.409 14.4 7
2010 8 23 21 45 54.8831 40.5375 135.373 14 5
2010 8 23 21 45 54.978 40.5413 135.456 12.6 5
2010 8 23 21 45 55.2637 40.5822 135.415 17.8 7
2010 8 23 21 45 57.0824 40.699 135.84 11.8 5
2010 8 23 21 46 20.1008 40.2651 134.92 3.2 5
2010 8 23 21 46 21.2346 40.137 135.002 5.2 5
2010 8 23 21 46 30.79 41.838 139.333 16.5 5
2010 8 23 21 46 30.8691 41.81 139.24 7 5
2010 8 23 21 46 35.5404 41.2866 138.444 19.8 8
2010 8 23 21 46 35.6909 41.2941 138.472 8.8 5
2010 8 23 21 46 35.7659 41.299 138.458 19 5
2010 8 23 21 46 35.9041 41.314 138.46 16.2 6
2010 8 23 21 46 55.9158 40.203 134.97 14.5 6
2010 8 23 21 46 56.1635 40.1612 135.041 16.4 5
2010 8 23 21 47 0.461719 41.3178 138.443 18 6
2010 8 23 21 47 0.584643 41.3324 138.481 16.5 5
2010 8 23 21 47 1.21164 41.3304 138.527 19.6 6
2010 8 23 21 47 1.51615 41.3058 138.467 16.3 7
2010 8 23 21 47 14.7574 41.286 138.428 12.8 7
2010 8 23 21 47 15.8883 41.2858 138.479 19.1 5
2010 8 23 21 47 18.7721 40.0759 135.07 9.6 5
2010 8 23 21 47 59.5369 41.3635 138.507 17.4 5
2010 8 23 21 48 23.6399 40.0431 134.571 10 5
2010 8 23 21 48 50.5708 41.3763 138.526 6.3 5
2010 8 23 21 48 50.7824 41.3052 138.502 21.1 6
2010 8 23 21 48 50.9285 41.2818 138.486 6.7 5
2010 8 23 21 48 52.161 41.1353 138.429 14 7
2010 8 23 21 49 3.66952 41.3328 138.482 9.9 5
2010 8 23 21 49 19.5923 40.1514 135.118 10.2 5
2010 8 23 21 49 37.818 40.6899 135.907 12.3 5
2010 8 23 21 49 45.5346 41.3162 138.479 28.3 7
2010 8 23 21 50 9.70511 40.1727 135.029 13.8 7
2010 8 23 21 50 38.2067 41.1457 138.432 18.8 6
2010 8 23 21 50 43.9444 41.2814 138.483 14.2 7
2010 8 23 21 50 53.2455 41.3216 138.555 22.1 6
2010 8 23 21 51 0.392114 40.1067 135.062 10 6
2010 8 23 21 51 0.743382 40.1092 135.076 5.7 5
2010 8 23 21 51 11.2353 41.296 138.514 18.1 7
2010 8 23 21 51 11.4355 41.2994 138.528 18.2 7
2010 8 23 21 51 37.753 40.0916 135.104 18 6
2010 8 23 21 51 37.8304 40.0625 135.133 2.2 5
2010 8 23 21 51 37.9466 40.0934 135.123 22.6 5
2010 8 23 21 51 43.119 41.3642 138.575 11.1 5
2010 8 23 21 51 52.7858 40.496 135.54 21.8 7
2010 8 23 21 51 53.3337 40.5899 135.549 14.9 5
2010 8 23 21 52 30.0614 40.2038 135.174 16.6 5
2010 8 23 21 52 50.7774 41.3014 138.587 9 5
2010 8 23 21 52 50.9561 41.3092 138.591 20.5 5
2010 8 23 21 52 51.0182 41.3025 138.578 17.5 6
2010 8 23 21 53 13.4141 41.3019 138.476 6.1 7
2010 8 23 21 53 29.7055 40.176 135.024 1.9 5
2010 8 23 21 53 31.1214 41.3354 138.593 22.4 5
2010 8 23 21 53 42.2383 40.5398 135.581 19.5 8
2010 8 23 21 53 49.2255 41.7014 139.157 12 5
2010 8 23 21 53 50.833 40.0476 135.099 6 5
2010 8 23 21 53 57.3534 41.3659 138.56 11.7 5
2010 8 23 21 53 57.4044 41.3109 138.596 22.3 7
2010 8 23 21 54 15.8431 40.7106 135.992 15.6 6
2010 8 23 21 54 27.9189 41.2822 138.571 18.1 6
2010 8 23 21 54 31.4233 41.2733 138.562 15 6
2010 8 23 21 54 38.2323 40.1544 135.16 5.6 5
2010 8 23 21 54 38.3004 40.0541 135.108 13.8 6
2010 8 23 21 54 38.5982 40.0968 135.102 27.1 6
2010 8 23 21 54 56.1431 40.4846 134.552 16.7 5
2010 8 23 21 54 57.1223 41.2849 138.565 19.7 6
2010 8 23 21 55 37.8706 41.2467 138.607 17 5
2010 8 23 21 55 37.9798 41.3561 138.611 16.6 6
2010 8 23 21 55 38.1512 41.2761 138.554 24 5
2010 8 23 21 56 1.06593 40.1015 134.891 20.5 5
2010 8 23 21 56 1.19738 40.0833 135.166 20.4 5
2010 8 23 21 56 1.20138 40.1109 135.225 11.8 7
2010 8 23 21 56 7.48586 40.5104 135.575 6.8 6
2010 8 23 21 56 7.54696 40.5119 135.588 5.9 5
2010 8 23 21 56 11.6569 40.7066 136.007 13.3 5
2010 8 23 21 56 29.6171 41.2778 138.566 20.6 5
2010 8 23 21 57 14.8479 41.0302 138.005 12.8 5
2010 8 23 21 57 19.217 41.2549 138.589 21.2 5
2010 8 23 21 58 39.7966 40.095 135.167 20.1 6
2010 8 23 21 58 49.4483 41.2151 138.569 28.7 7
2010 8 23 21 58 49.5189 41.2489 138.612 20.3 8
2010 8 23 21 58 49.5944 41.2576 138.615 23.3 6
2010 8 23 21 58 49.7211 41.9537 139.57 17.7 7
2010 8 23 21 58 50.1201 41.257 138.614 16.1 7
2010 8 23 21 59 18.8315 41.6022 138.983 6.5 5
2010 8 23 21 59 33.6393 40.5203 135.619 14.3 7
2010 8 23 21 59 58.2481 41.2745 138.644 14.4 5
2010 8 23 21 59 58.3397 41.2478 138.612 17.8 7
2010 8 23 21 59 58.5372 41.2245 138.621 17.6 6
2010 8 23 22 0 52.7239 41.2782 138.648 9 5
2010 8 23 22 0 53.155 41.2866 138.633 10.6 6
2010 8 23 22 0 57.2672 40.546 135.657 16.8 5
2010 8 23 22 0 57.8867 40.5691 135.657 15.5 7
2010 8 23 22 1 8.19352 40.07 135.36 4.6 5
2010 8 23 22 1 20.0508 41.2469 138.622 18.8 6
2010 8 23 22 1 20.8238 41.2727 138.629 18.3 7
2010 8 23 22 1 20.8905 41.2548 138.606 6.4 5
2010 8 23 22 1 41.3883 41.2766 138.603 6.9 6
2010 8 23 22 1 41.9177 41.2886 138.633 16.9 6
2010 8 23 22 1 49.6491 40.6956 136.125 8.1 5
2010 8 23 22 2 13.1601 41.2106 138.768 22.6 6
2010 8 23 22 2 39.0336 40.7523 136.083 25.4 6
2010 8 23 22 2 39.2102 40.7209 136.051 11.8 5
2010 8 23 22 2 43.2101 40.5788 135.69 14.9 6
2010 8 23 22 2 43.3015 40.5421 135.719 14.5 5
2010 8 23 22 2 51.5969 40.0047 134.757 20.3 6
2010 8 23 22 3 5.21553 41.2514 138.629 29.4 5
2010 8 23 22 3 21.1382 40.6518 135.733 15.3 6
2010 8 23 22 3 21.201 40.5518 135.726 23.5 7
2010 8 23 22 3 21.2982 40.5414 135.738 9.1 5
2010 8 23 22 3 32.1497 41.267 138.615 4.4 5
2010 8 23 22 3 32.2189 41.2524 138.578 11.6 6
2010 8 23 22 3 32.376 41.268 138.669 21.8 7
2010 8 23 22 3 53.2444 40.5558 135.75 16.2 5
2010 8 23 22 4 1.58105 40.0815 135.215 17.7 5
2010 8 23 22 4 1.62827 40.0529 135.226 4.2 5
2010 8 23 22 4 1.67854 40.0822 135.206 16.9 7
2010 8 23 22 4 10.942 40.5451 135.8 18 6
2010 8 23 22 4 11.0085 40.5538 135.789 23.4 5
2010 8 23 22 4 11.1341 40.5332 135.77 11 5
2010 8 23 22 4 24.0284 41.261 138.689 9.8 5
2010 8 23 22 4 28.1492 40.176 135.358 21.7 6
2010 8 23 22 4 32.2473 40.5414 135.72 7.5 5
2010 8 23 22 4 44.5967 40.5386 135.815 20.2 6
2010 8 23 22 4 44.7106 40.5534 135.794 16.9 7
2010 8 23 22 4 55.8801 41.3266 138.679 13.3 5
2010 8 23 22 5 0.392523 40.8265 136.178 17.6 5
2010 8 23 22 5 7.82323 41.4805 138.476 19.8 6
2010 8 23 22 5 14.9932 41.248 138.621 7.2 5
2010 8 23 22 5 23.4456 40.5229 135.726 8.1 5
2010 8 23 22 6 11.7059 40.541 135.594 25.4 5
2010 8 23 22 6 41.2954 41.2832 138.711 17.6 7
2010 8 23 22 6 58.5635 40.5915 135.733 18.4 7
2010 8 23 22 7 1.75424 41.2854 138.72 3.6 5
2010 8 23 22 7 1.92698 41.3305 138.712 16 6
2010 8 23 22 7 12.6554 40.7501 136.142 8.6 6
2010 8 23 22 7 17.4855 41.2686 138.717 17 6
2010 8 23 22 7 27.6995 40.7372 136.133 19.1 6
2010 8 23 22 7 27.7784 40.7643 136.13 18.3 6
2010 8 23 22 7 33.9223 40.6187 135.752 12.6 7
2010 8 23 22 7 46.8409 40.5997 135.8 16.4 5
2010 8 23 22 7 46.9961 40.626 135.811 13.3 7
2010 8 23 22 7 56.4076 40.1468 135.272 15.1 6
2010 8 23 22 7 56.6027 40.144 135.294 15.4 6
2010 8 23 22 7 57.7497 41.2854 138.712 17.6 7
2010 8 23 22 7 57.8063 41.2805 138.712 17.6 8
2010 8 23 22 7 58.4062 41.4473 138.51 5.1 5
2010 8 23 22 8 5.51273 40.4973 135.885 29.5 6
2010 8 23 22 8 17.6004 41.2673 138.732 16 7
2010 8 23 22 8 18.6587 40.5912 135.829 2.3 5
2010 8 23 22 8 18.8984 40.6548 135.856 11.8 6
2010 8 23 22 8 19.3672 40.5652 135.822 20.9 7
2010 8 23 22 8 20.5234 40.7735 136.157 15.5 5
2010 8 23 22 8 20.6013 40.76 136.132 17.5 6
2010 8 23 22 8 41.2863 40.7242 136.126 17.3 7
2010 8 23 22 8 48.4611 40.516 135.81 8.2 5
2010 8 23 22 8 48.8516 40.5022 135.787 11.4 5
2010 8 23 22 8 49.5718 40.0209 134.832 17.9 6
2010 8 23 22 8 50.8096 41.2483 138.753 26.1 8
2010 8 23 22 8 51.0026 41.2742 138.76 17.7 7
2010 8 23 22 8 56.286 40.5614 135.815 15.6 7
2010 8 23 22 8 56.4769 40.5519 135.828 17.7 7
2010 8 23 22 9 8.36852 40.5115 135.834 14.5 5
2010 8 23 22 9 19.0495 40.5761 135.785 14.9 7
2010 8 23 22 9 38.6863 40.1405 135.248 25.5 6
2010 8 23 22 9 38.9795 40.1335 135.153 14.9 5
2010 8 23 22 9 51.0505 40.5283 135.846 3.4 5
2010 8 23 22 9 51.1891 40.5493 135.873 20.1 8
2010 8 23 22 9 51.2319 40.533 135.884 17.5 7
2010 8 23 22 9 51.2791 40.5194 135.879 18.4 7
2010 8 23 22 9 51.3721 40.5005 135.877 28.3 9
2010 8 23 22 9 53.4063 40.758 136.119 3.9 5
2010 8 23 22 10 3.15946 40.5684 135.782 3 6
2010 8 23 22 10 19.6813 40.763 136.15 17.7 7
2010 8 23 22 10 19.743 40.7697 136.164 15.9 6
2010 8 23 22 10 20.1388 41.265 138.794 10.9 5
2010 8 23 22 10 45.8308 41.318 138.806 15.2 5
2010 8 23 22 10 46.0515 41.2793 138.819 14.6 6
2010 8 23 22 10 47.3729 40.1395 135.451 11.5 7
2010 8 23 22 10 47.9249 40.5297 135.839 9.4 5
2010 8 23 22 10 59.4937 40.7171 136.16 17.4 6
2010 8 23 22 10 59.5213 40.6943 136.17 17.8 6
2010 8 23 22 10 59.5477 40.7313 136.196 17.6 5
2010 8 23 22 11 4.62244 41.561 139.463 6.6 5
2010 8 23 22 11 5.26458 39.9775 134.894 4.9 5
2010 8 23 22 11 10.6546 40.5545 135.863 24.3 5
2010 8 23 22 11 19.2749 40.5611 135.905 9.1 5
2010 8 23 22 11 19.3087 41.3508 138.77 14.6 7
2010 8 23 22 11 19.5329 41.2927 138.784 19.6 5
2010 8 23 22 11 24.682 40.7293 136.194 17.1 5
2010 8 23 22 11 34.9298 40.7796 136.215 19.8 5
2010 8 23 22 11 56.4031 41.2709 138.788 18.5 6
2010 8 23 22 11 56.7417 41.2706 138.763 16.7 6
2010 8 23 22 11 56.7546 41.2757 138.795 19.5 6
2010 8 23 22 11 56.9166 41.2919 138.805 19.8 7
2010 8 23 22 11 57.051 40.5771 135.819 11.4 6
2010 8 23 22 11 57.1767 40.7037 135.835 15 5
2010 8 23 22 11 57.2634 40.5516 135.857 7.5 5
2010 8 23 22 11 58.8127 40.017 135.196 23.8 7
2010 8 23 22 11 58.8507 40.2051 135.319 11.7 5
2010 8 23 22 12 0.484095 40.5276 135.893 18.6 6
2010 8 23 22 12 16.4628 40.5628 135.899 18.8 6
2010 8 23 22 12 28.3584 40.7552 136.165 14.4 5
2010 8 23 22 12 28.4477 40.7661 136.187 1 5
2010 8 23 22 12 28.4837 40.7538 136.185 7 5
2010 8 23 22 12 28.5748 41.1211 135.577 15.4 5
2010 8 23 22 12 29.8481 41.7591 138.202 15.1 5
2010 8 23 22 12 36.6069 40.1346 135.362 21.6 7
2010 8 23 22 12 36.7081 40.1553 135.396 18.2 6
2010 8 23 22 12 43.6706 41.6221 139.233 12.5 6
2010 8 23 22 12 49.6414 40.7393 136.218 19.5 5
2010 8 23 22 13 19.9011 40.5694 135.872 15.7 6
2010 8 23 22 13 20.0178 40.5647 135.899 20 5
2010 8 23 22 13 26.4749 41.2423 139.032 24.9 6
2010 8 23 22 13 26.5352 41.3082 138.809 17.3 7
2010 8 23 22 13 26.6041 41.3239 138.821 16.3 7
2010 8 23 22 13 26.627 41.273 138.922 17.5 8
2010 8 23 22 13 39.0663 40.7628 136.149 2.4 6
2010 8 23 22 13 39.175 40.7473 136.201 11.9 5
2010 8 23 22 13 45.615 41.618 139.513 15.7 6
2010 8 23 22 13 55.5245 40.5821 135.936 20 5
2010 8 23 22 13 59.5221 40.7582 136.213 16.7 6
2010 8 23 22 14 17.0874 40.1582 135.386 15.8 8
2010 8 23 22 14 21.3699 40.7635 136.186 10.5 6
2010 8 23 22 14 38.3828 41.3309 138.884 29.3 6
2010 8 23 22 14 38.4612 41.308 138.826 15.1 7
2010 8 23 22 14 43.8629 40.5571 135.9 6.1 5
2010 8 23 22 14 44.0759 40.6247 135.867 22.4 6
2010 8 23 22 14 54.3768 40.8296 136.355 13.8 5
2010 8 23 22 14 57.7715 40.5981 135.893 19 6
2010 8 23 22 15 25.4765 41.3035 138.865 16.7 6
2010 8 23 22 15 25.802 41.6718 138.265 23.5 5
2010 8 23 22 15 25.8812 41.3644 138.853 12.9 5
2010 8 23 22 15 34.6737 41.1705 138.784 15.7 6
2010 8 23 22 15 48.8239 40.7032 136.263 20.3 6
2010 8 23 22 16 7.58227 40.5576 135.859 7.9 6
2010 8 23 22 16 47.0613 40.1433 135.446 14.7 7
2010 8 23 22 16 47.202 40.143 135.441 13.4 7
2010 8 23 22 16 47.6141 40.3961 134.988 11.3 5
2010 8 23 22 17 6.57381 40.5713 135.887 6.3 5
2010 8 23 22 17 6.72664 40.543 136.085 17.4 5
2010 8 23 22 17 22.0694 40.8133 136.258 7.5 5
2010 8 23 22 17 32.2913 40.5267 135.982 18.6 6
2010 8 23 22 17 36.7357 41.572 139.034 18 6
2010 8 23 22 17 43.8204 41.6434 139.679 19 6
2010 8 23 22 17 43.9216 41.6474 139.654 19.9 5
2010 8 23 22 17 48.7318 40.7993 135.667 2.9 5
2010 8 23 22 17 50.4574 41.2711 138.853 28.7 6
2010 8 23 22 17 50.518 41.3028 138.823 15.8 7
2010 8 23 22 17 50.6133 41.2971 138.85 16.2 6
2010 8 23 22 17 50.6839 42.28 137.796 24.4 5
2010 8 23 22 17 55.58 40.1919 135.445 9.1 5
2010 8 23 22 17 55.6312 40.1843 135.417 19.8 5
2010 8 23 22 17 56.1739 40.1758 135.425 14.3 7
2010 8 23 22 18 6.05415 41.6162 139.668 8.2 5
2010 8 23 22 18 6.24852 41.6481 139.645 20.2 6
2010 8 23 22 18 10.1278 40.7129 136.324 16.5 6
2010 8 23 22 18 12.3865 40.5699 136.014 14 8
2010 8 23 22 18 12.4507 40.576 136.017 17.9 7
2010 8 23 22 18 12.5662 40.573 136.038 25.7 6
2010 8 23 22 18 12.7233 40.5551 136.001 25.8 8
2010 8 23 22 18 23.2306 40.5798 135.986 25.3 6
2010 8 23 22 18 30.0435 40.5422 135.903 14.3 5
2010 8 23 22 18 43.5742 40.5416 136.077 19.6 7
2010 8 23 22 18 44.8319 40.7326 136.334 14.8 6
2010 8 23 22 19 1.61231 40.2428 135.536 23.8 5
2010 8 23 22 19 1.7123 40.1839 135.476 15.6 7
2010 8 23 22 19 39.4518 39.9572 134.918 19.4 5
2010 8 23 22 20 4.90601 41.5978 139.613 14.6 5
2010 8 23 22 20 11.6494 40.1911 135.531 17 6
2010 8 23 22 20 11.7478 40.1721 135.555 19.8 6
2010 8 23 22 20 11.8352 40.2552 135.554 17.2 6
2010 8 23 22 20 19.815 40.6017 136.052 13.9 5
2010 8 23 22 20 31.9327 40.5739 135.972 16.6 7
2010 8 23 22 20 32.1101 40.5626 135.979 21.8 6
2010 8 23 22 20 32.7451 40.5916 136.067 23.2 7
2010 8 23 22 20 36.2791 41.2816 138.931 25.9 6
2010 8 23 22 20 36.6856 41.3063 138.904 18.9 7
2010 8 23 22 20 51.1178 40.5674 136.002 12.8 5
2010 8 23 22 20 51.2529 40.5766 136.012 19.2 5
2010 8 23 22 21 5.49348 40.5681 135.99 5.1 5
2010 8 23 22 21 14.4921 40.5449 136.085 18.1 5
2010 8 23 22 21 14.6006 40.6848 135.874 1.8 5
2010 8 23 22 21 21.2077 39.728 134.446 14 6
2010 8 23 22 21 32.8974 40.6925 136.276 6.7 6
2010 8 23 22 21 43.174 40.5758 136.042 20.2 6
2010 8 23 22 21 48.6615 40.5844 136.035 14.7 8
2010 8 23 22 22 5.45345 40.7344 136.35 4.4 5
2010 8 23 22 22 6.9733 40.1889 135.625 24.9 7
2010 8 23 22 22 33.3152 40.5899 136.061 18.6 5
2010 8 23 22 22 33.3653 40.6004 136.082 22.7 6
2010 8 23 22 22 39.1757 40.7488 136.379 15.8 5
2010 8 23 22 22 47.1596 40.7554 136.433 18 6
2010 8 23 22 22 47.2836 40.7469 136.426 15.1 7
2010 8 23 22 22 54.7116 40.1535 135.502 19.4 7
2010 8 23 22 22 54.8369 40.1567 135.493 24 8
2010 8 23 22 22 56.3358 40.5364 135.998 29.5 6
2010 8 23 22 23 1.22598 41.623 139.657 16.9 6
2010 8 23 22 23 3.74769 40.7806 136.438 19.1 6
2010 8 23 22 23 17.2312 41.4749 134.943 17.3 5
2010 8 23 22 23 36.1303 41.5869 139.49 13.9 5
2010 8 23 22 23 41.1442 40.7686 136.436 18 6
2010 8 23 22 23 45.9774 40.5246 136.004 7.9 5
2010 8 23 22 24 5.40128 40.174 135.544 14.4 7
2010 8 23 22 24 22.2226 41.6287 139.777 15.4 5
2010 8 23 22 24 24.1849 40.7756 136.422 19.2 6
2010 8 23 22 24 24.302 39.7814 134.509 8.4 5
2010 8 23 22 24 44.6708 40.7355 136.419 17.4 6
2010 8 23 22 24 44.9041 40.7161 136.42 18.1 5
2010 8 23 22 24 45.2693 40.1746 135.451 14.7 5
2010 8 23 22 24 45.783 40.5652 136.027 17.5 7
2010 8 23 22 25 4.85908 40.1949 135.57 18 7
2010 8 23 22 25 4.93723 40.1849 135.496 3.7 5
2010 8 23 22 25 6.34981 40.7838 136.413 24.5 7
2010 8 23 22 25 6.42443 40.8374 136.425 11.4 5
2010 8 23 22 25 13.6718 40.5534 136.081 21 7
2010 8 23 22 25 32.3765 40.7807 136.445 25.5 6
2010 8 23 22 25 45.3946 40.7534 136.437 16.5 7
2010 8 23 22 25 45.6973 40.7613 136.44 14.7 6
2010 8 23 22 26 1.40277 41.6455 139.743 7.4 5
2010 8 23 22 26 1.48815 41.684 139.781 19.8 8
2010 8 23 22 26 2.04025 40.5832 136.159 29.5 7
2010 8 23 22 26 10.7041 40.586 136.099 12.3 7
2010 8 23 22 26 20.7123 40.7424 136.432 28.3 7
2010 8 23 22 26 21.0779 39.9227 134.978 22.9 5
2010 8 23 22 26 34.6227 40.8204 136.483 6.8 5
2010 8 23 22 26 34.7522 40.7434 136.466 15.9 6
2010 8 23 22 26 34.9497 40.7585 136.476 17.4 5
2010 8 23 22 26 42.5079 40.1592 135.508 7.8 5
2010 8 23 22 26 47.4573 40.7636 136.458 15.9 6
2010 8 23 22 27 0.184341 40.7919 136.443 17.1 6
2010 8 23 22 27 0.22113 40.7847 136.455 21.3 6
2010 8 23 22 27 0.33146 41.1847 135.766 24.1 5
2010 8 23 22 27 0.858099 41.2796 139.135 13.5 5
2010 8 23 22 27 5.6475 44.2803 139.186 13.8 5
2010 8 23 22 27 14.9103 40.8087 136.46 15.2 6
2010 8 23 22 27 19.826 41.3279 138.863 22.6 6
2010 8 23 22 27 20.2609 40.1775 135.542 12.4 5
2010 8 23 22 27 37.0442 41.6266 139.568 7.1 7
2010 8 23 22 27 37.1148 41.6325 139.642 25.5 5
2010 8 23 22 28 1.88803 40.8275 136.463 14.2 6
2010 8 23 22 28 3.92503 40.3917 135.408 2.4 5
2010 8 23 22 28 5.36925 41.3775 139.014 16 6
2010 8 23 22 28 14.112 40.5957 136.171 22.1 5
2010 8 23 22 28 20.0865 40.74 136.471 16 6
2010 8 23 22 28 31.2935 41.6433 139.593 10.8 5
2010 8 23 22 28 34.0815 40.5591 136.19 13.4 7
2010 8 23 22 28 55.6787 40.6381 136.184 11.8 6
2010 8 23 22 28 55.906 40.8178 136.474 11.1 5
2010 8 23 22 28 58.7958 41.3757 138.967 21.8 6
2010 8 23 22 29 17.4216 40.8366 136.515 16.9 5
2010 8 23 22 29 20.2756 40.4302 135.193 7.9 5
2010 8 23 22 29 22.9175 40.6185 136.173 18.6 7
2010 8 23 22 29 23.4815 40.2001 135.373 19.4 6
2010 8 23 22 29 49.223 40.7486 136.519 19.2 6
2010 8 23 22 30 3.4611 40.188 135.488 9.5 6
2010 8 23 22 30 3.51572 40.1976 135.469 15.7 5
2010 8 23 22 30 15.6337 40.7687 136.562 25.9 5
2010 8 23 22 30 18.4092 41.7301 139.661 12.4 5
2010 8 23 22 30 21.4272 40.4932 136.326 27.5 6
2010 8 23 22 30 24.7575 40.7059 136.529 5.5 5
2010 8 23 22 30 24.9432 40.7349 136.518 17.9 6
2010 8 23 22 30 25.2391 40.7455 136.506 19.6 7
2010 8 23 22 30 26.2642 39.8719 135.101 15.7 8
2010 8 23 22 30 42.2228 40.7616 136.536 12.5 8
2010 8 23 22 30 44.8761 40.2201 135.504 15.8 7
2010 8 23 22 30 45.7291 40.2163 135.523 17.1 6
2010 8 23 22 31 4.48178 40.7696 136.563 15.2 5
2010 8 23 22 31 7.87678 39.8942 134.614 10.5 5
2010 8 23 22 31 15.8146 40.8112 136.464 13.5 5
2010 8 23 22 31 16.653 40.5629 136.164 16.6 7
2010 8 23 22 31 31.3847 40.2107 135.519 21.9 6
2010 8 23 22 31 39.2026 40.1764 135.486 26.1 5
2010 8 23 22 31 52.4355 40.753 136.583 12.4 6
2010 8 23 22 31 56.7644 40.5664 136.238 14.8 7
2010 8 23 22 31 57.0076 40.6012 136.204 17.1 7
2010 8 23 22 31 59.5367 40.776 136.566 18.7 7
2010 8 23 22 31 59.6409 40.757 136.56 17.3 7
2010 8 23 22 32 7.78882 40.7419 136.577 20.7 5
2010 8 23 22 32 12.3759 41.4656 139.051 12.5 5
2010 8 23 22 32 22.3039 40.5341 136.235 16.8 6
2010 8 23 22 32 22.459 40.5315 136.27 26.9 5
2010 8 23 22 32 22.6017 40.5189 136.213 12.4 5
2010 8 23 22 32 41.6612 40.7906 136.54 19.8 5
2010 8 23 22 32 42.5021 40.7772 136.521 15.8 6
2010 8 23 22 32 45.8926 40.2004 135.507 22.6 5
2010 8 23 22 32 59.6606 40.5297 136.169 9.2 5
2010 8 23 22 32 59.8792 40.5666 136.17 13.1 6
2010 8 23 22 33 0.104179 40.8721 135.735 17.8 5
2010 8 23 22 33 4.97596 41.3416 135.823 18.3 5
2010 8 23 22 33 11.1449 40.2321 135.518 28.9 7
2010 8 23 22 33 24.2803 40.5497 136.218 17.4 7
2010 8 23 22 33 46.836 40.5637 136.312 29.6 5
2010 8 23 22 33 56.8352 40.8088 136.525 20.6 6
2010 8 23 22 34 25.446 40.1933 135.558 21.6 6
2010 8 23 22 34 28.1789 41.6266 139.601 6.6 6
2010 8 23 22 34 28.2594 41.6642 139.613 17.6 7
2010 8 23 22 34 30.5085 40.8876 136.543 12.9 5
2010 8 23 22 34 45.9943 40.5762 136.188 18.4 6
2010 8 23 22 34 46.5219 40.5083 136.241 18.4 5
2010 8 23 22 34 57.407 40.5527 136.269 19.3 6
2010 8 23 22 34 57.5552 40.5281 136.224 5.5 5
2010 8 23 22 35 4.31078 40.4299 135.35 4.2 5
2010 8 23 22 35 4.36059 40.1776 135.529 16.7 6
2010 8 23 22 35 9.44434 40.8585 136.538 15.6 6
2010 8 23 22 35 18.4789 40.7923 136.597 16.6 6
2010 8 23 22 35 28.3085 41.7899 139.608 17.4 7
2010 8 23 22 36 0.136433 40.5532 136.259 15.5 6
2010 8 23 22 36 12.4683 40.1185 135.183 21.6 7
2010 8 23 22 36 12.4791 40.1566 135.208 18.6 6
2010 8 23 22 36 16.8519 41.3274 138.902 5.2 6
2010 8 23 22 36 22.9157 40.7872 136.546 29.9 8
2010 8 23 22 36 34.3278 40.2828 135.675 14.1 5
2010 8 23 22 36 35.8508 40.8597 136.552 12.8 5
2010 8 23 22 36 51.4011 40.7592 136.64 21.7 6
2010 8 23 22 36 59.5205 40.2096 135.547 16.3 5
2010 8 23 22 37 18.5322 40.8507 136.712 23.2 6
2010 8 23 22 37 19.9089 41.2613 139.041 17.8 5
2010 8 23 22 37 22.2102 40.2051 135.709 18.7 7
2010 8 23 22 37 33.9887 40.7271 136.147 4.4 5
2010 8 23 22 37 33.9954 40.7581 136.661 11.7 5
2010 8 23 22 37 34.0642 40.5767 136.277 17.6 5
2010 8 23 22 37 34.1382 40.6381 136.308 13 5
2010 8 23 22 37 50.2669 40.1906 135.585 5.3 5
2010 8 23 22 37 50.3128 40.244 135.509 27.1 5
2010 8 23 22 37 56.8112 41.382 136.131 14.8 5
2010 8 23 22 37 57.7311 40.8702 136.564 18.1 5
2010 8 23 22 38 5.48138 40.5598 136.284 16.2 5
2010 8 23 22 38 14.1007 40.2415 135.541 16.3 8
2010 8 23 22 38 14.1581 40.2312 135.547 18.2 5
2010 8 23 22 38 14.2346 40.2529 135.564 17.8 5
2010 8 23 22 38 16.6523 41.3432 139.017 17.7 6
2010 8 23 22 38 16.7304 41.3202 139.016 13.1 6
2010 8 23 22 38 52.8598 40.7688 136.681 18.8 7
2010 8 23 22 38 52.9985 40.7672 136.694 14.1 7
2010 8 23 22 38 53.0628 40.7555 136.718 7.9 5
2010 8 23 22 39 4.53467 40.5654 136.257 18.5 6
2010 8 23 22 39 16.4471 40.1992 135.6 15.8 7
2010 8 23 22 39 41.3781 41.3665 139.089 10.5 5
2010 8 23 22 39 54.1335 40.9882 135.663 24.9 5
2010 8 23 22 39 54.1775 40.6045 136.339 21.4 7
2010 8 23 22 39 54.3083 40.5805 136.315 27.4 6
2010 8 23 22 39 57.6676 40.7607 136.797 20.8 6
2010 8 23 22 40 18.9516 40.2172 135.788 27.8 7
2010 8 23 22 40 33.772 40.1878 135.573 20.5 8
2010 8 23 22 41 1.45271 40.7603 136.723 13.8 5
2010 8 23 22 41 1.55266 40.7516 136.612 9.4 6
2010 8 23 22 41 1.67177 40.7443 136.668 10.7 5
2010 8 23 22 41 7.97305 41.3254 139.1 21.2 5
2010 8 23 22 41 8.08581 40.2075 135.586 16 7
2010 8 23 22 41 24.2172 40.5897 136.292 6.5 6
2010 8 23 22 41 24.2677 40.5912 136.338 18.2 5
2010 8 23 22 41 24.337 40.61 136.331 18.4 6
2010 8 23 22 41 25.7972 40.1979 135.612 22.2 6
2010 8 23 22 41 45.8516 40.7642 136.471 27.9 7
2010 8 23 22 41 57.8901 40.7712 136.672 19.3 6
2010 8 23 22 41 58.7184 40.1776 135.614 4.7 6
2010 8 23 22 42 5.67454 41.3043 138.987 11.6 6
2010 8 23 22 42 8.25968 40.7833 136.632 9 5
2010 8 23 22 42 8.38132 40.7736 136.678 18.5 6
2010 8 23 22 42 8.44491 40.7782 136.688 17.2 7
2010 8 23 22 42 10.7254 41.6691 139.747 26.5 9
2010 8 23 22 42 10.8052 41.6447 139.724 14 7
2010 8 23 22 42 27.1084 40.688 136.405 18.8 5
2010 8 23 22 42 49.4385 40.2166 135.627 23.3 5
2010 8 23 22 42 56.3213 41.2756 139.139 2.9 5
2010 8 23 22 42 56.4905 41.3602 139.109 16.8 6
2010 8 23 22 43 6.163 41.6087 139.7 6.2 5
2010 8 23 22 43 6.53285 41.6031 139.779 11.1 5
2010 8 23 22 43 10.151 40.1856 135.569 15.6 5
2010 8 23 22 43 10.1781 40.1721 135.536 6.1 6
2010 8 23 22 43 19.8591 40.1847 135.73 27.2 5
2010 8 23 22 43 41.8793 41.6359 139.775 18.4 7
2010 8 23 22 43 53.9383 41.0624 138.584 6.4 6
2010 8 23 22 43 58.0407 40.567 136.383 16.9 6
2010 8 23 22 44 7.27543 40.8247 136.69 13.4 5
2010 8 23 22 44 7.33976 40.8353 136.696 16.7 8
2010 8 23 22 44 22.8836 40.8425 136.728 22.9 5
2010 8 23 22 44 27.781 40.5495 136.345 18.8 6
2010 8 23 22 44 32.5257 40.8034 136.726 15 5
2010 8 23 22 44 38.4104 40.2332 135.647 18.1 8
2010 8 23 22 44 38.594 40.2529 135.689 17 6
2010 8 23 22 44 43.8306 40.8478 136.732 16.8 7
2010 8 23 22 44 43.9121 40.8289 136.737 17.5 5
2010 8 23 22 44 57.0528 40.1918 135.616 17.3 6
2010 8 23 22 45 1.63288 39.7949 134.627 20.9 5
2010 8 23 22 45 9.87804 40.8202 136.689 17.2 5
2010 8 23 22 45 16.3813 40.5712 136.369 18.1 6
2010 8 23 22 45 19.6898 40.8139 136.743 16.5 6
2010 8 23 22 45 22.9587 40.786 136.668 9.4 5
2010 8 23 22 45 31.6614 40.1937 135.71 19.7 7
2010 8 23 22 45 31.8203 40.1859 135.658 17.6 6
2010 8 23 22 45 42.2038 41.3676 139.063 23.9 6
2010 8 23 22 45 44.7583 40.4071 135.45 6.1 5
2010 8 23 22 45 59.8361 39.8361 134.806 13.7 5
2010 8 23 22 45 59.8934 39.8634 134.839 21.1 6
2010 8 23 22 45 59.9756 39.8574 134.794 16.8 6
2010 8 23 22 46 0.235853 39.8567 134.766 28.6 5
2010 8 23 22 46 0.514336 40.8163 136.654 25 7
2010 8 23 22 46 2.72819 40.5697 136.392 19.4 7
2010 8 23 22 46 5.86838 41.6479 139.797 18.9 9
2010 8 23 22 46 25.329 40.2681 135.645 19.5 7
2010 8 23 22 46 25.4558 40.2681 135.75 22.9 7
2010 8 23 22 46 31.3563 40.853 136.735 20.3 7
2010 8 23 22 46 31.4693 40.8287 136.764 18.8 5
2010 8 23 22 46 37.8273 40.618 136.384 14.8 7
2010 8 23 22 46 37.8525 40.5386 136.365 11 6
2010 8 23 22 46 52.5745 40.2058 135.638 17.9 6
2010 8 23 22 46 52.8747 40.1601 135.609 11.6 6
2010 8 23 22 47 46.1296 40.2425 135.76 21.3 6
2010 8 23 22 47 46.2046 40.2755 135.691 17 7
2010 8 23 22 47 54.9451 40.5925 136.429 15.8 5
2010 8 23 22 47 57.1608 40.8396 136.759 20.1 5
2010 8 23 22 48 12.0978 41.6312 139.887 22.1 8
2010 8 23 22 48 12.3347 41.6787 139.944 18.3 5
2010 8 23 22 48 23.8134 40.7854 136.764 26.5 6
2010 8 23 22 48 23.934 40.801 136.79 18.8 6
2010 8 23 22 48 23.9655 40.7901 136.811 22.3 5
2010 8 23 22 48 24.0027 40.7816 136.803 9.5 5
2010 8 23 22 48 24.0565 40.817 136.796 19.6 5
2010 8 23 22 48 27.2867 40.5993 136.457 17.5 6
2010 8 23 22 49 24.2479 40.24 135.779 21.5 6
2010 8 23 22 49 24.3707 40.2487 135.72 20 6
2010 8 23 22 49 24.6283 40.267 135.683 2.9 6
2010 8 23 22 49 36.8543 40.557 136.612 21.9 6
2010 8 23 22 49 37.2499 40.5658 136.618 10.4 5
2010 8 23 22 49 45.3424 41.6575 139.821 16.5 6
2010 8 23 22 49 48.5728 41.0165 135.711 19.1 5
2010 8 23 22 49 48.573 40.4869 136.412 18.8 5
2010 8 23 22 50 0.719193 40.8974 136.917 18.7 6
2010 8 23 22 50 0.780507 40.9623 136.883 9.8 5
2010 8 23 22 50 0.813705 40.85 136.882 15.2 6
2010 8 23 22 50 0.900916 40.8714 136.898 24.3 5
2010 8 23 22 50 0.956208 40.8312 136.863 3.8 5
2010 8 23 22 50 29.6306 41.0954 138.659 21.9 7
2010 8 23 22 50 34.1827 40.2265 135.756 27.4 6
2010 8 23 22 50 48.5138 41.3139 139.282 10.2 5
2010 8 23 22 50 52.8461 40.1808 135.699 19.3 6
2010 8 23 22 51 7.37309 40.2502 135.722 16.9 6
2010 8 23 22 51 7.5884 41.024 136.827 28.2 5
2010 8 23 22 51 7.67864 40.8193 136.838 11 5
2010 8 23 22 51 26.0259 41.3443 139.311 20.4 5
2010 8 23 22 51 26.123 41.3475 139.285 19.7 6
2010 8 23 22 51 38.5412 40.6691 136.842 22.9 5
2010 8 23 22 51 38.6841 40.7909 136.852 10.1 6
2010 8 23 22 51 38.7442 40.8881 136.853 13.1 5
2010 8 23 22 51 55.5113 40.2651 135.749 14.4 7
2010 8 23 22 52 9.54186 41.1038 138.698 19.3 5
2010 8 23 22 52 9.64798 41.144 138.659 10.8 5
2010 8 23 22 52 28.6003 40.8416 136.792 8.3 6
2010 8 23 22 52 28.9216 40.8113 136.82 15 5
2010 8 23 22 52 45.7649 40.7619 136.844 10.1 5
2010 8 23 22 53 0.856449 40.8551 136.912 13.7 7
2010 8 23 22 53 9.11102 41.0574 138.726 8.5 5
2010 8 23 22 53 27.3133 41.322 139.115 15 5
2010 8 23 22 53 54.7743 41.0852 138.693 17.1 7
2010 8 23 22 54 31.9019 41.0638 138.654 8.7 8
2010 8 23 22 54 31.9984 41.0941 138.708 16.1 8
2010 8 23 22 54 49.0324 41.3313 139.386 28.8 5
2010 8 23 22 54 52.7478 41.1407 135.16 15.7 5
2010 8 23 22 55 1.32326 40.2581 135.755 17.9 8
2010 8 23 22 55 1.86229 40.1978 135.732 29.9 6
2010 8 23 22 55 41.367 40.6323 136.46 18.4 6
2010 8 23 22 55 46.6849 41.3201 139.41 23.6 5
2010 8 23 22 56 1.511 41.0922 138.729 18.7 7
2010 8 23 22 56 21.5549 40.1667 136.06 24.4 6
2010 8 23 22 56 29.3771 41.2698 138.618 7.1 5
2010 8 23 22 56 33.4657 41.4348 139.37 15 5
2010 8 23 22 56 40.8639 41.092 138.694 17 7
2010 8 23 22 56 50.1397 41.3015 139.369 19.4 6
2010 8 23 22 56 51.1197 40.7814 136.884 27.5 7
2010 8 23 22 56 51.2649 40.8069 136.902 12.1 6
2010 8 23 22 56 59.4519 41.2889 139.391 15.9 7
2010 8 23 22 57 8.02766 40.7641 136.892 6.2 6
2010 8 23 22 57 11.0394 40.6283 136.507 25.5 5
2010 8 23 22 57 18.6102 41.3195 139.33 15.6 7
2010 8 23 22 58 2.9381 41.1063 138.734 16.2 8
2010 8 23 22 58 3.24644 41.0879 138.757 14.5 6
2010 8 23 22 58 12.5003 43.3207 137.843 10.8 5
2010 8 23 22 58 16.8423 41.3492 139.423 21.3 5
2010 8 23 22 58 17.0168 41.315 139.435 14.4 6
2010 8 23 22 58 47.8438 41.0984 138.786 9.4 5
2010 8 23 22 58 47.8901 41.1102 138.798 6.5 5
2010 8 23 22 59 8.32208 41.2857 139.413 6.9 5
2010 8 23 22 59 8.49502 41.3392 139.432 16.8 7
2010 8 23 22 59 35.2432 41.3032 139.355 14.1 7
2010 8 23 22 59 39.7208 40.7647 137.003 11.9 6
2010 8 23 22 59 46.5485 40.5441 136.627 5.2 5
2010 8 23 22 59 46.9609 40.5498 136.655 9.6 5
2010 8 23 22 59 51.4626 41.3346 139.343 14 9
2010 8 23 22 59 51.7409 41.3156 139.322 17.5 7
2010 8 23 22 59 51.7984 41.3147 139.365 17.5 5
2010 8 23 23 0 44.9997 41.3087 139.314 7.6 6
2010 8 23 23 0 50.1839 41.0754 138.797 22.6 7
2010 8 23 23 0 56.3236 41.7194 138.831 26.4 5
2010 8 23 23 0 56.4228 41.3723 139.457 17.9 7
2010 8 23 23 1 9.62368 41.3022 139.35 4 6
2010 8 23 23 1 10.0743 40.5453 136.592 24.5 6
2010 8 23 23 1 25.5554 41.3429 139.362 5.4 5
2010 8 23 23 1 42.1014 40.4684 136.603 11.7 5
2010 8 23 23 1 43.7524 41.3291 139.374 18.4 6
2010 8 23 23 1 43.7888 41.3288 139.391 18.2 6
2010 8 23 23 2 16.3233 41.3216 139.463 17.2 7
2010 8 23 23 2 25.4024 40.8237 136.858 3.2 5
2010 8 23 23 2 26.2774 41.3366 139.409 23 5
2010 8 23 23 2 33.0142 40.2181 135.825 7.1 5
2010 8 23 23 2 33.0781 40.2718 135.92 18.8 5
2010 8 23 23 2 53.2256 40.5788 136.709 25.7 6
2010 8 23 23 2 55.8368 41.3105 139.437 4.9 5
2010 8 23 23 2 56.3706 41.3515 139.409 17.7 6
2010 8 23 23 3 25.5607 40.5937 136.639 19.9 7
2010 8 23 23 3 31.4792 41.3466 139.651 13 5
2010 8 23 23 3 31.6359 41.2525 139.656 15 6
2010 8 23 23 3 44.9017 40.7802 137.079 13.6 7
2010 8 23 23 3 45.0853 40.791 137.088 10.2 5
2010 8 23 23 3 59.4642 40.7964 137.046 17.9 5
2010 8 23 23 3 59.9083 41.2716 139.65 12.7 5
2010 8 23 23 3 59.956 41.3708 139.433 14.7 5
2010 8 23 23 4 0.045916 40.2092 135.768 7.1 5
2010 8 23 23 4 0.177232 40.4908 135.389 15.8 5
2010 8 23 23 4 0.44168 40.2343 135.83 20.5 5
2010 8 23 23 4 16.0523 40.2559 135.921 16.1 5
2010 8 23 23 4 59.2352 40.8493 137.125 16.5 5
2010 8 23 23 4 59.4244 40.8263 137.078 19.2 6
2010 8 23 23 5 0.372478 41.3232 139.388 25.7 5
2010 8 23 23 5 0.389151 41.3146 139.426 2.5 5
2010 8 23 23 5 0.462801 41.341 139.462 19.5 5
2010 8 23 23 5 0.565748 41.3321 139.454 15.9 9
2010 8 23 23 5 0.692685 41.3271 139.463 13.2 7
2010 8 23 23 5 0.75819 41.3084 139.424 6.2 5
2010 8 23 23 5 3.77976 40.494 136.839 19.1 5
2010 8 23 23 5 27.9157 41.328 139.459 21.1 5
2010 8 23 23 5 28.0046 41.3568 139.42 16.3 7
2010 8 23 23 5 30.0823 40.5759 136.656 15.5 5
2010 8 23 23 5 30.5901 40.6581 136.769 18.7 5
2010 8 23 23 5 39.8598 40.2145 135.767 17.3 5
2010 8 23 23 6 9.42603 41.3375 139.449 11.6 6
2010 8 23 23 6 9.89541 41.2957 139.404 26.8 6
2010 8 23 23 6 11.3069 40.5951 136.715 17.3 5
2010 8 23 23 6 16.2907 40.8141 137.046 18 6
2010 8 23 23 6 29.3063 40.8223 137.047 23 6
2010 8 23 23 6 53.5319 40.8582 137.06 4.7 5
2010 8 23 23 6 56.3733 40.2285 135.832 20.3 6
2010 8 23 23 7 6.46408 39.9828 134.751 1.6 5
2010 8 23 23 7 36.1542 40.884 137.148 16.4 6
2010 8 23 23 7 36.6754 40.2236 135.8 14.2 6
2010 8 23 23 7 44.3796 41.3665 139.48 11.1 5
2010 8 23 23 7 44.4391 41.3284 139.455 22.6 5
2010 8 23 23 7 44.5056 41.3232 139.411 7.9 5
2010 8 23 23 7 45.5056 40.2146 135.937 23.8 6
2010 8 23 23 7 45.7656 40.2325 135.909 17.1 6
2010 8 23 23 8 9.82311 40.8216 137.07 14.3 7
2010 8 23 23 8 9.92218 40.8235 137.086 17.6 5
2010 8 23 23 8 13.2675 40.2283 135.942 14 7
2010 8 23 23 8 51.3939 40.2567 135.82 6.3 6
2010 8 23 23 9 12.0231 40.2165 135.888 19.4 5
2010 8 23 23 9 14.8153 41.0723 136.59 24 6
2010 8 23 23 9 28.147 41.3129 139.525 28 6
2010 8 23 23 9 28.2487 41.3415 139.495 23.5 6
2010 8 23 23 9 28.6055 41.3103 139.52 10.4 5
2010 8 23 23 9 31.2079 40.7176 136.594 17.3 5
2010 8 23 23 9 41.5745 40.2422 135.89 14 5
2010 8 23 23 9 41.8968 40.264 135.874 15.5 7
2010 8 23 23 9 42.4322 40.2796 135.866 18.2 6
2010 8 23 23 9 46.5101 40.8463 137.182 9.3 5
2010 8 23 23 10 3.37085 40.847 137.112 26.6 7
2010 8 23 23 10 17.402 41.3549 139.493 26.1 7
2010 8 23 23 10 17.5075 41.3946 139.482 20.9 7
2010 8 23 23 10 18.2326 39.8059 135.008 17.7 6
2010 8 23 23 10 42.1929 41.2624 139.81 20.8 5
2010 8 23 23 10 55.1624 40.2134 135.879 27.2 7
2010 8 23 23 11 8.00856 41.3316 139.517 17.4 6
2010 8 23 23 11 18.825 40.6151 136.764 8.3 5
2010 8 23 23 11 22.6839 40.8355 137.114 17.7 6
2010 8 23 23 11 33.0618 40.8373 137.124 17.9 5
2010 8 23 23 11 43.6755 41.3038 139.456 16.1 7
2010 8 23 23 11 51.394 40.2779 135.876 14.9 6
2010 8 23 23 12 3.23973 40.8109 137.112 6.1 6
2010 8 23 23 12 14.9363 40.8409 137.116 13.9 6
2010 8 23 23 12 19.949 40.2635 135.949 14.3 7
2010 8 23 23 12 26.0016 41.3131 139.564 19.5 6
2010 8 23 23 12 43.2023 41.2312 139.504 0.7 5
2010 8 23 23 12 43.3718 41.2963 139.468 11.5 8
2010 8 23 23 12 43.7086 41.3081 139.505 12 7
2010 8 23 23 12 48.2249 40.3447 135.775 16.8 5
2010 8 23 23 12 51.3435 40.8328 137.25 29.1 7
2010 8 23 23 12 52.6306 40.5495 136.734 14.1 6
2010 8 23 23 13 0.69527 40.236 135.918 16.4 5
2010 8 23 23 13 10.8892 40.8302 137.203 23.7 5
2010 8 23 23 13 27.2289 39.7866 135.151 29.9 6
2010 8 23 23 14 8.64056 40.8485 137.209 5.7 5
2010 8 23 23 14 8.67671 40.8311 137.194 8.3 6
2010 8 23 23 14 8.72223 40.8281 137.252 17.5 6
2010 8 23 23 14 12.7917 40.2518 135.961 18 5
2010 8 23 23 14 13.3003 40.2796 135.948 17.7 6
2010 8 23 23 14 21.0218 39.608 135.043 4.8 6
2010 8 23 23 14 38.0863 40.2617 135.965 21.2 5
2010 8 23 23 14 47.8042 41.3356 139.53 15.7 7
2010 8 23 23 15 10.9309 41.2322 139.569 9.8 5
2010 8 23 23 15 15.3192 40.3023 135.958 6.6 5
2010 8 23 23 15 15.8241 40.8826 137.153 19.6 6
2010 8 23 23 15 15.8262 40.8812 137.206 14 5
2010 8 23 23 15 15.847 40.9298 137.309 14.2 5
2010 8 23 23 15 47.8997 41.3929 139.577 14.5 5
2010 8 23 23 15 48.5835 40.2326 135.937 11.3 5
2010 8 23 23 16 29.8332 39.6251 134.986 8.1 5
2010 8 23 23 16 45.4082 40.2628 135.961 16.6 6
2010 8 23 23 16 45.4921 40.2704 136.007 16.1 8
2010 8 23 23 16 45.5984 40.2779 135.998 18.3 6
2010 8 23 23 16 46.5785 40.3358 136.092 12.4 6
2010 8 23 23 17 6.6432 40.8458 137.248 14.3 6
2010 8 23 23 17 21.9441 40.3003 135.965 18.6 6
2010 8 23 23 17 21.9682 40.3309 135.988 16.8 6
2010 8 23 23 17 32.3374 40.2638 135.988 26.9 8
2010 8 23 23 17 32.4185 40.2601 136.034 3.7 6
2010 8 23 23 17 32.5722 40.9628 135.145 11.6 5
2010 8 23 23 18 6.62481 40.2489 136.051 2.1 5
2010 8 23 23 18 6.70761 40.2683 136.07 14.6 5
2010 8 23 23 18 32.2565 40.2594 135.975 15.1 7
2010 8 23 23 18 32.3057 40.2349 135.942 7.8 6
2010 8 23 23 18 43.9041 40.2862 136.028 16.6 7
2010 8 23 23 18 45.3785 41.3478 139.63 29 7
2010 8 23 23 18 49.7395 39.8494 135.265 27.7 5
2010 8 23 23 18 49.8791 39.9069 135.139 9.7 5
2010 8 23 23 18 49.9286 39.8665 135.235 13.5 6
2010 8 23 23 19 15.8322 40.2956 136.033 29.8 7
2010 8 23 23 19 42.2904 41.3802 139.546 9.3 5
2010 8 23 23 19 50.4449 40.2966 136.024 16.5 5
2010 8 23 23 19 50.9362 40.2765 135.991 21.2 5
2010 8 23 23 20 6.36495 41.3265 139.584 19.1 5
2010 8 23 23 20 7.16211 41.3384 139.721 15.7 6
2010 8 23 23 20 7.25123 41.3391 139.68 7.5 6
2010 8 23 23 20 16.7095 40.2643 136.034 18.9 8
2010 8 23 23 20 52.109 40.8631 137.238 4 5
2010 8 23 23 20 52.1654 40.9247 137.208 18.5 7
2010 8 23 23 20 56.004 40.8964 137.081 25.6 5
2010 8 23 23 21 8.53918 40.3057 136.044 18.7 6
2010 8 23 23 21 8.57487 40.3174 136.03 14.1 6
2010 8 23 23 21 13.9673 41.3083 139.63 27.6 6
2010 8 23 23 21 14.2748 41.6693 139.169 27 5
2010 8 23 23 21 14.4416 41.3247 139.601 15.5 7
2010 8 23 23 21 35.0461 41.3092 139.623 15.8 7
2010 8 23 23 21 45.8809 40.2775 136.054 20.9 7
2010 8 23 23 21 46.3777 40.3135 136.079 25 7
2010 8 23 23 21 46.5667 40.3775 136.19 15.7 5
2010 8 23 23 21 58.6745 41.4048 138.593 28 5
2010 8 23 23 21 58.7362 41.0807 139.128 13.8 8
2010 8 23 23 21 58.7698 41.106 139.203 9.5 5
2010 8 23 23 22 7.29658 41.3185 139.644 12.7 5
2010 8 23 23 22 36.794 41.3172 139.62 28.2 8
2010 8 23 23 22 52.3326 40.8919 137.366 12.9 5
2010 8 23 23 23 5.13856 40.2884 136.048 17.3 6
2010 8 23 23 23 6.71626 40.3079 136.058 17.3 5
2010 8 23 23 23 7.9596 41.3125 139.569 17.3 8
2010 8 23 23 23 21.3221 40.0022 135.805 25.1 5
2010 8 23 23 23 21.3716 40.3228 136.061 19.3 5
2010 8 23 23 23 23.3613 39.6317 135.094 12.5 6
2010 8 23 23 23 23.5168 39.6381 135.09 20.4 6
2010 8 23 23 23 38.4762 41.2976 139.637 25.8 7
2010 8 23 23 23 41.6675 41.3187 139.619 17.5 5
2010 8 23 23 23 49.8593 39.6029 135.129 24.2 8
2010 8 23 23 23 52.8939 41.2962 139.526 26.3 9
2010 8 23 23 23 55.4676 41.3313 139.676 15.9 5
2010 8 23 23 23 55.6166 41.3632 139.646 15.1 5
2010 8 23 23 23 55.6836 41.3378 139.63 12.3 7
2010 8 23 23 24 19.6866 41.2464 139.688 27.8 5
2010 8 23 23 24 32.3064 41.3528 139.674 14.5 6
2010 8 23 23 24 32.3694 41.3389 139.651 22.1 5
2010 8 23 23 24 32.4814 41.3771 139.77 11.2 5
2010 8 23 23 24 34.2392 41.296 139.566 18.3 6
2010 8 23 23 24 34.836 41.2654 139.592 7.6 5
2010 8 23 23 24 50.8501 41.3561 139.656 13.2 6
2010 8 23 23 25 17.6049 40.1633 136.117 16.4 6
2010 8 23 23 25 29.1929 40.8293 137.312 9.2 5
2010 8 23 23 25 30.5428 41.3771 139.883 7.4 5
2010 8 23 23 25 30.89 41.3056 139.7 23 7
2010 8 23 23 25 56.4786 41.385 139.702 16.6 6
2010 8 23 23 26 17.0674 41.4187 139.634 8.3 6
2010 8 23 23 26 17.6449 40.3076 136.08 29 7
2010 8 23 23 26 17.6645 41.2935 139.588 13.5 6
2010 8 23 23 26 17.7008 40.6945 135.48 24 5
2010 8 23 23 26 17.7749 40.3341 136.069 16.6 6
2010 8 23 23 26 34.6676 40.2545 136.084 22.8 5
2010 8 23 23 26 41.4676 41.3332 139.709 27.3 5
2010 8 23 23 26 41.5202 41.2755 139.6 7.2 5
2010 8 23 23 26 42.7026 40.8726 137.308 19.3 6
2010 8 23 23 27 5.6419 41.307 139.586 17 7
2010 8 23 23 27 8.0294 39.6035 135.159 22.4 10
2010 8 23 23 27 8.10343 39.6733 135.154 10.2 7
2010 8 23 23 27 21.2766 40.3513 136.087 11 6
2010 8 23 23 28 10.3089 39.6285 135.119 18.6 8
2010 8 23 23 28 27.332 40.0986 136.374 17.6 6
2010 8 23 23 28 49.0982 41.3026 139.671 17.1 5
2010 8 23 23 28 53.8567 41.3367 139.762 18 6
2010 8 23 23 29 2.45335 41.8215 139.803 14 5
2010 8 23 23 29 3.80605 41.3904 139.74 19.3 5
2010 8 23 23 29 8.52629 40.2288 136.117 15.4 7
2010 8 23 23 29 23.0331 41.327 139.71 17.9 5
2010 8 23 23 29 30.6507 41.3031 139.684 17.1 6
2010 8 23 23 29 34.4397 39.5896 135.157 27 7
2010 8 23 23 29 35.46 41.4511 139.733 9.9 5
2010 8 23 23 29 51.6372 40.2641 136.138 25.9 5
2010 8 23 23 29 51.684 40.2764 136.123 16.9 6
2010 8 23 23 29 51.7168 40.2873 136.152 18.9 6
2010 8 23 23 29 52.3224 40.3597 136.152 23.2 5
2010 8 23 23 29 58.114 41.3589 139.788 24.8 9
2010 8 23 23 29 59.0282 41.2808 139.703 17.4 7
2010 8 23 23 30 17.4406 40.2218 136.212 6.9 6
2010 8 23 23 30 17.5979 40.2014 136.204 14.2 6
2010 8 23 23 30 18.231 40.2969 136.4 25 5
2010 8 23 23 30 26.2666 41.3284 139.738 26.5 7
2010 8 23 23 30 47.1681 39.644 135.332 13.5 6
2010 8 23 23 30 47.5497 41.3636 139.755 15.4 5
2010 8 23 23 31 5.36659 41.311 139.8 24.9 6
2010 8 23 23 31 8.28062 41.24 139.672 14.4 8
2010 8 23 23 31 11.4217 40.3395 136.178 26.5 6
2010 8 23 23 31 11.465 40.2913 136.153 10.7 6
2010 8 23 23 31 16.3082 41.2852 139.642 7.9 6
2010 8 23 23 31 44.6421 40.9674 137.317 26.6 6
2010 8 23 23 32 20.2866 40.6562 135.666 24.3 5
2010 8 23 23 32 20.4614 40.3418 136.168 26.6 9
2010 8 23 23 32 20.5396 41.3078 135.287 3.1 5
2010 8 23 23 32 20.6575 40.3456 136.158 17.7 6
2010 8 23 23 32 21.481 41.2393 139.86 16.2 6
2010 8 23 23 32 35.8665 41.3022 139.674 5.3 5
2010 8 23 23 32 47.6047 41.3512 139.712 9.6 6
2010 8 23 23 33 6.28253 41.2898 139.669 23.2 6
2010 8 23 23 33 6.85161 40.2963 136.194 21.2 5
2010 8 23 23 33 6.87878 40.2171 136.214 8.2 6
2010 8 23 23 33 10.3215 40.9896 139.282 28.1 5
2010 8 23 23 33 10.4018 41.0496 139.297 16.8 7
2010 8 23 23 33 31.0962 41.2734 139.634 6.9 7
2010 8 23 23 33 39.1017 40.7925 137.043 21.5 5
2010 8 23 23 33 41.8386 40.8934 137.424 18.2 6
2010 8 23 23 33 51.5254 41.2703 139.753 22.1 8
2010 8 23 23 33 51.5919 41.3061 139.795 26.8 6
2010 8 23 23 33 53.759 40.2285 136.288 18.5 6
2010 8 23 23 34 19.224 41.387 139.772 19.7 9
2010 8 23 23 34 27.1705 40.216 136.338 12.4 5
2010 8 23 23 34 27.5834 40.21 136.321 5 5
2010 8 23 23 34 27.6876 40.2218 136.295 25.6 6
2010 8 23 23 34 27.8413 40.2328 136.293 19.4 6
2010 8 23 23 35 10.8231 41.2434 139.773 17.2 8
2010 8 23 23 35 10.8727 41.2515 139.794 21.6 6
2010 8 23 23 35 10.9371 41.2457 139.778 16.3 6
2010 8 23 23 35 10.9981 41.254 139.78 18.5 7
2010 8 23 23 35 11.1306 41.2563 139.799 21.2 7
2010 8 23 23 35 22.2554 41.2552 139.631 21.2 8
2010 8 23 23 35 23.5141 40.9059 137.434 8.3 7
2010 8 23 23 35 36.7277 40.2251 136.285 26.8 5
2010 8 23 23 35 50.2013 41.3228 139.818 16.2 7
2010 8 23 23 36 2.33418 41.2612 139.787 18.9 6
2010 8 23 23 36 2.40394 41.2169 139.807 8.3 5
2010 8 23 23 36 25.3418 40.168 136.173 20.1 7
2010 8 23 23 36 47.6653 41.4477 139.862 25 5
2010 8 23 23 36 53.6321 41.3249 139.888 9.2 6
2010 8 23 23 36 55.0365 41.2812 139.804 28.4 6
2010 8 23 23 37 0.543242 41.3055 139.773 16.9 5
2010 8 23 23 37 10.7068 41.6796 139.129 16.6 5
2010 8 23 23 37 11.2274 41.3044 139.746 10.9 5
2010 8 23 23 37 20.1479 40.7177 137.197 16.4 5
2010 8 23 23 37 33.596 41.3938 139.822 17.6 7
2010 8 23 23 37 33.6551 41.3999 139.817 11.3 6
2010 8 23 23 37 33.7267 41.4054 139.81 17.9 7
2010 8 23 23 37 34.4303 41.3745 139.829 20.5 5
2010 8 23 23 37 58.4333 40.2281 136.297 8.8 5
2010 8 23 23 37 58.5208 40.2293 136.286 6.5 5
2010 8 23 23 37 58.5909 40.2297 136.286 19.9 6
2010 8 23 23 38 3.27288 41.2731 139.715 13 6
2010 8 23 23 38 3.62514 41.2965 139.739 13.4 6
2010 8 23 23 38 3.81993 41.2938 139.713 20.8 8
2010 8 23 23 38 13.1599 41.3926 139.877 24.3 5
2010 8 23 23 38 46.6532 41.4206 139.832 15.5 6
2010 8 23 23 38 52.0382 40.2261 136.267 16.5 6
2010 8 23 23 38 52.3188 40.227 136.259 18.2 6
2010 8 23 23 38 59.6937 41.2618 139.725 15.9 6
2010 8 23 23 39 1.90476 40.2059 136.283 12.4 5
2010 8 23 23 39 2.04495 40.242 136.25 19.6 6
2010 8 23 23 39 8.79845 41.2938 139.676 6.5 6
2010 8 23 23 39 21.2842 40.4065 136.045 2.3 5
2010 8 23 23 39 21.513 40.2175 136.288 20.7 6
2010 8 23 23 39 22.8006 41.2845 139.732 15.1 7
2010 8 23 23 39 46.9312 41.2994 139.774 8.6 7
2010 8 23 23 40 18.7499 41.237 139.812 9.4 5
2010 8 23 23 40 18.8638 41.27 139.771 12.6 7
2010 8 23 23 40 23.3456 40.6844 137.142 15.4 6
2010 8 23 23 40 23.5021 40.6455 137.092 16.3 6
2010 8 23 23 40 30.7488 40.2448 136.359 14.1 7
2010 8 23 23 40 30.7574 40.9644 135.802 20.2 5
2010 8 23 23 40 31.0245 40.4245 136.355 18.3 6
2010 8 23 23 40 40.6845 41.2943 139.742 18.2 7
2010 8 23 23 40 48.782 40.4829 136.241 24.6 5
2010 8 23 23 40 48.782 40.1704 136.336 25.1 6
2010 8 23 23 40 48.8284 40.2068 136.242 5.2 6
2010 8 23 23 40 50.2789 40.5682 136.855 17.1 5
2010 8 23 23 41 25.5897 40.255 136.391 14 7
2010 8 23 23 41 25.6238 40.2707 136.383 20.1 7
2010 8 23 23 41 25.6797 40.2347 136.387 18.4 6
2010 8 23 23 41 40.6708 40.682 137.168 16.7 5
2010 8 23 23 41 43.0763 40.9725 135.6 6.5 5
2010 8 23 23 41 43.0766 40.2576 136.25 27.1 5
2010 8 23 23 41 55.4636 40.2192 136.291 19.2 6
2010 8 23 23 41 59.0336 41.2617 139.801 13.3 5
2010 8 23 23 42 5.85798 40.2143 136.272 14.4 6
2010 8 23 23 42 6.41955 40.2853 136.266 19.1 7
2010 8 23 23 42 6.5816 40.2615 136.271 15 6
2010 8 23 23 42 21.3933 41.387 139.893 19.3 5
2010 8 23 23 42 21.6018 41.3507 139.941 8.6 5
2010 8 23 23 42 22.833 40.2588 136.39 17.9 6
2010 8 23 23 42 22.9431 40.2428 136.377 17.8 5
2010 8 23 23 42 23.2336 40.2364 136.368 14.6 5
2010 8 23 23 42 37.4581 40.2221 136.281 20.6 7
2010 8 23 23 42 41.8275 40.1828 136.34 11.5 5
2010 8 23 23 42 50.9306 40.2298 136.291 20.2 6
2010 8 23 23 43 2.41079 41.3491 139.844 3.9 5
2010 8 23 23 43 2.95291 41.3469 139.92 19.3 7
2010 8 23 23 43 18.889 40.1942 136.302 28.6 5
2010 8 23 23 43 20.8765 41.3016 139.801 18.3 7
2010 8 23 23 43 26.6291 40.246 136.374 18.7 6
2010 8 23 23 43 33.526 41.4066 139.99 13.3 6
2010 8 23 23 43 33.9939 40.1897 136.29 10.6 6
2010 8 23 23 44 5.59174 40.225 136.383 20.2 6
2010 8 23 23 44 25.5722 41.3759 139.856 4 5
2010 8 23 23 44 25.605 41.3512 139.957 7.5 5
2010 8 23 23 44 29.8584 40.8092 137.622 23.1 6
2010 8 23 23 44 31.929 40.2516 136.381 22.1 5
2010 8 23 23 44 32.1191 40.2341 136.4 7.1 5
2010 8 23 23 44 39.4722 40.1826 136.274 23.6 6
2010 8 23 23 45 2.0714 40.1795 136.313 25.7 8
2010 8 23 23 45 3.9558 41.2949 139.809 11.8 6
2010 8 23 23 45 21.6877 41.1868 139.728 15.8 5
2010 8 23 23 45 21.7834 41.3293 139.937 12.8 5
2010 8 23 23 45 21.8424 41.2843 139.784 8 5
2010 8 23 23 45 22.2824 41.2902 139.824 17.7 6
2010 8 23 23 45 36.5628 41.378 139.945 17.8 6
2010 8 23 23 45 52.6125 40.7595 137.574 19.2 5
2010 8 23 23 45 54.1496 40.2232 136.321 12.5 6
2010 8 23 23 45 54.4244 40.1874 136.368 17.7 5
2010 8 23 23 46 2.9535 41.3309 139.905 18.3 5
2010 8 23 23 46 19.6054 41.314 139.819 16 9
2010 8 23 23 46 36.6993 41.3794 139.966 18 8
2010 8 23 23 46 39.4904 40.2181 136.344 24.4 6
2010 8 23 23 46 46.1401 40.2346 136.401 15.9 6
2010 8 23 23 47 39.2475 41.3378 139.887 17.4 6
2010 8 23 23 47 39.2975 41.3158 139.88 16.5 6
2010 8 23 23 47 39.4979 41.2926 139.925 11.2 5
2010 8 23 23 47 59.1339 41.3585 139.964 18.8 7
2010 8 23 23 48 11.9439 41.3382 139.91 17.9 7
2010 8 23 23 48 12.9877 40.2315 136.349 22.2 6
2010 8 23 23 48 18.7477 40.2059 136.308 8.9 5
2010 8 23 23 48 18.8439 40.2166 136.351 9.8 5
2010 8 23 23 48 29.4516 40.2016 136.412 4.8 5
2010 8 23 23 48 32.0191 41.4404 139.971 16.4 8
2010 8 23 23 48 40.1147 41.3403 139.894 19.4 7
2010 8 23 23 48 41.4456 40.2521 136.412 15.6 5
2010 8 23 23 48 46.411 41.2738 139.96 10.3 5
2010 8 23 23 48 50.7147 40.2724 136.322 18.2 6
2010 8 23 23 48 57.1405 40.6773 137.117 19.8 7
2010 8 23 23 49 9.77401 40.2042 136.345 11 5
2010 8 23 23 49 22.7126 40.2414 136.351 17.1 6
2010 8 23 23 49 31.2857 41.2269 139.942 22.3 5
2010 8 23 23 49 43.302 41.383 139.931 14.9 5
2010 8 23 23 49 43.5856 41.312 139.897 8.3 6
2010 8 23 23 49 43.9096 40.2151 136.338 20.3 7
2010 8 23 23 49 44.1928 41.3095 139.94 16.7 6
2010 8 23 23 49 44.3246 41.3643 139.924 14.2 5
2010 8 23 23 49 46.9467 40.6479 137.139 20.3 6
2010 8 23 23 49 49.9571 40.9181 137.843 22.8 5
2010 8 23 23 49 50.0529 40.9048 137.746 8.1 5
2010 8 23 23 50 5.69164 40.2428 136.415 14.8 5
2010 8 23 23 50 15.9504 40.2299 136.31 10.2 5
2010 8 23 23 50 27.2305 41.2248 139.94 10.7 5
2010 8 23 23 50 27.3725 41.2386 140.006 12.6 5
2010 8 23 23 50 28.3603 40.2683 136.43 21.7 5
2010 8 23 23 50 44.9476 40.2286 136.443 14.2 5
2010 8 23 23 51 3.33075 40.2217 136.403 24.3 7
2010 8 23 23 51 3.66728 40.2257 136.408 23.4 6
2010 8 23 23 51 9.69033 41.2287 140.029 26.9 7
2010 8 23 23 51 22.5837 40.5729 136.942 5.4 5
2010 8 23 23 51 25.1682 40.7576 137.681 15.5 5
2010 8 23 23 51 25.7226 40.3968 136.152 8.7 5
2010 8 23 23 51 25.9453 40.2858 136.421 13.5 5
2010 8 23 23 51 33.6911 40.7728 137.424 29.1 6
2010 8 23 23 51 39.2298 41.2362 139.949 17.8 7
2010 8 23 23 51 39.3431 41.22 139.946 14.2 6
2010 8 23 23 52 3.11018 40.7326 137.573 21.1 7
2010 8 23 23 52 3.54364 40.2259 136.374 14.5 6
2010 8 23 23 52 3.68341 40.2434 136.404 17 6
2010 8 23 23 52 11.747 41.281 139.914 16 5
2010 8 23 23 52 24.8185 40.2509 136.405 16.6 8
2010 8 23 23 52 25.0319 40.2232 136.4 17.6 7
2010 8 23 23 53 0.681463 40.2248 136.425 18.1 6
2010 8 23 23 53 0.759239 40.1989 136.378 4.7 6
2010 8 23 23 53 1.9303 41.3422 139.98 15.2 5
2010 8 23 23 53 5.75244 40.2914 136.503 19.9 8
2010 8 23 23 53 5.82131 40.2675 136.535 27.9 5
2010 8 23 23 53 14.144 40.2188 136.458 28.4 6
2010 8 23 23 53 14.2588 40.2077 136.461 8.8 5
2010 8 23 23 53 15.1078 40.2439 136.402 16.7 6
2010 8 23 23 53 22.1373 40.336 136.423 14.2 5
2010 8 23 23 53 28.7107 40.2119 136.431 16.1 5
2010 8 23 23 53 28.7881 40.2369 136.44 20.5 6
2010 8 23 23 53 28.9252 40.2329 136.417 14.4 8
2010 8 23 23 53 29.1467 40.2489 136.454 19.5 5
2010 8 23 23 53 30.6651 40.223 136.429 19.9 6
2010 8 23 23 53 49.2529 41.2186 139.947 8.9 5
2010 8 23 23 53 49.6001 41.1768 139.951 25.1 7
2010 8 23 23 54 0.4281 40.7238 135.818 17.9 5
2010 8 23 23 54 0.673111 40.2471 136.446 17.8 7
2010 8 23 23 54 8.7102 40.2665 136.457 20.4 7
2010 8 23 23 54 8.76932 40.2633 136.447 22.4 7
2010 8 23 23 54 8.8038 40.2391 136.435 14.3 7
2010 8 23 23 54 8.85681 40.2279 136.418 9.4 5
2010 8 23 23 54 8.94131 40.2461 136.436 17.9 7
2010 8 23 23 54 11.612 41.3034 139.994 9.3 6
2010 8 23 23 54 11.6422 41.3058 139.936 5.5 5
2010 8 23 23 54 11.8036 41.3528 139.989 13.7 5
2010 8 23 23 54 20.9353 40.2542 136.4 18.6 6
2010 8 23 23 54 28.0049 41.2279 140.036 17.5 8
2010 8 23 23 54 37.0832 40.2075 136.421 18.9 8
2010 8 23 23 54 41.6557 40.2399 136.424 20.3 5
2010 8 23 23 54 41.8478 40.2393 136.408 25.2 7
2010 8 23 23 54 42.0635 40.2046 136.437 2.4 5
2010 8 23 23 54 54.8322 40.2 136.491 10.9 5
2010 8 23 23 55 0.886203 41.3251 140.034 14.9 5
2010 8 23 23 55 16.007 40.1911 136.43 5.4 5
2010 8 23 23 55 21.856 40.2277 136.447 22 5
2010 8 23 23 55 21.9663 41.228 140.051 22.6 5
2010 8 23 23 55 34.0536 40.2833 136.442 22.7 5
2010 8 23 23 55 40.6983 40.206 136.444 26.5 6
2010 8 23 23 55 43.7193 41.6394 139.54 12.3 5
2010 8 23 23 55 43.7723 41.3082 140.029 28.4 7
2010 8 23 23 55 49.7389 40.2813 136.458 16.5 5
2010 8 23 23 55 53.2069 40.2074 136.467 15.6 8
2010 8 23 23 55 53.3733 40.1984 136.469 24.8 8
2010 8 23 23 55 58.2254 40.2199 136.438 18.3 7
2010 8 23 23 55 58.3176 40.1893 136.461 7.7 6
2010 8 23 23 56 1.8954 40.2358 136.494 6.1 5
2010 8 23 23 56 6.70969 40.2201 136.466 13.7 6
2010 8 23 23 56 15.6643 41.3024 140.019 24.1 6
2010 8 23 23 56 16.2574 40.199 136.479 15.7 7
2010 8 23 23 56 26.1296 40.2134 136.512 16.5 7
2010 8 23 23 56 32.2227 40.2182 136.467 16.1 8
2010 8 23 23 56 32.4443 40.175 136.417 21.6 8
2010 8 23 23 56 44.8571 40.1792 136.5 26.6 6
2010 8 23 23 56 46.0712 40.1968 136.406 26.4 6
2010 8 23 23 56 50.5659 40.2166 136.524 20.2 6
2010 8 23 23 56 51.0933 40.2568 136.462 5.4 6
2010 8 23 23 57 2.84675 40.2708 136.474 21.1 5
2010 8 23 23 57 3.07858 40.2842 136.451 14.4 7
2010 8 23 23 57 13.1615 40.2338 136.566 21.8 5
2010 8 23 23 57 15.6449 40.2296 136.566 6 5
2010 8 23 23 57 25.8988 40.237 136.462 18.5 7
2010 8 23 23 57 37.3624 40.2305 136.432 3.8 5
2010 8 23 23 57 42.3991 40.2493 136.472 22.2 6
2010 8 23 23 57 59.0874 40.2524 136.502 22.7 6
2010 8 23 23 58 3.14633 40.2139 136.45 12.7 6
2010 8 23 23 58 19.165 40.6219 135.829 25.5 5
2010 8 23 23 58 43.2907 40.2238 136.498 14.6 5
2010 8 23 23 58 55.0668 40.2268 136.422 14.2 7
2010 8 23 23 58 59.9693 40.2648 136.506 27.5 6
2010 8 23 23 59 8.13519 40.2313 136.465 17.3 8
2010 8 23 23 59 8.22568 40.2157 136.475 18.1 6
2010 8 23 23 59 22.8219 40.2388 136.49 3.8 6
2010 8 23 23 59 24.1732 40.2294 136.427 6.9 5
2010 8 23 23 59 26.4388 41.3119 140.039 18.8 7
2010 8 23 23 59 47.3351 40.2312 136.539 18.6 5
2010 8 23 23 59 47.7472 40.2604 136.521 22.3 6
2010 8 24 0 0 0.913102 40.2602 136.492 15.3 7
2010 8 24 0 0 2.58015 40.2193 136.551 10.3 5
2010 8 24 0 0 18.3358 40.4123 136.235 11 5
2010 8 24 0 0 33.7589 40.2343 136.47 16.6 7
2010 8 24 0 0 43.8764 40.5376 136.27 24.8 5
2010 8 24 0 0 54.6934 40.1985 136.626 28.1 7
2010 8 24 0 0 55.6901 40.2365 136.49 18.9 5
2010 8 24 0 1 5.42858 40.2453 136.49 5.9 5
2010 8 24 0 1 6.58465 41.2839 140.033 7.1 5
2010 8 24 0 1 9.47383 40.231 136.598 22.3 5
2010 8 24 0 1 14.852 40.2469 136.494 13.7 7
2010 8 24 0 1 15.0371 40.7561 137.476 15.3 6
2010 8 24 0 1 27.0384 40.2425 136.457 11.4 5
2010 8 24 0 1 38.0368 40.2465 136.538 12 5
2010 8 24 0 1 47.2476 40.6001 135.978 22.4 6
2010 8 24 0 1 47.5977 40.237 136.53 18.6 7
2010 8 24 0 2 4.79538 40.2136 136.559 16.7 7
2010 8 24 0 2 29.3609 40.2447 136.576 11.8 7
2010 8 24 0 2 42.7287 40.2161 136.672 4.1 5
2010 8 24 0 3 8.70305 40.2475 136.482 16.8 6
2010 8 24 0 3 8.73861 40.2247 136.608 13.2 5
2010 8 24 0 3 9.07062 40.2547 136.507 18.3 7
2010 8 24 0 3 20.2715 40.2645 136.492 16.6 5
2010 8 24 0 3 42.7576 40.2306 136.506 29.2 5
2010 8 24 0 4 2.7628 40.406 136.524 19.6 8
2010 8 24 0 4 5.94503 40.2524 136.549 16.5 5
2010 8 24 0 4 22.268 40.1709 136.607 11.5 6
2010 8 24 0 4 24.3398 40.3253 136.582 23.5 6
2010 8 24 0 4 31.1919 40.2714 136.587 12.9 7
2010 8 24 0 4 31.2461 40.2254 136.638 27.2 7
2010 8 24 0 4 44.4786 40.5175 136.544 21.8 5
2010 8 24 0 4 50.3599 41.2433 140.064 6.8 6
2010 8 24 0 4 52.1564 41.0398 139.658 29.1 5
2010 8 24 0 5 3.8749 40.2626 136.544 14.7 6
2010 8 24 0 5 10.0913 40.2565 136.563 14.4 6
2010 8 24 0 5 10.2273 40.2375 136.566 6.8 5
2010 8 24 0 5 28.6736 40.2749 136.591 19 6
2010 8 24 0 5 31.9202 40.2301 136.54 25.4 6
2010 8 24 0 5 32.6694 40.3544 136.532 12.2 5
2010 8 24 0 5 48.4963 40.3202 136.916 18.9 5
2010 8 24 0 5 48.582 40.5789 136.015 20.8 5
2010 8 24 0 6 4.09657 40.2322 136.534 4.9 6
2010 8 24 0 6 19.6599 40.2337 136.599 7 5
2010 8 24 0 6 35.7869 40.217 136.675 13.5 5
2010 8 24 0 6 35.8959 40.2603 136.572 17.6 5
2010 8 24 0 6 56.1913 40.287 136.614 15.5 5
2010 8 24 0 6 58.8505 40.5868 136.019 22.4 6
2010 8 24 0 7 3.11388 40.2668 136.654 29.1 6
2010 8 24 0 7 10.4709 40.227 136.675 17 7
2010 8 24 0 7 20.6186 41.4201 139.933 5 5
2010 8 24 0 7 24.1961 40.2718 136.529 17.9 6
2010 8 24 0 8 3.31346 40.2582 136.629 17.3 6
2010 8 24 0 8 5.33801 40.2255 136.608 9.5 5
2010 8 24 0 8 10.3085 40.2115 136.61 18.8 6
2010 8 24 0 8 10.8318 40.2448 136.637 19.3 6
2010 8 24 0 8 17.8765 40.2062 136.615 14.5 6
2010 8 24 0 8 18.3727 40.2601 136.751 14.4 5
2010 8 24 0 8 23.3759 40.2638 136.561 7.4 6
2010 8 24 0 8 31.2221 40.215 136.655 16.3 5
2010 8 24 0 8 36.6701 40.1817 136.634 15.7 5
2010 8 24 0 8 46.4325 40.8264 137.74 16.2 6
2010 8 24 0 8 49.814 40.3312 136.699 10 5
2010 8 24 0 8 50.11 40.28 136.671 14.8 6
2010 8 24 0 8 50.2379 40.2426 136.696 12.8 6
2010 8 24 0 8 52.0273 40.2677 136.627 19.8 6
2010 8 24 0 9 1.02074 40.2722 136.624 20.5 8
2010 8 24 0 9 4.92096 40.3185 136.681 12.2 5
2010 8 24 0 9 20.1748 40.2914 136.589 15.5 5
2010 8 24 0 9 25.097 40.1912 136.667 21.3 5
2010 8 24 0 9 38.2441 40.223 136.622 14.2 7
2010 8 24 0 9 49.9248 40.2431 136.596 26.8 6
2010 8 24 0 10 4.88934 40.2508 136.686 13.3 5
2010 8 24 0 10 21.7594 40.2216 136.67 17.2 6
2010 8 24 0 10 24.7269 40.2896 136.726 26.5 6
2010 8 24 0 10 32.1703 40.3039 136.657 14.6 6
2010 8 24 0 10 36.7231 40.2697 136.66 14.6 7
2010 8 24 0 10 39.5971 40.2346 136.705 20.4 5
2010 8 24 0 10 46.3307 40.2475 136.671 22.8 5
2010 8 24 0 10 49.1895 40.3341 136.659 13.4 5
2010 8 24 0 11 40.509 40.2617 136.771 25.8 6
2010 8 24 0 11 40.6538 40.23 136.716 1.8 5
2010 8 24 0 11 40.934 40.2808 136.657 17.2 6
2010 8 24 0 11 46.4073 40.2545 136.777 27.2 5
2010 8 24 0 11 51.6066 40.2178 136.692 18.8 7
2010 8 24 0 11 58.7991 40.2836 136.65 15.5 6
2010 8 24 0 12 17.3266 40.3236 136.678 3.3 5
2010 8 24 0 12 17.3569 40.3386 136.72 12.5 6
2010 8 24 0 12 22.0256 40.269 136.723 22.4 5
2010 8 24 0 12 22.4544 40.2352 136.659 9 5
2010 8 24 0 12 25.4899 40.2662 136.682 17.1 6
2010 8 24 0 12 31.0509 40.2439 136.799 5.4 5
2010 8 24 0 12 52.1977 40.2477 136.756 16.6 6
2010 8 24 0 13 2.3132 40.2753 136.679 13.6 7
2010 8 24 0 13 8.39919 40.2431 136.692 22.1 5
2010 8 24 0 13 22.7343 40.3094 136.713 19.5 7
2010 8 24 0 13 22.8109 40.3047 136.71 16.3 6
2010 8 24 0 13 23.3729 40.2172 136.701 16.3 6
2010 8 24 0 13 28.4438 40.2466 136.703 18 5
2010 8 24 0 13 54.6359 40.2725 136.752 16.4 7
2010 8 24 0 13 54.9504 40.2606 136.687 5.7 5
2010 8 24 0 14 4.2564 40.2849 136.666 19.1 6
2010 8 24 0 14 19.6463 40.298 136.777 14.1 5
2010 8 24 0 14 27.3453 40.2565 136.735 18.1 8
2010 8 24 0 14 34.3209 40.1992 136.697 18.8 5
2010 8 24 0 14 34.4029 40.2539 136.734 21 5
2010 8 24 0 14 43.6919 40.2613 136.743 9.6 6
2010 8 24 0 14 54.4046 40.2705 136.701 23.1 5
2010 8 24 0 14 55.0179 40.2616 136.742 11.9 6
2010 8 24 0 15 20.1889 41.8917 139.654 19.6 5
2010 8 24 0 15 24.0539 40.2202 136.765 3.1 5
2010 8 24 0 15 33.5243 40.2798 136.702 12.1 5
2010 8 24 0 15 55.8544 40.287 136.777 29.5 5
2010 8 24 0 15 55.9526 40.296 136.753 19.1 7
2010 8 24 0 15 56.0531 40.2013 136.727 20.2 5
2010 8 24 0 16 5.63978 42.4284 139.209 25.7 6
2010 8 24 0 16 30.0553 40.2987 136.769 17 5
2010 8 24 0 16 35.6627 40.2137 136.739 28.3 8
2010 8 24 0 16 35.865 40.2481 136.762 14 6
2010 8 24 0 16 39.85 40.3011 136.694 13.8 6
2010 8 24 0 16 52.1559 40.2444 136.753 17.8 6
2010 8 24 0 17 10.4437 40.2631 136.782 11.4 5
2010 8 24 0 17 17.7439 40.2541 136.769 17.2 5
2010 8 24 0 17 50.742 40.2083 136.794 16.5 5
2010 8 24 0 17 50.8653 41.2282 135.809 9.5 5
2010 8 24 0 17 51.357 40.2193 136.732 8.6 5
2010 8 24 0 17 57.0456 40.2411 136.774 14.6 5
2010 8 24 0 18 16.0562 40.3182 136.762 16.3 6
2010 8 24 0 18 16.2653 40.2999 136.69 5.7 5
2010 8 24 0 18 25.8668 40.2362 136.811 9.9 6
2010 8 24 0 18 37.9025 40.8976 138.003 16.2 6
2010 8 24 0 18 58.3349 40.2607 136.84 15.1 5
2010 8 24 0 19 16.5765 40.7171 137.56 11.9 6
2010 8 24 0 19 26.8224 40.2938 136.823 24.2 7
2010 8 24 0 19 52.3302 41.0078 139.425 17.6 7
2010 8 24 0 19 52.4162 40.5502 136.407 7.1 5
2010 8 24 0 19 52.4496 40.2931 136.768 21.8 5
2010 8 24 0 19 52.4814 40.2634 136.768 29.5 6
2010 8 24 0 20 9.86026 40.6328 136.322 29.9 5
2010 8 24 0 20 18.7938 40.2695 136.812 15 5
2010 8 24 0 20 18.8753 40.2769 136.847 23.5 5
2010 8 24 0 20 18.9683 40.2871 136.827 17.7 6
2010 8 24 0 20 53.7734 40.3008 136.843 15 6
2010 8 24 0 21 19.7458 41.2934 135.883 16.7 5
2010 8 24 0 21 19.8743 40.2689 136.857 10.5 5
2010 8 24 0 21 20.4425 40.3259 136.787 13.5 5
2010 8 24 0 21 23.5575 40.2409 136.833 22.5 6
2010 8 24 0 21 51.7436 40.2732 136.728 5.6 5
2010 8 24 0 22 11.3978 39.7004 136.903 19.4 5
2010 8 24 0 22 23.7539 40.656 137.309 16.5 6
2010 8 24 0 22 24.7581 40.7633 137.387 9.8 5
2010 8 24 0 22 27.7072 40.29 136.811 18.3 6
2010 8 24 0 22 28.2959 40.299 136.766 5.8 5
2010 8 24 0 22 28.3447 40.329 136.827 21.7 7
2010 8 24 0 22 33.5301 40.8656 138.061 14.1 6
2010 8 24 0 22 33.5807 40.8834 138.019 18.7 8
2010 8 24 0 22 33.8091 40.8876 138.007 3.4 5
2010 8 24 0 22 33.8481 40.8938 138.044 13 5
2010 8 24 0 22 41.7224 40.2763 136.809 23.6 6
2010 8 24 0 22 42.1463 40.303 136.758 15.1 6
2010 8 24 0 23 11.6302 40.3436 136.785 21.5 6
2010 8 24 0 23 15.921 40.856 138.046 4.6 5
2010 8 24 0 23 19.7386 40.6492 136.247 21.4 5
2010 8 24 0 24 3.07997 40.2879 136.795 11.5 7
2010 8 24 0 24 3.13995 40.3087 136.833 13.6 6
2010 8 24 0 24 3.16587 40.3121 136.798 20.5 6
2010 8 24 0 24 9.95568 40.2648 136.872 25.5 8
2010 8 24 0 24 10.3284 40.2871 136.847 19.9 7
2010 8 24 0 24 43.4214 40.2754 136.832 4 5
2010 8 24 0 24 56.5906 41.1652 137.658 19.2 5
2010 8 24 0 25 9.39321 40.2236 136.915 23 6
2010 8 24 0 25 16.3517 40.2603 136.96 12.2 5
2010 8 24 0 25 44.9043 40.3016 136.806 12.1 6
2010 8 24 0 25 45.4279 40.3132 136.825 19 5
2010 8 24 0 25 45.4441 40.3223 136.831 14 5
2010 8 24 0 26 14.5581 40.286 136.942 29.9 5
2010 8 24 0 26 56.9375 40.272 136.956 21.8 6
2010 8 24 0 26 57.0006 40.2698 137.01 9.8 5
2010 8 24 0 27 2.10906 40.8541 138.094 3.5 5
2010 8 24 0 27 2.21612 40.8965 138.136 22.7 6
2010 8 24 0 27 13.6513 40.3353 136.842 10.5 6
2010 8 24 0 27 20.0574 40.2513 136.929 2.6 5
2010 8 24 0 27 20.1343 40.2597 136.936 14.2 6
2010 8 24 0 27 26.893 40.8625 138.124 18.4 5
2010 8 24 0 27 56.807 40.7349 137.889 9.5 5
2010 8 24 0 27 57.454 42.1917 139.649 11.3 5
2010 8 24 0 28 17.7513 40.3033 136.901 18.1 7
2010 8 24 0 28 51.3349 40.112 137.075 21.3 5
2010 8 24 0 28 51.4712 40.2488 136.877 23.4 5
2010 8 24 0 28 51.4969 40.2826 136.914 23.9 5
2010 8 24 0 28 58.4741 41.0078 138.4 15.7 5
2010 8 24 0 29 52.1559 40.3076 136.985 4.5 5
2010 8 24 0 29 52.2323 40.3602 136.912 14.7 6
2010 8 24 0 30 19.1229 40.8831 138.234 10.3 6
2010 8 24 0 30 35.5944 40.9068 138.126 17.3 5
2010 8 24 0 30 49.9888 40.3234 136.939 21 6
2010 8 24 0 30 50.1451 40.3238 136.93 25.9 7
2010 8 24 0 30 50.2848 40.308 136.901 26.4 7
2010 8 24 0 30 50.5463 40.269 137.038 14.2 6
2010 8 24 0 30 50.6065 40.321 136.89 12.9 7
2010 8 24 0 31 12.485 40.2111 136.914 20.6 6
2010 8 24 0 31 20.7183 41.143 140.069 17.8 8
2010 8 24 0 32 59.5265 41.0317 139.685 0.9 5
2010 8 24 0 33 3.12486 40.3551 136.983 7.8 5
2010 8 24 0 34 14.029 40.335 137.136 18.8 6
2010 8 24 0 34 14.2716 40.8578 138.12 13.9 6
2010 8 24 0 35 27.7688 40.6694 137.699 13.6 5
2010 8 24 0 36 18.3912 41.1511 139.887 21.7 6
2010 8 24 0 36 18.4539 41.115 139.886 15.9 7
2010 8 24 0 36 43.0221 40.8929 138.207 26.6 5
2010 8 24 0 36 48.3861 40.2538 136.993 3.3 5
2010 8 24 0 36 48.4437 40.3438 137.028 17.9 7
2010 8 24 0 36 59.0875 41.0736 139.953 17.2 5
2010 8 24 0 37 15.8151 41.1233 138.217 19.9 6
2010 8 24 0 37 28.6408 40.935 138.221 20 5
2010 8 24 0 37 36.5032 40.9124 138.194 5.6 5
2010 8 24 0 37 56.3226 40.8959 138.263 15.9 6
2010 8 24 0 38 24.9941 41.4399 139.436 29.7 5
2010 8 24 0 38 34.9994 41.5205 139.704 21.5 5
2010 8 24 0 39 39.3063 41.1271 139.946 16.6 6
2010 8 24 0 39 45.0507 40.9405 138.148 16.3 6
2010 8 24 0 39 48.5419 40.2777 137.06 23 7
2010 8 24 0 40 11.5231 40.9128 138.266 24.8 6
2010 8 24 0 40 15.0285 40.298 137.111 14.7 5
2010 8 24 0 40 15.0551 40.314 137.118 28.7 5
2010 8 24 0 40 15.1438 40.2989 137.101 19.1 5
2010 8 24 0 40 16.3236 40.9739 138.421 15 5
2010 8 24 0 40 36.9343 40.9051 138.242 7.5 5
2010 8 24 0 40 38.1336 40.3043 137.081 23.2 11
2010 8 24 0 40 38.2961 40.3029 137.1 15.2 5
2010 8 24 0 40 58.4616 40.3698 137.094 10.9 5
2010 8 24 0 41 8.25461 40.9129 138.3 21.1 6
2010 8 24 0 41 13.6465 40.1838 137.311 21.2 7
2010 8 24 0 41 15.9527 40.9608 138.312 12.3 5
2010 8 24 0 41 23.7884 40.2643 137.031 16.7 6
2010 8 24 0 41 42.0996 40.3371 137.137 17.5 6
2010 8 24 0 41 42.1995 40.3123 137.092 8.3 5
2010 8 24 0 41 42.3547 40.3114 137.142 22.6 6
2010 8 24 0 41 57.0183 40.6827 136.583 23.6 6
2010 8 24 0 41 57.5035 40.3354 137.13 22.6 6
2010 8 24 0 42 3.33813 41.0885 139.974 4.6 5
2010 8 24 0 42 29.3856 40.9214 138.216 7.5 6
2010 8 24 0 42 35.9018 40.3298 137.12 24.7 5
2010 8 24 0 42 36.1208 40.3269 137.087 16 6
2010 8 24 0 42 36.1538 40.3129 137.064 6.6 5
2010 8 24 0 42 36.37 40.3184 137.077 10.7 7
2010 8 24 0 43 1.81998 40.3143 137.101 26.2 7
2010 8 24 0 43 1.84175 40.3196 137.128 22.5 5
2010 8 24 0 43 2.30371 40.3137 137.046 11.2 5
2010 8 24 0 43 27.9172 40.798 136.46 17 5
2010 8 24 0 43 30.1229 40.8907 138.269 15.7 6
2010 8 24 0 43 42.3093 40.3028 137.074 9 6
2010 8 24 0 43 42.44 41.1252 139.959 15.4 5
2010 8 24 0 44 7.74191 40.299 137.14 9.3 5
2010 8 24 0 44 7.90395 40.3683 137.07 21.9 6
2010 8 24 0 44 8.01694 40.3387 137.195 22.9 7
2010 8 24 0 44 15.7638 40.9357 138.285 18.5 7
2010 8 24 0 44 15.8636 40.9359 138.282 16.7 7
2010 8 24 0 44 16.0155 40.9072 138.257 2.6 5
2010 8 24 0 44 23.6824 40.3385 137.157 27 6
2010 8 24 0 44 34.9134 41.1427 139.984 19.3 6
2010 8 24 0 44 35.4293 40.9344 138.285 24.4 6
2010 8 24 0 44 48.4571 40.2666 137.142 24.7 8
2010 8 24 0 44 48.557 40.3418 137.14 19.2 6
2010 8 24 0 44 49.239 40.3016 137.129 15.2 6
2010 8 24 0 44 50.6037 40.9538 138.298 16.4 6
2010 8 24 0 45 1.85071 40.9339 138.37 17.7 5
2010 8 24 0 45 12.9593 40.9501 138.312 6.2 5
2010 8 24 0 45 28.6421 39.4294 135.889 24.5 5
2010 8 24 0 45 33.0591 40.9406 138.298 17.6 6
2010 8 24 0 45 33.1556 40.9194 138.294 23.8 7
2010 8 24 0 46 13.8394 41.1283 140.044 16.2 7
2010 8 24 0 46 15.4856 40.3567 137.182 9.2 5
2010 8 24 0 46 22.3868 40.9109 138.339 4.4 6
2010 8 24 0 46 22.5111 40.9326 138.408 12.8 5
2010 8 24 0 46 22.5554 40.9568 138.395 25.8 7
2010 8 24 0 46 22.6167 40.941 138.372 15.4 8
2010 8 24 0 46 22.8936 40.9301 138.377 13.2 6
2010 8 24 0 46 32.2831 40.9276 138.372 18.7 5
2010 8 24 0 46 32.4496 40.9372 138.394 16.8 7
2010 8 24 0 46 41.0757 40.9401 138.314 3.2 5
2010 8 24 0 46 44.745 40.9176 138.346 8.7 6
2010 8 24 0 46 45.7061 41.1211 140.085 12.6 5
2010 8 24 0 46 45.8018 41.1441 140.057 13.5 7
2010 8 24 0 46 57.8792 40.3394 137.16 29.5 7
2010 8 24 0 46 57.9098 40.3377 137.173 28.9 5
2010 8 24 0 46 57.9401 40.3501 137.17 25.5 5
2010 8 24 0 46 58.2978 40.4076 137.105 13.1 5
2010 8 24 0 46 58.8389 40.9535 138.336 21.6 5
2010 8 24 0 47 4.79372 40.9503 138.32 18 7
2010 8 24 0 47 16.5911 40.9188 138.445 19.9 5
2010 8 24 0 47 25.6644 41.1416 140 15.6 9
2010 8 24 0 47 25.7074 41.1299 140.038 18.4 6
2010 8 24 0 47 41.9504 41.017 138.376 4.1 5
2010 8 24 0 47 47.2732 40.3335 137.242 18.5 6
2010 8 24 0 47 59.3196 40.9451 138.259 6.4 5
2010 8 24 0 48 16.4182 40.3841 137.195 9.8 6
2010 8 24 0 48 16.4846 40.3406 137.233 12 5
2010 8 24 0 48 37.2077 41.1326 140.058 19.4 5
2010 8 24 0 48 50.2986 40.3372 137.209 18.6 7
2010 8 24 0 48 50.3511 40.3357 137.214 19.2 6
2010 8 24 0 49 21.267 40.3055 137.235 29.2 6
2010 8 24 0 49 21.4351 40.9289 138.365 18.1 6
2010 8 24 0 49 28.8557 40.9502 138.381 24.7 5
2010 8 24 0 50 3.09608 40.3465 137.196 6.7 5
2010 8 24 0 50 3.25046 40.3187 137.209 0.7 5
2010 8 24 0 50 47.921 40.9503 138.378 13.8 7
2010 8 24 0 50 48.4754 40.9448 138.388 16 5
2010 8 24 0 51 37.7114 40.9496 138.446 20.1 5
2010 8 24 0 52 26.1724 40.9256 138.365 7.4 5
2010 8 24 0 52 26.2894 40.9389 138.37 19.3 5
2010 8 24 0 52 35.9436 40.289 137.306 28.3 6
2010 8 24 0 52 36.0089 40.3424 137.216 28.3 6
2010 8 24 0 52 36.0783 40.3375 137.269 20.8 6
2010 8 24 0 52 55.1668 40.9192 138.369 10.3 6
2010 8 24 0 53 10.6926 40.9663 138.408 20.6 7
2010 8 24 0 53 12.7494 40.923 138.437 22.9 6
2010 8 24 0 53 23.8849 40.3097 137.292 22 5
2010 8 24 0 54 7.52242 40.9785 138.508 24 7
2010 8 24 0 54 7.68694 40.9174 138.523 6.4 5
2010 8 24 0 54 12.1178 41.2498 140.026 14.4 6
2010 8 24 0 54 18.2537 40.3314 137.284 28.1 6
2010 8 24 0 54 18.4529 40.9271 138.461 21.5 5
2010 8 24 0 54 18.5951 40.9329 138.409 13.2 6
2010 8 24 0 54 35.3055 40.9428 138.485 19.2 7
2010 8 24 0 54 35.334 40.9404 138.518 27.5 5
2010 8 24 0 55 26.219 40.9658 138.484 16.9 5
2010 8 24 0 55 26.6558 40.9466 138.515 9.3 5
2010 8 24 0 55 31.2173 40.3688 137.323 17 6
2010 8 24 0 55 40.3281 40.9381 138.467 10.1 5
2010 8 24 0 56 1.03985 40.9413 138.522 18.6 7
2010 8 24 0 56 1.17612 40.9671 138.247 19.5 5
2010 8 24 0 56 8.66517 40.9729 138.412 15.5 7
2010 8 24 0 56 35.5467 40.2703 137.323 20.7 6
2010 8 24 0 56 35.6058 40.3173 137.345 26.6 6
2010 8 24 0 56 35.6775 40.369 137.333 19 6
2010 8 24 0 56 40.4716 40.9329 138.482 11 5
2010 8 24 0 56 42.5317 40.945 138.534 16.2 6
2010 8 24 0 56 42.6345 40.9327 138.479 4.2 5
2010 8 24 0 56 54.4818 40.9437 138.519 16.4 8
2010 8 24 0 57 22.4841 40.958 138.506 13.9 8
2010 8 24 0 57 26.2551 40.9786 140.024 29 6
2010 8 24 0 57 26.4172 41.0931 139.748 15.7 5
2010 8 24 0 57 26.6708 41.0459 139.792 23.1 6
2010 8 24 0 57 38.8939 40.9317 138.505 8 5
2010 8 24 0 57 49.0081 40.3454 137.33 24.2 7
2010 8 24 0 57 49.075 41.3959 136.337 19.7 5
2010 8 24 0 57 57.2026 40.9816 138.568 18.1 6
2010 8 24 0 58 4.54943 40.8908 138.31 22.1 6
2010 8 24 0 58 4.73765 41.0508 138.244 11.6 5
2010 8 24 0 58 10.9555 40.9892 138.502 22 7
2010 8 24 0 58 21.3474 40.9704 138.459 17 6
2010 8 24 0 58 27.0407 40.9465 138.521 16.1 5
2010 8 24 0 58 47.7212 40.9414 138.554 18.3 6
2010 8 24 0 59 6.0712 41.0485 139.786 9.5 5
2010 8 24 0 59 43.8224 41.0589 138.466 11.2 5
2010 8 24 1 0 3.14298 40.9491 138.552 15.2 5
2010 8 24 1 0 35.8286 41.0203 138.572 9.2 5
2010 8 24 1 0 35.9673 40.9933 138.473 22.6 5
2010 8 24 1 1 1.21704 40.9552 138.526 28.1 6
2010 8 24 1 1 10.5096 41.0463 139.776 7.1 6
2010 8 24 1 1 10.7389 41.0469 139.817 19.8 7
2010 8 24 1 1 17.266 40.9215 138.563 20.9 5
2010 8 24 1 2 0.882583 41.0649 139.806 7.8 5
2010 8 24 1 2 33.8282 41.0415 139.835 20.7 7
2010 8 24 1 2 33.9531 41.0635 139.845 24.1 6
2010 8 24 1 2 34.1026 41.0425 139.841 18.5 5
2010 8 24 1 2 37.8899 40.9686 138.551 16.4 5
2010 8 24 1 2 38.1567 40.9499 138.55 11.4 5
2010 8 24 1 3 24.2688 40.9684 138.496 2.6 5
2010 8 24 1 3 24.3938 41.0156 138.565 13.6 5
2010 8 24 1 3 24.6281 40.9791 138.566 19.3 5
2010 8 24 1 4 3.49812 40.9618 138.583 18.3 7
2010 8 24 1 6 22.6534 41.0096 138.659 15.7 5
2010 8 24 1 6 22.6921 41.0262 138.639 20 7
2010 8 24 1 6 51.807 41.0007 138.711 16.7 6
2010 8 24 1 6 53.855 40.9595 138.451 17.1 7
2010 8 24 1 7 2.65195 40.3217 137.487 24.9 7
2010 8 24 1 7 50.9454 40.9622 138.612 17.5 8
2010 8 24 1 7 59.7035 40.919 138.404 9.6 5
2010 8 24 1 7 59.7913 40.9745 138.448 20 6
2010 8 24 1 8 3.8552 41.0036 138.67 23.2 5
2010 8 24 1 8 29.0547 41.0909 139.903 18 6
2010 8 24 1 8 29.1724 41.0469 139.845 12.6 5
2010 8 24 1 8 41.3918 40.9304 138.415 21.7 7
2010 8 24 1 9 52.9698 40.9791 138.588 17.9 6
2010 8 24 1 9 54.3033 40.9771 138.63 26.1 5
2010 8 24 1 10 23.6051 41.0664 139.977 9.6 5
2010 8 24 1 10 23.696 41.0675 139.967 22.9 5
2010 8 24 1 10 23.7173 41.0748 139.889 6.3 5
2010 8 24 1 10 58.788 41.0387 139.918 29.7 8
2010 8 24 1 10 58.8131 41.0424 139.988 12.8 5
2010 8 24 1 10 58.9234 41.0711 139.919 14 7
2010 8 24 1 11 6.86529 40.9663 138.628 24.4 5
2010 8 24 1 11 54.0371 40.9418 138.47 18.1 7
2010 8 24 1 12 13.822 40.9746 138.692 17.8 7
2010 8 24 1 13 8.69851 41.0666 139.899 23.2 6
2010 8 24 1 13 20.4629 40.9619 138.704 12.1 6
2010 8 24 1 14 17.6776 40.9191 138.827 15.8 5
2010 8 24 1 14 52.1802 40.3417 137.473 3.6 5
2010 8 24 1 16 2.12574 40.9994 138.675 7.4 5
2010 8 24 1 16 17.0236 40.9904 138.757 19.6 6
2010 8 24 1 16 19.5899 40.367 137.548 12.6 5
2010 8 24 1 16 25.0463 40.9052 138.671 10.7 5
2010 8 24 1 16 51.457 40.3685 137.575 27 6
2010 8 24 1 17 0.543625 41.2483 139.885 6.5 5
2010 8 24 1 17 8.03927 40.401 137.482 19.6 6
2010 8 24 1 17 8.06813 40.4107 137.491 22.6 6
2010 8 24 1 17 28.5226 40.435 137.545 15.3 5
2010 8 24 1 17 38.0156 40.4124 137.507 16.8 5
2010 8 24 1 18 4.84135 40.4179 137.533 14.6 5
2010 8 24 1 18 5.4079 40.8728 136.722 28.9 5
2010 8 24 1 18 7.746 40.9974 138.798 19.2 8
2010 8 24 1 18 7.81313 41.0093 138.811 17.8 7
2010 8 24 1 18 11.4402 41.0954 140.012 18.5 6
2010 8 24 1 18 11.4936 41.1147 140.048 19.2 6
2010 8 24 1 19 8.74055 41.065 139.992 18.3 5
2010 8 24 1 19 15.4751 40.4165 137.519 19.4 6
2010 8 24 1 19 57.961 41.1138 140.06 18.2 7
2010 8 24 1 19 58.0071 41.1075 140.047 18.9 5
2010 8 24 1 19 58.1689 41.0859 140.091 15.6 7
2010 8 24 1 20 2.61211 40.988 138.769 16 5
2010 8 24 1 20 21.8062 41.0152 138.852 20.3 5
2010 8 24 1 20 21.8541 41.0005 138.853 9.5 5
2010 8 24 1 20 22.8 40.4301 137.529 13.5 6
2010 8 24 1 21 1.67413 40.9307 138.907 15.1 5
2010 8 24 1 21 1.97247 41.0111 138.82 5.7 5
2010 8 24 1 22 16.2047 41.013 138.844 18.5 6
2010 8 24 1 22 16.4044 41.0082 138.849 16.6 6
2010 8 24 1 22 22.1181 40.4283 137.531 20.2 6
2010 8 24 1 22 58.9674 40.3624 137.669 23.9 8
2010 8 24 1 23 4.46385 41.0488 138.916 17.4 8
2010 8 24 1 23 25.2941 41.0457 140.093 5 5
2010 8 24 1 23 54.4135 41.4639 137.984 12.8 5
2010 8 24 1 24 28.5467 41.0758 140.047 11.4 5
2010 8 24 1 25 24.9094 40.9515 138.642 12.3 6
2010 8 24 1 25 59.4389 41.0412 138.879 11.8 5
2010 8 24 1 26 10.4031 39.5581 136.484 21.2 7
2010 8 24 1 26 10.4606 39.5357 136.464 29.6 8
2010 8 24 1 26 20.2283 41.0016 138.861 7.6 6
2010 8 24 1 26 27.7478 40.923 138.702 14 6
2010 8 24 1 26 56.749 40.9329 138.697 7.6 6
2010 8 24 1 27 13.0629 40.962 138.662 17.3 5
2010 8 24 1 27 16.3962 40.9546 138.716 17 6
2010 8 24 1 28 5.99317 40.5166 137.844 16.2 5
2010 8 24 1 28 6.01382 40.4488 137.669 15.8 5
2010 8 24 1 28 10.6446 40.9975 138.754 19.3 6
2010 8 24 1 28 33.8039 40.9743 138.713 17.7 5
2010 8 24 1 29 33.7303 40.9507 138.753 11.7 5
2010 8 24 1 29 45.9147 41.0288 138.996 19.4 5
2010 8 24 1 29 46.1296 41.1037 140.06 12 5
2010 8 24 1 30 7.47185 40.9603 138.786 14 8
2010 8 24 1 30 7.64433 40.9566 138.744 4.9 5
2010 8 24 1 30 28.3216 41.0526 139.01 21.8 6
2010 8 24 1 30 28.7785 41.0452 138.999 19.2 5
2010 8 24 1 31 4.27804 39.6329 136.472 16.8 5
2010 8 24 1 31 12.2544 40.7364 137.179 13.7 5
2010 8 24 1 31 12.295 40.4118 137.679 5.7 5
2010 8 24 1 31 12.3746 40.3897 137.668 27.4 7
2010 8 24 1 31 37.0749 41.0397 138.999 19.5 7
2010 8 24 1 32 5.71441 39.821 136.003 19.7 5
2010 8 24 1 32 5.71452 39.4581 136.569 2 5
2010 8 24 1 33 14.1196 39.5272 136.522 1.2 5
2010 8 24 1 34 8.96978 40.946 138.836 19.1 6
2010 8 24 1 34 33.6875 41.0163 138.968 20 5
2010 8 24 1 35 13.1362 40.9711 138.864 20 6
2010 8 24 1 35 45.0429 40.9781 138.836 17.9 6
2010 8 24 1 36 28.1844 40.3706 137.794 12.2 5
2010 8 24 1 36 28.2501 40.4675 137.697 25.8 6
2010 8 24 1 36 28.2669 40.4077 137.783 19.6 6
2010 8 24 1 36 28.306 40.408 137.701 5.4 5
2010 8 24 1 36 28.3534 40.4157 137.74 10.8 6
2010 8 24 1 36 28.3964 40.3904 137.784 2.6 5
2010 8 24 1 38 2.73926 40.9215 138.959 11.5 5
2010 8 24 1 40 8.7379 41.0077 138.965 6.2 7
2010 8 24 1 40 30.6522 39.5332 136.501 13.7 5
2010 8 24 1 42 56.6233 40.939 138.984 25.2 5
2010 8 24 1 42 56.7713 40.9458 138.944 19.4 5
2010 8 24 1 43 10.7417 41.055 139.032 23.2 5
2010 8 24 1 43 37.149 41.0486 139.023 16 7
2010 8 24 1 44 13.1816 40.4153 137.889 24.8 5
2010 8 24 1 44 22.2182 40.9762 138.99 20.1 6
2010 8 24 1 45 36.248 41.0739 139.059 18.2 7
2010 8 24 1 47 16.338 41.4814 139.885 16.8 5
2010 8 24 1 49 11.5913 40.4496 137.901 16.7 7
2010 8 24 1 49 17.7993 41.0795 139.22 22.7 5
2010 8 24 1 49 17.9021 41.0603 139.148 9.9 5
2010 8 24 1 49 21.2085 41.0486 139.13 21.5 5
2010 8 24 1 50 7.05968 40.3181 138.171 20.2 7
2010 8 24 1 50 7.07725 40.436 137.968 19.7 7
2010 8 24 1 50 7.46501 40.4143 137.99 10.1 5
2010 8 24 1 50 28.6384 40.3916 137.935 18.9 5
2010 8 24 1 51 16.5974 40.4446 137.911 4.9 5
2010 8 24 1 52 2.24121 40.4103 137.998 10 5
2010 8 24 1 52 30.0677 40.4388 137.987 21.2 6
2010 8 24 1 52 50.2977 40.4511 138.015 22.2 6
2010 8 24 1 52 50.7359 40.4737 137.987 17.2 5
2010 8 24 1 53 25.8415 40.4708 137.987 14.4 6
2010 8 24 1 53 29.4031 40.6504 138.884 17.5 5
2010 8 24 1 53 29.4031 40.8182 138.809 9.4 5
2010 8 24 1 53 51.3281 40.4462 137.931 3.3 5
2010 8 24 1 54 11.3086 40.4545 138.015 20.1 7
2010 8 24 1 54 11.5086 40.4349 138.031 21.4 6
2010 8 24 1 54 40.3645 40.401 137.988 14.2 5
2010 8 24 1 54 40.4078 40.4151 137.952 14.5 7
2010 8 24 1 54 40.7338 40.4148 137.969 18.6 6
2010 8 24 1 54 56.5757 40.4228 137.962 21.6 6
2010 8 24 1 55 4.15247 40.4306 138 17.8 6
2010 8 24 1 55 4.31638 40.4227 138.01 15.4 5
2010 8 24 1 55 4.45208 40.3951 138.04 10.7 5
2010 8 24 1 55 12.6629 40.4423 138.025 22.3 5
2010 8 24 1 55 12.708 40.4263 138.065 11 5
2010 8 24 1 55 31.6686 40.7869 138.894 25 8
2010 8 24 1 55 39.6174 40.4189 138.03 14.2 5
2010 8 24 1 55 52.8211 40.3931 138.05 14.3 5
2010 8 24 1 55 55.3937 39.5236 136.663 13.8 5
2010 8 24 1 56 1.78714 40.436 138.083 27.6 5
2010 8 24 1 56 20.9586 40.7604 137.577 21.1 6
2010 8 24 1 56 42.8188 40.4095 137.968 17.3 6
2010 8 24 1 56 53.9237 40.4714 138.065 17 6
2010 8 24 1 57 7.38026 40.4194 138.033 22.8 5
2010 8 24 1 57 11.6234 40.4555 138.049 17.4 6
2010 8 24 1 57 11.7455 40.4451 138.048 17.4 5
2010 8 24 1 57 15.9372 40.3802 138.048 13.3 5
2010 8 24 1 57 20.7034 40.4748 138.053 18.2 7
2010 8 24 1 57 21.1866 40.6732 137.889 3.3 5
2010 8 24 1 57 45.7679 40.4062 138.024 16.6 6
2010 8 24 1 57 47.1343 41.1603 139.228 8.7 5
2010 8 24 1 58 10.0043 40.4356 138.071 15.7 6
2010 8 24 1 58 36.3355 40.459 138.037 10 6
2010 8 24 1 58 44.5541 40.839 138.839 12.7 8
2010 8 24 1 59 13.4113 40.4866 138.039 10.7 5
2010 8 24 1 59 31.9022 41.183 139.208 8.3 5
2010 8 24 1 59 35.2814 40.3824 138.118 8.8 5
2010 8 24 1 59 38.4661 40.4663 138.032 20.2 7
2010 8 24 2 0 1.9423 40.7378 138.917 8.6 5
2010 8 24 2 0 38.6815 40.4674 138.097 26.8 8
2010 8 24 2 0 39.0343 40.4595 138.078 22.3 6
2010 8 24 2 0 58.0635 40.4425 138.102 18.3 6
2010 8 24 2 0 58.2954 40.4559 138.154 23.6 5
2010 8 24 2 0 58.5131 40.4668 138.112 18.4 5
2010 8 24 2 1 20.7191 40.4532 138.08 18.6 5
2010 8 24 2 1 20.7925 40.4384 138.091 17.8 6
2010 8 24 2 1 20.9483 40.4402 138.082 17.8 6
2010 8 24 2 1 21.1306 40.4349 138.082 13.4 6
2010 8 24 2 1 21.2164 40.442 138.028 7 6
2010 8 24 2 1 22.9572 40.4439 138.107 24.1 6
2010 8 24 2 1 54.5276 40.4226 138.144 3.9 5
2010 8 24 2 2 9.69953 40.4422 138.021 7.4 5
2010 8 24 2 2 21.8386 40.4573 138.069 16.1 5
2010 8 24 2 2 39.4334 40.4561 138.046 11.3 6
2010 8 24 2 2 47.6996 40.4513 138.065 19.4 7
2010 8 24 2 2 47.7584 40.4448 138.066 18.3 5
2010 8 24 2 2 51.9904 40.4811 138.083 18.9 6
2010 8 24 2 2 53.3709 41.1166 139.51 18.5 6
2010 8 24 2 3 0.735312 40.4693 138.101 12.2 6
2010 8 24 2 3 9.45654 40.4293 138.081 19.9 5
2010 8 24 2 3 9.53491 40.438 138.102 16.4 5
2010 8 24 2 3 31.6417 40.4792 138.113 15.5 6
2010 8 24 2 3 32.1133 40.4497 138.133 18.9 5
2010 8 24 2 3 44.3286 40.4323 138.036 8.5 6
2010 8 24 2 4 6.71025 40.8216 138.999 21.2 5
2010 8 24 2 4 19.5676 40.6769 138.884 21.4 5
2010 8 24 2 4 22.1537 40.6984 137.693 17.9 6
2010 8 24 2 4 22.7331 40.4195 138.105 2.6 5
2010 8 24 2 4 27.2739 40.4291 138.146 16.2 5
2010 8 24 2 4 35.1842 40.4238 138.069 2.7 5
2010 8 24 2 4 35.2357 41.1253 139.328 17.4 7
2010 8 24 2 4 45.8876 40.4351 138.049 4.4 5
2010 8 24 2 5 3.63758 40.4423 138.127 21.4 6
2010 8 24 2 5 27.198 40.4243 138.119 7.2 5
2010 8 24 2 5 54.2345 40.4198 138.129 20.8 6
2010 8 24 2 6 2.69881 40.446 138.114 3.1 5
2010 8 24 2 6 2.77628 40.648 138.301 18.4 5
2010 8 24 2 6 2.93546 40.4527 138.153 14.1 6
2010 8 24 2 6 18.1905 40.4452 138.109 7.7 6
2010 8 24 2 6 22.8191 40.9787 139.27 20.6 7
2010 8 24 2 6 28.8765 40.4544 138.151 15.7 5
2010 8 24 2 6 36.6251 40.4169 138.169 13.1 5
2010 8 24 2 6 36.69 40.4234 138.149 18.2 5
2010 8 24 2 6 44.7315 40.4706 138.119 18.5 6
2010 8 24 2 6 53.2302 40.459 138.102 29.8 7
2010 8 24 2 7 20.5507 40.4393 138.217 13.8 5
2010 8 24 2 7 21.0104 40.377 138.228 22.7 5
2010 8 24 2 7 33.4484 40.4317 138.128 16.1 6
2010 8 24 2 7 33.5487 40.4299 138.124 17 6
2010 8 24 2 7 37.1784 40.4644 138.142 15.7 6
2010 8 24 2 7 48.8311 40.4315 138.024 5.1 5
2010 8 24 2 7 48.9034 40.4812 138.174 17.3 8
2010 8 24 2 7 52.8948 40.3952 138.164 17.1 6
2010 8 24 2 8 2.35166 40.4939 138.163 14.2 5
2010 8 24 2 8 10.2345 40.4376 138.225 16.5 5
2010 8 24 2 8 45.6026 40.4039 138.139 18.6 5
2010 8 24 2 8 45.7485 40.4171 138.144 14.7 5
2010 8 24 2 8 46.0066 40.4288 138.155 13.9 5
2010 8 24 2 8 46.088 40.4474 138.152 22 5
2010 8 24 2 8 56.1281 40.4955 138.189 24.8 5
2010 8 24 2 9 16.0902 40.5085 138.172 14.2 5
2010 8 24 2 9 23.2593 40.4497 138.178 16 6
2010 8 24 2 9 49.6176 40.3869 138.263 23 6
2010 8 24 2 9 49.816 40.4221 138.112 4.2 5
2010 8 24 2 10 4.01032 40.4238 138.22 4.3 5
2010 8 24 2 10 16.1339 40.4358 138.174 20.1 6
2010 8 24 2 10 16.1958 40.4495 138.171 18 6
2010 8 24 2 10 16.4466 40.4375 138.196 15.5 5
2010 8 24 2 10 35.8523 40.4336 138.235 6.8 5
2010 8 24 2 11 36.6192 40.7963 138.987 14 5
2010 8 24 2 11 41.919 40.4711 138.253 18.3 6
2010 8 24 2 12 4.51447 41.1433 139.846 23.5 6
2010 8 24 2 12 17.3371 40.4129 138.273 21.5 7
2010 8 24 2 12 17.4754 40.4038 138.227 13.6 6
2010 8 24 2 12 17.5922 40.4002 138.262 14.7 6
2010 8 24 2 12 17.6445 40.3891 138.266 18 6
2010 8 24 2 12 26.6225 40.9787 139.398 20 5
2010 8 24 2 12 26.6773 40.9076 139.349 18.8 5
2010 8 24 2 12 26.7463 40.9548 139.35 14.5 7
2010 8 24 2 12 36.8785 40.5409 138.229 18.6 6
2010 8 24 2 12 37.0115 40.5068 138.176 6 5
2010 8 24 2 12 37.1681 40.503 138.188 14 7
2010 8 24 2 13 5.91675 40.4638 138.246 23 5
2010 8 24 2 13 12.3894 40.6591 138.409 27.2 5
2010 8 24 2 13 12.3894 40.4134 138.284 4.8 5
2010 8 24 2 13 16.8456 40.9846 139.299 10.3 5
2010 8 24 2 13 30.4922 40.4469 138.239 18.6 6
2010 8 24 2 13 30.7984 40.4307 138.249 24.5 5
2010 8 24 2 13 38.8034 40.436 138.206 13.3 6
2010 8 24 2 13 47.6317 40.4531 138.211 10.8 5
2010 8 24 2 13 47.9922 40.4791 138.223 17.6 5
2010 8 24 2 13 52.5695 40.4746 138.262 18.5 6
2010 8 24 2 13 52.8011 40.5426 138.301 15.5 6
2010 8 24 2 13 53.1052 40.4592 138.279 12.7 6
2010 8 24 2 13 53.5202 40.4687 138.282 17.9 6
2010 8 24 2 14 5.06739 40.8189 139.049 29.7 5
2010 8 24 2 14 5.11992 40.8063 139.007 14.6 9
2010 8 24 2 14 6.82258 40.4388 138.256 28.2 5
2010 8 24 2 14 15.9047 40.985 139.403 12.3 5
2010 8 24 2 14 24.0703 40.4827 138.249 13.1 6
2010 8 24 2 14 24.1253 40.3665 138.261 17.5 6
2010 8 24 2 14 27.0175 40.6431 138.711 17.1 7
2010 8 24 2 14 29.4981 40.5494 138.235 20.2 7
2010 8 24 2 14 29.558 40.5059 138.228 15.6 7
2010 8 24 2 14 50.6797 40.4583 138.352 22.1 5
2010 8 24 2 14 50.7896 40.3754 138.439 26.3 5
2010 8 24 2 14 50.793 40.4405 138.283 6.4 6
2010 8 24 2 14 51.1054 40.4661 138.286 23.3 5
2010 8 24 2 14 56.108 40.8062 138.993 19.1 5
2010 8 24 2 15 7.07249 40.864 139.227 26.9 5
2010 8 24 2 15 16.7757 40.3604 138.31 1.8 6
2010 8 24 2 15 17.1128 40.4321 138.291 19.3 6
2010 8 24 2 15 17.3648 40.4358 138.283 14.8 8
2010 8 24 2 15 57.5427 40.4742 138.283 17.6 6
2010 8 24 2 15 57.7611 40.5067 138.307 12.6 5
2010 8 24 2 16 2.11056 40.831 139.083 29.3 5
2010 8 24 2 16 2.1646 40.8549 139.074 21.1 5
2010 8 24 2 16 2.24518 40.8354 139.06 14.6 6
2010 8 24 2 16 2.35471 40.8246 139.084 17.3 5
2010 8 24 2 16 22.0351 40.3871 138.333 9 8
2010 8 24 2 16 22.0985 40.4067 138.382 15.6 6
2010 8 24 2 16 41.4312 40.4728 138.25 21.3 6
2010 8 24 2 16 46.4333 40.8583 139.09 17.8 7
2010 8 24 2 16 55.3071 40.9087 139.412 14.3 6
2010 8 24 2 16 55.3901 41.0047 139.367 7.5 5
2010 8 24 2 17 46.9322 40.8469 139.107 16.8 6
2010 8 24 2 17 51.7958 40.4664 138.33 27.3 13
2010 8 24 2 17 51.8659 40.4706 138.32 4.8 5
2010 8 24 2 17 51.9231 40.5122 138.35 29.1 5
2010 8 24 2 18 8.80911 40.4736 138.314 21.7 5
2010 8 24 2 18 9.1629 40.4318 138.336 6.3 5
2010 8 24 2 18 12.3682 41.0541 139.462 8.8 5
2010 8 24 2 18 25.0367 40.736 138.415 24.7 5
2010 8 24 2 18 25.5083 40.54 138.302 21.4 6
2010 8 24 2 18 41.7729 40.9586 139.419 9.1 5
2010 8 24 2 18 42.1838 40.4724 138.307 11.1 5
2010 8 24 2 18 42.2795 40.9675 139.41 7 5
2010 8 24 2 18 42.4111 40.4465 138.254 9 6
2010 8 24 2 18 42.5187 40.3998 138.345 14.6 5
2010 8 24 2 19 0.432491 40.809 138.89 7 5
2010 8 24 2 19 15.918 40.6093 138.326 11.7 5
2010 8 24 2 19 27.0845 40.4151 138.438 19.5 6
2010 8 24 2 19 37.4478 40.4749 138.337 13.5 7
2010 8 24 2 20 11.5867 40.5578 138.321 25.2 8
2010 8 24 2 20 20.8417 40.9983 139.476 15.9 7
2010 8 24 2 20 20.9401 41 139.491 18 7
2010 8 24 2 20 21.0372 41.0004 139.5 18 6
2010 8 24 2 20 23.7495 40.4857 138.32 18.6 6
2010 8 24 2 21 17.7798 40.4513 138.321 13.1 7
2010 8 24 2 21 18.1364 40.4576 138.358 21.9 5
2010 8 24 2 21 43.7749 40.518 138.369 19.5 6
2010 8 24 2 21 44.1883 40.4698 138.402 10 5
2010 8 24 2 22 28.7382 40.4633 138.404 5.4 6
2010 8 24 2 24 14.6229 40.5309 138.458 22.3 9
2010 8 24 2 24 14.7596 40.5653 138.441 15.3 6
2010 8 24 2 24 14.9656 40.5266 138.444 11.6 5
2010 8 24 2 24 52.7921 40.7101 138.766 15.7 8
2010 8 24 2 25 13.5509 40.9791 139.528 13.6 6
2010 8 24 2 25 21.3895 40.4346 138.433 2.7 5
2010 8 24 2 27 29.8194 41.0484 139.656 21.2 5
2010 8 24 2 27 32.7227 40.4 138.49 26.1 6
2010 8 24 2 27 39.5264 40.9638 139.62 27.4 5
2010 8 24 2 27 39.8619 41.0596 139.706 10 6
2010 8 24 2 27 39.8696 40.9662 139.623 14.4 5
2010 8 24 2 28 14.7664 40.3963 138.434 14.4 8
2010 8 24 2 29 6.63929 41.0533 139.706 18.4 6
2010 8 24 2 29 11.6678 40.512 138.41 6.7 6
2010 8 24 2 29 38.8801 40.7138 138.981 16.8 6
2010 8 24 2 29 42.8158 41.0315 139.561 3.9 5
2010 8 24 2 29 43.3067 41.0068 139.609 14 5
2010 8 24 2 30 16.376 40.4415 138.376 6.2 5
2010 8 24 2 30 36.721 40.4891 138.509 19.3 5
2010 8 24 2 30 36.7598 40.4901 138.506 15.9 5
2010 8 24 2 30 51.4204 40.7896 139.211 20.7 5
2010 8 24 2 31 1.05036 40.9606 139.655 12.4 5
2010 8 24 2 31 2.19183 41.052 139.715 19.8 5
2010 8 24 2 31 2.2755 40.9796 139.545 18.7 5
2010 8 24 2 31 6.7781 41.2274 139.565 3.2 5
2010 8 24 2 31 16.0516 41.0736 139.696 16.7 8
2010 8 24 2 31 40.0814 41.0317 139.768 8.7 5
2010 8 24 2 31 45.2593 40.9746 139.685 9.1 5
2010 8 24 2 31 45.3418 40.9782 139.576 4.9 5
2010 8 24 2 31 47.5596 41.0389 139.674 7.8 5
2010 8 24 2 31 47.585 41.0493 139.731 26.4 7
2010 8 24 2 33 8.1707 41.0723 139.746 21.2 7
2010 8 24 2 33 16.9747 41.0398 139.752 9.6 5
2010 8 24 2 33 18.0571 40.9642 139.708 8.4 5
2010 8 24 2 33 20.7981 40.4952 138.534 10.2 6
2010 8 24 2 33 26.624 41.0563 138.844 10.3 5
2010 8 24 2 33 51.2403 41.0453 139.728 23.2 5
2010 8 24 2 34 24.1614 41.0664 139.749 17.5 5
2010 8 24 2 34 24.2407 41.0825 140.089 27.7 5
2010 8 24 2 34 24.3136 41.1016 139.748 19.6 6
2010 8 24 2 34 28.6969 40.9744 139.712 11.8 5
2010 8 24 2 34 58.7305 40.5974 138.657 12 6
2010 8 24 2 35 0.208089 40.9713 139.715 15.5 6
2010 8 24 2 35 1.18524 40.8086 139.267 26.4 5
2010 8 24 2 35 27.5203 41.0859 139.747 14.9 7
2010 8 24 2 35 30.0874 41.0773 139.725 11.6 6
2010 8 24 2 35 30.5976 41.082 139.759 16.3 7
2010 8 24 2 35 53.4485 41.0346 139.773 5.7 5
2010 8 24 2 36 4.48912 41.0984 139.784 15.8 6
2010 8 24 2 36 31.5163 41.0802 139.767 16.3 6
2010 8 24 2 36 31.857 40.9019 139.616 21.8 5
2010 8 24 2 36 46.8237 41.0707 139.825 9.3 5
2010 8 24 2 37 2.91673 40.8252 139.271 17.7 6
2010 8 24 2 37 2.94531 40.8232 139.252 19.2 7
2010 8 24 2 37 10.6861 41.1397 140.1 24.2 5
2010 8 24 2 37 10.7571 41.107 139.843 20.1 7
2010 8 24 2 37 10.8836 41.0643 139.811 14.4 5
2010 8 24 2 37 10.9307 41.0783 139.805 14 6
2010 8 24 2 37 11.2868 41.095 139.813 23.7 7
2010 8 24 2 37 36.218 41.0559 139.808 11.3 5
2010 8 24 2 38 3.80698 41.0553 139.768 16 7
2010 8 24 2 38 32.8042 41.0926 139.814 18.3 5
2010 8 24 2 38 32.9196 41.0932 139.807 18.7 6
2010 8 24 2 38 33.056 41.1086 139.809 21.3 6
2010 8 24 2 38 33.3058 41.0823 139.8 12.3 5
2010 8 24 2 38 58.6773 41.0494 139.756 11 5
2010 8 24 2 39 1.63825 41.0942 139.782 14.6 6
2010 8 24 2 39 1.78768 41.0465 139.817 14.9 5
2010 8 24 2 39 2.22859 41.0361 139.814 1.8 5
2010 8 24 2 39 2.38271 41.0587 139.756 5.9 7
2010 8 24 2 39 12.9278 41.0798 139.79 16.2 5
2010 8 24 2 39 30.9713 41.0434 139.828 2.9 5
2010 8 24 2 39 31.0126 41.0835 139.808 18.9 7
2010 8 24 2 39 31.0233 41.1022 139.822 20.4 6
2010 8 24 2 39 31.083 41.1066 139.816 19.5 7
2010 8 24 2 39 34.2402 41.3421 139.897 15.3 7
2010 8 24 2 39 54.2334 41.0993 139.855 12.4 6
2010 8 24 2 40 15.0498 40.9986 139.768 18 6
2010 8 24 2 40 15.1543 40.9673 139.786 18 6
2010 8 24 2 40 15.3271 40.9757 139.758 16.7 8
2010 8 24 2 40 15.4164 40.9649 139.765 15.4 7
2010 8 24 2 40 40.1128 41.1643 139.832 14.3 6
2010 8 24 2 40 40.134 41.0849 139.818 17.3 6
2010 8 24 2 41 22.1573 40.4848 138.62 13.6 7
2010 8 24 2 41 41.4106 41.0219 139.769 17.6 6
2010 8 24 2 41 41.544 41.2111 139.93 21.8 5
2010 8 24 2 43 16.3743 41.0917 139.834 22.2 7
2010 8 24 2 43 16.6202 41.1267 139.849 19 8
2010 8 24 2 43 16.6669 41.1143 139.842 15.6 6
2010 8 24 2 43 17.1191 41.098 139.806 10.3 6
2010 8 24 2 43 17.3704 41.1177 139.858 19.6 5
2010 8 24 2 43 36.6473 41.1398 139.883 15 6
2010 8 24 2 43 50.8143 41.027 139.834 16.2 6
2010 8 24 2 43 55.998 41.1371 140.022 21.2 6
2010 8 24 2 44 42.1825 41.1535 140.007 20.1 6
2010 8 24 2 44 53.2152 40.8648 139.438 12.1 5
2010 8 24 2 44 56.3176 41.0409 139.909 17.7 7
2010 8 24 2 44 56.4376 41.0224 139.887 9.5 5
2010 8 24 2 45 49.4971 41.1064 139.919 29.7 8
2010 8 24 2 45 49.9965 41.1397 139.836 6.9 5
2010 8 24 2 46 11.7985 41.0182 139.896 11.7 5
2010 8 24 2 46 23.322 41.0869 139.896 17.3 6
2010 8 24 2 46 23.3456 41.0876 139.903 20.6 5
2010 8 24 2 46 30.5197 41.0089 139.828 19.1 5
2010 8 24 2 46 57.1368 40.9901 139.859 10.9 5
2010 8 24 2 48 11.8321 41.0757 139.912 15.4 6
2010 8 24 2 48 45.4352 41.1613 139.961 16.7 5
2010 8 24 2 48 45.5294 41.343 139.729 3.2 5
2010 8 24 2 48 45.8674 41.2037 139.945 13.5 5
2010 8 24 2 48 46.0875 40.8602 139.432 23.9 7
2010 8 24 2 48 46.312 41.1151 139.87 9.2 5
2010 8 24 2 49 9.18648 41.1785 140.09 22.3 5
2010 8 24 2 49 22.4366 41.1746 139.971 18.4 7
2010 8 24 2 49 35.805 41.0456 139.942 17.4 8
2010 8 24 2 49 56.1737 41.1181 139.9 25.5 5
2010 8 24 2 50 19.5934 41.0083 139.838 6.1 5
2010 8 24 2 51 25.4434 41.1732 139.965 16.5 5
2010 8 24 2 51 25.9003 41.1586 139.953 11.5 5
2010 8 24 2 51 34.3363 40.9769 139.954 14.1 5
2010 8 24 2 51 34.3898 41.0124 139.914 21.6 5
2010 8 24 2 51 34.6349 41.0123 139.904 16.2 5
2010 8 24 2 51 53.5217 41.5695 139.542 25.7 5
2010 8 24 2 52 28.7683 41.1705 139.982 16.7 7
2010 8 24 2 52 29.1393 41.1143 139.947 29.7 5
2010 8 24 2 52 30.8595 41.0107 139.961 13 5
2010 8 24 2 52 31.0348 41.2344 139.645 8 5
2010 8 24 2 52 49.59 41.104 139.879 10 6
2010 8 24 2 52 52.6035 41.3832 139.743 4.6 5
2010 8 24 2 52 52.8266 41.1564 139.958 14.2 6
2010 8 24 2 53 14.4757 41.1077 140.069 20 5
2010 8 24 2 53 30.9322 40.9808 139.889 10.1 6
2010 8 24 2 53 59.0102 41.0293 139.892 19.3 5
2010 8 24 2 54 5.14688 40.8356 139.444 24.8 5
2010 8 24 2 54 58.8904 41.1712 140.006 19.6 7
2010 8 24 2 55 2.06454 41.1619 139.912 6.3 5
2010 8 24 2 55 2.12627 41.0201 139.897 8.6 5
2010 8 24 2 55 2.19269 41.046 139.95 23 5
2010 8 24 2 55 35.812 41.464 139.806 11 5
2010 8 24 2 56 8.52844 41.1713 140.04 16.3 8
2010 8 24 2 56 8.57153 41.1594 140.046 20.3 7
2010 8 24 2 56 8.6453 41.1662 140.036 16.6 6
2010 8 24 2 56 26.1139 41.0224 139.985 17.8 6
2010 8 24 2 57 5.86786 41.1554 139.979 14.8 5
2010 8 24 2 57 34.1081 41.1984 140.044 15.7 5
2010 8 24 2 58 10.214 41.1183 140.094 23.3 6
2010 8 24 2 58 10.7919 41.1688 140.055 16.4 6
2010 8 24 2 58 27.8781 40.8879 139.86 28 5
2010 8 24 2 58 28.0399 40.8061 139.601 10.7 5
2010 8 24 2 59 27.3053 40.9831 140.033 15.2 8
2010 8 24 2 59 27.3419 40.9917 140.031 17.7 7
2010 8 24 2 59 27.426 41.0442 140.029 17.1 6
2010 8 24 2 59 42.8715 41.0631 140.096 15.7 7
2010 8 24 3 2 34.3481 40.8435 139.76 21.1 6
2010 8 24 3 3 36.2658 41.074 140.044 8.1 6
2010 8 24 3 5 27.5472 41.0387 140.053 12.4 6
2010 8 24 3 12 41.4776 41.3853 139.864 10.2 5
2010 8 24 3 14 51.4982 41.458 139.762 20.3 5
2010 8 24 3 17 58.5786 40.8219 140.002 23.3 5
2010 8 24 3 21 34.3265 40.8846 140.001 16.4 7
2010 8 24 3 22 35.0956 40.8556 140.012 13.4 5
2010 8 24 3 27 53.0901 41.0724 140.075 15.9 6
2010 8 24 3 29 28.2233 40.6315 139.48 19.6 8
2010 8 24 3 30 27.1129 40.499 139.22 14.2 7
2010 8 24 3 30 27.1144 40.5045 139.176 12.7 5
2010 8 24 3 31 20.5072 40.7741 140.027 21.5 5
2010 8 24 3 34 50.0406 40.8427 140.047 22.1 6
2010 8 24 3 34 50.0986 40.8254 140.028 16.7 7
2010 8 24 3 34 50.1411 40.8224 140.038 20.3 7
2010 8 24 3 34 50.4044 40.8124 140.061 12 5
2010 8 24 3 35 17.2729 40.5514 139.153 17.2 7
2010 8 24 3 36 52.1247 40.8456 140.095 21.4 6
2010 8 24 3 36 52.1445 40.8423 140.094 19.5 6
2010 8 24 3 36 52.1577 40.8516 140.082 18.8 8
2010 8 24 3 36 52.1739 40.8446 140.078 16.9 7
2010 8 24 3 36 52.1897 40.8384 140.052 9.3 7
2010 8 24 3 40 52.7397 40.5825 139.284 20.9 6
2010 8 24 3 41 29.6337 40.5868 139.252 13.9 5
2010 8 24 3 41 29.7074 40.6112 139.276 18 6
2010 8 24 3 43 52.1314 41.1121 138.706 12 5
2010 8 24 3 46 6.48985 40.5741 139.326 9.4 6
2010 8 24 3 46 6.49133 40.5685 139.331 2.3 5
2010 8 24 3 55 10.7365 37.3227 129.3 20 6
2010 8 24 3 59 19.8803 37.3587 129.323 10.2 5
2010 8 24 4 7 31.3898 40.7694 139.969 14.3 6
2010 8 24 4 12 12.6031 37.3376 129.346 17 5
2010 8 24 4 14 5.819 37.3727 129.453 23.4 6
2010 8 24 4 21 35.4624 37.2973 129.357 21.6 7
2010 8 24 4 27 41.6404 41.1217 140.053 21.2 6
2010 8 24 4 36 50.7961 37.2649 129.47 24.8 5
2010 8 24 4 39 55.2256 41.0769 139.774 26.7 5
2010 8 24 4 49 13.6591 35.7734 134.391 26.1 6
2010 8 24 4 56 40.2985 35.6101 133.36 19.8 6
2010 8 24 4 58 11.7649 35.6171 133.38 15.5 5
2010 8 24 5 1 33.9375 35.6871 133.401 12.1 6
2010 8 24 5 1 34.1742 35.6463 133.435 20.2 6
2010 8 24 5 2 43.8275 35.6252 133.415 4.6 5
2010 8 24 5 5 21.0736 35.6496 133.398 19.3 7
2010 8 24 5 5 21.2653 35.63 133.525 3.2 5
2010 8 24 5 11 1.49156 41.152 139.969 22.9 5
2010 8 24 5 11 19.0947 37.2016 136.44 24 5
2010 8 24 5 14 27.4651 35.8025 133.153 14.1 5
2010 8 24 5 17 3.68045 35.7271 133.343 16 6
2010 8 24 5 17 55.2755 35.6127 133.607 3.5 5
2010 8 24 5 19 57.3377 35.6253 133.667 23.7 8
2010 8 24 5 25 20.1298 35.841 133.18 14.6 5
2010 8 24 5 28 49.7845 35.6622 133.185 23.8 5
2010 8 24 5 30 8.88256 35.707 133.572 6.2 5
2010 8 24 5 30 42.2515 35.7201 133.51 2.1 6
2010 8 24 5 30 42.3283 35.7192 133.584 7.8 5
2010 8 24 5 31 58.9157 35.6979 133.243 19 6
2010 8 24 5 52 23.9995 35.7047 133.579 25.6 5
2010 8 24 5 52 47.8458 35.6764 134.32 10.5 5
2010 8 24 5 57 50.1885 35.6155 133.848 20.2 9
2010 8 24 6 4 44.8075 35.8657 133.912 10.6 5
2010 8 24 6 8 20.1093 35.8449 134.027 11.3 5
2010 8 24 6 11 8.19828 36.8619 137.161 11.9 5
2010 8 24 6 14 19.1499 35.6866 134.174 24.6 7
2010 8 24 6 23 25.9131 35.6372 134.021 27.6 10
2010 8 24 6 27 59.2001 35.6963 134.251 26.5 10
2010 8 24 6 29 3.69519 35.7203 134.262 28.6 7
2010 8 24 6 30 51.5269 35.9159 133.877 27.1 5
2010 8 24 6 30 51.5797 35.8479 134.121 14.7 5
2010 8 24 6 30 51.7514 35.869 134.089 14.1 5
2010 8 24 6 33 55.7465 37.3412 138.042 17.7 5
2010 8 24 6 45 12.4231 35.7491 134.291 24.7 9
2010 8 24 6 45 12.474 35.7301 134.316 25.6 6
2010 8 24 6 46 34.6761 35.7845 134.065 26 5
2010 8 24 6 48 23.8756 35.7355 134.28 22.2 5
2010 8 24 6 49 33.9226 51.6151 141.32 27.9 9
2010 8 24 6 59 27.0996 51.486 141.452 13.9 7
2010 8 24 6 59 27.6921 51.5227 141.187 8.7 5
2010 8 24 7 13 14.8789 51.4735 141.617 21 9
2010 8 24 7 19 10.1408 51.429 141.632 15.8 8
2010 8 24 7 24 45.4392 51.4215 141.651 15.9 5
2010 8 24 7 29 27.3349 51.4027 141.281 19.9 6
2010 8 24 7 42 51.6684 51.3164 141.619 21.3 7
2010 8 24 7 43 14.433 39.5237 138.688 17.3 7
2010 8 24 7 48 51.9216 47.9606 139.737 6.4 5
2010 8 24 7 50 46.1763 37.0651 137.505 4.9 5
2010 8 24 7 51 38.3156 50.7946 141.276 9.6 5
2010 8 24 7 57 45.2524 37.0579 137.643 22.6 10
2010 8 24 7 57 45.3773 37.0915 137.617 24.5 10
2010 8 24 8 3 8.27936 37.0726 137.412 26.5 6
2010 8 24 8 4 24.909 37.0293 137.644 24.3 5
2010 8 24 8 9 38.0461 37.0657 137.694 4.3 5
2010 8 24 8 12 26.2626 37.1409 137.815 15.6 5
2010 8 24 8 32 50.6141 36.0075 132.795 22.3 5
2010 8 24 8 38 7.31763 35.5781 132.585 5.5 5
2010 8 24 8 38 45.7047 39.4775 138.877 28.6 5
2010 8 24 8 45 57.5395 35.3669 132.385 28.8 6
2010 8 24 8 47 12.5172 35.5978 132.46 10.6 5
2010 8 24 8 48 9.12987 35.6082 132.469 6.8 5
2010 8 24 8 48 47.8241 35.5787 132.499 3 5
2010 8 24 8 59 21.9095 37.4742 131.133 18.7 5
2010 8 24 9 25 52.7637 51.0741 140.68 17 5
2010 8 24 9 25 52.7637 51.1311 140.81 14 5
2010 8 24 9 52 10.9031 51.0537 140.785 21.3 7
2010 8 24 9 56 52.4636 51.0501 140.984 19.5 5
2010 8 24 10 17 48.7468 50.9186 140.914 16.4 5
2010 8 24 10 21 11.2784 50.9813 140.957 16.5 6
2010 8 24 10 57 54.6841 37.5411 138.157 14.9 5
2010 8 24 11 1 21.1556 37.4818 138.268 29.4 5
2010 8 24 11 3 21.5752 37.3511 138.241 26.1 5
2010 8 24 11 3 30.4278 37.552 138.336 28.3 6
2010 8 24 11 4 13.9322 37.555 138.32 28.9 5
2010 8 24 11 7 52.5162 37.5434 138.313 13.6 7
2010 8 24 11 15 18.2983 37.5549 138.44 13 5
2010 8 24 11 15 18.2983 37.5464 138.43 26.5 7
2010 8 24 11 17 2.48303 37.5634 138.421 11.7 5
2010 8 24 11 17 22.6198 37.6047 138.046 6.7 5
2010 8 24 11 19 16.1582 37.6389 138.069 5.1 5
2010 8 24 11 20 2.0848 37.6526 137.988 26.6 6
2010 8 24 11 20 12.3176 37.5592 138.411 17 6
2010 8 24 11 23 43.7193 37.5086 138.378 29.7 9
2010 8 24 11 24 17.311 37.7102 137.994 13.4 5
2010 8 24 11 24 17.4099 37.6279 138.014 16 9
2010 8 24 11 24 46.105 37.7284 138.054 25.4 5
2010 8 24 11 24 46.1999 37.6227 138.042 29.3 10
2010 8 24 11 25 28.7235 37.6893 138.031 14.6 5
2010 8 24 11 25 28.7235 37.7364 138.098 4.3 5
2010 8 24 11 26 47.3895 37.6457 138.099 12.6 5
2010 8 24 11 27 29.9083 37.662 138.109 23.3 5
2010 8 24 11 29 39.8456 37.5379 138.163 12.9 6
2010 8 24 11 30 24.3062 37.6991 138.114 27.2 5
2010 8 24 11 31 3.24691 37.6897 138.107 21.5 8
2010 8 24 11 31 3.32726 37.5779 138.122 12 5
2010 8 24 11 31 37.3379 37.684 138.1 17.5 5
2010 8 24 11 33 2.28084 37.6816 138.409 26.2 5
2010 8 24 11 35 21.6427 37.7367 138.067 12.7 12
2010 8 24 11 39 42.9492 36.524 129.619 17.2 5
2010 8 24 12 15 40.3567 37.7701 138.331 6.2 6
2010 8 24 12 16 51.8163 37.7378 138.471 8.8 5
2010 8 24 12 22 59.2243 37.7404 138.522 16.4 6
2010 8 24 12 28 4.78507 37.6826 138.476 7.7 6
2010 8 24 13 14 0.751414 49.8093 140.758 18.4 6
2010 8 24 13 21 27.9317 49.7226 140.615 21.4 7
2010 8 24 13 34 5.49894 49.6646 140.747 23.4 10
2010 8 24 16 17 40.8194 39.2244 139.288 14.6 8
2010 8 24 16 19 8.93338 39.2932 139.754 8.3 5
2010 8 24 16 23 18.0088 39.2226 139.656 18.2 5
2010 8 24 16 23 18.344 39.1432 139.759 20.6 6
2010 8 24 16 24 8.77797 39.2958 139.585 6.2 6
2010 8 24 16 26 18.8538 39.2496 139.675 16 8
2010 8 24 16 33 21.3959 39.261 139.666 29.1 5
2010 8 24 16 35 54.8836 39.2358 139.7 17.7 9
2010 8 24 16 37 23.8304 39.2906 139.747 20.8 6
2010 8 24 16 39 14.3075 39.208 139.748 14.5 5
2010 8 24 16 42 7.15142 39.2655 139.784 16.3 8
2010 8 24 16 53 43.9786 39.3117 139.783 19.6 5
2010 8 24 17 3 22.1623 39.2639 139.706 25.6 5
2010 8 24 17 5 48.7696 39.2354 139.74 26.6 7
2010 8 24 17 10 40.1596 39.2095 139.77 21 7
2010 8 24 17 13 25.3339 39.2297 139.766 21.9 9
2010 8 24 17 13 56.1425 39.2707 139.784 16.6 5
2010 8 24 17 14 20.4926 39.2293 139.757 16.6 9
2010 8 24 17 15 3.93075 39.1959 139.788 17.4 9
2010 8 24 17 16 2.27558 39.2318 139.766 18.3 5
2010 8 24 17 29 23.7933 37.7608 130.68 4.5 5
2010 8 24 17 37 12.6607 39.1653 139.702 19 5
2010 8 24 17 42 13.8855 39.1771 139.701 19.3 8
2010 8 24 17 43 23.6209 39.1693 139.705 15.8 7
2010 8 24 17 44 9.35256 39.2674 139.741 18.5 5
2010 8 24 17 44 28.1823 39.261 139.76 15.6 5
2010 8 24 17 44 51.8838 39.2135 139.768 15.3 5
2010 8 24 17 45 14.3337 39.2544 139.641 2.4 5
2010 8 24 17 45 54.6324 39.1862 139.726 15.1 5
2010 8 24 17 46 23.4984 39.159 139.713 20 9
2010 8 24 17 46 23.655 39.1798 139.725 20.5 5
2010 8 24 17 47 18.3288 39.1889 139.768 18.7 6
2010 8 24 17 47 33.0395 39.2213 139.726 18.9 9
2010 8 24 17 47 33.1581 39.202 139.752 6 5
2010 8 24 17 47 50.8784 39.1621 139.701 11 6
2010 8 24 17 49 36.8146 39.199 139.743 19.7 6
2010 8 24 17 49 36.9759 39.1625 139.714 19.9 7
2010 8 24 17 52 3.30185 39.2651 139.78 20.5 5
2010 8 24 17 52 3.45235 39.2097 139.766 21.7 6
2010 8 24 17 52 31.5874 39.2036 139.783 23.2 7
2010 8 24 17 53 29.3669 39.1657 139.714 17.2 7
2010 8 24 17 54 9.81123 39.1899 139.744 22.3 5
2010 8 24 17 54 9.91193 39.1579 139.742 23.2 6
2010 8 24 17 55 10.1503 39.198 139.749 22.5 7
2010 8 24 17 56 18.8379 39.2773 139.791 19.5 5
2010 8 24 17 59 29.4142 39.1863 139.785 22.3 7
2010 8 24 18 0 11.3837 39.1407 139.748 28.2 7
2010 8 24 18 39 44.4093 38.1081 131.222 6.5 5
2010 8 24 18 41 58.8012 37.6664 129.36 23.5 8
2010 8 24 18 58 23.0586 37.8429 129.395 26.3 8
2010 8 24 19 41 45.2299 38.2332 131.426 17.5 5
2010 8 24 19 55 19.7946 37.9176 132.144 22.4 10
2010 8 24 20 15 37.7477 37.8431 132.23 10.8 5
2010 8 24 20 16 3.94245 37.8835 132.209 21.2 5
2010 8 24 20 18 56.5625 35.286 131.372 17.6 8
2010 8 24 20 24 51.8823 37.798 132.278 13.7 5
2010 8 24 20 25 35.6443 37.8054 132.264 15.5 5
2010 8 24 20 26 27.5897 37.7677 132.313 7.5 5
2010 8 24 20 31 46.3048 37.8444 132.296 8.6 5
2010 8 24 20 32 16.9575 37.8503 132.284 15 5
2010 8 24 20 32 38.6088 37.8383 132.337 9.3 6
2010 8 24 20 32 54.5245 37.8532 132.271 8.3 5
2010 8 24 20 34 40.5368 37.8605 132.304 14.3 5
2010 8 24 20 36 49.7051 37.8873 132.305 7 5
2010 8 24 20 38 3.84035 37.8582 132.325 17.7 6
2010 8 24 20 38 3.92345 37.8411 132.345 7.3 6
2010 8 24 20 39 40.9066 37.8416 132.35 6.6 5
2010 8 24 20 40 4.14208 37.8351 132.383 8.1 5
2010 8 24 20 40 42.563 37.8212 132.37 5.4 5
2010 8 24 20 42 4.25158 37.876 132.39 2.4 5
2010 8 24 20 43 54.4741 37.8335 132.395 2.3 5
2010 8 24 20 46 35.186 37.8918 132.404 12.9 6
2010 8 24 20 46 35.3093 37.9169 132.427 13.2 5
2010 8 24 20 46 35.3796 37.9042 132.375 13.4 5
2010 8 24 21 5 5.73705 38.2792 132.088 14.6 6
2010 8 24 21 30 37.3417 38.067 132.467 4.6 5
2010 8 24 21 30 37.437 38.1342 132.39 4.7 5
2010 8 24 21 53 59.2697 38.0099 132.579 18.8 8
2010 8 24 21 55 4.07313 36.137 130.497 29.8 7
2010 8 24 21 57 1.70852 38.0066 132.565 20.4 6
2010 8 24 21 59 56.7162 35.1422 130.847 16 5
2010 8 24 21 59 56.79 35.1814 130.862 17.8 7
2010 8 24 22 1 50.8792 38.0501 132.643 18.9 7
2010 8 24 22 2 28.5257 38.0109 132.641 17.1 7
2010 8 24 22 2 54.001 35.1838 130.853 14.2 8
2010 8 24 22 3 16.6376 35.1918 130.907 2 5
2010 8 24 22 3 16.7099 35.1965 130.916 19.2 6
2010 8 24 22 3 34.0777 35.5126 130.374 12.5 5
2010 8 24 22 4 1.36881 35.1896 130.881 17.6 5
2010 8 24 22 4 1.51171 35.186 130.835 14.9 8
2010 8 24 22 4 29.7737 35.203 130.906 17.9 6
2010 8 24 22 4 43.4149 35.1958 130.875 16.9 5
2010 8 24 22 5 45.1529 37.9625 132.733 8.2 6
2010 8 24 22 5 57.3941 35.1748 130.874 22.4 5
2010 8 24 22 6 33.8121 38.029 132.792 14.1 6
2010 8 24 22 6 34.1021 38.0141 132.705 15.6 5
2010 8 24 22 6 40.8613 35.2192 130.9 15.3 6
2010 8 24 22 7 15.4497 38.0105 132.711 16.7 6
2010 8 24 22 8 29.0622 37.9901 132.742 27.3 8
2010 8 24 22 8 29.1617 37.9971 132.754 25.9 7
2010 8 24 22 8 29.3078 38.3399 132.108 27.4 5
2010 8 24 22 8 29.6717 37.9582 132.77 5.3 5
2010 8 24 22 8 30.8095 35.2309 130.877 21.9 6
2010 8 24 22 9 3.15243 35.2159 130.892 18.6 6
2010 8 24 22 9 25.3501 35.4797 130.39 19 5
2010 8 24 22 9 43.8825 35.1888 130.939 17.1 5
2010 8 24 22 10 53.6058 35.1592 131.169 16.7 5
2010 8 24 22 12 20.7387 35.1678 130.832 20.9 8
2010 8 24 22 12 20.7722 35.1901 130.839 4.5 5
2010 8 24 22 13 46.4417 35.1762 130.862 21.3 8
2010 8 24 22 14 9.73157 38.4107 132.092 28.3 5
2010 8 24 22 14 9.86454 38.0006 132.802 17.3 6
2010 8 24 22 15 24.6781 35.5814 130.402 27.9 5
2010 8 24 22 16 0.912729 35.2156 130.888 17.3 7
2010 8 24 22 16 46.9178 38.0592 132.797 26.1 6
2010 8 24 22 16 47.0681 38.0695 132.784 4.8 6
2010 8 24 22 18 27.903 38.3963 132.247 26 5
2010 8 24 22 22 45.3926 35.2455 130.893 3 6
2010 8 24 22 24 15.4914 35.7017 131.435 25.5 9
2010 8 24 22 29 53.1382 38.0397 133.05 2.1 5
2010 8 24 22 38 43.4737 35.1348 129.97 22.7 5
2010 8 24 22 47 55.8217 35.3353 131.014 17.2 7
2010 8 24 22 47 55.9193 35.283 130.968 6.3 6
2010 8 24 22 47 55.9434 35.3025 130.97 5.1 8
2010 8 24 22 49 9.68668 35.3362 130.902 29.8 5
2010 8 24 22 49 9.82165 35.3604 131.03 25.2 9
2010 8 24 22 50 3.12954 35.3151 131.018 19.6 8
2010 8 24 22 51 0.622196 35.6223 130.457 22.8 5
2010 8 24 22 51 39.5747 35.3295 130.973 22.2 6
2010 8 24 22 54 11.7595 35.3504 130.961 18.7 5
2010 8 24 22 54 11.8664 35.3298 131.022 14.1 6
2010 8 24 22 56 33.3188 35.3672 131.015 17.7 6
2010 8 24 22 56 33.4114 35.362 131.002 14.3 8
2010 8 24 22 57 43.4059 35.2882 131.086 5.7 6
2010 8 24 22 58 27.8712 35.6326 130.516 21.1 5
2010 8 24 22 58 27.923 35.3732 131.051 17.7 8
2010 8 24 22 58 28.0209 35.3365 131.03 8 8
2010 8 24 22 58 28.0721 35.3546 131.044 12.2 8
2010 8 24 22 59 29.7053 35.3837 131.062 17.3 7
2010 8 24 23 0 0.524647 35.3918 131.05 25.7 7
2010 8 24 23 0 33.6073 35.3563 131.054 14.9 7
2010 8 24 23 1 59.7365 35.3292 131.028 26 6
2010 8 24 23 1 59.8311 35.5005 130.777 18.7 5
2010 8 24 23 3 16.6678 35.3341 131.061 30 9
2010 8 24 23 3 16.7359 35.3463 131.063 25.3 8
2010 8 24 23 15 34.1945 38.1772 133.281 24.1 6
2010 8 24 23 16 45.7991 35.4662 131.099 9.6 6
2010 8 24 23 20 17.6877 35.4495 131.086 27.4 9
2010 8 24 23 20 17.7818 35.4665 131.089 19.1 5
2010 8 24 23 23 3.50743 38.074 133.138 7.3 6
2010 8 24 23 23 26.0346 38.0757 133.167 18.5 5
2010 8 24 23 23 57.2853 38.0771 133.121 8 5
2010 8 24 23 24 42.6379 38.0585 133.193 8.2 5
2010 8 24 23 25 29.5073 35.5363 131.135 12.8 8
2010 8 24 23 26 50.1709 38.1261 133.277 10.6 6
2010 8 24 23 27 35.1921 38.1243 133.32 10.2 6
2010 8 24 23 28 41.4594 38.0556 133.24 3 5
2010 8 24 23 31 32.5139 38.1605 133.22 17 8
2010 8 24 23 33 22.3444 38.1132 133.141 5 5
2010 8 24 23 34 2.11523 38.1281 133.211 21.9 7
2010 8 24 23 34 2.1948 38.058 133.247 4.9 6
2010 8 24 23 35 42.6108 38.2717 133.108 3.2 5
2010 8 24 23 35 42.6109 38.0203 133.382 5.8 5
2010 8 24 23 35 43.2802 38.1669 133.355 16.7 7
2010 8 24 23 36 12.0986 37.9999 133.363 4.6 5
2010 8 24 23 37 2.80925 38.0476 133.312 1.6 6
2010 8 24 23 37 30.4609 38.1391 133.303 18.8 7
2010 8 24 23 37 30.6917 38.1398 133.339 16.9 5
2010 8 24 23 38 35.1283 38.08 133.27 4 7
2010 8 24 23 40 7.28467 38.1142 133.315 26.3 9
2010 8 24 23 40 7.36103 38.1618 133.289 16.7 8
2010 8 24 23 40 7.44698 38.1824 133.257 22.2 6
2010 8 24 23 41 46.2604 38.0612 133.301 19.9 8
2010 8 24 23 43 17.0537 38.0575 133.35 2.7 6
2010 8 24 23 43 59.192 38.0827 133.213 5.9 7
2010 8 24 23 44 20.0318 38.0945 133.284 5.4 5
2010 8 24 23 44 51.2926 38.1032 133.329 18.9 8
2010 8 24 23 46 58.3523 38.1141 133.38 17.7 9
2010 8 24 23 47 24.3799 38.0828 133.283 24.6 5
2010 8 24 23 47 49.5918 38.1585 133.323 17 6
2010 8 24 23 49 10.6338 38.1223 133.252 7.9 6
2010 8 24 23 49 10.8199 38.2977 133.144 25.4 6
2010 8 24 23 50 23.4562 38.0735 133.258 29.8 6
2010 8 24 23 50 44.5806 38.0741 133.335 3.7 5
2010 8 24 23 51 17.1693 38.1672 133.341 27.6 6
2010 8 24 23 51 17.4117 38.146 133.316 16.2 7
2010 8 24 23 51 17.5196 38.3353 133.132 6.3 5
2010 8 24 23 51 17.6038 38.1489 133.326 20.2 7
2010 8 24 23 52 24.6643 38.0906 133.394 6.4 5
2010 8 24 23 52 37.2201 38.1769 133.364 15.6 9
2010 8 24 23 54 49.8615 38.1563 133.382 17.3 7
2010 8 24 23 54 56.5795 38.1914 133.394 11.8 5
2010 8 24 23 56 0.69111 38.1639 133.316 10.1 6
2010 8 24 23 57 54.1569 38.1731 133.385 15.5 7
2010 8 24 23 58 18.4021 38.1398 133.34 3.9 5
2010 8 24 23 59 48.0483 38.1687 133.449 26.7 8
2010 8 25 0 0 25.6958 38.1472 133.379 8.1 6
2010 8 25 0 1 55.1356 38.188 133.445 16.9 5
2010 8 25 0 2 59.9516 38.1549 133.458 5.8 5
2010 8 25 0 3 0.026503 38.1907 133.454 22.7 7
2010 8 25 0 4 42.0813 38.1823 133.462 16.1 8
2010 8 25 0 4 42.2491 38.3742 133.145 21.4 6
2010 8 25 0 6 19.8698 38.1649 133.46 7.8 5
2010 8 25 0 6 19.9332 38.1988 133.57 10.9 6
2010 8 25 0 7 53.1018 38.1277 133.589 8.3 6
2010 8 25 0 7 53.1903 38.1883 133.477 17.1 6
2010 8 25 0 7 53.2394 38.1357 133.562 3.7 6
2010 8 25 0 7 53.2729 38.253 133.534 13 6
2010 8 25 0 18 29.7852 38.1516 133.593 15.1 5
2010 8 25 0 20 59.1047 38.1283 133.512 25 5
2010 8 25 0 22 16.3506 38.1299 133.489 17.1 5
2010 8 25 0 26 21.2323 38.1272 133.556 23.9 6
2010 8 25 0 27 30.3828 38.5952 133.082 2.2 5
2010 8 25 0 29 57.8667 38.0904 133.573 23.7 9
2010 8 25 0 30 32.635 38.3386 133.381 6.7 5
2010 8 25 0 33 55.3354 38.2912 133.558 13 6
2010 8 25 0 34 1.84697 38.3404 133.431 10.7 5
2010 8 25 0 34 21.0345 38.3363 133.443 3.5 5
2010 8 25 0 34 34.0119 38.3003 133.521 8.3 5
2010 8 25 0 34 55.8155 38.2815 133.54 1.8 5
2010 8 25 0 35 8.56754 38.316 133.455 6.7 6
2010 8 25 0 35 26.8765 38.3398 133.481 17 5
2010 8 25 0 35 27.2524 38.3981 133.526 20.5 6
2010 8 25 0 36 44.0818 38.1147 133.589 8.7 6
2010 8 25 0 36 50.3765 38.2508 133.542 1.5 5
2010 8 25 0 38 51.426 38.3003 133.497 20.4 5
2010 8 25 0 38 58.4125 38.2872 133.571 4.7 6
2010 8 25 0 39 48.0589 38.3737 133.466 19.7 8
2010 8 25 0 39 48.2038 38.2598 133.557 8.8 5
2010 8 25 0 39 48.2038 38.4286 133.355 28.5 6
2010 8 25 0 40 10.8373 38.2761 133.647 5.6 5
2010 8 25 0 40 39.944 39.1977 132.574 28.5 5
2010 8 25 0 40 58.2769 38.3373 133.516 18 6
2010 8 25 0 41 20.0464 38.3212 133.572 12.4 6
2010 8 25 0 41 39.604 38.3395 133.564 18.7 7
2010 8 25 0 41 39.7079 38.2853 133.824 21.3 6
2010 8 25 0 42 4.54805 38.345 133.496 17.1 9
2010 8 25 0 42 19.7796 38.3462 133.565 14.4 7
2010 8 25 0 43 0.560206 38.2871 133.589 2.8 5
2010 8 25 0 43 25.419 38.3227 133.567 23.6 6
2010 8 25 0 43 25.4859 38.3084 133.56 15.9 7
2010 8 25 0 43 36.8875 38.3433 133.585 17.9 7
2010 8 25 0 43 55.6198 38.3271 133.631 4.2 5
2010 8 25 0 43 55.7791 38.6356 133.422 26.6 6
2010 8 25 0 43 55.7791 38.2779 133.685 6.4 5
2010 8 25 0 44 2.62725 38.2896 133.594 11.4 6
2010 8 25 0 44 2.8394 38.3293 133.58 19.4 7
2010 8 25 0 44 31.8043 38.3557 133.599 12.9 7
2010 8 25 0 44 45.351 38.3589 133.597 24.2 7
2010 8 25 0 45 16.2518 38.3222 133.559 14.1 10
2010 8 25 0 45 55.0872 38.3313 133.563 6.2 7
2010 8 25 0 47 13.2524 38.3095 133.55 20.7 6
2010 8 25 0 47 13.4145 38.3365 133.589 22.6 6
2010 8 25 0 47 58.3384 38.4007 133.547 9.4 5
2010 8 25 0 47 58.49 38.2899 133.559 5.3 7
2010 8 25 0 47 58.6101 38.3346 133.505 19 6
2010 8 25 0 48 33.5341 38.3101 133.687 3.3 5
2010 8 25 0 48 33.6262 38.3492 133.611 25.4 10
2010 8 25 0 48 33.9271 38.3778 133.654 18.7 5
2010 8 25 0 49 2.7171 38.3708 133.581 22.7 6
2010 8 25 0 50 24.8638 38.3039 133.655 8.6 6
2010 8 25 0 50 55.6957 38.2892 133.641 2.4 5
2010 8 25 0 51 40.6856 38.6794 133.103 15.3 5
2010 8 25 0 51 41.2636 38.348 133.568 4.4 5
2010 8 25 0 52 14.8194 38.6681 133.105 23.5 5
2010 8 25 0 52 59.206 39.0838 132.687 25.3 5
2010 8 25 0 53 46.011 38.3372 133.632 21 10
2010 8 25 0 53 47.1179 38.3644 133.64 23.3 6
2010 8 25 0 54 38.061 38.3621 133.628 17.1 6
2010 8 25 1 38 57.0825 37.7563 132.505 29.3 5
2010 8 25 1 47 22.9653 38.2881 133.927 11.7 7
2010 8 25 1 57 40.5863 38.3303 134.034 14.8 9
2010 8 25 2 3 9.12126 38.3591 134.081 17 8
2010 8 25 2 3 9.25677 38.3135 134.125 7.4 6
2010 8 25 3 24 17.0164 38.4762 134.42 2.7 5
2010 8 25 3 24 17.0853 38.5253 134.422 21.4 7
2010 8 25 3 29 39.1336 38.5147 134.513 3.6 5
2010 8 25 3 29 39.4764 38.555 134.486 18.4 5
2010 8 25 3 37 34.4534 38.5032 134.545 21.2 5
2010 8 25 3 45 51.3399 37.8855 133.041 8.4 5
2010 8 25 3 53 14.3357 38.5084 134.679 27.7 6
2010 8 25 3 54 29.9979 38.4577 134.7 5 5
2010 8 25 3 54 30.095 38.5244 134.666 19.2 7
2010 8 25 4 44 47.1948 35.4233 130.301 5.3 5
2010 8 25 4 46 51.4694 35.4582 130.25 7.9 5
2010 8 25 4 50 46.7906 35.5138 130.256 29.6 8
2010 8 25 4 51 52.3807 35.5165 130.309 18.9 6
2010 8 25 4 53 16.6068 35.5401 130.264 16.1 5
2010 8 25 4 58 33.2253 35.3829 130.467 3.7 5
2010 8 25 4 58 33.2253 35.5614 130.271 25.7 6
2010 8 25 5 7 52.078 35.5815 130.326 27.5 7
2010 8 25 5 7 52.1146 35.5356 130.299 5.4 5
2010 8 25 5 47 10.7528 35.7058 130.524 14.9 5
2010 8 25 5 49 6.12279 35.5566 130.381 11.2 6
2010 8 25 5 53 6.55312 36.4057 136.186 28.2 5
2010 8 25 5 53 27.5712 35.3187 130.81 28.3 10
2010 8 25 5 57 20.0716 35.3588 130.819 18.8 6
2010 8 25 5 59 15.4708 35.3624 130.832 18.8 12
2010 8 25 6 0 31.2257 35.4179 130.597 17.3 5
2010 8 25 6 0 31.2257 35.2916 130.958 28.2 8
2010 8 25 6 1 30.1438 35.3853 130.821 18.4 7
2010 8 25 6 2 3.79698 35.3762 130.727 29.6 8
2010 8 25 6 2 3.79702 35.2728 130.873 7.1 5
2010 8 25 6 2 17.3186 35.1109 129.444 8.9 8
2010 8 25 6 2 57.0575 36.0259 130.564 28.2 5
2010 8 25 6 2 57.2088 35.2642 130.807 8.5 5
2010 8 25 6 4 53.32 35.3266 130.923 28.8 8
2010 8 25 6 6 24.1722 35.7663 130.613 23.7 7
2010 8 25 6 7 41.9959 35.1517 129.526 19.7 6
2010 8 25 6 8 54.8436 35.5998 130.592 18.2 5
2010 8 25 6 9 39.4453 35.3615 130.843 29.3 6
2010 8 25 6 10 13.1355 35.1373 129.508 19.7 6
2010 8 25 6 10 16.855 35.7132 130.665 26.2 7
2010 8 25 6 16 11.2195 35.4743 130.927 21.6 8
2010 8 25 6 20 30.1937 35.2994 130.821 6.4 5
2010 8 25 6 21 27.7617 35.3471 130.818 26.7 7
2010 8 25 6 22 41.6886 35.3629 130.761 27.5 6
2010 8 25 6 22 41.7405 35.3929 130.821 19.8 8
2010 8 25 6 23 44.1015 35.3804 130.796 26.6 8
2010 8 25 6 23 44.1015 35.3085 130.898 15.2 8
2010 8 25 6 24 37.2907 35.4206 130.911 29.8 6
2010 8 25 6 31 39.0638 35.5332 130.875 6.2 5
2010 8 25 6 36 18.556 35.4408 130.831 26 6
2010 8 25 6 41 51.6831 35.49 130.902 15.7 6
2010 8 25 6 52 7.89872 38.6964 135.817 9.6 8
2010 8 25 6 55 27.2339 38.5488 135.76 7.2 5
2010 8 25 7 3 10.4079 38.6438 135.829 23.9 5
2010 8 25 7 3 25.0334 38.5283 135.816 3.9 6
2010 8 25 7 6 23.1328 38.6037 135.853 9.3 8
2010 8 25 7 6 50.5225 38.6033 135.758 24 6
2010 8 25 7 7 20.6267 38.5653 135.812 19.3 7
2010 8 25 7 10 46.2745 38.5722 135.903 18.7 7
2010 8 25 7 11 9.07854 38.5974 135.948 17.5 7
2010 8 25 7 13 38.9534 38.5604 135.918 14.9 5
2010 8 25 7 14 0.840578 38.5755 135.9 24.4 5
2010 8 25 7 14 14.4056 38.5699 135.898 9.8 5
2010 8 25 7 15 24.0238 38.5026 135.962 6.5 5
2010 8 25 7 16 10.2856 38.5489 135.956 4.9 5
2010 8 25 7 16 53.2084 38.7223 135.786 16.7 5
2010 8 25 7 19 10.3631 38.5729 135.88 19.7 5
2010 8 25 7 20 10.4944 38.636 136.029 26.6 5
2010 8 25 7 20 11.04 38.5633 136.01 8.7 7
2010 8 25 7 20 11.2333 38.642 135.938 14.6 6
2010 8 25 7 21 32.6214 38.5257 136.05 16.5 5
2010 8 25 7 22 23.8485 38.6095 135.954 25.9 6
2010 8 25 7 23 18.6174 36.8174 136.602 23.7 6
2010 8 25 7 23 45.1488 38.5617 136.033 19.4 6
2010 8 25 7 24 0.131447 38.6218 135.975 18.4 7
2010 8 25 7 24 20.8862 38.6032 135.897 10.1 5
2010 8 25 7 24 34.6272 35.2152 129.451 12.4 6
2010 8 25 7 25 24.66 38.6197 135.977 18.2 9
2010 8 25 7 26 42.3876 38.6105 136.078 16.6 5
2010 8 25 7 27 57.1489 38.5785 135.992 25.4 5
2010 8 25 7 28 25.734 38.5604 136.041 27 5
2010 8 25 7 28 39.6177 35.2456 129.368 16.5 5
2010 8 25 7 28 39.6177 35.2034 129.487 20.7 10
2010 8 25 7 29 17.4454 38.5281 136.076 25.3 6
2010 8 25 7 29 17.5859 38.4784 136.064 3.7 5
2010 8 25 7 29 17.7272 38.536 136.098 4.6 5
2010 8 25 7 29 26.7347 36.8501 137.185 17.4 5
2010 8 25 7 30 6.10907 35.2242 129.478 22.9 5
2010 8 25 7 30 36.9624 38.5808 136.048 27.9 6
2010 8 25 7 31 44.7923 35.1996 129.497 24.6 7
2010 8 25 7 33 3.79105 35.6684 132.888 16.4 5
2010 8 25 7 33 45.1106 38.5825 136.079 22.4 7
2010 8 25 7 33 45.4233 38.5743 135.834 8.4 5
2010 8 25 7 40 45.0897 38.5709 135.982 27.1 8
2010 8 25 7 41 28.5182 38.5065 136.097 10.4 6
2010 8 25 7 41 57.8537 38.6058 136.212 19.1 8
2010 8 25 7 42 53.9987 38.5917 136.133 25.5 6
2010 8 25 7 50 57.3115 35.3214 132.346 10 5
2010 8 25 7 58 57.5355 38.6327 136.441 10.7 5
2010 8 25 7 58 57.5355 38.7146 136.485 6.2 6
2010 8 25 8 0 19.2493 38.5608 136.326 26.7 5
2010 8 25 8 1 50.1945 38.5786 136.33 25 8
2010 8 25 8 6 18.5246 38.5706 136.388 17.8 6
2010 8 25 8 10 26.2337 38.4372 136.387 27.5 7
2010 8 25 8 12 15.5365 38.3846 136.445 17.8 7
2010 8 25 8 12 15.723 38.466 136.473 15.2 5
2010 8 25 8 14 0.629065 38.5082 136.422 28.8 7
2010 8 25 8 15 25.307 38.4802 136.457 17.1 8
2010 8 25 8 16 45.3693 38.3996 136.499 19.7 6
2010 8 25 8 17 3.93755 38.424 136.548 28.4 5
2010 8 25 8 20 26.173 38.499 136.09 23.2 5
2010 8 25 8 20 26.173 38.339 136.531 8 6
2010 8 25 8 20 26.2666 38.4503 136.387 22.7 6
2010 8 25 8 22 2.38182 38.7185 136.236 18.4 6
2010 8 25 8 22 2.38182 38.6055 136.529 26.7 5
2010 8 25 8 32 57.2645 38.4566 136.592 23 11
2010 8 25 8 44 19.6723 39.0398 136.505 18.4 5
2010 8 25 9 18 27.7302 35.6071 133.253 4.8 5
2010 8 25 9 19 36.9653 35.6078 133.221 14.3 8
2010 8 25 9 19 58.373 35.687 133.952 18.3 5
2010 8 25 9 25 59.4811 35.6382 133.27 22 6
2010 8 25 9 26 16.5638 35.6772 134.085 11.3 5
2010 8 25 9 29 10.5315 35.6442 133.018 11.6 5
2010 8 25 9 29 10.5315 35.6391 133.388 27.3 6
2010 8 25 9 29 54.2983 35.6045 133.556 11.9 6
2010 8 25 9 30 40.4163 35.6278 133.503 13.2 5
2010 8 25 9 30 40.5657 35.6708 133.018 20.9 6
2010 8 25 9 33 4.70505 35.6821 133.355 29.7 7
2010 8 25 9 36 0.834111 35.6159 133.307 17.6 6
2010 8 25 9 36 23.7154 35.7023 133.396 8.9 6
2010 8 25 9 36 23.8777 35.7078 133.165 11.5 5
2010 8 25 9 37 5.11914 35.6901 133.903 25 6
2010 8 25 9 39 0.31961 35.7901 133.008 11.6 5
2010 8 25 9 39 25.0613 35.6141 133.745 26.3 8
2010 8 25 9 39 31.5186 35.6488 133.355 19.3 6
2010 8 25 9 40 3.98592 35.6531 133.378 5 5
2010 8 25 9 40 30.5228 35.6698 133.78 8.3 5
2010 8 25 9 40 30.5752 35.6551 133.701 17.4 8
2010 8 25 9 40 46.1068 35.6378 133.217 13.8 5
2010 8 25 9 40 53.1289 35.6263 133.497 14.1 7
2010 8 25 9 41 42.3539 35.6685 133.78 17.5 5
2010 8 25 9 41 43.8404 35.6252 133.447 23.1 8
2010 8 25 9 41 53.8481 35.8176 135.465 18.5 5
2010 8 25 9 42 30.1507 35.6261 133.476 17.7 11
2010 8 25 9 43 0.515731 35.6275 133.485 17.6 7
2010 8 25 9 43 14.6391 35.6213 133.531 23.6 6
2010 8 25 9 43 31.1029 35.6072 133.463 23.8 10
2010 8 25 9 43 50.7921 35.6181 133.663 18 12
2010 8 25 9 44 19.575 35.6438 133.243 9.6 5
2010 8 25 9 44 30.374 35.6833 133.436 5.1 5
2010 8 25 9 45 4.30995 35.6642 133.491 22.1 8
2010 8 25 9 45 4.30997 35.6542 133.52 19.1 6
2010 8 25 9 45 4.46952 35.6972 133.263 9.7 5
2010 8 25 9 45 22.1209 35.8681 133.369 8.7 5
2010 8 25 9 45 41.8763 35.6679 133.54 26.4 8
2010 8 25 9 45 41.9625 35.6712 133.502 28.6 8
2010 8 25 9 45 42.119 35.7109 133.479 26.2 6
2010 8 25 9 45 42.3654 35.6693 133.488 24.2 7
2010 8 25 9 45 53.0553 35.6758 133.638 27.2 5
2010 8 25 9 45 53.5513 35.6238 133.727 8.2 5
2010 8 25 9 45 58.6112 35.6679 133.437 15.9 6
2010 8 25 9 46 11.531 35.6956 133.719 26.8 5
2010 8 25 9 46 27.9961 35.6592 133.455 13.6 8
2010 8 25 9 47 14.6654 35.6431 133.473 22.9 11
2010 8 25 9 47 32.3271 35.6367 133.627 23 12
2010 8 25 9 47 35.9054 35.6288 133.629 29.6 7
2010 8 25 9 47 47.1069 35.6427 133.446 26.7 10
2010 8 25 9 48 9.17746 35.67 133.618 18.1 7
2010 8 25 9 48 35.3223 35.6843 133.456 27.6 6
2010 8 25 9 48 35.3224 35.666 133.553 25.1 5
2010 8 25 9 48 35.3853 35.6033 133.672 16.3 6
2010 8 25 9 48 57.8609 35.6513 133.628 18 8
2010 8 25 9 49 2.50037 35.6389 133.337 12.1 5
2010 8 25 9 49 10.657 35.639 133.496 25.7 7
2010 8 25 9 49 12.3278 35.7424 133.137 12.3 5
2010 8 25 9 49 42.6778 35.7557 133.323 14.4 5
2010 8 25 9 49 56.7469 35.6764 133.424 15.2 8
2010 8 25 9 49 56.8301 35.7087 133.349 15.3 5
2010 8 25 9 49 56.9897 35.674 133.31 6.9 5
2010 8 25 9 50 16.1834 35.6451 133.496 25 8
2010 8 25 9 50 39.5073 35.6635 133.633 16.5 12
2010 8 25 9 50 39.5605 35.6569 133.851 22.3 5
2010 8 25 9 50 52.5176 35.6274 133.511 29.7 8
2010 8 25 9 51 13.6341 35.6618 133.493 20.4 8
2010 8 25 9 51 26.5971 35.6932 133.459 26.5 8
2010 8 25 9 51 26.8171 35.6721 133.488 28.2 5
2010 8 25 9 52 0.562591 35.7253 133.46 29.5 6
2010 8 25 9 52 25.0042 35.7119 133.459 12.9 7
2010 8 25 9 52 25.0042 35.6762 133.655 19.1 5
2010 8 25 9 52 55.818 35.748 133.625 5.7 6
2010 8 25 9 53 8.34987 35.6237 133.617 14.3 7
2010 8 25 9 53 8.45828 35.8907 133.299 20.1 5
2010 8 25 9 53 11.6814 35.7069 133.506 24.3 8
2010 8 25 9 53 11.6815 35.6886 133.63 11.5 7
2010 8 25 9 54 34.5201 35.6858 133.772 7.8 5
2010 8 25 9 55 11.1702 35.7057 133.429 10.8 5
2010 8 25 9 55 51.4991 35.6139 133.665 8.5 5
2010 8 25 9 56 23.0912 35.7258 133.543 1.7 5
2010 8 25 9 56 27.1963 35.6379 133.691 0.9 5
2010 8 25 9 56 30.4777 35.696 133.564 21 9
2010 8 25 9 56 35.4907 35.6348 133.537 29.7 5
2010 8 25 9 56 47.8035 35.7326 133.503 19.2 8
2010 8 25 9 56 48.3367 35.626 133.634 14 6
2010 8 25 9 57 0.356453 35.6958 133.591 27.6 8
2010 8 25 9 57 9.70275 35.6841 133.636 16.5 10
2010 8 25 9 57 9.88562 35.6947 133.256 13.8 6
2010 8 25 9 57 10.0057 35.6863 133.479 19.6 5
2010 8 25 9 57 22.396 35.6803 133.711 14.7 5
2010 8 25 9 57 26.3009 35.6457 133.763 26.7 5
2010 8 25 9 57 48.1024 35.6856 133.562 4.3 5
2010 8 25 9 57 49.7458 35.6556 133.669 23.7 10
2010 8 25 9 57 49.7458 35.6589 133.713 28 5
2010 8 25 9 57 51.3062 35.7266 133.245 20.4 6
2010 8 25 9 57 51.3062 35.6912 133.495 8.4 6
2010 8 25 9 57 51.3703 35.6705 133.413 16.8 6
2010 8 25 9 57 51.3703 35.6258 133.482 23.6 5
2010 8 25 9 58 39.4304 35.6886 133.577 12.2 9
2010 8 25 9 58 43.6696 35.6977 133.82 19.1 5
2010 8 25 9 59 10.4977 35.6269 133.691 16.3 9
2010 8 25 9 59 18.5977 35.6417 133.683 19.9 9
2010 8 25 9 59 22.7167 35.6563 133.69 19.7 6
2010 8 25 9 59 25.679 35.6833 133.576 24.5 9
2010 8 25 10 0 15.0239 35.7079 133.608 7.5 5
2010 8 25 10 0 20.2496 35.6777 133.774 26.1 5
2010 8 25 10 0 20.3634 35.6686 133.748 18.6 7
2010 8 25 10 0 41.6324 35.6441 133.666 15.4 7
2010 8 25 10 0 41.8527 35.6367 133.504 14.5 6
2010 8 25 10 0 53.7903 35.6349 133.705 27.6 5
2010 8 25 10 1 3.15636 35.6622 133.613 17.3 6
2010 8 25 10 1 7.26436 35.9055 133.255 14.7 5
2010 8 25 10 1 14.567 35.7159 133.645 17.8 8
2010 8 25 10 1 27.1892 35.6196 133.853 10.8 5
2010 8 25 10 1 35.0251 35.6227 133.877 15.3 6
2010 8 25 10 1 47.6028 35.6954 133.602 19 7
2010 8 25 10 2 2.37403 35.6505 133.678 24.4 5
2010 8 25 10 2 26.8504 35.7495 133.722 7.4 5
2010 8 25 10 2 32.2426 35.6975 133.768 20.1 5
2010 8 25 10 2 33.3711 35.6172 133.672 25.6 7
2010 8 25 10 2 39.1466 35.6346 133.606 12.3 5
2010 8 25 10 2 51.436 35.6762 133.586 23 7
2010 8 25 10 2 54.3212 35.6797 133.802 5.9 5
2010 8 25 10 3 3.39049 35.6466 133.662 5.1 5
2010 8 25 10 3 9.12341 35.6802 133.561 25.2 7
2010 8 25 10 3 15.1465 35.6295 133.708 23.3 6
2010 8 25 10 3 33.6231 35.6593 133.607 13.1 7
2010 8 25 10 3 38.9687 35.6347 133.71 12 6
2010 8 25 10 3 42.4319 35.6655 133.676 3.1 5
2010 8 25 10 4 5.10513 35.6792 133.676 22.4 5
2010 8 25 10 4 9.18224 35.5106 132.623 19.1 8
2010 8 25 10 4 33.696 35.7083 133.661 18.9 5
2010 8 25 10 4 40.6991 35.6461 133.731 13.7 5
2010 8 25 10 4 44.8008 35.6452 133.658 7.7 5
2010 8 25 10 4 50.1901 35.6929 133.701 13.7 8
2010 8 25 10 4 55.7137 35.7764 133.59 29.2 7
2010 8 25 10 4 58.2342 35.6575 133.661 21.9 6
2010 8 25 10 5 4.16657 35.7062 133.581 15.1 9
2010 8 25 10 5 5.638 35.6199 133.743 25.1 11
2010 8 25 10 5 17.4223 35.6253 133.871 14.6 5
2010 8 25 10 5 20.6576 35.7573 133.481 14.7 9
2010 8 25 10 5 20.8132 35.7729 133.337 12 5
2010 8 25 10 5 38.1924 38.3176 136.784 14.6 5
2010 8 25 10 5 41.0047 35.702 133.634 19.1 8
2010 8 25 10 5 55.666 35.6754 133.574 4.1 5
2010 8 25 10 5 55.7803 35.6818 133.589 12.7 9
2010 8 25 10 6 4.34329 35.6519 133.692 15.2 6
2010 8 25 10 6 6.73937 35.7143 133.581 15.8 6
2010 8 25 10 6 30.3713 35.721 133.556 23.1 11
2010 8 25 10 6 31.8225 35.7048 133.64 23 9
2010 8 25 10 6 37.515 35.6521 133.687 16.8 11
2010 8 25 10 6 47.5158 35.6778 133.641 4.9 6
2010 8 25 10 6 47.9619 35.6656 133.653 25 6
2010 8 25 10 6 59.0798 35.7068 133.45 25.1 7
2010 8 25 10 7 14.3639 35.7757 133.473 21.4 5
2010 8 25 10 7 14.7057 35.7462 133.404 18.3 8
2010 8 25 10 7 14.7058 35.6464 133.639 1.8 7
2010 8 25 10 7 38.1847 35.7246 133.537 15.2 6
2010 8 25 10 7 38.6111 35.7816 133.694 13.1 5
2010 8 25 10 7 46.1676 35.7196 133.595 23 10
2010 8 25 10 8 24.4522 35.7173 133.553 28 6
2010 8 25 10 8 33.9545 35.6467 133.631 8.4 5
2010 8 25 10 8 36.229 35.7511 133.532 14.7 7
2010 8 25 10 8 36.4887 35.7459 133.542 9.6 9
2010 8 25 10 8 42.7365 35.6651 133.666 5.7 5
2010 8 25 10 8 53.5931 35.7386 133.523 9.9 6
2010 8 25 10 9 13.7541 35.7317 133.419 11.8 5
2010 8 25 10 9 19.5119 35.738 133.538 21.8 8
2010 8 25 10 9 19.7008 35.7169 133.526 21.8 10
2010 8 25 10 9 19.8296 35.6995 133.571 16.7 5
2010 8 25 10 9 25.8083 35.7272 133.52 13.2 7
2010 8 25 10 9 31.0393 35.7241 133.608 23.5 7
2010 8 25 10 9 31.0394 35.678 133.838 11 5
2010 8 25 10 9 32.3435 35.6952 133.732 16.1 7
2010 8 25 10 9 41.9591 35.7038 133.562 25.9 7
2010 8 25 10 9 46.946 35.7209 133.565 16 11
2010 8 25 10 9 58.0557 35.7691 133.55 23.1 5
2010 8 25 10 10 17.1077 35.7267 133.553 7.4 7
2010 8 25 10 10 20.1044 35.774 133.566 26.4 6
2010 8 25 10 10 40.271 35.7463 133.597 10.8 6
2010 8 25 10 10 46.8322 35.7206 133.568 3.5 5
2010 8 25 10 10 46.8462 35.7189 133.792 11.3 7
2010 8 25 10 10 56.5031 35.7167 133.597 19.3 7
2010 8 25 10 10 56.5879 35.7217 133.614 12.7 7
2010 8 25 10 11 4.54879 35.6773 133.59 24 8
2010 8 25 10 11 4.75 35.6966 133.566 25.3 8
2010 8 25 10 11 17.7204 35.7066 133.624 28.8 6
2010 8 25 10 11 22.4349 35.7536 133.62 27.1 7
2010 8 25 10 11 22.622 35.7422 133.583 14.1 10
2010 8 25 10 11 30.4737 35.7119 133.538 12 5
2010 8 25 10 11 53.6737 35.7049 133.653 7.5 6
2010 8 25 10 11 53.8126 35.6713 133.605 15.4 6
2010 8 25 10 11 53.9391 35.6757 133.559 18.1 10
2010 8 25 10 11 58.8611 35.6094 133.656 19.4 8
2010 8 25 10 12 12.7421 35.7193 133.602 11.1 6
2010 8 25 10 12 16.6707 35.781 133.542 15 5
2010 8 25 10 12 30.4915 35.7495 133.606 28.1 7
2010 8 25 10 12 36.3351 35.7383 133.524 24 7
2010 8 25 10 12 36.424 35.7482 133.554 18.9 6
2010 8 25 10 12 57.1047 35.7134 133.544 12.2 7
2010 8 25 10 13 13.6322 35.7446 133.653 24.1 8
2010 8 25 10 13 13.9229 35.7563 133.649 15.9 6
2010 8 25 10 13 30.4747 35.7342 133.631 25.1 5
2010 8 25 10 13 42.2802 35.7185 133.576 27.4 9
2010 8 25 10 13 42.3481 35.6474 133.592 2.2 7
2010 8 25 10 14 13.4341 35.672 133.611 16.4 9
2010 8 25 10 14 27.7396 35.7443 133.644 20.4 7
2010 8 25 10 14 29.8077 35.6343 133.782 5.4 5
2010 8 25 10 14 40.2363 35.7423 133.725 14.7 7
2010 8 25 10 15 4.70602 35.7225 133.645 24.2 8
2010 8 25 10 15 10.8524 38.19 137.014 18.8 7
2010 8 25 10 16 7.67314 35.7116 133.621 11.3 6
2010 8 25 10 16 8.84266 35.7281 133.784 19.6 9
2010 8 25 10 16 15.6722 35.7049 133.542 27.5 6
2010 8 25 10 16 16.1908 35.6939 134.071 21 5
2010 8 25 10 16 22.4794 35.7044 133.715 7.9 6
2010 8 25 10 16 24.3318 35.7578 133.387 14.2 5
2010 8 25 10 16 24.4705 35.7639 133.396 12.9 6
2010 8 25 10 16 28.0699 35.7407 133.417 12.2 5
2010 8 25 10 16 28.0699 35.7352 133.653 20.1 7
2010 8 25 10 16 34.4615 35.7405 133.401 10.5 6
2010 8 25 10 16 40.4419 35.6239 133.664 9 6
2010 8 25 10 16 40.5447 35.7085 133.458 10.9 5
2010 8 25 10 16 45.6432 35.7479 133.626 24.4 7
2010 8 25 10 16 45.6432 35.7238 133.764 15.9 5
2010 8 25 10 16 47.5125 35.7202 133.574 16.7 6
2010 8 25 10 16 56.8725 35.7125 133.568 16.8 6
2010 8 25 10 17 25.682 35.717 133.644 9.4 5
2010 8 25 10 17 35.7117 35.7023 133.622 14.5 5
2010 8 25 10 17 35.7117 35.7103 133.804 23.6 5
2010 8 25 10 17 35.8218 35.6525 133.642 14.7 6
2010 8 25 10 17 49.5841 35.725 133.544 13.1 8
2010 8 25 10 17 50.0386 35.6871 133.604 17.9 6
2010 8 25 10 17 50.0386 35.7379 133.583 16.4 6
2010 8 25 10 17 54.8805 35.7321 133.609 23.7 8
2010 8 25 10 17 54.9559 35.7323 133.609 21.4 5
2010 8 25 10 17 55.0746 35.7274 133.641 19.7 8
2010 8 25 10 17 55.3736 35.711 133.625 28.9 5
2010 8 25 10 18 29.0343 35.7113 133.615 8.3 5
2010 8 25 10 19 3.45317 35.7551 133.572 10.3 5
2010 8 25 10 19 17.6142 35.7628 133.661 22.6 7
2010 8 25 10 19 21.0995 35.7197 133.52 14.5 5
2010 8 25 10 19 34.4347 35.7315 133.585 28.1 6
2010 8 25 10 19 34.592 35.7701 133.664 23 6
2010 8 25 10 20 11.8918 35.7507 133.628 11.5 9
2010 8 25 10 20 22.3406 35.8173 133.548 26.1 7
2010 8 25 10 20 22.4693 35.8227 133.678 20.9 6
2010 8 25 10 20 37.4906 35.7769 133.674 11.3 5
2010 8 25 10 20 57.3786 35.6753 133.654 27.4 9
2010 8 25 10 21 31.1085 35.7328 133.676 5.7 6
2010 8 25 10 21 45.704 35.7248 133.573 25.8 5
2010 8 25 10 22 4.25595 35.6575 133.609 12 5
2010 8 25 10 22 4.38409 35.7634 133.532 16.1 8
2010 8 25 10 22 4.75999 35.6798 133.694 16.4 5
2010 8 25 10 22 53.0571 35.7907 133.517 22 7
2010 8 25 10 22 53.4403 35.7659 133.629 20.6 10
2010 8 25 10 23 25.9266 35.7293 133.624 16.2 10
2010 8 25 10 23 42.6602 35.7446 133.673 18.4 5
2010 8 25 10 23 42.743 35.7434 133.625 21.5 5
2010 8 25 10 23 51.5215 35.7429 133.835 10.5 7
2010 8 25 10 23 57.5618 35.7894 133.676 28.1 5
2010 8 25 10 24 0.748714 35.8294 133.865 22.9 8
2010 8 25 10 24 9.26065 35.6702 133.634 8.3 5
2010 8 25 10 24 42.8407 35.743 133.579 18.9 9
2010 8 25 10 25 8.4328 35.6507 133.415 21.7 7
2010 8 25 10 25 17.6072 35.6391 133.969 13.2 5
2010 8 25 10 25 35.3813 35.7979 133.582 10.1 5
2010 8 25 10 25 37.2765 35.6473 133.475 12.4 5
2010 8 25 10 26 12.2072 35.6264 133.282 21.6 7
2010 8 25 10 26 14.2047 35.8019 133.469 16.9 7
2010 8 25 10 26 14.2921 35.7548 133.604 24.7 5
2010 8 25 10 26 14.3823 35.7643 133.612 16.9 6
2010 8 25 10 26 14.3823 35.7893 133.636 23.6 5
2010 8 25 10 26 38.0986 35.8219 133.812 21.7 7
2010 8 25 10 27 24.0287 35.7624 133.645 29.2 11
2010 8 25 10 27 24.4185 35.7281 133.62 19.9 6
2010 8 25 10 27 59.8492 35.6369 133.815 11.6 5
2010 8 25 10 28 22.0646 35.6227 133.412 6.9 7
2010 8 25 10 29 0.052308 35.6895 133.59 21.8 7
2010 8 25 10 29 38.317 35.7953 133.463 10.4 5
2010 8 25 10 29 38.3976 35.7452 133.644 23 8
2010 8 25 10 30 56.1842 35.8193 133.614 12.9 7
2010 8 25 10 31 24.3757 35.78 133.505 5.1 5
2010 8 25 10 32 22.7624 35.8234 133.824 26.7 10
2010 8 25 10 32 22.7625 35.8033 134.186 26.6 5
2010 8 25 10 32 29.0424 35.7213 133.646 27 7
2010 8 25 10 32 29.1239 35.754 133.643 16.2 8
2010 8 25 10 32 52.5383 35.8552 133.848 16 7
2010 8 25 10 33 23.3088 35.8158 133.714 24.4 6
2010 8 25 10 33 23.3088 35.7967 133.717 21.8 9
2010 8 25 10 33 23.4489 35.7575 133.755 28.4 5
2010 8 25 10 33 23.5645 35.7678 133.709 27.3 9
2010 8 25 10 33 58.5613 35.8178 133.595 7.9 6
2010 8 25 10 33 58.7343 35.7753 133.615 25.4 6
2010 8 25 10 34 12.8974 35.7378 133.907 14.2 6
2010 8 25 10 34 34.4294 37.3254 138.287 15.7 5
2010 8 25 10 34 49.8476 35.7608 133.715 21.7 5
2010 8 25 10 35 0.786666 35.7766 133.762 27.4 5
2010 8 25 10 35 0.786679 35.7584 133.665 18.7 10
2010 8 25 10 35 48.18 35.7825 133.712 28 7
2010 8 25 10 36 14.1235 35.2155 131.944 15.7 7
2010 8 25 10 36 38.9802 35.8104 133.536 3.7 5
2010 8 25 10 36 39.426 35.6955 133.717 10.8 6
2010 8 25 10 36 54.853 35.801 133.678 13.3 8
2010 8 25 10 37 24.4739 35.8279 133.508 12.2 6
2010 8 25 10 37 45.5949 35.8297 133.542 20 6
2010 8 25 10 38 19.5887 35.7309 133.642 2 5
2010 8 25 10 38 50.0221 35.7215 133.694 8.7 5
2010 8 25 10 38 50.5856 35.7967 133.517 6.3 6
2010 8 25 10 39 12.2267 35.7727 133.719 6.9 5
2010 8 25 10 39 47.2751 35.8591 133.696 16.5 6
2010 8 25 10 40 22.8814 35.6042 133.12 8.4 5
2010 8 25 10 40 47.4892 35.7561 133.799 6.2 7
2010 8 25 10 40 52.4362 35.7378 133.827 20.5 9
2010 8 25 10 41 57.9372 35.7481 133.858 14.6 6
2010 8 25 10 43 9.04313 35.7282 133.848 21.8 7
2010 8 25 10 43 31.4053 35.7694 133.705 25.9 5
2010 8 25 10 43 49.8906 35.8184 133.627 27.5 9
2010 8 25 10 43 50.0963 35.7612 133.724 5.1 5
2010 8 25 10 45 54.7409 35.2274 132.129 26.8 6
2010 8 25 10 45 59.4998 35.7035 133.873 20.4 7
2010 8 25 10 47 3.27712 35.7436 133.87 24.4 7
2010 8 25 10 47 3.52364 35.778 133.975 21.9 5
2010 8 25 10 47 41.8853 35.8221 133.812 21.8 5
2010 8 25 10 47 42.0149 35.8322 133.666 17.1 11
2010 8 25 10 47 42.0577 35.841 133.705 15.6 7
2010 8 25 10 47 48.8523 35.9305 133.031 12.6 7
2010 8 25 10 48 28.7123 35.8266 133.685 8.7 6
2010 8 25 10 49 41.6213 35.866 133.053 15.1 6
2010 8 25 10 49 55.6385 35.2269 131.976 15.2 9
2010 8 25 10 50 52.6568 35.9336 133.009 14.1 9
2010 8 25 10 50 52.8212 35.9644 132.977 24 8
2010 8 25 10 53 10.301 35.9268 133.553 25.5 9
2010 8 25 10 53 10.301 35.9065 133.686 16.7 5
2010 8 25 10 53 58.3062 35.8537 133.687 23 7
2010 8 25 10 53 58.3728 35.8851 133.672 21 6
2010 8 25 10 55 2.45391 35.6632 133.284 27.7 6
2010 8 25 10 55 23.4211 35.9538 133.057 10.2 7
2010 8 25 10 56 30.09 35.7604 133.89 13.9 5
2010 8 25 10 57 18.0935 36.0178 132.806 5.7 5
2010 8 25 10 57 18.0935 35.9533 133.058 27.1 8
2010 8 25 10 57 59.466 35.6465 133.182 14.9 5
2010 8 25 10 57 59.5728 35.6598 133.16 15.1 9
2010 8 25 11 0 57.1328 35.9828 132.79 12.7 6
2010 8 25 11 0 57.1329 35.9533 133.44 27.2 5
2010 8 25 11 2 50.3843 35.9768 133.613 15.3 8
2010 8 25 11 2 50.5471 35.9692 133.884 14.3 5
2010 8 25 11 6 14.2102 36.0139 133.494 24.4 5
2010 8 25 11 6 14.2102 35.9588 133.659 28.7 9
2010 8 25 11 8 28.6884 35.9275 133.81 24.3 7
2010 8 25 11 8 28.7365 35.8743 134.206 17 5
2010 8 25 11 10 54.4824 35.9959 133.723 28.1 5
2010 8 25 11 13 56.3369 35.9694 133.656 25.7 7
2010 8 25 11 14 30.5583 35.7674 133.211 9.5 6
2010 8 25 11 16 52.8869 35.8798 133.076 24 5
2010 8 25 11 19 48.3931 35.8091 133.185 27.4 7
2010 8 25 11 23 50.6646 36.021 133.685 27.2 7
2010 8 25 11 24 55.2096 36.0666 133.592 6.9 6
2010 8 25 11 25 34.5493 35.8235 133.168 14.4 5
2010 8 25 11 26 28.2499 36.0858 133.576 11.3 5
2010 8 25 11 26 28.3137 36.0594 133.613 15.4 8
2010 8 25 11 26 28.4485 36.086 133.565 18.3 8
2010 8 25 11 26 28.5224 36.0176 133.8 18.9 5
2010 8 25 11 27 21.2746 36.0296 133.681 24 6
2010 8 25 11 27 38.6495 35.888 133.049 5.9 6
2010 8 25 11 31 35.7827 36.0795 133.772 20.6 10
2010 8 25 11 34 38.3113 35.8423 133.168 4.2 7
2010 8 25 11 34 38.3651 35.9209 133.131 6.4 6
2010 8 25 11 37 16.2447 35.9413 133.061 16.3 6
2010 8 25 11 38 17.2733 36.0658 133.765 25.2 8
2010 8 25 11 38 26.3418 35.8221 133.093 15.8 5
2010 8 25 11 39 15.8856 35.8636 133.115 24.2 7
2010 8 25 11 40 29.9413 35.8597 133.049 19.7 6
2010 8 25 11 40 35.707 35.917 133.104 28.3 5
2010 8 25 11 40 38.6569 35.9163 133.103 27.9 5
2010 8 25 11 40 53.1342 35.8936 133.016 15.8 7
2010 8 25 11 40 59.9708 35.7758 133.068 6.9 5
2010 8 25 11 41 9.69842 35.8588 133.03 27.8 5
2010 8 25 11 41 16.2976 35.9162 133.08 11.2 6
2010 8 25 11 41 31.3137 35.9719 133.089 26.2 5
2010 8 25 11 41 31.3137 35.9054 133.337 12.9 6
2010 8 25 11 41 42.2313 35.8548 133.071 10.7 5
2010 8 25 11 41 48.2431 35.897 133.032 15.9 5
2010 8 25 11 42 11.6326 35.8792 133.076 29.2 6
2010 8 25 11 42 55.9125 35.8104 133.107 18.7 6
2010 8 25 11 42 56.1547 35.889 133.065 20.1 7
2010 8 25 11 43 5.53918 35.918 133.061 11.8 8
2010 8 25 11 43 5.61375 35.796 132.723 5.4 5
2010 8 25 11 43 9.84153 35.7937 133.083 8.5 5
2010 8 25 11 43 17.8213 35.8449 133.079 3.2 5
2010 8 25 11 43 41.745 35.9163 133.315 11.5 6
2010 8 25 11 43 46.424 35.8976 133.009 27.3 5
2010 8 25 11 43 51.4649 35.9284 133.088 17.8 6
2010 8 25 11 43 55.1408 35.9729 132.991 6 6
2010 8 25 11 44 4.81572 35.9669 133.103 29.8 5
2010 8 25 11 44 4.81576 35.927 133.269 16.9 5
2010 8 25 11 44 22.2758 35.8877 133.106 23.9 8
2010 8 25 11 44 47.407 35.9925 132.529 9.4 5
2010 8 25 11 44 56.2298 35.8762 133.051 19 7
2010 8 25 11 45 32.8613 35.8043 133.103 16.3 6
2010 8 25 11 45 44.5714 35.875 133.301 8.3 5
2010 8 25 11 45 54.0357 35.9676 133.095 9.6 8
2010 8 25 11 46 22.737 35.9073 133.053 27.8 9
2010 8 25 11 46 41.1366 35.8585 133.36 9.3 5
2010 8 25 11 46 55.0473 35.9862 133.087 15.7 5
2010 8 25 11 46 55.1603 35.8266 133.171 14.8 5
2010 8 25 11 47 23.7925 35.929 133.151 14.2 6
2010 8 25 11 47 25.4486 35.9549 133.084 21.4 6
2010 8 25 11 47 25.5512 35.9466 133.062 10.4 9
2010 8 25 11 47 34.2166 35.9134 133.067 7.2 6
2010 8 25 11 47 47.8029 35.9197 133.13 23.4 6
2010 8 25 11 47 47.8967 35.9308 133.071 24.3 8
2010 8 25 11 47 52.8673 35.9459 132.865 10 5
2010 8 25 11 48 16.5638 35.952 133.062 13.4 8
2010 8 25 11 48 16.8798 35.8043 133.108 19.9 6
2010 8 25 11 48 35.4713 35.8655 133.114 11.8 6
2010 8 25 11 48 58.7532 36.0179 132.631 6.2 5
2010 8 25 11 48 58.8795 35.9825 133.104 11.7 6
2010 8 25 11 49 7.94013 35.6664 132.986 13.1 6
2010 8 25 11 50 5.36057 35.9581 132.978 12.2 5
2010 8 25 11 50 39.7659 35.8553 133.082 19.7 5
2010 8 25 11 51 15.9113 35.8912 133.008 24.6 7
2010 8 25 11 52 51.1558 35.93 133.055 9.6 7
2010 8 25 11 53 18.5109 35.9759 133.064 16.5 7
2010 8 25 11 53 18.9555 35.967 133.114 7.7 6
2010 8 25 11 54 27.4553 35.9809 133.097 7.2 6
2010 8 25 11 54 27.4986 35.9538 133.09 28.6 7
2010 8 25 11 54 27.5525 35.9905 133.075 17.7 6
2010 8 25 11 54 27.6543 35.9977 133.099 26.3 7
2010 8 25 11 54 48.9055 35.9209 133.077 19.6 7
2010 8 25 11 55 1.3579 35.8839 133.163 9.2 5
2010 8 25 11 55 1.44175 35.898 133.467 28.3 5
2010 8 25 11 55 26.3471 35.8796 133.096 29.6 7
2010 8 25 11 56 17.8815 35.8828 133.248 14.5 5
2010 8 25 11 56 17.929 35.905 133.099 10.2 5
2010 8 25 11 56 17.9291 35.9348 133.605 17.5 5
2010 8 25 11 56 27.6831 35.9129 133.111 26.7 8
2010 8 25 11 58 29.3809 36.0398 133.036 7.1 5
2010 8 25 11 59 0.566729 35.9486 133.02 19 12
2010 8 25 11 59 27.3624 35.9636 133.053 18.6 6
2010 8 25 12 0 1.27251 35.9587 133.142 20.1 6
2010 8 25 12 0 14.1027 35.9515 132.985 13.8 5
2010 8 25 12 0 14.1027 35.9768 133.099 9.1 6
2010 8 25 12 1 13.7318 35.9506 133.374 25.7 6
2010 8 25 12 2 23.7386 35.9668 133.057 22.9 10
2010 8 25 12 2 43.0059 35.9969 133.038 19.4 11
2010 8 25 12 2 43.1421 36.019 133.7 21.4 5
2010 8 25 12 6 7.87601 35.8457 133.071 26.2 7
2010 8 25 12 7 8.12156 36.0564 133.052 6.4 6
2010 8 25 12 7 16.4077 36.2631 135.62 23.5 7
2010 8 25 12 7 29.0707 35.9772 133.089 23.8 7
2010 8 25 12 8 15.5785 36.1314 135.474 21.2 5
2010 8 25 12 8 15.7017 36.1899 135.518 18.3 7
2010 8 25 12 9 33.9253 36.0943 135.53 14.5 5
2010 8 25 12 12 9.82748 36.2523 135.353 14.9 5
2010 8 25 12 13 45.661 36.0378 133.242 28.7 8
2010 8 25 12 13 45.661 35.9474 133.346 11 5
2010 8 25 12 15 4.01483 36.0667 133.331 5.6 5
2010 8 25 12 15 4.64506 35.9309 133.273 14.1 8
2010 8 25 12 17 54.845 36.0087 133.28 13.1 7
2010 8 25 12 17 55.3483 35.8872 133.103 7.9 5
2010 8 25 12 17 55.8275 36.0283 133.228 17.5 5
2010 8 25 12 18 26.4584 36.2045 135.352 8.6 6
2010 8 25 12 19 7.21647 36.0526 135.403 17.7 5
2010 8 25 12 21 3.34124 36.3101 135.5 21.6 7
2010 8 25 12 21 3.65484 36.2892 135.435 12.2 5
2010 8 25 12 21 3.65486 36.2014 135.779 14.2 5
2010 8 25 12 22 11.5034 36.157 135.423 25.9 5
2010 8 25 12 22 11.8388 36.1343 135.465 24.9 6
2010 8 25 12 24 38.0258 36.279 135.523 27.4 5
2010 8 25 12 25 37.7902 36.1852 135.441 9.6 6
2010 8 25 12 26 28.8393 36.2637 135.462 11 6
2010 8 25 12 26 40.2395 36.2318 135.459 23.8 5
2010 8 25 12 27 31.5304 36.2172 135.396 15.6 6
2010 8 25 12 27 31.6101 36.2272 135.37 12.6 6
2010 8 25 12 27 50.1149 35.8976 133.278 19.8 6
2010 8 25 12 28 25.7076 36.2411 135.409 8.2 5
2010 8 25 12 29 14.8141 36.0699 133.356 15 6
2010 8 25 12 29 34.5148 36.2549 135.41 18 7
2010 8 25 12 29 34.596 36.2479 135.442 25 10
2010 8 25 12 29 56.3308 36.1666 135.782 7.1 5
2010 8 25 12 30 16.059 36.2614 135.374 18.1 8
2010 8 25 12 32 32.0249 36.2669 135.489 25.6 5
2010 8 25 12 33 53.6899 36.2154 135.962 13 5
2010 8 25 12 34 9.64359 36.1472 135.475 23 5
2010 8 25 12 36 29.31 36.1761 135.35 27.8 10
2010 8 25 12 36 29.4522 36.2137 135.319 12.9 6
2010 8 25 12 36 29.6386 36.127 135.384 21.9 5
2010 8 25 12 38 6.33001 36.2664 135.567 26.5 5
2010 8 25 12 38 45.4105 36.1561 135.289 13.7 7
2010 8 25 12 39 35.1663 36.24 135.367 13.1 6
2010 8 25 12 40 14.0116 36.0887 135.266 13.3 5
2010 8 25 12 40 30.9555 36.1884 135.345 27.3 6
2010 8 25 12 42 33.8153 36.1124 135.399 17.8 6
2010 8 25 12 42 50.8952 36.1137 135.43 17.1 6
2010 8 25 12 43 9.90166 36.1961 135.348 22 5
2010 8 25 12 43 31.7097 36.1756 135.369 12.6 5
2010 8 25 12 43 51.6021 36.0894 135.472 24.8 6
2010 8 25 12 43 55.9237 36.2014 135.377 12.1 5
2010 8 25 12 43 58.0656 36.01 133.376 22 5
2010 8 25 12 44 8.39091 36.184 135.353 9.5 6
2010 8 25 12 44 33.989 36.2393 135.309 3.8 5
2010 8 25 12 44 45.4553 36.2052 135.405 24.3 5
2010 8 25 12 44 55.8636 36.0655 135.414 16.5 6
2010 8 25 12 45 7.18036 36.2018 135.428 25.8 5
2010 8 25 12 45 33.1618 36.2015 135.379 20.6 5
2010 8 25 12 45 42.3924 36.1658 135.435 29.7 8
2010 8 25 12 46 0.534401 36.23 135.427 12.5 6
2010 8 25 12 46 10.829 36.216 135.407 24.1 6
2010 8 25 12 46 22.2878 36.0924 135.386 25.2 5
2010 8 25 12 46 52.0366 36.2159 135.329 18.2 5
2010 8 25 12 47 1.88181 36.2058 135.341 14.9 6
2010 8 25 12 47 14.3903 36.2015 135.348 20.7 5
2010 8 25 12 47 32.1577 36.0767 135.457 20.6 7
2010 8 25 12 47 32.2448 36.2206 135.113 14.7 5
2010 8 25 12 47 32.2449 36.1712 135.384 14.8 6
2010 8 25 12 47 41.3777 36.1998 135.41 29.7 5
2010 8 25 12 47 44.8983 36.1868 135.347 10.6 6
2010 8 25 12 48 8.83586 36.2126 135.424 22.5 5
2010 8 25 12 48 8.95207 36.1925 135.39 18.3 5
2010 8 25 12 48 21.6314 36.1295 135.654 25.3 6
2010 8 25 12 48 56.4375 36.2064 135.382 25.1 8
2010 8 25 12 49 24.481 36.1145 135.378 21.1 7
2010 8 25 12 49 24.5681 36.2143 135.372 28.4 6
2010 8 25 12 50 5.92249 36.0882 135.467 22.6 6
2010 8 25 12 50 54.8965 36.2376 135.096 15.6 5
2010 8 25 12 53 0.799405 36.1425 135.31 14.4 5
2010 8 25 12 53 19.1534 36.2504 135.18 21.2 5
2010 8 25 12 53 46.6534 36.1805 135.322 29.1 5
2010 8 25 12 54 24.2556 36.1482 135.37 25.1 5
2010 8 25 12 55 50.0023 36.0785 135.306 24.3 6
2010 8 25 12 56 9.60417 36.1833 135.565 14.1 5
2010 8 25 12 56 9.69769 36.1579 135.285 25.2 9
2010 8 25 12 56 22.8673 36.0075 135.235 12.4 5
2010 8 25 12 57 4.3668 36.1035 135.35 8.2 5
2010 8 25 12 57 8.25262 36.1261 135.687 22.7 6
2010 8 25 12 58 38.6656 36.1167 135.423 18.8 5
2010 8 25 12 59 27.4388 36.1575 135.316 17.7 9
2010 8 25 12 59 27.4697 36.1936 135.33 7.8 5
2010 8 25 12 59 27.5263 36.2195 135.208 20.1 6
2010 8 25 13 0 56.5611 36.2014 135.361 29.5 5
2010 8 25 13 0 56.766 36.202 135.347 25.7 5
2010 8 25 13 0 56.9363 36.214 135.327 7.9 5
2010 8 25 13 3 32.3459 36.2241 135.283 12.3 5
2010 8 25 13 4 4.5919 35.6763 135.769 26.6 6
2010 8 25 13 5 42.0424 36.2796 135.316 26.9 7
2010 8 25 13 7 45.2459 36.284 135.596 16.4 6
2010 8 25 13 7 45.7683 36.3035 135.364 22.8 6
2010 8 25 13 8 44.7033 36.2694 135.369 24.9 5
2010 8 25 13 9 10.2836 36.1962 135.255 7.8 7
2010 8 25 13 9 10.4886 36.0924 135.288 19 6
2010 8 25 13 10 2.10623 36.2091 135.273 29.1 6
2010 8 25 13 11 12.463 36.1173 135.289 20.9 7
2010 8 25 13 12 51.9476 35.8092 135.715 9 5
2010 8 25 13 13 36.205 36.2373 135.226 13.3 5
2010 8 25 13 14 43.9108 36.2579 135.274 21.8 7
2010 8 25 13 14 44.0586 36.1178 135.346 18.4 6
2010 8 25 13 14 44.2119 36.1278 135.335 18.6 5
2010 8 25 13 16 11.8872 36.27 135.284 17 6
2010 8 25 13 16 38.0585 36.2213 135.238 23.5 8
2010 8 25 13 17 30.3935 36.172 135.316 22.6 9
2010 8 25 13 17 30.4611 36.1218 135.584 16.5 5
2010 8 25 13 19 58.8354 35.6832 135.832 14.3 5
2010 8 25 13 20 44.11 35.808 135.815 14.9 6
2010 8 25 13 21 6.21892 35.8322 135.826 22.4 9
2010 8 25 13 21 22.2784 36.2818 135.293 19.5 5
2010 8 25 13 22 19.6614 35.6964 135.831 26.5 7
2010 8 25 13 22 56.5077 35.8482 135.702 12.2 7
2010 8 25 13 23 2.93523 35.8067 135.761 12.4 7
2010 8 25 13 23 53.753 36.2192 135.27 6.1 5
2010 8 25 13 23 54.1758 35.828 135.727 12.9 6
2010 8 25 13 23 54.3978 35.7221 135.766 11.1 5
2010 8 25 13 24 3.16746 36.2648 135.249 9.3 5
2010 8 25 13 24 30.9472 35.7611 135.665 20.1 5
2010 8 25 13 24 42.9359 36.2132 135.296 19.7 5
2010 8 25 13 25 50.6665 35.8072 135.836 18.8 6
2010 8 25 13 27 9.37528 35.7776 135.847 19.6 6
2010 8 25 13 27 9.41006 35.7858 135.8 27 5
2010 8 25 13 27 9.45211 35.7558 135.805 22.8 7
2010 8 25 13 28 0.655437 35.7604 135.794 23 6
2010 8 25 13 28 1.13918 35.7018 135.816 3.9 5
2010 8 25 13 28 9.569 36.2573 135.285 19.7 9
2010 8 25 13 28 17.6099 35.6975 135.784 7.9 5
2010 8 25 13 28 35.2407 35.8118 135.803 2.3 6
2010 8 25 13 28 35.3822 35.7952 135.838 16.1 6
2010 8 25 13 29 30.069 35.8391 135.822 28.8 10
2010 8 25 13 30 17.7122 35.8733 135.749 21.6 7
2010 8 25 13 31 44.8783 35.7908 135.825 25.4 5
2010 8 25 13 31 57.3704 36.3103 135.275 7 5
2010 8 25 13 31 57.453 36.3113 135.332 5.3 5
2010 8 25 13 32 48.0166 35.883 135.831 25.2 5
2010 8 25 13 32 48.1214 35.9166 135.741 18.9 8
2010 8 25 13 34 31.2178 36.3425 135.321 26.3 6
2010 8 25 13 34 31.3936 36.3185 135.29 12.5 8
2010 8 25 13 34 45.8021 35.8808 135.798 15.2 7
2010 8 25 13 35 10.7825 36.3439 135.333 22.3 8
2010 8 25 13 36 0.353509 36.2826 135.359 5.8 5
2010 8 25 13 36 14.5856 36.3104 135.27 13 6
2010 8 25 13 36 15.3161 36.3323 135.285 0.9 5
2010 8 25 13 36 27.7891 35.9014 135.789 20.2 8
2010 8 25 13 36 27.7891 35.8461 135.838 17.1 6
2010 8 25 13 36 27.8922 35.8196 135.844 15.7 5
2010 8 25 13 36 48.1012 36.3028 135.249 5.8 6
2010 8 25 13 37 16.8539 36.3231 135.254 3.7 6
2010 8 25 13 38 33.6158 36.3142 135.252 8.5 5
2010 8 25 13 38 33.7178 36.3709 135.322 15.2 5
2010 8 25 13 38 33.8449 36.2829 135.316 12.8 5
2010 8 25 13 39 11.5803 36.3114 135.273 10.4 7
2010 8 25 13 39 36.7891 36.359 135.286 8 5
2010 8 25 13 40 20.2106 36.3311 135.325 22.6 6
2010 8 25 13 40 22.5368 35.7715 135.8 11.7 6
2010 8 25 13 40 44.7077 36.1706 135.348 17.9 6
2010 8 25 13 42 8.47587 35.9311 135.807 16.9 8
2010 8 25 13 42 12.2025 36.3656 135.273 1.5 5
2010 8 25 13 43 9.25708 36.3588 135.285 17.8 8
2010 8 25 13 43 37.7289 36.3409 135.297 22.7 5
2010 8 25 13 44 9.79225 36.3774 135.3 4.2 5
2010 8 25 13 44 50.1107 36.3481 135.275 5 6
2010 8 25 13 45 0.674202 35.8896 135.766 13.5 5
2010 8 25 13 45 42.5407 36.3405 135.275 23.3 6
2010 8 25 13 45 42.6504 36.3634 135.375 20.8 5
2010 8 25 13 45 42.6855 36.2456 135.297 14 5
2010 8 25 13 46 5.8675 35.9707 135.744 10.4 6
2010 8 25 13 46 58.0663 36.3508 135.415 24.5 6
2010 8 25 13 46 58.2642 36.1054 135.06 25.7 5
2010 8 25 13 48 40.8692 36.3751 135.269 13.4 7
2010 8 25 13 50 59.5064 35.9787 135.774 6.2 5
2010 8 25 13 51 41.7208 36.3584 135.26 9.6 7
2010 8 25 13 52 21.551 35.8454 135.785 15.6 6
2010 8 25 13 53 24.8351 36.2656 135.293 11 5
2010 8 25 13 54 9.25712 36.2704 135.254 10.1 5
2010 8 25 13 55 48.3243 36.2427 135.328 11.8 6
2010 8 25 13 57 35.204 36.3805 135.254 5.6 6
2010 8 25 14 1 18.8143 36.3716 135.549 27.3 6
2010 8 25 14 1 18.8821 36.4064 135.266 21.9 6
2010 8 25 14 1 38.5807 36.2168 135.704 11.8 5
2010 8 25 14 2 10.3608 36.1656 135.726 2.5 5
2010 8 25 14 2 26.0522 36.1732 135.73 15.7 5
2010 8 25 14 2 46.6302 36.1826 135.681 12.3 6
2010 8 25 14 3 46.1945 36.3973 135.285 24.7 5
2010 8 25 14 4 35.7581 36.1909 135.68 4.2 6
2010 8 25 14 6 17.4982 36.2349 135.605 5.8 5
2010 8 25 14 6 53.6864 36.1237 135.709 17.3 5
2010 8 25 14 7 9.28457 36.0276 135.643 8.3 5
2010 8 25 14 8 31.7923 36.1651 135.715 4.9 5
2010 8 25 14 9 9.62915 36.2488 135.857 9.7 5
2010 8 25 14 9 33.4364 36.1166 135.706 9.9 5
2010 8 25 14 10 19.7918 36.24 135.696 21.4 6
2010 8 25 14 10 34.5826 36.2235 135.766 22.1 6
2010 8 25 14 10 50.7895 36.2613 135.693 22.3 5
2010 8 25 14 10 50.9239 36.2538 135.682 17.2 5
2010 8 25 14 10 51.0414 36.2197 135.713 4.1 5
2010 8 25 14 10 51.1945 36.2793 135.715 10.2 5
2010 8 25 14 11 5.78079 36.2317 135.681 20.8 7
2010 8 25 14 11 37.0413 36.24 135.727 21.2 5
2010 8 25 14 13 58.013 36.1204 135.736 23.1 6
2010 8 25 14 13 59.2815 36.4569 135.292 11.4 5
2010 8 25 14 14 53.3756 36.1742 135.719 8.6 5
2010 8 25 14 14 53.811 36.5468 135.407 21.2 5
2010 8 25 14 15 33.5293 35.9369 135.596 7.6 5
2010 8 25 14 15 58.6978 36.0037 135.736 3.8 5
2010 8 25 14 17 9.016 36.1124 135.756 11.3 5
2010 8 25 14 17 44.5808 36.019 135.787 16.1 7
2010 8 25 14 18 31.1944 36.1083 135.74 21 9
2010 8 25 14 20 4.38259 36.0504 135.715 16.1 7
2010 8 25 14 20 43.0996 36.1594 135.824 21.3 5
2010 8 25 14 21 5.36156 36.1501 135.696 9.1 5
2010 8 25 14 21 19.3439 36.0715 135.719 18.8 7
2010 8 25 14 22 14.2849 36.1571 135.804 23.8 5
2010 8 25 14 22 29.7174 36.0821 135.737 6.9 6
2010 8 25 14 22 53.9025 36.1377 135.71 12.3 5
2010 8 25 14 23 23.0568 35.9976 135.745 18.2 6
2010 8 25 14 23 42.4767 36.1784 135.876 19.6 6
2010 8 25 14 23 57.225 36.183 135.759 24.8 8
2010 8 25 14 24 24.5784 35.9981 135.768 5 5
2010 8 25 14 25 12.9353 36.1151 135.727 16 7
2010 8 25 14 25 13.3867 36.1364 135.76 11.1 6
2010 8 25 14 25 18.0259 35.9626 135.739 8.3 6
2010 8 25 14 25 22.0743 36.0234 135.755 10.8 6
2010 8 25 14 25 24.1688 36.1176 135.838 16.1 5
2010 8 25 14 26 44.1378 36.339 135.632 12.6 7
2010 8 25 14 27 6.4273 36.1588 135.805 13 7
2010 8 25 14 27 25.077 36.0291 135.742 5.2 5
2010 8 25 14 27 56.5543 36.3095 135.801 27.4 6
2010 8 25 14 28 30.4311 35.9959 135.778 20.6 5
2010 8 25 14 28 45.7318 36.1177 135.854 30 6
2010 8 25 14 29 5.11079 36.1699 135.696 4.5 5
2010 8 25 14 29 27.7204 36.656 135.263 3.4 5
2010 8 25 14 29 38.9916 36.041 135.746 12 5
2010 8 25 14 31 44.2162 36.129 135.737 12.4 5
2010 8 25 14 32 12.246 36.1372 135.723 8.6 5
2010 8 25 14 33 28.7684 36.2487 135.984 17 5
2010 8 25 14 33 41.1685 36.6212 135.311 28 5
2010 8 25 14 35 38.1654 36.4761 135.357 16.7 6
2010 8 25 14 37 35.9161 36.1971 135.978 29.1 10
2010 8 25 14 37 36.0115 36.2054 135.867 15.9 7
2010 8 25 14 37 36.106 36.2247 136.047 28.9 5
2010 8 25 14 39 35.142 36.3825 135.994 13.2 5
2010 8 25 14 40 49.7685 36.4351 135.63 16 6
2010 8 25 14 42 55.8774 36.4132 135.704 17.9 5
2010 8 25 14 42 56.0283 36.4737 135.777 23.3 5
2010 8 25 14 44 0.499327 36.1765 135.831 10 5
2010 8 25 14 45 16.8963 36.2336 136.062 27.6 5
2010 8 25 14 47 6.97436 36.4964 135.599 1.2 5
2010 8 25 14 48 31.7634 36.2047 135.822 12.8 8
2010 8 25 14 50 2.59751 36.1238 135.844 17.4 5
2010 8 25 14 50 55.5238 36.2219 135.85 16.7 7
2010 8 25 14 51 4.44331 36.4435 135.569 13.4 5
2010 8 25 14 51 33.9319 36.3662 135.594 13.5 5
2010 8 25 14 51 39.8166 36.2457 136.071 28.8 5
2010 8 25 14 51 47.3954 36.2168 135.881 6.2 5
2010 8 25 14 52 51.1342 36.1545 135.839 13.1 5
2010 8 25 14 52 51.2272 36.1397 135.856 15.9 5
2010 8 25 14 54 25.7119 36.2388 135.992 10.6 5
2010 8 25 14 54 25.801 36.1824 135.974 29.1 9
2010 8 25 14 54 41.4113 36.4375 135.71 26.6 5
2010 8 25 14 55 54.6887 36.8047 136.203 27.4 5
2010 8 25 14 56 59.1711 36.4852 135.648 1.8 6
2010 8 25 14 56 59.3963 36.4455 135.577 16.2 5
2010 8 25 14 56 59.4238 36.2656 135.567 9.6 6
2010 8 25 14 57 4.98585 36.5012 135.488 9.2 5
2010 8 25 14 57 26.3558 36.2259 136.048 24.1 9
2010 8 25 14 57 41.0937 36.1755 135.905 24.4 6
2010 8 25 14 57 44.9832 36.546 135.425 7.2 5
2010 8 25 14 58 54.024 36.5514 135.515 20.8 5
2010 8 25 14 58 54.6145 36.4765 135.675 21.4 9
2010 8 25 14 58 54.7232 36.4519 135.675 11.3 6
2010 8 25 14 58 54.7232 36.4724 135.669 1 5
2010 8 25 14 59 33.0802 36.178 135.962 21.7 6
2010 8 25 15 1 39.6835 36.3784 135.638 20.4 7
2010 8 25 15 1 57.3256 36.52 135.569 23.6 6
2010 8 25 15 2 24.134 36.5941 135.528 29.1 8
2010 8 25 15 2 57.6827 36.5041 135.606 16 6
2010 8 25 15 3 14.8449 36.4321 135.985 14.5 5
2010 8 25 15 3 38.1293 36.2668 135.968 13.9 5
2010 8 25 15 3 43.8598 36.538 135.625 20.5 5
2010 8 25 15 3 50.1614 36.517 135.575 23.5 7
2010 8 25 15 3 57.8946 36.2734 135.911 3.1 5
2010 8 25 15 4 3.70443 36.5147 135.62 12 5
2010 8 25 15 4 17.3427 36.4345 135.835 29.9 6
2010 8 25 15 4 24.3125 36.5061 135.589 23.2 5
2010 8 25 15 4 32.5579 36.5293 135.638 26.4 6
2010 8 25 15 5 2.00008 36.5169 135.576 24.4 7
2010 8 25 15 5 2.20569 36.4683 135.653 22.7 5
2010 8 25 15 5 25.788 36.5001 135.6 15 6
2010 8 25 15 6 9.37308 36.5778 135.589 7.4 5
2010 8 25 15 6 9.9528 36.5064 135.968 8.4 5
2010 8 25 15 6 22.1927 36.5584 135.482 26.4 5
2010 8 25 15 6 25.4294 36.5659 135.649 25.3 7
2010 8 25 15 6 41.7503 36.4758 135.646 23.5 5
2010 8 25 15 7 2.6294 36.4897 135.604 19.1 7
2010 8 25 15 7 12.4967 36.5814 135.687 25 7
2010 8 25 15 7 12.6439 36.5019 135.666 18.1 6
2010 8 25 15 7 18.415 36.5257 135.587 3 5
2010 8 25 15 7 51.2171 36.5734 135.608 7.2 6
2010 8 25 15 8 11.0492 36.549 135.6 14.8 6
2010 8 25 15 8 24.3471 36.5832 135.494 9.2 6
2010 8 25 15 9 7.81508 36.2854 135.541 27 5
2010 8 25 15 9 12.6817 36.5408 135.615 19.4 6
2010 8 25 15 9 22.6293 36.5419 135.585 10.8 6
2010 8 25 15 9 54.0172 36.5153 135.63 22.7 5
2010 8 25 15 10 5.49941 36.5558 135.464 27 5
2010 8 25 15 10 44.9476 36.5369 135.55 25.6 5
2010 8 25 15 11 8.84207 36.5035 135.51 14.1 6
2010 8 25 15 11 44.4602 36.5012 135.608 23.4 5
2010 8 25 15 12 23.1979 36.5369 135.604 17.8 6
2010 8 25 15 15 5.51746 36.5559 135.564 4.6 5
2010 8 25 15 15 45.2828 36.5446 135.51 2.1 5
2010 8 25 15 15 55.0221 36.4018 135.604 21.4 6
2010 8 25 15 15 55.234 36.5611 135.548 18.4 5
2010 8 25 15 16 33.4906 36.5421 135.568 27.7 5
2010 8 25 15 16 34.0714 36.4516 135.635 13.5 5
2010 8 25 15 18 5.79645 36.487 135.644 19.7 6
2010 8 25 15 18 25.3228 36.5274 135.573 24.2 5
2010 8 25 16 26 33.618 38.7169 137.056 17.2 5
2010 8 25 16 53 24.3517 38.5953 136.136 19.3 5
2010 8 25 16 59 49.8927 38.6912 137.061 13.1 5
2010 8 25 17 0 11.288 38.6509 136.163 27.7 8
2010 8 25 17 0 11.3438 38.5871 136.173 11.7 5
2010 8 25 17 0 11.4738 38.6145 136.18 16.6 5
2010 8 25 17 1 56.0761 38.6822 137.023 22.8 5
2010 8 25 17 2 14.4026 38.6737 136.162 21.2 7
2010 8 25 17 2 14.4917 38.5105 136.23 16.5 6
2010 8 25 17 2 23.2639 38.699 137.104 2.6 5
2010 8 25 17 2 54.7451 35.2119 129.927 20.7 5
2010 8 25 17 4 5.88357 38.6678 136.101 20 6
2010 8 25 17 4 39.1097 38.7436 137.137 24 6
2010 8 25 17 5 50.0671 38.614 136.173 24 7
2010 8 25 17 7 31.7698 38.744 137.18 25.8 5
2010 8 25 17 8 8.41862 38.6309 136.206 28.1 5
2010 8 25 17 8 41.8377 38.7637 137.112 19.7 7
2010 8 25 17 8 41.9091 38.6733 137.128 22.6 5
2010 8 25 17 10 18.7428 38.7343 137.105 23.3 11
2010 8 25 17 11 43.967 38.5737 136.443 15.7 5
2010 8 25 17 13 52.1562 38.7785 137.228 23.2 6
2010 8 25 17 16 35.4674 38.7295 137.151 29.5 6
2010 8 25 17 18 36.4668 38.6239 136.156 23.2 5
2010 8 25 17 18 58.6158 38.5433 136.185 12.9 6
2010 8 25 17 20 5.72797 38.6596 136.15 25.5 7
2010 8 25 17 20 48.0687 38.7035 137.172 20.1 5
2010 8 25 17 20 48.4991 38.6664 137.244 5.2 5
2010 8 25 17 22 6.84924 38.7882 137.281 24.7 6
2010 8 25 17 22 44.7909 38.6368 136.239 27.5 5
2010 8 25 17 22 50.6252 38.7806 137.201 25.5 7
2010 8 25 17 23 14.8639 38.7643 137.17 25.3 6
2010 8 25 17 23 14.9424 38.7786 137.191 22.6 5
2010 8 25 17 23 58.0078 38.8092 137.228 21.2 5
2010 8 25 17 24 29.9425 38.8124 136.256 6.2 5
2010 8 25 17 24 33.7881 38.6661 137.198 13.7 7
2010 8 25 17 25 39.2981 38.7714 137.237 20.9 7
2010 8 25 17 26 36.3343 38.7524 137.263 21.2 6
2010 8 25 17 26 36.8052 38.5804 137.203 13.5 5
2010 8 25 17 27 10.6059 38.7788 137.181 29.6 8
2010 8 25 17 27 10.7647 38.7439 137.18 21.3 7
2010 8 25 17 27 10.8594 38.6999 137.207 13.6 5
2010 8 25 17 27 46.6142 38.7256 137.202 9.7 5
2010 8 25 17 28 4.04699 38.7484 137.199 23.6 7
2010 8 25 17 28 27.9454 38.7555 137.171 29.2 8
2010 8 25 17 29 1.65355 38.761 137.306 19.7 6
2010 8 25 17 29 45.2145 38.6541 137.231 7.7 5
2010 8 25 17 30 30.4727 38.6472 136.257 23 7
2010 8 25 17 30 34.1831 38.7627 137.212 23.8 8
2010 8 25 17 31 19.498 38.7402 137.217 29.6 5
2010 8 25 17 32 23.0606 38.6151 136.283 23.1 6
2010 8 25 17 33 37.4788 38.7934 137.204 23.9 7
2010 8 25 17 33 37.9648 38.7861 137.291 22.2 6
2010 8 25 17 33 37.9649 38.7015 137.131 9.6 6
2010 8 25 17 35 0.896569 38.7538 137.275 12.1 6
2010 8 25 17 35 25.7293 35.3883 129.962 18.3 10
2010 8 25 17 38 28.2144 35.2747 130.304 28.9 6
2010 8 25 17 38 28.3243 35.3344 129.97 28.9 9
2010 8 25 17 40 58.6715 38.8063 137.288 26.8 9
2010 8 25 17 41 27.7421 38.589 136.47 14.3 5
2010 8 25 17 41 27.8033 38.58 136.251 10.7 6
2010 8 25 17 42 3.5347 38.653 136.355 16.4 7
2010 8 25 17 43 49.1833 38.6096 136.245 22.4 5
2010 8 25 17 45 29.6957 38.7712 137.282 22.4 9
2010 8 25 17 46 3.83086 38.6182 136.484 14.4 5
2010 8 25 17 47 33.9472 38.6429 137.236 25.5 7
2010 8 25 17 47 59.8576 38.7326 137.273 15.5 6
2010 8 25 17 48 31.414 38.672 137.266 7.2 5
2010 8 25 17 48 44.3568 38.7076 137.188 26.3 5
2010 8 25 17 49 45.9406 38.684 137.272 22.4 5
2010 8 25 17 50 32.8324 38.6801 137.271 21.1 5
2010 8 25 17 50 55.1939 38.6951 137.259 19.1 6
2010 8 25 17 51 25.0498 38.7158 137.369 18.4 6
2010 8 25 17 51 34.8261 38.718 137.288 18.2 5
2010 8 25 17 51 43.3782 38.7735 137.228 16.2 6
2010 8 25 17 51 43.547 38.7077 137.183 23.4 6
2010 8 25 17 51 48.5576 38.7722 137.29 25.7 7
2010 8 25 17 51 57.0829 38.6935 137.242 25.2 7
2010 8 25 17 52 16.3087 38.6911 137.415 20.3 6
2010 8 25 17 52 31.6361 38.7062 137.295 22.4 6
2010 8 25 17 52 40.8036 38.7215 137.249 24 6
2010 8 25 17 52 49.438 38.6989 137.295 20.5 6
2010 8 25 17 53 3.92748 38.6928 137.444 16.7 5
2010 8 25 17 53 32.2119 38.7174 137.255 10.9 5
2010 8 25 17 53 36.2944 38.6832 137.287 24.9 5
2010 8 25 17 53 42.6953 38.6893 137.297 20.9 6
2010 8 25 17 53 45.6823 38.6908 137.289 22 5
2010 8 25 17 53 47.8502 38.7248 137.209 22.9 7
2010 8 25 17 54 4.6602 38.7015 137.291 21.3 5
2010 8 25 17 54 17.3919 38.7164 137.288 21.6 5
2010 8 25 17 54 20.905 38.7804 137.258 20.1 5
2010 8 25 17 54 49.2733 38.7529 137.238 8.5 5
2010 8 25 17 54 49.5595 38.7037 137.3 25.1 8
2010 8 25 17 54 57.386 38.6866 137.278 19.6 6
2010 8 25 17 54 57.4857 38.7013 137.35 22.8 6
2010 8 25 17 55 5.75212 38.6758 137.313 19.5 5
2010 8 25 17 55 17.5826 38.6742 137.255 16.7 6
2010 8 25 17 55 35.4207 38.6305 137.288 17.1 6
2010 8 25 17 55 35.4953 38.7071 137.293 18.7 5
2010 8 25 17 55 51.2198 38.6928 137.294 23.1 5
2010 8 25 17 56 19.9285 38.6758 137.239 12.5 5
2010 8 25 17 56 20.0351 38.6135 137.306 15.4 6
2010 8 25 17 56 52.4715 38.677 137.336 12.7 5
2010 8 25 17 57 30.0069 38.6949 137.303 24.7 9
2010 8 25 17 57 47.3683 38.5949 137.372 5.1 5
2010 8 25 17 58 2.0012 38.7672 137.349 14 6
2010 8 25 17 59 3.73703 38.6766 137.29 21.1 6
2010 8 25 17 59 3.87182 38.6913 137.313 29.7 5
2010 8 25 18 1 45.2399 38.7288 137.37 23.9 7
2010 8 25 18 2 46.7748 38.7508 137.37 19 6
2010 8 25 18 2 47.0582 38.6959 137.389 21.2 6
2010 8 25 18 4 17.9338 38.6669 137.464 3.8 5
2010 8 25 18 5 57.2369 38.7267 137.352 23.4 5
2010 8 25 18 7 31.04 38.6842 137.3 24.4 5
2010 8 25 18 9 10.4002 38.6877 137.319 25.7 7
2010 8 25 18 11 18.4391 38.6523 137.662 15.4 6
2010 8 25 18 11 18.7522 38.6855 137.376 25.1 6
2010 8 25 18 11 19.0933 38.7097 137.36 25.4 7
2010 8 25 18 11 43.7514 38.6868 137.49 6.8 5
2010 8 25 18 11 51.701 38.7652 137.348 27.6 5
2010 8 25 18 11 51.8404 38.6317 137.339 7.1 5
2010 8 25 18 11 51.8921 38.7011 137.29 21.5 6
2010 8 25 18 12 14.5008 38.7159 137.374 25.9 8
2010 8 25 18 13 46.8634 38.6751 137.327 23.3 8
2010 8 25 18 14 38.0707 38.6698 137.332 24.7 8
2010 8 25 18 14 38.3315 38.3711 137.171 9.9 5
2010 8 25 18 14 59.6922 38.7036 137.569 22.3 6
2010 8 25 18 17 20.5757 38.6459 137.353 22.2 7
2010 8 25 18 18 28.5827 38.6682 137.337 20 5
2010 8 25 18 18 39.5297 38.6064 137.45 10.1 5
2010 8 25 18 19 37.4125 38.5434 137.4 14.3 5
2010 8 25 18 19 37.6425 38.6582 137.345 26.4 10
2010 8 25 18 23 4.57836 38.5707 137.422 14.7 5
2010 8 25 18 23 41.4659 38.6067 137.434 7 5
2010 8 25 18 25 47.8059 38.6359 137.406 25.4 6
2010 8 25 18 26 19.21 38.5713 137.355 21.2 9
2010 8 25 18 27 15.5668 38.5884 137.351 13.6 5
2010 8 25 18 27 26.0934 38.6341 137.528 17.7 5
2010 8 25 18 28 9.7458 38.5298 137.485 12.6 5
2010 8 25 18 28 30.438 38.6251 137.559 25.8 5
2010 8 25 18 28 40.5054 38.6755 137.431 23.3 6
2010 8 25 18 28 58.5762 38.5542 137.522 3.5 5
2010 8 25 18 29 36.5644 38.4579 137.513 13.5 5
2010 8 25 18 31 4.64393 38.6224 137.829 17 5
2010 8 25 18 31 25.1389 38.5889 137.495 18.5 6
2010 8 25 18 32 2.26094 38.6853 137.628 18.1 5
2010 8 25 18 32 26.0112 38.6117 137.493 26.2 10
2010 8 25 18 34 52.1946 38.6243 137.552 25 8
2010 8 25 18 34 52.2689 38.6221 137.558 22.9 7
2010 8 25 18 36 20.6859 38.6523 137.56 27.8 7
2010 8 25 18 37 16.5578 38.6248 137.455 27 5
2010 8 25 18 37 16.583 38.5929 137.757 17.4 5
2010 8 25 18 37 16.5983 38.6442 137.652 13 6
2010 8 25 18 37 16.7243 38.7039 137.564 27.1 5
2010 8 25 18 38 43.283 38.5992 137.568 20.5 7
2010 8 25 18 38 43.2933 38.5571 137.576 13.5 5
2010 8 25 18 39 8.24628 38.5381 137.716 16.6 5
2010 8 25 18 39 52.2506 38.8129 137.536 28.3 5
2010 8 25 18 39 52.3605 38.5767 137.505 19.1 6
2010 8 25 18 44 41.8274 38.4936 137.483 13.7 6
2010 8 25 18 50 51.6223 38.4875 137.516 22.2 6
2010 8 25 18 50 52.2579 38.5669 137.52 22.9 7
2010 8 25 18 54 17.7781 38.5093 137.883 13 5
2010 8 25 18 55 5.00668 38.5329 137.528 21 6
2010 8 25 18 56 26.6749 38.6259 137.565 29.1 5
2010 8 25 18 56 47.654 38.5244 137.608 14 6
2010 8 25 18 57 23.8246 38.5756 137.571 10.8 6
2010 8 25 18 58 58.2626 38.5278 137.584 13.4 6
2010 8 25 18 58 58.4044 38.5033 137.617 19.1 5
2010 8 25 18 58 58.4045 38.5724 137.517 12.6 5
2010 8 25 19 0 19.5113 38.5252 137.573 12.2 8
2010 8 25 19 1 58.7206 38.546 137.569 17.3 10
2010 8 25 19 3 30.8483 38.5953 137.636 28.2 7
2010 8 25 19 3 30.9124 38.5479 137.593 19.3 9
2010 8 25 19 6 18.3364 38.5417 137.641 7 5
2010 8 25 19 6 18.6511 38.5686 137.648 9.1 5
2010 8 25 19 11 8.34314 38.5004 137.722 4.7 5
2010 8 25 19 13 11.6619 38.5403 137.692 23.7 6
2010 8 25 19 14 18.5657 38.5604 137.662 19.3 6
2010 8 25 19 14 18.7363 38.5685 137.674 20.5 8
2010 8 25 19 16 29.3819 38.5195 137.774 11.9 5
2010 8 25 19 16 29.4213 38.5251 137.75 9.7 5
2010 8 25 19 16 29.7205 38.3656 137.596 10 5
2010 8 25 19 18 5.56926 38.4708 137.726 12.2 5
2010 8 25 19 20 5.72023 38.5145 137.766 11.6 6
2010 8 25 21 33 21.2775 35.9834 130.273 16 5
2010 8 25 21 50 15.225 35.9947 130.288 18.5 5
2010 8 25 21 51 42.8103 38.8021 132.143 7.6 6
2010 8 25 21 52 42.004 38.8057 132.165 6.9 5
2010 8 25 21 53 3.33949 38.8494 132.08 7.7 5
2010 8 25 22 2 59.7609 38.8569 132.199 23.5 9
2010 8 25 22 4 2.76355 38.8847 132.202 17.3 7
2010 8 25 22 6 58.9457 38.825 132.272 7.8 6
2010 8 25 22 8 17.3747 38.8895 132.237 23.8 7
2010 8 25 22 10 15.7599 38.8107 132.219 14.3 6
2010 8 25 22 10 15.9298 38.8605 132.221 14.4 5
2010 8 25 22 11 31.5159 38.8914 132.242 19.1 5
2010 8 25 22 13 25.2281 38.8319 132.278 6 6
2010 8 25 22 13 25.269 38.8615 132.192 4.5 5
2010 8 25 22 14 44.574 38.8835 132.25 17.3 7
2010 8 25 22 18 14.9326 36.0464 130.348 24.8 9
2010 8 25 22 20 4.93689 38.9956 132.294 7.8 5
2010 8 25 22 20 35.1807 36.0817 130.345 20.3 5
2010 8 25 22 20 57.7844 38.8609 132.212 29.4 7
2010 8 25 22 20 57.8324 38.8269 132.245 6.9 6
2010 8 25 22 22 12.2599 36.109 130.43 11.8 5
2010 8 25 22 22 50.0145 36.0874 130.331 18.2 5
2010 8 25 22 23 28.5922 38.903 132.27 16.8 8
2010 8 25 22 23 28.6742 38.8837 132.256 3.6 6
2010 8 25 22 24 17.2023 38.8429 132.295 8.3 5
2010 8 25 22 24 51.7716 36.0805 130.363 5 5
2010 8 25 22 28 51.0437 36.1254 130.356 15.4 8
2010 8 25 22 33 35.2931 38.9105 132.28 16.4 6
2010 8 25 22 33 54.5228 38.883 132.388 0.4 5
2010 8 25 22 34 56.2947 38.9126 132.25 16.4 5
2010 8 25 22 35 28.0106 38.9503 132.26 17.3 6
2010 8 25 22 35 42.728 38.8987 132.222 18.4 6
2010 8 25 22 35 55.7782 38.8888 132.327 9.3 7
2010 8 25 22 36 4.08941 37.7683 136.305 19.3 5
2010 8 25 22 36 4.20896 37.7687 136.305 16.9 6
2010 8 25 22 36 4.41107 38.9579 132.272 16.2 7
2010 8 25 22 36 7.49572 38.9439 132.349 17.1 6
2010 8 25 22 37 5.04858 38.9149 132.289 11.9 5
2010 8 25 22 37 18.5783 38.8823 132.311 17 5
2010 8 25 22 37 43.9912 39.2342 131.759 25.8 5
2010 8 25 22 37 44.0644 38.9004 132.385 5.4 6
2010 8 25 22 37 58.0915 38.9484 132.288 16.1 8
2010 8 25 22 38 53.8859 38.898 132.292 12.8 6
2010 8 25 22 40 27.9482 38.9757 132.403 15 6
2010 8 25 22 41 2.82672 38.9151 132.293 18.5 10
2010 8 25 22 41 2.90494 38.8974 132.334 5.1 5
2010 8 25 22 41 53.0381 37.7883 136.417 14.4 5
2010 8 25 22 41 53.0897 37.8083 136.296 21.1 5
2010 8 25 22 42 36.9323 38.8176 132.486 27.3 5
2010 8 25 22 42 37.0176 38.9174 132.35 5.8 5
2010 8 25 22 43 20.4868 38.8744 132.414 6.7 5
2010 8 25 22 43 20.5414 38.8834 132.385 5.5 6
2010 8 25 22 44 17.6355 37.7344 136.252 23 5
2010 8 25 22 45 6.13163 39.0038 132.403 14.5 5
2010 8 25 22 46 30.2268 38.9098 132.328 12.6 6
2010 8 25 22 46 30.307 38.9162 132.306 29.1 8
2010 8 25 22 46 30.3995 38.934 132.292 27.4 8
2010 8 25 22 47 15.5167 38.8785 132.377 22 8
2010 8 25 22 47 15.6265 38.8759 132.405 3.7 5
2010 8 25 22 47 15.8708 38.9338 132.373 14.8 8
2010 8 25 22 47 28.6901 37.687 136.384 8.4 5
2010 8 25 22 48 8.39272 38.9107 132.275 15 8
2010 8 25 22 48 8.67899 38.8825 132.254 19.2 6
2010 8 25 22 48 8.74209 38.9403 132.268 11.8 5
2010 8 25 22 48 24.0899 38.9045 132.301 11.2 5
2010 8 25 22 48 32.1856 38.9756 132.351 15.4 8
2010 8 25 22 50 33.9279 38.7729 132.594 19.3 6
2010 8 25 22 51 14.1719 39.13 132.088 6.2 5
2010 8 25 22 51 14.3027 38.9018 132.396 10 6
2010 8 25 22 51 14.4004 38.8989 132.361 24.3 6
2010 8 25 22 51 14.6829 38.8257 132.369 12.2 8
2010 8 25 22 52 15.414 38.9845 132.393 14.3 8
2010 8 25 22 52 23.6788 38.9822 132.398 15.3 6
2010 8 25 22 52 32.173 38.8651 132.322 23.9 5
2010 8 25 22 52 32.3212 38.8684 132.383 5.8 5
2010 8 25 22 53 9.66232 38.8116 132.388 28.4 5
2010 8 25 22 53 9.70173 38.9262 132.284 4.5 5
2010 8 25 22 53 9.72712 38.8915 132.369 6.4 5
2010 8 25 22 53 9.7589 38.8759 132.364 4.7 5
2010 8 25 22 53 9.93665 38.9335 132.344 16.5 7
2010 8 25 22 53 10.2917 39.1822 131.864 19.8 5
2010 8 25 22 53 15.4368 37.7224 136.187 2.4 5
2010 8 25 22 53 15.5789 37.7839 136.266 21 5
2010 8 25 22 53 24.7981 38.9462 132.319 13.5 7
2010 8 25 22 53 42.0224 39.1109 132.175 2.7 5
2010 8 25 22 53 42.2052 39.0042 132.373 13.3 6
2010 8 25 22 53 42.5214 38.8813 132.386 5.3 6
2010 8 25 22 53 58.0865 37.7659 136.262 19.9 10
2010 8 25 22 54 31.8081 38.9188 132.392 22 9
2010 8 25 22 54 31.8742 38.8871 132.395 2.4 6
2010 8 25 22 55 6.40115 38.9272 132.365 19.1 5
2010 8 25 22 55 14.9237 38.8882 132.384 5.6 6
2010 8 25 22 55 34.3556 38.9597 132.35 18.6 5
2010 8 25 22 55 34.4797 38.9168 132.391 2.5 5
2010 8 25 22 55 34.5781 38.9147 132.38 5.1 6
2010 8 25 22 55 34.7531 38.9428 132.331 12.1 5
2010 8 25 22 55 36.4854 37.7385 136.267 6 5
2010 8 25 22 55 52.6058 38.9485 132.368 12.2 8
2010 8 25 22 56 6.00744 38.939 132.353 14.1 8
2010 8 25 22 56 52.389 37.7458 136.213 21.8 6
2010 8 25 22 56 59.6413 38.9074 132.363 8.6 6
2010 8 25 22 56 59.757 39.1099 132.186 4 5
2010 8 25 22 57 19.6496 38.9591 132.332 17.5 6
2010 8 25 22 57 34.8276 38.9199 132.356 17.9 5
2010 8 25 22 58 13.5597 38.9222 132.394 2.8 5
2010 8 25 22 58 13.9414 38.9695 132.371 14.8 6
2010 8 25 22 58 38.8152 38.8935 132.365 19.6 7
2010 8 25 22 58 54.3882 39.0015 132.388 16 5
2010 8 25 22 58 54.5155 38.9431 132.37 16.8 8
2010 8 25 22 59 5.08645 38.8868 132.433 4.1 6
2010 8 25 22 59 5.14242 38.9295 132.401 17.6 6
2010 8 25 22 59 5.34729 38.9328 132.393 19.9 6
2010 8 25 22 59 23.969 38.924 132.368 24.2 8
2010 8 25 22 59 24.0283 38.9061 132.39 5.5 6
2010 8 25 22 59 24.2138 38.8959 132.399 5.1 6
2010 8 25 22 59 24.2821 38.8972 132.394 4.9 6
2010 8 25 22 59 24.5172 38.8963 132.4 2.7 5
2010 8 25 22 59 41.4402 38.9589 132.375 17.1 6
2010 8 25 22 59 50.9352 38.912 132.406 4.9 5
2010 8 25 23 0 34.9674 38.9495 132.381 8.7 6
2010 8 25 23 0 54.6241 38.9236 132.444 10.2 6
2010 8 25 23 0 54.7232 38.9432 132.452 12.9 7
2010 8 25 23 1 25.4321 38.9288 132.369 16.8 8
2010 8 25 23 1 39.0203 37.7509 136.2 17.6 6
2010 8 25 23 1 39.0964 38.9123 132.395 10.1 7
2010 8 25 23 1 39.1794 38.8809 132.423 7.5 5
2010 8 25 23 1 53.4917 38.9198 132.426 8 6
2010 8 25 23 1 53.5726 38.9478 132.411 11.9 5
2010 8 25 23 1 56.6818 38.8925 132.412 4.9 5
2010 8 25 23 2 24.8707 37.714 136.234 18.8 5
2010 8 25 23 2 46.0934 38.9017 132.416 4.2 5
2010 8 25 23 2 53.6254 38.9197 132.363 16.9 5
2010 8 25 23 2 53.8236 38.978 132.345 13.4 5
2010 8 25 23 3 8.98508 38.909 132.367 5.3 6
2010 8 25 23 3 14.8735 38.9613 132.387 15.4 7
2010 8 25 23 3 28.541 37.7452 136.251 19.1 6
2010 8 25 23 3 37.6368 37.738 136.278 16.5 9
2010 8 25 23 3 43.1646 38.8382 132.384 3.1 5
2010 8 25 23 3 43.4272 38.8898 132.35 18.5 6
2010 8 25 23 3 50.0096 38.9421 132.351 16.2 5
2010 8 25 23 4 2.83801 38.9821 132.383 15.5 7
2010 8 25 23 4 3.00725 38.9868 132.384 15 8
2010 8 25 23 4 3.46309 38.9746 132.396 17.2 5
2010 8 25 23 4 21.9771 38.8837 132.377 6 5
2010 8 25 23 4 38.0102 37.8134 136.167 3.8 7
2010 8 25 23 4 38.026 38.9194 132.401 15.7 7
2010 8 25 23 4 53.0869 38.9986 132.452 5.3 5
2010 8 25 23 5 26.5952 38.9298 132.43 4.9 5
2010 8 25 23 5 36.0447 38.8736 132.476 2.7 5
2010 8 25 23 5 36.7691 38.9378 132.383 16.6 6
2010 8 25 23 5 37.0442 38.9329 132.39 12.9 5
2010 8 25 23 5 51.4037 38.9175 132.311 22.8 5
2010 8 25 23 6 15.1772 38.9835 132.392 14.7 6
2010 8 25 23 6 15.3893 38.9612 132.393 15.1 8
2010 8 25 23 6 15.6539 38.9483 132.382 18.6 5
2010 8 25 23 6 42.6335 38.9051 132.486 4.8 5
2010 8 25 23 6 42.686 38.9437 132.439 17.5 6
2010 8 25 23 7 15.7512 37.7518 136.234 17.3 6
2010 8 25 23 7 48.8016 37.7674 136.262 20.1 6
2010 8 25 23 7 51.0219 38.887 132.428 5.4 7
2010 8 25 23 7 51.0882 38.8651 132.452 8.8 5
2010 8 25 23 7 51.1471 38.9346 132.376 18.3 5
2010 8 25 23 7 51.3017 38.9384 132.389 19.6 6
2010 8 25 23 7 51.6425 38.9406 132.393 17 7
2010 8 25 23 8 12.0197 37.715 136.255 20.9 5
2010 8 25 23 8 43.7509 37.7032 136.222 3.3 6
2010 8 25 23 8 49.8614 38.915 132.407 8.7 7
2010 8 25 23 9 23.5574 37.7463 136.246 6.7 5
2010 8 25 23 9 24.2847 38.973 132.379 18.2 7
2010 8 25 23 9 36.6228 38.9297 132.46 17.2 6
2010 8 25 23 9 36.813 38.9243 132.441 21.3 10
2010 8 25 23 9 37.1063 38.9263 132.452 19.3 5
2010 8 25 23 9 37.2582 39.008 132.441 7.5 5
2010 8 25 23 9 43.2532 37.7661 136.287 15.8 5
2010 8 25 23 10 5.87763 38.962 132.438 22.3 6
2010 8 25 23 10 16.1268 38.8868 132.343 17.5 5
2010 8 25 23 10 32.3669 37.7705 136.222 16.6 8
2010 8 25 23 11 8.06594 38.9319 132.411 3.3 6
2010 8 25 23 11 8.55769 38.9013 132.394 3.5 5
2010 8 25 23 11 24.5278 37.7582 136.269 18 6
2010 8 25 23 11 54.4192 37.7764 136.169 16.4 8
2010 8 25 23 11 55.2454 38.9175 132.412 28.2 9
2010 8 25 23 11 55.3206 38.9126 132.434 2.1 5
2010 8 25 23 11 55.52 38.9162 132.427 2.2 6
2010 8 25 23 12 42.6158 38.9531 132.409 17.9 7
2010 8 25 23 13 12.0918 38.9549 132.486 20 7
2010 8 25 23 13 55.6089 38.9223 132.589 8.9 5
2010 8 25 23 14 6.80685 39.0377 132.401 7 5
2010 8 25 23 14 7.00623 38.9472 132.422 16 6
2010 8 25 23 14 7.10248 38.957 132.434 11.5 7
2010 8 25 23 14 25.883 37.7559 136.226 20.6 9
2010 8 25 23 14 25.9572 37.7481 136.254 18.3 5
2010 8 25 23 15 9.20938 38.9469 132.443 15.8 6
2010 8 25 23 15 32.3066 38.8848 132.409 26.1 7
2010 8 25 23 16 0.79947 38.9243 132.426 9.9 5
2010 8 25 23 16 45.8191 38.9373 132.38 18.3 5
2010 8 25 23 16 52.6285 38.9575 132.386 12.7 9
2010 8 25 23 16 57.8543 38.9343 132.426 15.9 6
2010 8 25 23 17 19.7516 38.9271 132.42 24.5 9
2010 8 25 23 17 19.8893 38.9088 132.463 9.1 6
2010 8 25 23 17 20.2341 38.9164 132.392 2.8 5
2010 8 25 23 17 20.3001 38.9618 132.429 18.2 6
2010 8 25 23 17 28.0647 38.912 132.453 5 7
2010 8 25 23 17 31.164 38.8935 132.454 4.2 5
2010 8 25 23 17 51.739 38.9471 132.443 15.8 7
2010 8 25 23 18 2.02858 38.9679 132.436 14.8 8
2010 8 25 23 18 2.12665 39.032 132.442 12.8 6
2010 8 25 23 18 2.18321 38.9213 132.457 4.3 6
2010 8 25 23 18 11.2099 38.9312 132.411 24.5 9
2010 8 25 23 18 35.7238 38.9213 132.467 20.5 7
2010 8 25 23 18 35.7652 38.9427 132.451 17.7 5
2010 8 25 23 18 36.1634 38.8825 132.495 3 5
2010 8 25 23 18 36.3967 38.9273 132.415 2.5 7
2010 8 25 23 18 38.5292 37.8016 136.302 18.7 5
2010 8 25 23 18 46.6887 38.9095 132.432 29 6
2010 8 25 23 19 10.7317 38.9555 132.408 10.7 5
2010 8 25 23 19 11.0118 38.9251 132.472 12.8 5
2010 8 25 23 19 11.2592 38.9154 132.473 2.1 5
2010 8 25 23 19 35.0543 38.9217 132.428 7.5 6
2010 8 25 23 19 35.3612 38.9566 132.426 19.4 5
2010 8 25 23 19 35.8502 38.959 132.431 17.1 5
2010 8 25 23 19 42.7537 39.0271 132.346 8.4 5
2010 8 25 23 19 48.0793 37.6393 136.163 26.8 6
2010 8 25 23 19 50.8978 38.9339 132.474 16.1 6
2010 8 25 23 19 51.0204 38.9519 132.435 3.7 6
2010 8 25 23 20 4.96477 38.8922 132.48 8 5
2010 8 25 23 20 5.07089 38.9454 132.44 13.8 8
2010 8 25 23 20 5.17073 38.9157 132.466 9.7 5
2010 8 25 23 20 29.3835 38.8994 132.425 18.1 5
2010 8 25 23 20 37.3363 38.9696 132.496 13.6 7
2010 8 25 23 20 46.4961 38.9381 132.474 27.2 7
2010 8 25 23 20 46.6213 38.9673 132.464 18.1 5
2010 8 25 23 20 47.3476 38.9621 132.42 5.3 5
2010 8 25 23 21 12.2129 38.9224 132.455 23.5 8
2010 8 25 23 21 12.4592 38.955 132.445 18.3 5
2010 8 25 23 21 19.2629 38.9209 132.457 14.9 7
2010 8 25 23 21 19.3509 38.9388 132.452 15.5 7
2010 8 25 23 21 19.4458 38.8873 132.474 5.5 5
2010 8 25 23 21 31.8385 38.9658 132.43 17.2 6
2010 8 25 23 21 40.0683 38.9318 132.463 12.6 5
2010 8 25 23 21 52.0782 37.7537 136.221 17.1 6
2010 8 25 23 21 52.1584 37.7309 136.259 3 5
2010 8 25 23 22 6.09239 38.9563 132.475 15 8
2010 8 25 23 22 6.13311 38.9614 132.457 15.4 7
2010 8 25 23 22 6.1736 38.9372 132.459 24.6 9
2010 8 25 23 22 6.21186 38.8693 132.511 12.9 6
2010 8 25 23 22 6.49638 38.9215 132.476 26.1 7
2010 8 25 23 22 6.55503 38.9121 132.496 3 5
2010 8 25 23 22 6.61703 38.9541 132.443 4.5 5
2010 8 25 23 22 6.68487 38.9308 132.473 10.4 6
2010 8 25 23 22 6.74468 38.9066 132.49 0.8 5
2010 8 25 23 22 30.3203 38.9038 132.455 28.7 8
2010 8 25 23 22 30.5229 38.8619 132.472 21.8 7
2010 8 25 23 22 35.9347 38.9264 132.492 6.7 6
2010 8 25 23 22 42.3423 38.9369 132.459 6.3 6
2010 8 25 23 23 7.39439 38.8982 132.399 15.9 5
2010 8 25 23 23 7.59079 38.8965 132.385 19.3 5
2010 8 25 23 23 8.25291 38.8732 132.41 5.6 6
2010 8 25 23 23 22.5562 38.8678 132.544 5.4 6
2010 8 25 23 23 43.6204 39.0361 132.467 10.3 7
2010 8 25 23 23 43.693 38.9056 132.49 4.8 6
2010 8 25 23 23 44.1466 38.9607 132.468 17.9 5
2010 8 25 23 23 51.7568 38.9448 132.411 15.7 6
2010 8 25 23 24 4.89457 38.9239 132.446 3.8 6
2010 8 25 23 24 22.3817 38.9657 132.443 9 6
2010 8 25 23 24 22.4891 38.9119 132.448 2.9 5
2010 8 25 23 24 38.1055 38.9638 132.436 11.2 5
2010 8 25 23 24 47.2785 38.9152 132.489 11.3 7
2010 8 25 23 24 56.1193 38.9688 132.453 14.5 8
2010 8 25 23 25 5.04547 38.9436 132.465 16.9 5
2010 8 25 23 26 15.7726 38.9839 132.469 15.9 6
2010 8 25 23 26 16.6584 38.9534 132.451 27.8 9
2010 8 25 23 26 24.9465 38.9234 132.399 12 6
2010 8 25 23 26 36.3357 38.901 132.45 5.2 5
2010 8 25 23 26 46.6776 38.9222 132.497 1.9 6
2010 8 25 23 26 47.0063 38.9148 132.465 26.8 7
2010 8 25 23 26 57.4272 39.0032 132.465 7.3 6
2010 8 25 23 26 57.5213 38.8956 132.519 5.9 5
2010 8 25 23 26 57.7607 38.9691 132.512 14.8 5
2010 8 25 23 26 57.9958 38.9626 132.491 29.3 5
2010 8 25 23 26 58.15 39.5961 131.705 20.4 5
2010 8 25 23 26 58.1502 38.9578 132.528 3.9 7
2010 8 25 23 27 2.77502 38.9464 132.509 16.5 8
2010 8 25 23 27 22.0465 38.9215 132.448 3.9 5
2010 8 25 23 27 23.2033 38.3129 133.031 18.3 5
2010 8 25 23 27 52.4072 38.9081 132.53 2.4 6
2010 8 25 23 27 52.5371 38.9067 132.526 6.8 6
2010 8 25 23 27 52.6566 38.941 132.512 27.5 7
2010 8 25 23 27 52.7823 38.9872 132.528 13.7 7
2010 8 25 23 27 52.9527 38.9241 132.532 4.5 5
2010 8 25 23 28 4.21692 38.9148 132.513 9.7 6
2010 8 25 23 28 15.902 38.2801 133.044 2 5
2010 8 25 23 28 37.7471 38.9139 132.226 19.9 5
2010 8 25 23 29 3.06364 38.9542 132.433 5.9 5
2010 8 25 23 29 15.7858 38.906 132.429 18.9 5
2010 8 25 23 29 15.979 38.879 132.443 6.7 5
2010 8 25 23 29 24.0875 39.0074 132.468 11.5 5
2010 8 25 23 29 31.3967 38.9576 132.465 13.9 7
2010 8 25 23 29 31.7722 38.9148 132.511 4 6
2010 8 25 23 29 31.823 38.9209 132.505 7 6
2010 8 25 23 29 37.9967 38.9375 132.493 16.6 6
2010 8 25 23 29 50.7678 38.9589 132.474 15.9 7
2010 8 25 23 30 16.7864 38.9211 132.473 20.9 9
2010 8 25 23 30 20.349 38.9562 132.454 17.5 5
2010 8 25 23 30 25.8766 38.8972 132.427 13.2 5
2010 8 25 23 30 26.7796 38.338 132.957 4.5 5
2010 8 25 23 30 26.964 38.3334 133.063 16 7
2010 8 25 23 30 27.0526 38.9723 132.443 17.3 6
2010 8 25 23 31 18.4191 38.9525 132.496 11.7 8
2010 8 25 23 31 26.2708 38.9191 132.483 3.7 5
2010 8 25 23 31 26.365 38.9703 132.43 17.2 8
2010 8 25 23 31 34.9922 38.9994 132.477 13.8 6
2010 8 25 23 31 50.1965 38.3508 133.01 17 7
2010 8 25 23 31 50.3341 38.2858 132.955 18.1 6
2010 8 25 23 31 57.8923 38.9829 132.499 17.9 6
2010 8 25 23 32 6.30464 38.9733 132.45 16.5 6
2010 8 25 23 32 12.4538 38.9864 132.46 12.6 5
2010 8 25 23 32 19.506 38.9058 132.473 10.6 5
2010 8 25 23 32 23.244 38.9255 132.453 16.1 6
2010 8 25 23 32 33.3294 38.9422 132.489 5.3 6
2010 8 25 23 32 33.4268 39.0642 132.422 12.8 7
2010 8 25 23 32 47.5645 38.9866 132.499 16.3 7
2010 8 25 23 32 47.9719 38.961 132.507 16.3 6
2010 8 25 23 33 4.94943 38.8829 132.467 3.9 5
2010 8 25 23 33 5.30618 38.8699 132.481 14.3 6
2010 8 25 23 33 27.398 38.9341 132.42 5.5 6
2010 8 25 23 33 35.6711 38.3752 133.02 17.5 7
2010 8 25 23 33 35.9985 38.3717 132.969 18.2 7
2010 8 25 23 33 36.7399 38.901 132.493 8.8 5
2010 8 25 23 33 36.8685 38.9016 132.501 1.5 5
2010 8 25 23 33 37.0341 38.9431 132.412 5.2 6
2010 8 25 23 33 37.3297 39.0511 132.416 8.3 5
2010 8 25 23 33 59.9402 38.8854 132.502 9.5 7
2010 8 25 23 34 0.176206 38.9159 132.482 15.5 6
2010 8 25 23 34 0.236537 38.8632 132.508 4.8 6
2010 8 25 23 34 0.688601 38.8732 132.51 5.1 6
2010 8 25 23 34 8.4242 38.9587 132.502 14.4 5
2010 8 25 23 34 52.5115 38.983 132.52 16 5
2010 8 25 23 35 29.8229 38.9326 132.497 23.1 8
2010 8 25 23 35 29.8835 38.9358 132.513 17.2 6
2010 8 25 23 35 29.9138 38.9415 132.478 17 6
2010 8 25 23 35 29.9358 38.9392 132.483 17.5 5
2010 8 25 23 35 30.6562 38.9254 132.447 4.8 6
2010 8 25 23 36 13.4476 38.9721 132.494 16.6 9
2010 8 25 23 36 13.6352 39.0507 132.459 12 5
2010 8 25 23 36 27.8105 38.9092 132.503 8.9 6
2010 8 25 23 36 54.4427 38.7858 132.651 20.2 6
2010 8 25 23 36 54.9557 38.9183 132.553 16.3 7
2010 8 25 23 36 55.007 38.9071 132.552 15.6 6
2010 8 25 23 36 55.2508 38.8836 132.57 6.5 6
2010 8 25 23 37 8.88547 37.7193 136.281 9.7 5
2010 8 25 23 37 20.0894 38.9889 132.543 20.6 6
2010 8 25 23 37 36.6694 38.9298 132.545 10 6
2010 8 25 23 37 45.3277 38.9191 132.539 19.7 5
2010 8 25 23 38 12.7868 38.9327 132.436 10.1 5
2010 8 25 23 38 12.8554 38.8989 132.483 4.6 5
2010 8 25 23 38 12.947 38.9111 132.47 23.2 8
2010 8 25 23 38 13.29 38.8846 132.494 1.5 5
2010 8 25 23 38 29.0711 38.9017 132.422 20.4 5
2010 8 25 23 38 45.9056 39.0017 132.572 14.4 5
2010 8 25 23 39 12.1224 38.9409 132.508 15.3 7
2010 8 25 23 39 32.8806 38.9455 132.456 18 5
2010 8 25 23 40 11.035 38.8505 132.465 9.1 6
2010 8 25 23 40 11.1303 38.865 132.448 8.6 5
2010 8 25 23 40 48.3538 38.3228 133.095 5.4 6
2010 8 25 23 40 48.3778 38.3641 133.052 8.7 7
2010 8 25 23 40 48.4245 38.4039 133.037 7.4 5
2010 8 25 23 41 10.6997 38.8744 132.603 4.2 5
2010 8 25 23 41 25.9283 38.8847 132.532 2.2 5
2010 8 25 23 42 3.77292 38.9701 132.606 4.9 6
2010 8 25 23 42 56.3182 38.8924 132.578 5 5
2010 8 25 23 42 56.3182 38.9464 132.34 23.9 6
2010 8 25 23 42 56.9442 38.9447 132.549 16.1 6
2010 8 25 23 43 4.34 37.7044 136.24 28.3 5
2010 8 25 23 43 13.117 38.9405 132.578 26.6 9
2010 8 25 23 43 13.4101 38.9361 132.6 7.7 5
2010 8 25 23 44 12.3951 38.9732 132.587 16.4 7
2010 8 25 23 44 12.4586 39.0103 132.599 10.3 5
2010 8 25 23 44 12.6602 38.9379 132.532 6.6 6
2010 8 25 23 44 18.5061 37.7352 136.107 4.5 5
2010 8 25 23 45 12.4262 38.888 132.691 23.1 6
2010 8 25 23 45 30.3 39.2226 132.034 17.2 5
2010 8 25 23 45 31.0414 38.9021 132.52 20.2 8
2010 8 25 23 45 53.9577 38.9835 132.522 14.1 8
2010 8 25 23 45 54.3616 38.9708 132.52 14.8 5
2010 8 25 23 45 54.6557 38.9831 132.534 14.9 6
2010 8 25 23 46 41.3151 38.9216 132.721 5.1 6
2010 8 25 23 48 7.39946 38.9427 132.501 13.6 8
2010 8 25 23 49 28.5561 38.9606 132.503 18.5 5
2010 8 25 23 49 28.6513 38.9023 132.545 4.4 6
2010 8 25 23 50 6.10919 38.9028 132.521 7.8 8
2010 8 25 23 50 50.9465 38.9768 132.629 17.5 5
2010 8 25 23 51 22.4564 38.8491 132.517 4.8 5
2010 8 25 23 51 22.4565 38.9145 132.602 12.2 5
2010 8 25 23 51 22.5756 38.8987 132.529 16.5 5
2010 8 25 23 51 54.2824 38.8457 132.58 6.2 6
2010 8 25 23 51 54.6655 38.8757 132.547 15.9 5
2010 8 25 23 52 21.3433 39.0066 132.621 18.9 5
2010 8 25 23 52 21.4449 38.9839 132.653 9.9 7
2010 8 25 23 52 38.1253 38.8936 132.506 15.5 7
2010 8 25 23 52 38.4526 38.9501 132.596 18.1 5
2010 8 25 23 53 14.2085 38.8924 132.54 14.8 8
2010 8 25 23 53 14.6218 38.8765 132.555 11.7 5
2010 8 25 23 53 14.7708 38.8505 132.57 2.8 5
2010 8 25 23 53 14.9599 38.8933 132.539 18.3 5
2010 8 25 23 53 15.0547 38.8584 132.557 9.8 6
2010 8 25 23 53 29.3863 38.8998 132.512 5 5
2010 8 25 23 53 55.5117 38.9237 132.543 6.2 5
2010 8 25 23 53 56.0121 38.8958 132.566 6.7 5
2010 8 25 23 54 43.141 38.9201 132.522 11.5 6
2010 8 25 23 54 43.2873 38.8755 132.534 6.4 5
2010 8 25 23 54 43.8555 38.8994 132.541 12.4 5
2010 8 25 23 55 19.2568 38.8924 132.537 22.5 7
2010 8 25 23 55 49.276 38.9001 132.579 14.6 8
2010 8 25 23 55 49.3462 38.9405 132.572 14 6
2010 8 25 23 57 18.1769 38.9364 132.237 28.8 5
2010 8 25 23 57 53.1447 38.8846 132.612 19.6 7
2010 8 25 23 57 53.19 38.924 132.611 9.7 5
2010 8 25 23 57 54.027 38.9004 132.644 1.8 6
2010 8 25 23 58 23.8912 38.951 132.614 16.1 7
2010 8 25 23 59 15.2201 38.9408 132.675 6.2 6
2010 8 25 23 59 15.3451 38.9465 132.704 14.6 6
2010 8 25 23 59 15.6693 39.0038 132.664 10.5 6
2010 8 25 23 59 15.7298 38.9671 132.667 15.8 5
2010 8 26 0 0 21.3726 38.0407 133.025 28.8 8
2010 8 26 0 1 9.23708 38.9649 132.641 16.2 7
2010 8 26 0 1 9.30609 38.9156 132.667 5.9 6
2010 8 26 0 1 9.80485 38.9063 132.663 2.5 5
2010 8 26 0 1 9.87469 39.2975 137.531 21.3 5
2010 8 26 0 2 1.30248 38.1066 133.026 17.5 7
2010 8 26 0 2 26.045 38.385 133.173 2.6 5
2010 8 26 0 3 16.5853 38.9315 132.806 16.8 5
2010 8 26 0 4 25.1387 39.0485 132.691 15.3 8
2010 8 26 0 4 59.7663 38.4611 133.132 17.4 7
2010 8 26 0 10 57.8822 38.9362 132.643 26.3 7
2010 8 26 0 10 57.9333 38.9499 132.643 15.5 6
2010 8 26 0 10 58.0475 38.9306 132.585 10.8 5
2010 8 26 0 10 59.3486 39.0165 132.883 26 10
2010 8 26 0 12 23.6734 37.6317 135.91 17.5 5
2010 8 26 0 13 31.1892 37.6805 136.13 16.3 8
2010 8 26 0 16 24.4956 37.9314 135.525 19.2 5
2010 8 26 0 16 55.1201 37.7023 136.147 20.6 5
2010 8 26 0 18 0.986799 37.6636 136.138 28.9 7
2010 8 26 0 19 13.8215 38.9454 132.652 11.4 5
2010 8 26 0 19 13.9018 38.9076 132.713 1.7 5
2010 8 26 0 19 59.1799 37.7035 136.261 13.4 7
2010 8 26 0 20 50.7147 37.57 136.143 5.9 5
2010 8 26 0 20 50.764 37.6115 136.111 8.8 5
2010 8 26 0 21 4.09694 38.5266 133.309 15.9 5
2010 8 26 0 21 56.3963 37.7387 136.254 6.4 6
2010 8 26 0 21 56.5066 37.7737 136.242 16.5 7
2010 8 26 0 22 44.4449 38.8993 132.714 9.2 7
2010 8 26 0 22 44.5335 38.9646 132.714 16.2 6
2010 8 26 0 23 14.7959 38.5145 133.377 16.7 6
2010 8 26 0 23 18.8107 37.8224 136.051 3.9 5
2010 8 26 0 23 24.3233 37.6166 136.226 2.7 5
2010 8 26 0 24 17.2426 38.2694 135.475 22.1 5
2010 8 26 0 24 23.5977 37.6953 136.261 1.6 5
2010 8 26 0 24 23.7269 37.7778 136.265 14.8 9
2010 8 26 0 24 37.5978 38.5686 133.423 2.7 5
2010 8 26 0 25 21.4236 38.5697 133.436 1.6 6
2010 8 26 0 25 21.4904 38.6327 133.361 15.4 7
2010 8 26 0 25 26.6412 37.6577 136.193 14.8 5
2010 8 26 0 25 53.1545 37.6683 136.182 19.8 6
2010 8 26 0 26 29.6707 38.5233 133.377 17.8 6
2010 8 26 0 26 50.2514 37.7063 136.197 17 5
2010 8 26 0 26 50.2755 37.6573 136.189 14.6 6
2010 8 26 0 27 41.5495 38.518 133.365 18.3 6
2010 8 26 0 27 41.6436 38.5085 133.371 15.8 7
2010 8 26 0 28 57.0395 38.473 133.417 2.4 6
2010 8 26 0 29 39.2194 37.6086 136.214 6 5
2010 8 26 0 29 58.0293 38.6162 133.328 13.7 6
2010 8 26 0 31 11.9151 38.5269 133.352 11 5
2010 8 26 0 31 12.0484 38.5223 133.382 17.2 6
2010 8 26 0 31 34.2815 38.5191 133.387 18.5 8
2010 8 26 0 31 34.3341 38.5469 133.366 18.4 7
2010 8 26 0 31 34.522 38.5411 133.421 20.5 8
2010 8 26 0 32 10.072 38.5798 133.359 26 5
2010 8 26 0 32 17.6974 37.6661 136.201 21.6 8
2010 8 26 0 32 17.7935 37.6553 136.239 1 6
2010 8 26 0 32 18.2624 37.7134 136.221 20.2 7
2010 8 26 0 32 32.7736 38.5323 133.381 14.6 7
2010 8 26 0 32 32.8158 38.4806 133.408 1.7 5
2010 8 26 0 32 54.5294 38.5386 133.385 16.7 7
2010 8 26 0 32 56.8692 37.7102 136.147 8 5
2010 8 26 0 33 26.2857 37.6655 136.105 15.6 7
2010 8 26 0 33 26.469 37.7071 136.114 12.9 5
2010 8 26 0 33 42.7491 38.5198 133.349 5.9 6
2010 8 26 0 33 42.9259 38.5974 133.383 16.5 5
2010 8 26 0 33 47.8659 37.6696 136.096 6.1 5
2010 8 26 0 34 1.66495 38.5206 133.404 24.3 7
2010 8 26 0 34 1.80591 38.5473 133.392 15.2 8
2010 8 26 0 34 12.7046 38.5305 133.58 2.9 5
2010 8 26 0 34 30.8535 37.6457 136.126 18 6
2010 8 26 0 35 10.0317 38.5122 133.362 5.6 7
2010 8 26 0 35 10.1486 38.5052 133.437 13 9
2010 8 26 0 35 20.6307 38.5846 133.57 8.3 5
2010 8 26 0 35 25.9607 38.5048 133.386 16.2 5
2010 8 26 0 35 26.0199 38.5689 133.443 15.6 5
2010 8 26 0 35 26.0628 38.5889 133.404 12.9 6
2010 8 26 0 35 37.6172 37.6165 136.144 4 5
2010 8 26 0 36 0.25309 38.5329 133.536 0.5 6
2010 8 26 0 36 29.0897 38.5399 133.417 16.9 7
2010 8 26 0 36 29.1493 38.5361 133.414 13.9 6
2010 8 26 0 36 49.8334 37.5237 135.969 25.8 5
2010 8 26 0 36 49.9304 37.5926 136.155 2.7 5
2010 8 26 0 36 58.8555 38.5863 133.508 17.6 6
2010 8 26 0 37 7.88704 37.6582 136.234 5.5 5
2010 8 26 0 37 33.0952 37.6763 136.113 16.7 6
2010 8 26 0 38 22.4752 38.4375 133.425 5.2 6
2010 8 26 0 38 28.1912 37.6621 136.133 18.5 11
2010 8 26 0 38 28.2565 37.6884 136.146 15.9 7
2010 8 26 0 38 53.5526 38.5199 133.33 12.8 6
2010 8 26 0 38 53.638 38.4957 133.406 6.3 5
2010 8 26 0 39 8.06051 37.6559 136.147 14.1 5
2010 8 26 0 39 36.3478 38.5557 133.579 2.7 5
2010 8 26 0 39 49.7982 38.5373 133.436 14.8 8
2010 8 26 0 40 0.942458 37.7159 136.183 20.8 6
2010 8 26 0 40 11.891 38.5771 133.508 16.1 7
2010 8 26 0 40 12.8754 38.5859 133.598 14.4 5
2010 8 26 0 40 12.9302 38.5494 133.629 2 5
2010 8 26 0 40 13.1365 38.5213 133.582 1.4 5
2010 8 26 0 40 18.8281 38.4747 133.47 6.7 5
2010 8 26 0 40 38.0372 38.5469 133.604 4.6 6
2010 8 26 0 41 25.2496 38.6032 133.566 10.1 7
2010 8 26 0 41 33.1067 37.7035 136.229 16.1 7
2010 8 26 0 41 33.1794 37.8299 136.017 15.4 5
2010 8 26 0 41 33.6626 37.7539 136.215 12.9 6
2010 8 26 0 41 44.4511 38.5368 133.612 1 5
2010 8 26 0 42 5.5772 38.5395 133.575 1.8 5
2010 8 26 0 42 9.18736 38.538 133.604 4.4 5
2010 8 26 0 42 14.3271 38.5978 133.571 20.5 5
2010 8 26 0 42 24.2605 38.6262 133.549 12.1 5
2010 8 26 0 42 27.9993 38.5938 133.547 17.5 6
2010 8 26 0 42 31.4735 38.5998 133.556 18 6
2010 8 26 0 42 36.8215 38.5696 133.547 20.6 6
2010 8 26 0 42 39.0089 38.5899 133.531 18.4 6
2010 8 26 0 42 42.8878 38.5806 133.534 17 6
2010 8 26 0 42 46.4961 38.5911 133.563 17 6
2010 8 26 0 42 52.8707 38.5833 133.575 14.5 7
2010 8 26 0 43 4.20684 38.6175 133.636 14.4 8
2010 8 26 0 43 4.41779 38.5669 133.674 2.5 5
2010 8 26 0 43 6.23638 38.5596 133.432 19.9 5
2010 8 26 0 43 16.2424 38.5827 133.498 7 5
2010 8 26 0 43 17.1283 38.5688 133.535 24 7
2010 8 26 0 43 45.258 37.6972 136.228 18.5 6
2010 8 26 0 43 51.356 38.5716 133.547 4.6 5
2010 8 26 0 43 55.0699 38.5579 133.58 14.3 5
2010 8 26 0 43 58.0512 38.5881 133.573 15.6 7
2010 8 26 0 43 58.5517 38.6129 133.533 6 6
2010 8 26 0 43 58.8885 38.5857 133.579 13.4 5
2010 8 26 0 44 1.39905 38.519 133.591 4.3 5
2010 8 26 0 44 23.3497 38.5512 133.558 3.1 6
2010 8 26 0 44 23.4427 38.5614 133.549 3.7 5
2010 8 26 0 44 23.7925 38.5573 133.541 8 5
2010 8 26 0 44 27.5825 38.5642 133.599 2.6 6
2010 8 26 0 44 39.0497 38.5685 133.438 16.7 8
2010 8 26 0 44 42.3218 38.6299 133.548 15.8 7
2010 8 26 0 44 46.7849 38.5269 133.569 6.2 5
2010 8 26 0 44 47.5134 37.68 136.23 9.3 5
2010 8 26 0 44 51.6281 38.6055 133.574 23.1 5
2010 8 26 0 44 57.1737 38.6164 133.566 14.5 8
2010 8 26 0 44 59.6289 38.5246 133.621 1 6
2010 8 26 0 44 59.847 38.5554 133.616 11.2 5
2010 8 26 0 45 8.70379 37.7024 136.227 21.7 9
2010 8 26 0 45 8.83962 38.576 133.595 10.2 5
2010 8 26 0 45 9.0825 38.5451 133.618 4.1 5
2010 8 26 0 45 9.09207 37.7455 136.23 16.1 7
2010 8 26 0 45 9.19965 37.7428 136.231 16.1 8
2010 8 26 0 45 19.44 38.5546 133.566 15.5 8
2010 8 26 0 45 26.455 38.6104 133.573 23.2 7
2010 8 26 0 45 33.1268 38.655 133.592 18.4 6
2010 8 26 0 45 42.2506 38.5839 133.578 19.3 6
2010 8 26 0 45 46.865 38.6118 133.666 13.1 5
2010 8 26 0 45 55.1666 38.553 133.62 1.9 5
2010 8 26 0 46 2.92061 38.5947 133.583 15.9 7
2010 8 26 0 46 4.25679 38.6062 133.618 4 6
2010 8 26 0 46 8.25109 38.6131 133.582 18.6 6
2010 8 26 0 46 15.7589 38.6398 133.685 9.2 5
2010 8 26 0 46 22.1383 38.6058 133.577 22.1 6
2010 8 26 0 46 30.3634 38.568 133.572 15.9 6
2010 8 26 0 46 36.0974 38.6206 133.589 18 6
2010 8 26 0 46 42.7686 38.5332 133.583 4.2 5
2010 8 26 0 46 42.8233 38.5297 133.568 7.2 6
2010 8 26 0 46 42.8563 38.5911 133.549 7.8 5
2010 8 26 0 46 42.9871 38.5765 133.572 6.8 5
2010 8 26 0 46 54.6666 38.6307 133.654 14.9 7
2010 8 26 0 46 54.8897 37.6639 136.245 2.8 6
2010 8 26 0 47 4.05086 38.6275 133.532 16 7
2010 8 26 0 47 7.17586 38.5469 133.555 26.8 9
2010 8 26 0 47 7.44142 38.5577 133.553 16.1 6
2010 8 26 0 47 9.81709 38.5749 133.589 8.2 5
2010 8 26 0 47 13.7238 38.5754 133.647 1.1 5
2010 8 26 0 47 19.9593 38.5059 133.58 2.1 6
2010 8 26 0 47 21.1996 37.6948 136.157 15.7 8
2010 8 26 0 47 21.4287 38.5526 133.622 12.8 6
2010 8 26 0 47 21.7774 38.5675 133.597 16.1 8
2010 8 26 0 47 21.8304 37.7018 136.157 17.4 6
2010 8 26 0 47 26.7506 38.5031 133.586 0.5 6
2010 8 26 0 47 30.8448 38.5733 133.693 0.7 5
2010 8 26 0 47 34.9046 38.615 133.536 15.6 8
2010 8 26 0 47 41.2596 38.6296 133.566 18.1 5
2010 8 26 0 47 45.6826 38.5963 133.579 15.8 7
2010 8 26 0 47 47.7847 38.5883 133.632 4.3 5
2010 8 26 0 47 51.7689 38.6458 133.566 15.4 5
2010 8 26 0 47 51.9055 38.564 133.57 6.5 6
2010 8 26 0 47 53.6273 37.7166 136.233 29.5 8
2010 8 26 0 47 54.0116 37.9043 136.278 28.4 6
2010 8 26 0 47 56.5641 38.5599 133.581 16.7 5
2010 8 26 0 48 5.15459 38.5855 133.542 4.7 5
2010 8 26 0 48 13.8067 38.5556 133.609 11.8 5
2010 8 26 0 48 14.5772 38.5642 133.578 16.5 7
2010 8 26 0 48 24.7945 38.5377 133.566 15.2 5
2010 8 26 0 48 24.9709 38.5149 133.598 1.4 5
2010 8 26 0 48 27.209 38.5538 133.594 4.8 6
2010 8 26 0 48 32.1249 38.6181 133.581 16.7 6
2010 8 26 0 48 32.6909 38.6174 133.603 29.9 7
2010 8 26 0 48 32.7666 38.7108 133.632 13.4 5
2010 8 26 0 48 32.9691 38.654 133.624 15 7
2010 8 26 0 48 36.3965 38.6453 133.605 10.6 5
2010 8 26 0 48 40.3874 38.5237 133.632 3.9 6
2010 8 26 0 48 48.0014 38.5821 133.554 1.1 5
2010 8 26 0 48 54.1849 38.5737 133.569 18.7 6
2010 8 26 0 48 54.4737 38.5287 133.6 2.1 5
2010 8 26 0 48 56.3931 37.729 136.237 2.3 5
2010 8 26 0 48 56.4534 37.7778 136.212 20.1 5
2010 8 26 0 48 57.4634 38.5652 133.598 1.8 5
2010 8 26 0 49 12.6188 38.6035 133.604 17 5
2010 8 26 0 49 29.7498 38.599 133.611 4.1 5
2010 8 26 0 49 31.4869 38.5597 133.608 6.2 6
2010 8 26 0 49 36.2849 38.6223 133.542 17.7 7
2010 8 26 0 49 40.0828 38.5954 133.596 16.5 8
2010 8 26 0 49 43.0745 37.7435 136.195 21.9 7
2010 8 26 0 49 43.1447 37.7483 136.213 15.5 6
2010 8 26 0 49 43.3956 37.7903 136.206 15.2 7
2010 8 26 0 49 43.7144 37.7247 136.199 15.7 5
2010 8 26 0 49 45.097 38.5695 133.574 20.2 5
2010 8 26 0 49 45.3503 38.6155 133.548 15.3 7
2010 8 26 0 49 50.5977 38.5429 133.624 5.8 6
2010 8 26 0 49 50.7035 37.8215 136.288 4.4 5
2010 8 26 0 50 8.79044 38.7564 133.409 1.2 5
2010 8 26 0 50 13.1128 38.5539 133.627 1.6 6
2010 8 26 0 50 14.5228 38.5687 133.659 16.2 5
2010 8 26 0 50 17.908 38.551 133.592 3.9 5
2010 8 26 0 50 24.7604 37.5954 136.296 17.7 6
2010 8 26 0 50 27.7925 38.5149 133.622 9 6
2010 8 26 0 50 33.4611 38.5819 133.61 4.6 5
2010 8 26 0 50 40.3913 38.5805 133.598 15.5 7
2010 8 26 0 50 40.6701 38.5733 133.44 15.2 7
2010 8 26 0 50 41.2504 38.5845 133.602 19.5 6
2010 8 26 0 50 43.2777 38.5521 133.614 3.5 6
2010 8 26 0 50 47.9371 37.7121 136.232 15.8 6
2010 8 26 0 50 51.3761 38.5571 133.586 19.2 5
2010 8 26 0 50 51.4957 38.5779 133.613 14.2 5
2010 8 26 0 50 57.0501 38.6472 133.587 18.6 7
2010 8 26 0 50 57.1164 38.6256 133.59 15.9 6
2010 8 26 0 50 57.2202 38.6166 133.584 19.3 5
2010 8 26 0 51 7.30076 38.6149 133.603 18.1 6
2010 8 26 0 51 7.4236 38.5855 133.585 7.4 5
2010 8 26 0 51 12.695 38.5593 133.476 15.1 7
2010 8 26 0 51 18.6849 38.5464 133.619 6.8 6
2010 8 26 0 51 20.1252 38.607 133.597 17.2 5
2010 8 26 0 51 26.4594 38.5887 133.608 6.2 6
2010 8 26 0 51 28.307 38.5379 133.594 1.5 5
2010 8 26 0 51 31.1641 38.6014 133.578 16.8 9
2010 8 26 0 51 33.7025 38.6119 133.582 18.5 6
2010 8 26 0 51 34.8057 37.7803 136.215 18.1 7
2010 8 26 0 51 35.6332 37.7898 136.203 14.5 7
2010 8 26 0 51 39.7922 38.44 133.847 15.5 5
2010 8 26 0 51 44.3714 38.5889 133.547 15.4 7
2010 8 26 0 51 44.4794 38.5153 133.572 0.5 5
2010 8 26 0 51 48.0969 38.593 133.614 14.8 6
2010 8 26 0 51 52.7681 38.6003 133.569 13.7 8
2010 8 26 0 51 52.9358 38.5398 133.614 9.2 6
2010 8 26 0 51 58.0178 37.7927 136.206 15.9 7
2010 8 26 0 51 59.0425 38.6197 133.605 15.9 7
2010 8 26 0 52 3.99729 38.5803 133.539 7.7 5
2010 8 26 0 52 6.13805 38.6036 133.605 15.7 9
2010 8 26 0 52 6.21531 38.5654 133.63 13.8 5
2010 8 26 0 52 6.26818 38.5445 133.634 2.5 5
2010 8 26 0 52 6.35646 38.5826 133.588 17.3 5
2010 8 26 0 52 16.3095 38.6443 133.68 16.9 6
2010 8 26 0 52 20.1083 38.6052 133.605 16.8 6
2010 8 26 0 52 25.2771 38.6249 133.607 14.3 9
2010 8 26 0 52 27.1726 38.5963 133.573 16.5 6
2010 8 26 0 52 30.7555 38.6004 133.594 15.9 8
2010 8 26 0 52 31.5088 38.5705 133.607 3.4 6
2010 8 26 0 52 38.0066 38.5884 133.573 5 6
2010 8 26 0 52 38.0729 38.6149 133.61 15.8 8
2010 8 26 0 52 38.1151 38.6101 133.59 15.5 8
2010 8 26 0 52 42.0544 38.5515 133.487 16.6 6
2010 8 26 0 52 49.5061 37.7257 136.235 3.7 5
2010 8 26 0 52 49.6249 37.7595 136.226 10.6 7
2010 8 26 0 53 3.42478 38.6282 133.501 11.2 5
2010 8 26 0 53 7.44542 37.8035 136.277 16.2 5
2010 8 26 0 53 7.65587 37.8914 136.187 6.1 5
2010 8 26 0 53 7.68689 37.7943 136.195 18.5 6
2010 8 26 0 53 15.1395 38.6165 133.604 18.2 5
2010 8 26 0 53 18.1734 38.6658 133.6 20.2 6
2010 8 26 0 53 18.6577 38.5139 133.449 18.6 5
2010 8 26 0 53 20.5247 38.5562 133.642 2.2 6
2010 8 26 0 53 23.0335 38.6111 133.546 5.8 5
2010 8 26 0 53 24.5518 37.728 136.254 8 5
2010 8 26 0 53 24.6134 37.7026 136.233 0.6 5
2010 8 26 0 53 24.6505 37.7241 136.237 13.4 6
2010 8 26 0 53 27.9482 38.6323 133.604 15.7 7
2010 8 26 0 53 28.1709 38.5739 133.629 8 6
2010 8 26 0 53 30.8533 38.5814 133.44 19.1 6
2010 8 26 0 53 31.0633 38.5098 133.485 2.2 5
2010 8 26 0 53 31.1131 38.5628 133.454 14 7
2010 8 26 0 53 33.4928 38.6155 133.562 6.3 5
2010 8 26 0 53 36.9692 38.5869 133.58 18.4 6
2010 8 26 0 53 42.8055 38.587 133.589 7.4 5
2010 8 26 0 53 50.3632 37.6896 136.259 1.5 6
2010 8 26 0 53 51.4561 38.5468 133.607 6.4 6
2010 8 26 0 54 1.11311 38.645 133.584 17.3 7
2010 8 26 0 54 17.8177 38.66 133.688 9.5 5
2010 8 26 0 54 20.8283 38.587 133.628 7.6 6
2010 8 26 0 54 24.2672 38.5848 133.611 6.1 6
2010 8 26 0 54 25.6585 38.6543 133.622 17.3 6
2010 8 26 0 54 25.759 38.6481 133.611 17.5 6
2010 8 26 0 54 25.7968 38.6682 133.602 18.5 6
2010 8 26 0 54 25.8533 38.6547 133.603 20.4 7
2010 8 26 0 54 25.9218 38.6482 133.61 17 6
2010 8 26 0 54 35.7508 38.603 133.589 18.3 6
2010 8 26 0 54 41.5328 38.6203 133.553 4.6 5
2010 8 26 0 54 41.6623 38.5958 133.552 8 5
2010 8 26 0 54 42.6344 38.5155 133.661 12.4 5
2010 8 26 0 54 48.4164 38.6355 133.601 16.4 6
2010 8 26 0 54 56.1791 38.5235 133.495 4.8 6
2010 8 26 0 55 4.15649 38.6316 133.594 17.3 8
2010 8 26 0 55 4.83298 38.6341 133.615 17.1 5
2010 8 26 0 55 16.5664 38.5321 133.447 14.4 8
2010 8 26 0 55 28.6246 38.5647 133.654 5 5
2010 8 26 0 55 46.1785 37.7715 136.221 16.7 6
2010 8 26 0 55 46.9702 38.5822 133.63 4.4 5
2010 8 26 0 55 53.6819 38.5773 133.632 1.4 6
2010 8 26 0 55 53.7636 38.6184 133.56 4.2 5
2010 8 26 0 55 54.1923 38.6506 133.575 14.9 8
2010 8 26 0 55 57.4191 38.5018 133.49 2.1 5
2010 8 26 0 56 5.548 38.6219 133.577 8.7 6
2010 8 26 0 56 5.62623 38.892 133.204 14.3 5
2010 8 26 0 56 11.7938 38.5553 133.65 7 6
2010 8 26 0 56 20.1793 38.6394 133.604 6.5 6
2010 8 26 0 56 20.2631 38.6127 133.658 5.7 5
2010 8 26 0 56 28.2692 38.7837 133.369 2.6 5
2010 8 26 0 56 28.3634 38.5953 133.617 14.8 5
2010 8 26 0 56 31.2854 38.5648 133.653 4 6
2010 8 26 0 56 34.6235 37.7826 136.208 22 5
2010 8 26 0 56 34.7248 37.8067 136.287 12.4 6
2010 8 26 0 56 37.6408 38.5185 133.635 1.5 5
2010 8 26 0 56 45.1627 38.5824 133.606 2 6
2010 8 26 0 56 48.2488 38.6394 133.617 17.9 5
2010 8 26 0 56 56.0618 38.5931 133.665 2.5 5
2010 8 26 0 57 6.46115 38.6253 133.585 4.3 5
2010 8 26 0 57 6.59101 38.587 133.641 3.1 5
2010 8 26 0 57 7.72945 38.635 133.605 11.8 5
2010 8 26 0 57 23.4618 38.5561 133.638 0.5 5
2010 8 26 0 57 26.6837 38.5545 133.646 3 5
2010 8 26 0 57 43.7669 37.743 136.205 4.3 5
2010 8 26 0 58 0.0786 38.5793 133.631 6.8 5
2010 8 26 0 58 0.158419 38.6725 133.647 18.5 5
2010 8 26 0 58 2.60559 38.5873 133.707 6.6 5
2010 8 26 0 58 3.28022 37.8262 136.343 17.7 5
2010 8 26 0 58 3.45549 37.8232 136.297 14.9 7
2010 8 26 0 58 3.63109 37.8186 136.272 23 5
2010 8 26 0 58 8.56994 38.6316 133.605 17.4 6
2010 8 26 0 58 8.69268 38.5977 133.586 15.5 5
2010 8 26 0 58 16.38 38.7448 133.581 27 7
2010 8 26 0 58 18.6355 38.6391 133.647 17.2 6
2010 8 26 0 58 18.6963 38.6385 133.665 16.1 6
2010 8 26 0 58 38.7477 38.5369 133.629 5.9 6
2010 8 26 0 58 45.9377 38.5805 133.547 11.4 6
2010 8 26 0 58 46.125 38.5691 133.526 11.1 5
2010 8 26 0 58 49.3468 37.7234 136.142 15.5 7
2010 8 26 0 59 15.7376 38.5423 133.663 5.8 5
2010 8 26 0 59 17.6681 38.5996 133.656 5.1 5
2010 8 26 0 59 20.9665 38.6102 133.554 10 5
2010 8 26 0 59 40.1455 38.5844 133.6 6.2 5
2010 8 26 0 59 44.3151 38.5426 133.637 6.4 5
2010 8 26 0 59 44.9283 38.6644 133.514 13.2 6
2010 8 26 0 59 55.5427 38.6392 133.578 10.5 6
2010 8 26 0 59 56.7566 38.6289 133.621 18.3 6
2010 8 26 1 0 3.70195 38.6624 133.614 13.7 6
2010 8 26 1 0 12.9236 37.71 136.155 15.7 5
2010 8 26 1 0 13.0091 37.7323 136.112 19 6
2010 8 26 1 0 13.1075 37.6977 136.173 17.4 6
2010 8 26 1 0 13.1803 37.6844 136.106 21 7
2010 8 26 1 0 13.2354 37.7043 136.129 19 5
2010 8 26 1 0 13.2906 37.6599 136.163 5.2 5
2010 8 26 1 0 13.3938 37.7282 136.114 14.4 7
2010 8 26 1 0 13.8756 38.6803 133.626 19.1 8
2010 8 26 1 0 14.2595 38.53 133.638 1.7 6
2010 8 26 1 0 17.2016 38.5763 133.679 1.4 5
2010 8 26 1 0 20.324 38.5855 133.632 11.3 8
2010 8 26 1 0 20.3821 38.5204 133.633 1.3 5
2010 8 26 1 0 24.5854 38.6476 133.575 5.3 5
2010 8 26 1 0 31.4428 38.6781 133.636 15.7 8
2010 8 26 1 0 33.9694 38.586 133.678 19.2 6
2010 8 26 1 0 38.2914 38.5975 133.527 17.7 8
2010 8 26 1 0 38.3698 38.5252 133.567 3.1 6
2010 8 26 1 0 38.4412 38.8729 132.999 12.7 5
2010 8 26 1 0 39.5151 37.8113 136.314 16.5 6
2010 8 26 1 0 41.1061 38.6571 133.613 15.9 7
2010 8 26 1 0 45.5705 38.6528 133.612 16 8
2010 8 26 1 0 45.635 38.6145 133.6 12.9 6
2010 8 26 1 0 50.1025 38.64 133.733 4.5 6
2010 8 26 1 0 55.458 38.6106 133.649 16.2 7
2010 8 26 1 1 2.67431 38.5881 133.643 17.5 5
2010 8 26 1 1 6.14003 38.6436 133.613 16.7 5
2010 8 26 1 1 12.4533 38.6302 133.618 13 6
2010 8 26 1 1 17.0983 38.5914 133.511 17.2 6
2010 8 26 1 1 20.9979 38.6115 133.645 17.2 6
2010 8 26 1 1 27.8339 38.551 133.667 1.6 5
2010 8 26 1 1 33.7234 38.5914 133.637 16.2 5
2010 8 26 1 1 41.6977 38.5495 133.664 7.9 6
2010 8 26 1 1 44.4813 38.6039 133.627 18.7 6
2010 8 26 1 1 46.7299 38.6128 133.644 3.9 5
2010 8 26 1 1 59.0196 38.6014 133.62 16.1 7
2010 8 26 1 1 59.044 38.6129 133.604 14.9 8
2010 8 26 1 2 5.15559 38.6377 133.646 16.5 7
2010 8 26 1 2 7.7899 38.6055 133.64 15.5 5
2010 8 26 1 2 15.2159 38.6196 133.649 16.8 6
2010 8 26 1 2 15.3043 38.575 133.666 5 5
2010 8 26 1 2 23.9232 38.5758 133.649 12 5
2010 8 26 1 2 24.237 37.9086 136.434 20.9 6
2010 8 26 1 2 26.8231 38.642 133.611 14.5 7
2010 8 26 1 2 26.9913 38.6103 133.647 17.5 6
2010 8 26 1 2 27.1514 38.6518 133.637 20.5 5
2010 8 26 1 2 27.2219 38.5957 133.699 24.2 5
2010 8 26 1 2 28.4729 38.6197 133.548 19.8 5
2010 8 26 1 2 38.4735 38.5488 133.695 5.4 7
2010 8 26 1 2 50.7146 38.6414 133.658 8.3 5
2010 8 26 1 2 50.7255 38.5889 133.651 4.3 5
2010 8 26 1 2 56.3396 38.6607 133.596 18.5 5
2010 8 26 1 3 3.34058 38.5659 133.707 8.5 7
2010 8 26 1 3 8.01722 38.5968 133.565 16 8
2010 8 26 1 3 24.9609 38.6478 133.638 21 5
2010 8 26 1 3 26.5758 38.6067 133.725 10 5
2010 8 26 1 3 30.5294 38.6054 133.657 4.8 5
2010 8 26 1 3 34.0604 38.5075 133.659 12.3 5
2010 8 26 1 3 40.4406 38.6143 133.573 10.8 7
2010 8 26 1 3 51.2937 38.8464 133.397 3.8 5
2010 8 26 1 4 12.9209 38.5666 133.656 0.8 5
2010 8 26 1 4 12.9654 38.6045 133.639 21.3 5
2010 8 26 1 4 12.9917 38.5698 133.643 6 5
2010 8 26 1 4 34.1919 38.6204 133.655 16.8 7
2010 8 26 1 4 37.4247 38.5821 133.667 2.2 6
2010 8 26 1 4 37.622 38.6203 133.71 15.3 5
2010 8 26 1 4 46.7581 38.6649 133.643 15.5 9
2010 8 26 1 4 46.8668 38.6377 133.651 21.7 8
2010 8 26 1 4 48.9435 38.5985 133.686 1.6 6
2010 8 26 1 4 49.1514 38.6579 133.677 22.8 5
2010 8 26 1 4 49.5278 38.627 133.661 18.1 5
2010 8 26 1 4 56.2951 38.677 133.656 19 6
2010 8 26 1 5 1.15656 38.5975 133.654 11.9 7
2010 8 26 1 5 18.2694 38.5701 133.674 4.7 6
2010 8 26 1 5 27.0257 38.5488 133.567 4.2 5
2010 8 26 1 5 27.1421 38.5324 133.599 4.4 6
2010 8 26 1 5 27.9408 38.6369 133.659 15.9 6
2010 8 26 1 5 28.4229 38.6262 133.604 4.8 5
2010 8 26 1 5 36.8624 35.3919 130.318 16.8 7
2010 8 26 1 5 42.4793 38.6123 133.755 8.7 6
2010 8 26 1 5 57.0562 38.6353 133.621 16.1 9
2010 8 26 1 5 57.5872 38.6653 133.631 19.8 5
2010 8 26 1 5 58.5283 38.5943 133.568 17.4 7
2010 8 26 1 5 58.6036 38.5778 133.528 5 7
2010 8 26 1 5 58.7291 38.632 133.577 16.4 5
2010 8 26 1 6 15.8849 38.6254 133.656 3.8 5
2010 8 26 1 6 16.1581 38.609 133.675 0.7 5
2010 8 26 1 6 19.66 38.6409 133.602 6.7 5
2010 8 26 1 6 24.5442 38.6151 133.68 3.9 6
2010 8 26 1 6 24.6635 38.6143 133.659 2 5
2010 8 26 1 6 34.2612 38.6863 133.632 18 5
2010 8 26 1 6 34.6118 38.6788 133.629 14.3 8
2010 8 26 1 6 50.7608 38.6063 133.674 19 5
2010 8 26 1 6 57.6006 38.6488 133.613 4.6 5
2010 8 26 1 7 2.34044 38.6536 133.692 24 8
2010 8 26 1 7 2.7028 38.6215 133.681 22.8 5
2010 8 26 1 7 10.647 38.6155 133.685 15.4 5
2010 8 26 1 7 10.9185 38.6225 133.693 13.1 5
2010 8 26 1 7 28.6943 38.6177 133.677 14.9 7
2010 8 26 1 7 33.3404 38.6863 133.659 17.2 5
2010 8 26 1 7 42.9136 38.5988 133.577 19 7
2010 8 26 1 7 42.9716 38.642 133.582 4.2 5
2010 8 26 1 7 43.1054 38.6412 133.604 14.4 5
2010 8 26 1 7 46.8629 37.7606 136.38 6.6 5
2010 8 26 1 8 14.7257 38.6624 133.608 4.6 6
2010 8 26 1 8 21.7 38.6516 133.682 16.9 6
2010 8 26 1 8 24.6369 38.6105 133.713 3.2 5
2010 8 26 1 8 37.9536 38.6316 133.612 18.4 5
2010 8 26 1 8 38.0411 38.5355 133.637 5.6 6
2010 8 26 1 8 57.8636 38.5851 133.694 8.4 5
2010 8 26 1 9 11.5217 38.6225 133.724 1.5 5
2010 8 26 1 9 16.6251 38.639 133.696 17.4 6
2010 8 26 1 9 16.6272 38.6414 133.668 16.1 5
2010 8 26 1 9 16.8784 38.6241 133.659 18 6
2010 8 26 1 9 31.2945 38.6607 133.688 17.4 8
2010 8 26 1 9 31.3726 38.6476 133.625 5.7 5
2010 8 26 1 9 54.411 38.6681 133.654 16 6
2010 8 26 1 9 54.5416 38.5922 133.719 5 5
2010 8 26 1 10 4.22831 38.6698 133.688 21.8 8
2010 8 26 1 10 4.31205 38.6778 133.692 12.1 6
2010 8 26 1 10 15.8809 38.6791 133.684 26.1 6
2010 8 26 1 10 33.5851 38.6075 133.733 2.9 6
2010 8 26 1 10 42.8046 38.6907 133.662 17 7
2010 8 26 1 10 43.0958 38.6867 133.658 16.4 6
2010 8 26 1 10 43.4305 38.6839 133.686 15.6 5
2010 8 26 1 10 53.999 38.6474 133.646 5.3 5
2010 8 26 1 11 6.23299 38.6467 133.689 12.5 6
2010 8 26 1 11 14.2855 38.6247 133.709 26.6 8
2010 8 26 1 11 20.6266 38.5508 133.721 5.2 5
2010 8 26 1 11 31.2772 38.689 133.687 17.8 5
2010 8 26 1 11 37.5329 38.6471 133.695 9.1 5
2010 8 26 1 11 43.0968 38.6146 133.64 8.5 6
2010 8 26 1 11 53.2907 38.646 133.695 19.6 6
2010 8 26 1 12 0.337654 38.6927 133.681 17.9 7
2010 8 26 1 12 0.731377 38.6331 133.715 2.7 5
2010 8 26 1 12 0.749846 38.657 133.642 3.8 5
2010 8 26 1 12 5.10991 38.6335 133.73 2.4 5
2010 8 26 1 12 8.05697 38.6346 133.704 15.4 5
2010 8 26 1 12 8.25028 38.6083 133.731 1.6 5
2010 8 26 1 12 8.31726 38.75 133.704 8.1 7
2010 8 26 1 12 8.61807 38.6053 133.734 5.2 6
2010 8 26 1 12 8.72454 38.6206 133.736 2.1 6
2010 8 26 1 12 14.657 38.5991 133.684 17.5 7
2010 8 26 1 12 30.9519 38.6524 133.641 8.8 5
2010 8 26 1 12 38.1361 38.6811 133.721 19 5
2010 8 26 1 12 42.2552 38.6518 133.778 6.3 6
2010 8 26 1 12 47.7875 38.6228 133.735 5.6 5
2010 8 26 1 12 48.0189 38.6836 133.706 16 6
2010 8 26 1 12 57.7232 38.6723 133.662 17.5 8
2010 8 26 1 13 2.02269 38.6045 133.707 3.7 5
2010 8 26 1 13 2.37941 38.6484 133.694 15.9 6
2010 8 26 1 13 14.8476 38.7238 133.696 22.3 7
2010 8 26 1 13 15.3078 38.6979 133.697 18.2 7
2010 8 26 1 13 24.9465 38.619 133.736 2.8 5
2010 8 26 1 13 33.7453 37.7364 136.344 1.9 5
2010 8 26 1 13 33.8207 37.8136 136.215 27.3 6
2010 8 26 1 13 38.6057 38.6845 133.677 17.4 7
2010 8 26 1 13 44.1384 38.7025 133.691 14.9 8
2010 8 26 1 13 44.2463 38.6947 133.667 4.9 5
2010 8 26 1 13 44.3378 38.6472 133.729 7.7 5
2010 8 26 1 13 44.552 38.6933 133.665 5 5
2010 8 26 1 13 57.6382 38.7034 133.729 8.5 6
2010 8 26 1 14 0.328642 38.7366 133.761 13.2 5
2010 8 26 1 14 9.47226 38.8893 133.571 10.1 5
2010 8 26 1 14 21.3876 38.6578 133.645 19.8 7
2010 8 26 1 14 35.7522 38.6216 133.713 4.7 6
2010 8 26 1 14 44.5157 38.6138 133.712 5.1 5
2010 8 26 1 14 48.8537 38.652 133.724 28.2 9
2010 8 26 1 14 49.6641 38.6308 133.694 3.8 6
2010 8 26 1 14 56.5584 38.6918 133.744 16.9 7
2010 8 26 1 15 21.7098 38.9181 133.542 18.7 5
2010 8 26 1 15 25.8293 38.6087 133.679 2.9 5
2010 8 26 1 15 27.6053 38.5684 133.745 1 5
2010 8 26 1 15 51.8268 38.6164 133.712 5.1 5
2010 8 26 1 15 52.1041 38.6994 133.73 15.1 7
2010 8 26 1 16 7.4104 38.7013 133.72 10.6 6
2010 8 26 1 16 21.7547 38.6384 133.718 17.5 5
2010 8 26 1 16 21.8448 38.672 133.738 18.5 5
2010 8 26 1 16 27.1202 38.5889 133.75 3.4 5
2010 8 26 1 16 35.2695 38.6259 133.719 6.7 6
2010 8 26 1 16 48.9153 38.603 133.702 5.5 5
2010 8 26 1 17 0.631525 38.6738 133.688 20 7
2010 8 26 1 17 0.6816 38.6152 133.725 7.4 5
2010 8 26 1 17 0.770159 38.6243 133.724 7.3 5
2010 8 26 1 17 7.05149 38.6374 133.737 5.5 6
2010 8 26 1 17 13.6753 38.6475 133.722 17.8 7
2010 8 26 1 17 13.7273 38.6357 133.736 21.4 5
2010 8 26 1 17 17.4714 38.658 133.702 16.5 7
2010 8 26 1 17 29.7138 38.5793 133.775 11.9 5
2010 8 26 1 17 36.5277 38.6437 133.726 17.5 7
2010 8 26 1 17 36.7237 38.5959 133.749 4.4 5
2010 8 26 1 18 6.6285 38.7254 133.749 16.3 7
2010 8 26 1 18 15.7761 38.6382 133.685 18.7 6
2010 8 26 1 18 19.8369 38.5957 133.743 4.2 5
2010 8 26 1 18 19.9283 38.6318 133.657 8.7 6
2010 8 26 1 18 26.8256 38.6523 133.687 17.9 6
2010 8 26 1 18 30.8106 38.6636 133.721 18.7 7
2010 8 26 1 18 40.6972 37.636 136.249 16.7 8
2010 8 26 1 18 55.5478 38.6705 133.67 16.3 8
2010 8 26 1 18 55.6456 38.6134 133.708 4.2 6
2010 8 26 1 19 6.23874 38.7804 133.733 10.3 5
2010 8 26 1 19 6.37161 38.6743 133.757 5.5 6
2010 8 26 1 19 33.2526 38.655 133.691 16.4 7
2010 8 26 1 19 37.3937 38.7255 133.774 15.3 7
2010 8 26 1 19 37.3949 38.73 133.78 14.2 5
2010 8 26 1 19 48.4528 38.6868 133.687 19.6 7
2010 8 26 1 19 48.6371 38.6263 133.73 2.7 5
2010 8 26 1 19 48.7353 38.6605 133.685 20.1 11
2010 8 26 1 19 51.4961 38.6458 133.719 12.1 5
2010 8 26 1 19 51.5304 38.6287 133.738 3.5 5
2010 8 26 1 19 57.9725 38.6613 133.744 19.3 6
2010 8 26 1 19 58.0178 38.5927 133.774 6.3 5
2010 8 26 1 19 58.2844 38.594 133.786 3.8 5
2010 8 26 1 20 5.84117 38.6699 133.689 18.6 6
2010 8 26 1 20 16.1511 38.6861 133.725 16.9 6
2010 8 26 1 20 28.1647 38.6756 133.778 1.2 5
2010 8 26 1 20 28.4178 38.7293 133.74 18.8 5
2010 8 26 1 20 33.4444 38.6732 133.737 17.3 5
2010 8 26 1 20 37.2936 38.6467 133.732 14.3 7
2010 8 26 1 20 37.4147 38.6371 133.783 18.7 6
2010 8 26 1 20 37.545 38.5886 133.78 4.6 5
2010 8 26 1 20 45.9329 38.6601 133.704 17.8 7
2010 8 26 1 20 46.8861 38.6939 133.72 18.4 7
2010 8 26 1 20 51.9477 38.6749 133.708 28.7 6
2010 8 26 1 20 52.5894 38.6115 133.737 6 5
2010 8 26 1 20 54.6519 38.613 133.752 3.4 5
2010 8 26 1 21 0.38537 38.7317 133.688 11.3 5
2010 8 26 1 21 15.7719 38.6747 133.79 1.3 5
2010 8 26 1 21 26.0826 38.6689 133.733 16.3 7
2010 8 26 1 21 26.2488 38.6413 133.768 2.8 5
2010 8 26 1 21 47.8497 38.6112 133.743 3.4 5
2010 8 26 1 22 0.169817 38.6775 133.693 19.5 5
2010 8 26 1 22 13.6777 38.5892 133.75 1.1 6
2010 8 26 1 22 15.3834 38.6614 133.718 21 5
2010 8 26 1 22 15.5201 38.6116 133.753 2.5 6
2010 8 26 1 22 24.2947 38.7218 133.734 14 5
2010 8 26 1 22 24.446 38.6129 133.758 0.7 5
2010 8 26 1 22 31.5471 38.6729 133.738 21.4 6
2010 8 26 1 22 40.6408 38.6694 133.705 18.9 6
2010 8 26 1 22 40.7383 38.6557 133.709 21.5 5
2010 8 26 1 22 46.6322 38.6384 133.76 17.2 5
2010 8 26 1 22 59.5836 38.6111 133.761 1.8 6
2010 8 26 1 22 59.7489 38.6648 133.715 18.1 5
2010 8 26 1 23 0.082323 38.6473 133.75 23.9 5
2010 8 26 1 23 8.26712 38.6156 133.728 19.5 5
2010 8 26 1 23 14.9105 38.6645 133.813 10 5
2010 8 26 1 23 24.5084 38.61 133.733 4.1 5
2010 8 26 1 23 39.7212 38.6437 133.644 5.5 6
2010 8 26 1 23 39.8153 38.6273 133.674 19.2 5
2010 8 26 1 23 40.1418 38.6394 133.671 20.9 5
2010 8 26 1 23 50.6427 37.7415 136.339 22.7 7
2010 8 26 1 23 58.4279 38.7061 133.721 17.2 5
2010 8 26 1 24 10.369 38.5818 133.707 2.3 5
2010 8 26 1 24 17.0133 38.6666 133.758 20.1 6
2010 8 26 1 24 17.0691 38.6261 133.793 1 5
2010 8 26 1 24 19.2818 37.7844 136.328 15.5 8
2010 8 26 1 24 24.0993 38.6249 133.764 5 5
2010 8 26 1 24 30.0977 38.6656 133.72 23.4 5
2010 8 26 1 25 1.23486 38.7522 133.833 4.6 6
2010 8 26 1 25 11.4709 38.6451 133.74 3.4 5
2010 8 26 1 25 27.6212 38.6877 133.746 16.4 6
2010 8 26 1 25 33.8739 38.6754 133.74 11.8 6
2010 8 26 1 25 40.4901 38.6542 133.737 14.5 5
2010 8 26 1 25 46.9703 38.6805 133.746 20.7 5
2010 8 26 1 25 47.0272 38.623 133.745 4.4 5
2010 8 26 1 25 47.1354 38.6316 133.787 7.8 5
2010 8 26 1 25 47.2197 38.6894 133.732 22.1 5
2010 8 26 1 25 59.1169 38.692 133.72 5.5 5
2010 8 26 1 25 59.2152 38.6832 133.763 14.1 5
2010 8 26 1 26 10.1259 38.616 133.75 14.1 7
2010 8 26 1 26 10.1606 38.6729 133.746 16.7 7
2010 8 26 1 26 10.3493 38.6257 133.755 14.1 5
2010 8 26 1 26 16.8077 38.6336 133.795 2 5
2010 8 26 1 26 16.8395 38.6168 133.795 4.9 5
2010 8 26 1 26 17.5302 38.7323 133.744 10 5
2010 8 26 1 26 17.6507 38.7344 133.758 19.9 5
2010 8 26 1 26 29.9974 38.6542 133.785 14.8 6
2010 8 26 1 26 30.1777 38.6533 133.782 16.6 6
2010 8 26 1 26 30.4467 38.6472 133.781 16.1 7
2010 8 26 1 26 43.5451 38.6469 133.785 9.3 7
2010 8 26 1 26 46.8753 38.6163 133.764 1.8 5
2010 8 26 1 26 56.0687 38.669 133.859 1 6
2010 8 26 1 26 56.3413 38.7348 133.837 27.8 7
2010 8 26 1 27 7.1466 38.6809 133.734 14.6 8
2010 8 26 1 27 13.2458 38.6593 133.781 10.6 6
2010 8 26 1 27 17.0369 38.6611 133.737 14.8 7
2010 8 26 1 27 17.2617 38.6042 133.778 3.4 6
2010 8 26 1 27 17.3326 38.6085 133.779 2.9 5
2010 8 26 1 27 18.9528 37.8559 136.34 12.1 5
2010 8 26 1 27 20.7609 37.6028 135.946 2.8 5
2010 8 26 1 27 34.4543 37.5848 135.652 18.3 5
2010 8 26 1 27 42.0744 38.6823 133.74 16.4 6
2010 8 26 1 27 44.7991 38.735 133.784 17.5 5
2010 8 26 1 27 51.1978 38.6801 133.769 13.1 5
2010 8 26 1 27 53.8721 38.6659 133.778 10.2 7
2010 8 26 1 28 0.290384 38.6331 133.757 1.9 5
2010 8 26 1 28 16.7508 38.6556 133.789 10 5
2010 8 26 1 28 22.2948 38.6896 133.756 16.8 6
2010 8 26 1 28 36.4967 37.773 136.343 21.9 7
2010 8 26 1 28 37.148 38.6975 133.832 29 8
2010 8 26 1 28 52.2117 38.6568 133.79 8.3 5
2010 8 26 1 28 52.8675 38.6637 133.769 16.7 6
2010 8 26 1 29 2.06425 38.6569 133.805 22.2 6
2010 8 26 1 29 2.15076 38.6994 133.752 19.2 5
2010 8 26 1 29 14.6938 38.6078 133.763 15.4 8
2010 8 26 1 29 15.0462 38.67 133.798 18.2 6
2010 8 26 1 29 24.5368 38.6702 133.738 8.4 6
2010 8 26 1 29 44.2332 38.6872 133.781 17.1 6
2010 8 26 1 29 58.901 38.7006 133.775 15.5 6
2010 8 26 1 30 6.26462 38.6754 133.772 15.3 7
2010 8 26 1 30 11.0657 38.6444 133.77 0.3 5
2010 8 26 1 30 16.779 38.6881 133.805 3.6 5
2010 8 26 1 30 28.4159 38.6554 133.826 10.7 7
2010 8 26 1 30 28.4543 38.6694 133.824 13.6 6
2010 8 26 1 30 28.5127 38.6993 133.769 16.3 7
2010 8 26 1 30 28.9355 38.6832 133.811 24.9 8
2010 8 26 1 30 40.9057 37.7276 136.362 4.2 6
2010 8 26 1 30 41.0009 37.7923 136.321 16.3 8
2010 8 26 1 30 51.8769 38.6364 133.916 11.1 5
2010 8 26 1 30 51.8769 38.7528 133.858 9.7 6
2010 8 26 1 30 51.9325 38.7096 133.807 17.3 7
2010 8 26 1 30 52.0499 38.7156 133.808 14.6 7
2010 8 26 1 30 52.4 38.643 133.847 5.9 6
2010 8 26 1 31 4.16941 38.6699 133.771 16.1 5
2010 8 26 1 31 8.72798 38.7117 133.752 4.6 5
2010 8 26 1 31 17.3057 38.7245 133.819 18.4 7
2010 8 26 1 31 17.5515 38.721 133.792 4.2 5
2010 8 26 1 31 28.6134 38.7047 133.806 20 5
2010 8 26 1 31 28.7859 38.7047 133.778 18 6
2010 8 26 1 31 42.1221 38.6664 133.816 4.3 6
2010 8 26 1 31 47.8792 38.7164 133.864 17.1 8
2010 8 26 1 31 59.8041 38.7273 133.816 14 7
2010 8 26 1 32 1.55674 35.0527 130.399 7.2 5
2010 8 26 1 32 26.1019 38.6846 133.915 15.7 5
2010 8 26 1 32 34.1532 38.6512 133.828 1.2 5
2010 8 26 1 32 46.5938 38.7122 133.807 16.9 7
2010 8 26 1 32 46.7201 38.6834 133.796 12.5 5
2010 8 26 1 32 56.697 38.6721 133.856 21.6 7
2010 8 26 1 33 3.73315 38.7007 133.839 13.6 9
2010 8 26 1 33 3.79979 38.7194 133.846 17.9 6
2010 8 26 1 33 3.90659 38.665 133.871 3.7 6
2010 8 26 1 33 4.29116 38.7349 133.836 19.9 6
2010 8 26 1 33 17.8239 38.7092 133.879 14.6 7
2010 8 26 1 33 26.5079 38.6518 133.838 2.1 6
2010 8 26 1 33 26.5627 38.6841 133.763 4.7 5
2010 8 26 1 33 26.6125 38.5608 133.816 18.1 6
2010 8 26 1 33 26.6724 38.6723 133.821 4.1 5
2010 8 26 1 33 40.5865 38.7409 133.859 27.7 9
2010 8 26 1 33 40.6484 38.8338 133.874 8 5
2010 8 26 1 33 44.6379 38.7313 133.843 18 9
2010 8 26 1 33 55.6837 38.6907 133.776 25.1 6
2010 8 26 1 34 9.8015 38.672 133.871 29.1 9
2010 8 26 1 34 24.5186 38.7684 133.831 16.8 7
2010 8 26 1 34 34.314 38.7544 133.931 16.1 5
2010 8 26 1 34 34.8197 38.8666 133.657 6.4 5
2010 8 26 1 34 34.8797 38.7322 133.834 19 5
2010 8 26 1 34 49.2289 38.6962 133.866 25.8 9
2010 8 26 1 35 20.5668 38.6501 133.843 3.2 6
2010 8 26 1 35 32.3721 38.6586 133.855 4.6 6
2010 8 26 1 35 32.4909 38.7058 133.824 23.6 10
2010 8 26 1 35 41.3608 38.6303 133.875 1.5 6
2010 8 26 1 35 41.556 38.6816 133.82 15.5 9
2010 8 26 1 35 48.4373 38.7322 133.881 12.3 5
2010 8 26 1 35 52.761 38.7264 133.853 15.1 5
2010 8 26 1 35 57.1755 35.0557 130.484 15.7 7
2010 8 26 1 36 4.66069 38.7216 133.806 16.7 7
2010 8 26 1 36 4.75458 38.6452 133.836 2.1 5
2010 8 26 1 36 4.78806 38.6952 133.808 15.4 6
2010 8 26 1 36 4.92376 38.6812 133.812 20.4 5
2010 8 26 1 36 5.06751 38.6425 133.817 14.5 5
2010 8 26 1 36 5.39723 38.6409 133.84 2.1 5
2010 8 26 1 36 14.4476 37.6948 136.382 29.5 5
2010 8 26 1 36 41.1861 38.7383 133.836 19.4 5
2010 8 26 1 36 41.2156 38.7317 133.826 21.9 5
2010 8 26 1 36 41.36 38.7408 133.826 15.1 8
2010 8 26 1 36 49.289 38.6953 133.808 20.8 5
2010 8 26 1 36 49.6941 38.6558 133.851 4.8 6
2010 8 26 1 37 3.42555 38.7024 133.782 9.8 5
2010 8 26 1 37 4.18628 38.6867 133.815 16.7 5
2010 8 26 1 37 13.044 38.7567 133.811 14.4 8
2010 8 26 1 37 13.1052 38.7136 133.807 6.1 5
2010 8 26 1 37 35.125 38.6301 133.838 20.3 8
2010 8 26 1 38 6.72896 38.6525 133.821 3.1 5
2010 8 26 1 38 15.8711 38.7097 133.798 17.5 7
2010 8 26 1 38 25.7287 38.7135 133.82 19 6
2010 8 26 1 38 48.1939 38.6786 133.806 8.6 7
2010 8 26 1 39 5.3272 37.6945 136.287 14.4 7
2010 8 26 1 39 5.40367 37.7676 136.273 16.6 5
2010 8 26 1 39 11.5337 38.6712 133.893 9.8 7
2010 8 26 1 40 7.89687 37.7188 136.263 17.9 6
2010 8 26 1 40 14.4783 38.7592 133.891 17 7
2010 8 26 1 40 42.0362 38.7232 133.915 24.4 8
2010 8 26 1 41 4.14254 38.6941 133.864 4.1 5
2010 8 26 1 41 4.23382 38.6728 133.881 1.8 5
2010 8 26 1 41 4.30674 38.6807 133.902 2.1 5
2010 8 26 1 41 14.9298 37.748 136.324 19.1 5
2010 8 26 1 41 17.734 38.7156 133.927 4.9 6
2010 8 26 1 41 23.0661 38.6886 133.872 10.8 6
2010 8 26 1 41 41.5496 38.6989 133.918 29.9 5
2010 8 26 1 41 41.6798 38.7006 133.919 8.8 7
2010 8 26 1 41 52.998 38.7571 133.811 3.9 6
2010 8 26 1 42 13.4611 38.7537 133.863 19.3 6
2010 8 26 1 43 0.042626 38.6886 133.883 4.8 6
2010 8 26 1 43 0.077499 38.7019 133.87 6.9 6
2010 8 26 1 43 0.185325 38.7582 133.847 19.7 7
2010 8 26 1 43 15.4984 38.7351 133.938 24.3 6
2010 8 26 1 44 0.889583 38.6778 133.855 27.1 6
2010 8 26 1 44 29.1309 37.5996 135.76 20.4 5
2010 8 26 1 44 29.2067 37.6404 135.738 16.8 6
2010 8 26 1 44 29.7591 38.7304 133.859 20 6
2010 8 26 1 44 44.2243 38.6737 133.879 4.8 6
2010 8 26 1 45 2.17938 38.6728 133.837 23.9 7
2010 8 26 1 45 2.25306 38.7239 133.63 27.2 5
2010 8 26 1 45 2.25306 38.6763 133.846 4.2 5
2010 8 26 1 45 21.1116 37.5443 135.746 2.4 5
2010 8 26 1 45 28.6429 38.6678 133.891 4.5 6
2010 8 26 1 45 28.8172 38.6766 133.897 8.2 6
2010 8 26 1 45 28.9526 38.6931 133.858 15.3 7
2010 8 26 1 45 29.0268 38.7052 133.87 20.1 5
2010 8 26 1 45 44.8585 38.7476 133.915 19.3 7
2010 8 26 1 45 44.8942 38.7436 133.923 15.6 7
2010 8 26 1 46 0.600526 38.7261 133.865 16.9 8
2010 8 26 1 46 0.695224 38.6567 133.893 2 5
2010 8 26 1 46 18.6766 38.7284 133.859 19.4 6
2010 8 26 1 46 18.8169 38.7321 133.879 3.1 5
2010 8 26 1 46 52.6033 38.7281 133.947 15 6
2010 8 26 1 46 52.6843 38.6757 133.879 11.8 7
2010 8 26 1 46 52.7369 38.6813 133.817 7.4 5
2010 8 26 1 46 52.7979 38.7098 133.859 17.1 6
2010 8 26 1 47 27.6516 38.672 133.915 5.7 6
2010 8 26 1 47 27.7478 38.716 133.907 5.5 5
2010 8 26 1 47 46.2103 37.7731 136.35 15.4 5
2010 8 26 1 47 46.2539 37.8423 136.151 13.2 5
2010 8 26 1 48 7.27354 38.8289 133.896 5.3 5
2010 8 26 1 48 7.30892 38.7753 133.874 18.2 7
2010 8 26 1 48 38.8774 38.6976 133.891 5 5
2010 8 26 1 48 39.3895 38.7318 133.873 15.6 5
2010 8 26 1 49 2.4124 37.6983 135.732 9.6 8
2010 8 26 1 49 2.47749 37.6892 135.727 11.2 6
2010 8 26 1 49 24.6467 37.6179 135.714 17.4 6
2010 8 26 1 49 42.161 37.6216 135.708 20.3 5
2010 8 26 1 50 24.0331 37.7473 136.353 16.9 8
2010 8 26 1 50 32.7282 38.7572 133.842 25.6 6
2010 8 26 1 50 32.7867 38.7528 133.913 16.7 6
2010 8 26 1 51 14.4114 38.7447 133.917 19.8 5
2010 8 26 1 51 14.5075 38.7201 133.924 5.2 5
2010 8 26 1 51 42.1482 37.5871 136.458 16.2 5
2010 8 26 1 51 42.4402 37.6793 136.366 1.7 5
2010 8 26 1 51 42.8283 37.6834 136.336 14.7 7
2010 8 26 1 51 52.2057 37.6486 135.738 15.9 5
2010 8 26 1 52 26.5794 37.6386 135.741 17 5
2010 8 26 1 52 26.7297 37.6431 135.71 17.6 6
2010 8 26 1 52 26.8707 37.6342 135.728 20.3 5
2010 8 26 1 52 26.9479 37.5968 135.715 14.5 5
2010 8 26 1 52 38.5781 37.7622 136.326 12.6 6
2010 8 26 1 53 0.171719 37.5612 135.751 6.6 5
2010 8 26 1 53 21.7689 39.0197 133.403 18.9 5
2010 8 26 1 53 33.5919 37.6782 136.412 25 12
2010 8 26 1 53 34.0941 37.7611 136.341 18.8 6
2010 8 26 1 53 51.9094 37.6526 135.749 18.2 5
2010 8 26 1 53 52.1101 37.6761 135.672 22.3 5
2010 8 26 1 54 4.02542 38.7346 133.943 16.8 6
2010 8 26 1 54 4.16346 38.7319 133.881 7.9 6
2010 8 26 1 54 38.3458 37.7249 136.415 23 9
2010 8 26 1 55 20.4872 37.5873 135.784 6.7 5
2010 8 26 1 56 40.5937 38.7242 133.973 4.9 5
2010 8 26 1 57 14.0401 37.7296 136.409 15.2 7
2010 8 26 1 57 14.3122 37.686 136.436 2.6 5
2010 8 26 1 57 47.2387 37.6746 136.393 1.4 6
2010 8 26 1 57 47.2956 37.7266 136.367 20.4 6
2010 8 26 1 58 6.79083 37.8585 136.158 14.1 5
2010 8 26 1 58 10.2548 37.57 135.776 24.5 9
2010 8 26 1 58 45.8308 38.7789 133.994 19.5 6
2010 8 26 1 58 53.417 37.8755 136.446 17.5 7
2010 8 26 1 59 46.8243 37.7482 136.369 18.2 6
2010 8 26 2 0 3.47799 37.7627 136.428 24.4 5
2010 8 26 2 0 20.0752 37.6936 136.35 19 8
2010 8 26 2 0 20.1153 38.0303 135.846 12.5 5
2010 8 26 2 0 20.1738 37.7368 136.369 16.4 8
2010 8 26 2 0 20.2829 37.9466 136.088 3.6 5
2010 8 26 2 0 42.2047 37.8372 136.403 14.8 5
2010 8 26 2 0 42.36 37.7354 136.343 8.6 5
2010 8 26 2 2 1.74332 39.0968 132.942 5.9 5
2010 8 26 2 2 28.643 37.6672 136.659 19.3 5
2010 8 26 2 2 28.77 37.7179 136.409 23.4 9
2010 8 26 2 3 39.9989 37.7998 136.287 8.3 5
2010 8 26 2 3 40.2063 37.7719 136.429 17.5 7
2010 8 26 2 3 40.3156 37.7661 136.434 13.4 8
2010 8 26 2 3 40.7177 37.7639 136.421 21.9 5
2010 8 26 2 5 50.4246 37.788 136.458 15.2 6
2010 8 26 2 5 50.4704 37.7591 136.457 13.9 7
2010 8 26 2 6 38.4217 39.119 133.107 10.4 5
2010 8 26 2 7 9.42358 37.6995 136.488 27.9 5
2010 8 26 2 7 9.8994 37.6863 136.462 5 5
2010 8 26 2 7 53.7232 37.6249 135.895 6.4 5
2010 8 26 2 7 54.404 37.7093 136.461 10.4 5
2010 8 26 2 7 54.6253 37.711 136.451 22.6 7
2010 8 26 2 9 13.7653 38.7909 134.034 8.6 6
2010 8 26 2 9 57.6146 39.0759 133.052 24.4 6
2010 8 26 2 9 57.7088 39.1143 133.001 6.7 6
2010 8 26 2 9 57.8727 39.1263 133.034 15.7 9
2010 8 26 2 10 13.0542 37.7731 136.406 11 5
2010 8 26 2 11 6.20307 37.7309 136.428 16.5 5
2010 8 26 2 11 48.8641 37.7448 136.436 16.9 9
2010 8 26 2 13 32.7907 37.7306 136.432 22 8
2010 8 26 2 14 11.1995 37.7231 136.43 10.7 6
2010 8 26 2 15 13.5439 37.7571 136.425 13.6 8
2010 8 26 2 15 13.891 37.7918 136.474 16.6 7
2010 8 26 2 15 43.8084 37.7788 136.462 23.3 5
2010 8 26 2 16 7.52326 37.6015 136.921 3.7 5
2010 8 26 2 16 11.492 37.7658 136.464 15.2 8
2010 8 26 2 16 11.8996 37.8075 136.506 21 8
2010 8 26 2 16 40.422 37.8146 136.543 8.9 5
2010 8 26 2 19 7.88755 37.836 136.255 16.8 5
2010 8 26 2 19 51.2642 37.747 136.437 12.4 6
2010 8 26 2 19 51.459 37.7456 136.44 16.6 5
2010 8 26 2 20 11.309 37.7139 136.458 22.1 5
2010 8 26 2 20 36.7945 37.7451 136.441 6.3 7
2010 8 26 2 21 2.8141 37.7319 136.425 7.6 5
2010 8 26 2 21 3.3806 37.6499 136.404 24.2 8
2010 8 26 2 21 25.0589 37.7878 136.467 11.9 5
2010 8 26 2 22 0.300104 37.7361 136.297 18.3 5
2010 8 26 2 22 0.374194 37.6718 136.474 2 5
2010 8 26 2 22 0.626787 37.7074 136.478 4 6
2010 8 26 2 22 0.788191 37.6705 136.48 3.8 6
2010 8 26 2 22 0.855391 37.7408 136.46 28.8 5
2010 8 26 2 22 0.929626 37.7029 136.435 23.2 5
2010 8 26 2 22 25.7273 37.7162 136.407 7.7 7
2010 8 26 2 23 29.9601 37.7312 136.48 17.8 7
2010 8 26 2 26 40.9476 37.7726 136.365 20.4 5
2010 8 26 2 26 41.0013 37.7455 136.502 19.3 7
2010 8 26 2 26 41.0998 37.7599 136.511 17.6 7
2010 8 26 2 26 41.3308 37.7474 136.487 15.4 5
2010 8 26 2 29 21.5412 37.5862 136.869 5.3 5
2010 8 26 2 30 15.3784 37.722 136.5 25.8 5
2010 8 26 2 56 0.133904 37.2688 137.356 20.2 5
2010 8 26 2 57 21.4328 37.6702 136.785 7.2 5
2010 8 26 3 2 24.9845 38.708 136.191 1.1 5
2010 8 26 3 5 41.8826 37.59 137.446 21.5 5
2010 8 26 3 13 43.3247 37.2852 137.284 18.1 5
2010 8 26 3 14 13.2637 38.8457 136.361 2.4 6
2010 8 26 3 14 42.5655 38.9352 136.348 19.7 7
2010 8 26 3 14 43.1131 38.8685 136.367 7.6 5
2010 8 26 3 15 52.7024 38.8804 136.389 1.7 5
2010 8 26 3 16 12.4114 38.8706 136.356 2 6
2010 8 26 3 17 40.4319 37.3183 137.321 2.9 5
2010 8 26 3 18 40.4583 38.9068 136.354 21.1 8
2010 8 26 3 19 3.35295 38.9154 136.35 14.8 8
2010 8 26 3 19 24.4028 38.8968 136.312 6.1 6
2010 8 26 3 20 10.005 38.9253 136.388 24.3 9
2010 8 26 3 20 49.244 39.028 136.506 29.2 5
2010 8 26 3 21 20.2245 38.8971 136.343 20.8 6
2010 8 26 3 21 20.369 38.9107 136.389 8.3 6
2010 8 26 3 21 35.8481 37.2822 137.408 7.1 5
2010 8 26 3 22 11.7761 37.3037 137.335 14.8 6
2010 8 26 3 24 8.46754 37.3611 137.386 5.6 5
2010 8 26 3 24 59.2996 38.8831 136.39 24.6 5
2010 8 26 3 25 22.3932 37.3711 137.345 23.5 10
2010 8 26 3 25 27.9465 38.8761 136.379 6 7
2010 8 26 3 25 28.0137 38.9013 136.34 20.7 5
2010 8 26 3 25 28.0635 38.9125 136.367 26.4 7
2010 8 26 3 25 28.1844 38.8975 136.372 20.1 6
2010 8 26 3 26 24.4835 38.9157 136.336 17.1 6
2010 8 26 3 26 50.7054 38.9095 136.384 18.1 6
2010 8 26 3 27 38.9192 37.3563 137.324 14.2 5
2010 8 26 3 28 0.156131 37.5339 137.027 20.1 5
2010 8 26 3 29 38.236 38.8739 136.33 17.1 8
2010 8 26 3 31 3.46903 38.8804 136.451 1.8 5
2010 8 26 3 35 32.7579 38.8763 136.389 1 7
2010 8 26 3 35 32.8947 38.8847 136.402 5.4 5
2010 8 26 3 36 25.0817 38.9261 136.345 17.2 7
2010 8 26 3 37 31.0004 38.9693 136.333 18.7 6
2010 8 26 3 38 52.7359 38.9691 136.342 12.3 8
2010 8 26 3 39 31.0373 38.927 136.314 23.8 6
2010 8 26 3 42 28.0513 38.9728 136.354 6.8 6
2010 8 26 3 42 48.5028 38.8765 136.387 23.4 7
2010 8 26 3 42 48.7079 38.8491 136.419 3 5
2010 8 26 3 43 5.36285 38.8948 136.391 4.1 5
2010 8 26 3 43 20.7883 38.8677 136.37 6 5
2010 8 26 3 43 31.2725 38.9373 136.345 19.4 6
2010 8 26 3 43 48.0148 38.9823 136.411 27.1 8
2010 8 26 3 44 40.2011 38.9561 136.406 22.1 5
2010 8 26 3 44 52.9606 38.8948 136.422 3.9 5
2010 8 26 3 45 25.5769 38.9136 136.418 8.5 5
2010 8 26 3 45 25.7904 38.9119 136.425 2.2 5
2010 8 26 3 45 25.9072 38.9009 136.423 1 6
2010 8 26 3 46 43.0069 38.9516 136.415 17.1 7
2010 8 26 3 46 56.5373 38.911 136.422 21.1 7
2010 8 26 3 47 17.0674 38.8748 136.433 4 5
2010 8 26 3 48 44.8541 38.955 136.453 7 5
2010 8 26 3 49 1.12227 38.892 136.338 11 5
2010 8 26 3 49 17.382 38.9057 136.35 8.8 6
2010 8 26 3 49 54.7759 38.9275 136.473 3.2 5
2010 8 26 3 50 1.99817 38.872 136.389 19.1 5
2010 8 26 3 50 51.2354 38.8982 136.363 16.2 7
2010 8 26 3 50 51.3446 38.8569 136.378 4.7 5
2010 8 26 3 51 38.8323 38.904 136.383 19.2 7
2010 8 26 3 51 38.9472 38.8815 136.391 6.2 5
2010 8 26 3 52 28.6388 38.8514 136.448 5.2 5
2010 8 26 3 52 28.7972 38.8958 136.394 9.6 6
2010 8 26 3 52 28.8851 38.916 136.347 5.2 5
2010 8 26 3 52 29.0019 38.9267 136.346 21.5 6
2010 8 26 3 52 40.0812 38.8557 136.466 1.5 5
2010 8 26 3 53 16.8933 38.9539 136.364 24.6 6
2010 8 26 3 53 17.0657 39.0032 136.337 2.2 5
2010 8 26 3 53 52.3717 38.9481 136.499 6.6 5
2010 8 26 3 54 11.9831 38.9939 136.395 22.6 6
2010 8 26 3 54 30.9558 39.1126 136.1 20.1 6
2010 8 26 3 55 58.4958 38.93 136.477 1.8 6
2010 8 26 3 56 33.8676 39.0816 136.258 29.5 7
2010 8 26 3 56 33.9031 38.9079 136.452 0.6 6
2010 8 26 3 56 33.9286 38.9382 136.421 19.8 7
2010 8 26 3 56 34.0818 38.9407 136.402 22 6
2010 8 26 3 56 34.2586 38.9595 136.393 25.9 7
2010 8 26 3 57 31.3715 38.9784 136.472 9.6 6
2010 8 26 3 57 31.658 38.8866 136.51 5.1 5
2010 8 26 3 58 1.14287 38.8568 136.499 3.1 5
2010 8 26 3 58 34.9897 38.8494 136.512 2.3 5
2010 8 26 3 59 27.0603 38.8874 136.366 10.7 5
2010 8 26 3 59 36.6985 38.8428 136.5 11.8 5
2010 8 26 4 0 5.27366 39.2119 135.954 11.7 5
2010 8 26 4 0 5.39407 39.0695 136.676 23 5
2010 8 26 4 0 5.39412 38.8941 136.511 18.6 6
2010 8 26 4 0 58.8328 39.2398 136.082 23.8 6
2010 8 26 4 1 15.2664 38.8728 136.509 17.8 5
2010 8 26 4 1 26.6499 38.8368 136.508 13.6 5
2010 8 26 4 1 47.6621 38.8819 136.491 16.1 6
2010 8 26 4 1 48.0151 39.2494 135.905 28.1 5
2010 8 26 4 2 1.45072 38.9389 136.508 6.6 5
2010 8 26 4 2 1.62487 38.8973 136.555 10.1 5
2010 8 26 4 2 14.5143 38.8709 136.436 15.1 6
2010 8 26 4 2 24.5618 38.8984 136.48 15.3 9
2010 8 26 4 2 27.6103 38.9899 136.551 3.7 5
2010 8 26 4 2 42.5386 38.8198 136.518 3.9 6
2010 8 26 4 3 0.116921 38.9643 136.484 10 5
2010 8 26 4 4 3.38107 38.8972 136.53 8.3 7
2010 8 26 4 4 3.74537 38.8985 136.519 4.4 6
2010 8 26 4 4 32.4473 38.8256 136.493 4.9 6
2010 8 26 4 4 44.3175 38.8544 136.541 2.8 5
2010 8 26 4 5 19.9545 38.8718 136.484 9.2 5
2010 8 26 4 5 58.4909 38.8622 136.527 2.1 5
2010 8 26 4 6 27.1131 38.9469 136.524 17.1 6
2010 8 26 4 8 3.08581 38.9337 136.711 21.6 7
2010 8 26 4 8 4.32625 39.428 133.899 17 6
2010 8 26 4 8 23.0175 38.8861 136.557 1.3 5
2010 8 26 4 8 52.5251 38.8485 136.526 3.6 5
2010 8 26 4 9 15.6918 38.9077 136.484 13.1 7
2010 8 26 4 10 8.81738 38.9454 136.528 19.4 7
2010 8 26 4 10 8.91949 38.9207 136.487 22.4 5
2010 8 26 4 11 17.7717 39.0805 136.49 17.7 6
2010 8 26 4 15 32.3031 38.8489 136.461 10.4 5
2010 8 26 4 17 47.8485 38.8579 136.55 1.3 5
2010 8 26 4 17 48.1847 38.9992 136.529 3.5 5
2010 8 26 4 18 46.5695 38.8228 136.528 4.2 5
2010 8 26 4 19 47.0275 39.4828 134.005 23.2 5
2010 8 26 4 20 9.55939 38.896 136.532 17.2 8
2010 8 26 4 21 33.5629 38.8672 136.542 4.5 5
2010 8 26 4 22 36.064 39.005 136.535 3.7 5
2010 8 26 4 23 2.23954 38.912 136.529 19.9 5
2010 8 26 4 25 46.1631 39.0301 136.513 0.6 5
2010 8 26 4 26 0.959704 38.9048 136.55 16.7 7
2010 8 26 4 26 13.4921 38.8882 136.488 13.8 5
2010 8 26 4 26 53.6626 38.8978 136.516 13.1 5
2010 8 26 4 27 13.0121 38.8975 136.553 18.9 5
2010 8 26 4 27 39.9004 38.8795 136.616 4.1 5
2010 8 26 4 28 5.80306 39.1147 136.248 22.6 6
2010 8 26 4 28 41.6229 38.909 136.521 18.9 5
2010 8 26 4 29 38.9191 39.0179 136.519 3.7 5
2010 8 26 4 30 11.0116 38.894 136.564 21.5 9
2010 8 26 4 30 26.1253 38.8703 136.604 5.6 5
2010 8 26 4 31 26.5139 39.0774 136.402 4.6 5
2010 8 26 4 31 32.267 39.5324 134.081 21.6 6
2010 8 26 4 32 23.8452 38.9575 136.563 6.6 5
2010 8 26 4 32 43.7058 39.0383 136.43 2.7 5
2010 8 26 4 33 6.50746 38.8272 136.578 5.9 5
2010 8 26 4 33 17.3712 38.8975 136.57 17.2 7
2010 8 26 4 34 27.6826 35.0872 129.429 22.7 6
2010 8 26 4 34 28.0547 38.9141 136.593 18.4 7
2010 8 26 4 34 28.153 38.9117 136.598 16.4 6
2010 8 26 4 35 10.8937 37.1479 136.426 18.2 6
2010 8 26 4 35 13.2277 38.8912 136.543 9.2 5
2010 8 26 4 35 13.7186 38.8843 136.508 19 5
2010 8 26 4 35 33.4842 38.8677 136.599 6.3 5
2010 8 26 4 35 33.6606 38.8779 136.582 2.5 5
2010 8 26 4 35 34.0449 38.9171 136.553 9.1 6
2010 8 26 4 36 20.2314 38.8979 136.523 5.2 5
2010 8 26 4 37 0.68568 38.9232 136.558 16.2 6
2010 8 26 4 38 3.87216 39.5362 134.114 18 7
2010 8 26 4 41 0.329404 38.8876 136.571 29 7
2010 8 26 4 41 0.528975 39.2057 136.198 15.2 6
2010 8 26 4 41 29.961 39.8028 133.746 20.5 5
2010 8 26 4 42 4.6207 39.4989 135.87 19.3 5
2010 8 26 4 42 4.62097 38.8287 136.627 8.2 5
2010 8 26 4 42 23.9309 38.9318 136.667 9.4 5
2010 8 26 4 42 32.4797 41.0064 132.523 21.5 5
2010 8 26 4 42 32.6827 39.5204 134.155 16.2 5
2010 8 26 4 42 50.9362 38.8735 136.629 5.2 6
2010 8 26 4 43 27.2946 38.9529 136.709 9.1 5
2010 8 26 4 43 40.5698 38.8446 136.58 22.1 8
2010 8 26 4 44 32.1361 38.9155 136.572 24.8 8
2010 8 26 4 45 3.75169 39.4852 134.193 8 5
2010 8 26 4 45 12.8361 38.9007 136.578 17.2 7
2010 8 26 4 45 29.9555 38.8925 136.591 18.1 6
2010 8 26 4 45 30.1449 38.9628 136.535 3.4 5
2010 8 26 4 46 8.19968 38.903 136.589 16.5 6
2010 8 26 4 46 8.3214 38.9231 136.609 26.4 7
2010 8 26 4 46 21.3067 38.8365 136.596 3.5 6
2010 8 26 4 46 21.4389 39.5752 134.136 17.1 6
2010 8 26 4 46 29.8436 38.8877 136.578 20.8 8
2010 8 26 4 47 12.5814 38.981 136.554 16.6 6
2010 8 26 4 47 12.7138 38.8489 136.6 5 5
2010 8 26 4 47 30.8685 39.5531 134.172 21.3 9
2010 8 26 4 47 45.8914 38.8882 136.556 21.3 7
2010 8 26 4 48 4.3808 38.9631 136.615 7.2 6
2010 8 26 4 48 39.9921 39.569 134.258 29.8 5
2010 8 26 4 48 39.9921 39.555 134.203 2.6 5
2010 8 26 4 48 40.1649 39.5165 134.176 7.6 5
2010 8 26 4 48 54.095 38.8849 136.564 16.5 7
2010 8 26 4 49 1.24723 38.8772 136.6 18 7
2010 8 26 4 49 18.5231 38.8226 136.609 7.8 5
2010 8 26 4 50 19.3333 38.8744 136.615 16.7 6
2010 8 26 4 50 19.3334 38.853 136.523 18.4 6
2010 8 26 4 50 19.616 38.9102 136.567 21 6
2010 8 26 4 50 34.2487 39.5451 134.189 10.2 7
2010 8 26 4 50 36.7055 38.8484 136.638 29.3 6
2010 8 26 4 50 36.8779 39.0506 136.446 0.8 5
2010 8 26 4 50 36.878 38.7621 136.72 6.2 5
2010 8 26 4 50 37.0285 38.7948 136.629 1.5 5
2010 8 26 4 51 27.8614 39.5219 134.221 21.9 5
2010 8 26 4 51 50.561 38.8407 136.565 10.4 5
2010 8 26 4 52 51.0482 38.8529 136.588 2.6 5
2010 8 26 4 54 18.2589 39.605 134.124 7.1 5
2010 8 26 4 54 19.8759 38.8569 136.613 14.9 6
2010 8 26 4 55 21.347 39.5457 134.236 20.4 7
2010 8 26 4 56 23.8633 38.8781 136.599 18.6 7
2010 8 26 4 58 17.141 39.5329 134.33 11.4 5
2010 8 26 4 59 20.1944 39.5141 134.192 16 5
2010 8 26 5 0 17.2926 39.4397 134.19 18.3 5
2010 8 26 5 0 52.0582 38.7939 136.524 4.8 6
2010 8 26 5 1 17.5199 38.9209 136.533 5.8 5
2010 8 26 5 2 28.205 38.7901 136.653 5.6 5
2010 8 26 5 2 50.7869 38.9675 136.543 4.5 5
2010 8 26 5 2 58.5389 38.843 136.641 21.5 7
2010 8 26 5 3 19.7584 38.8335 136.617 22.6 6
2010 8 26 5 3 24.5656 38.9667 136.657 6.2 5
2010 8 26 5 3 29.3237 39.1786 136.184 19.9 6
2010 8 26 5 3 40.9368 38.9177 136.649 14.3 6
2010 8 26 5 3 44.3903 38.794 136.623 5.9 6
2010 8 26 5 3 48.7853 35.0292 132.082 28.2 7
2010 8 26 5 4 47.24 38.7006 136.315 4.6 5
2010 8 26 5 5 1.42387 39.0414 136.475 2.4 5
2010 8 26 5 5 37.7056 38.8919 136.781 14.5 5
2010 8 26 5 5 57.7768 38.7973 136.654 8.6 5
2010 8 26 5 6 50.1289 38.8746 136.681 16.6 7
2010 8 26 5 7 27.0164 38.8552 136.733 11.8 5
2010 8 26 5 8 9.66497 37.7723 135.929 27.1 6
2010 8 26 5 8 28.4029 38.8026 136.62 21.8 5
2010 8 26 5 8 44.2573 39.5693 134.202 8.8 6
2010 8 26 5 9 1.95661 38.8522 136.635 14.1 6
2010 8 26 5 9 2.15633 38.8561 136.4 25.8 5
2010 8 26 5 9 6.91066 39.526 134.316 15.7 5
2010 8 26 5 10 55.4346 38.8699 136.748 15 5
2010 8 26 5 10 55.5339 38.9337 136.679 8.6 6
2010 8 26 5 11 21.7236 38.864 136.635 21.8 6
2010 8 26 5 12 14.4836 38.8974 136.687 20.7 6
2010 8 26 5 12 21.9839 39.7057 134.022 23.1 7
2010 8 26 5 12 47.0838 38.7897 136.678 4.7 5
2010 8 26 5 12 54.5486 38.8128 136.693 3.1 5
2010 8 26 5 13 7.69989 39.2167 136.23 20.1 6
2010 8 26 5 13 38.0918 38.7883 136.699 5.5 5
2010 8 26 5 13 38.1658 39.1368 136.206 13.1 5
2010 8 26 5 14 12.8511 39.5159 134.309 20.2 7
2010 8 26 5 14 18.9852 38.9172 136.553 29.5 7
2010 8 26 5 14 52.7869 38.9114 136.623 13.8 6
2010 8 26 5 15 11.9046 38.8591 136.8 16.1 6
2010 8 26 5 15 20.2108 35.429 131.674 20.2 5
2010 8 26 5 15 30.9124 39.5923 135.843 22.2 6
2010 8 26 5 16 10.5003 39.5169 134.34 26.7 10
2010 8 26 5 16 10.5556 39.8241 133.923 9 6
2010 8 26 5 16 10.6225 39.5266 134.339 21.2 5
2010 8 26 5 16 14.4812 38.8535 136.719 17.9 8
2010 8 26 5 17 8.55395 38.775 136.661 6.9 5
2010 8 26 5 17 29.6289 39.2598 136.227 12.7 5
2010 8 26 5 17 29.629 38.8153 136.711 17.4 7
2010 8 26 5 17 29.7195 38.8357 136.682 23.3 10
2010 8 26 5 17 48.7329 38.8319 136.667 23 6
2010 8 26 5 18 41.5375 38.8342 136.696 16.7 10
2010 8 26 5 18 47.8763 38.8353 136.642 24.8 5
2010 8 26 5 18 47.9614 39.6043 135.867 18.4 5
2010 8 26 5 19 15.676 39.6228 134.138 5.7 5
2010 8 26 5 19 44.814 38.9309 136.717 9.8 5
2010 8 26 5 21 2.94339 38.8163 136.724 27.7 13
2010 8 26 5 21 3.03785 38.8837 136.823 8.9 6
2010 8 26 5 21 33.1287 39.552 134.296 6.7 5
2010 8 26 5 21 43.0953 38.8001 136.773 5.7 6
2010 8 26 5 22 34.1143 39.4893 134.417 11.2 5
2010 8 26 5 22 53.9776 38.9837 136.349 7 5
2010 8 26 5 23 9.73237 39.5316 134.26 13.1 7
2010 8 26 5 23 25.738 39.5451 134.296 23.2 6
2010 8 26 5 23 33.5465 39.4339 134.252 11.9 7
2010 8 26 5 23 39.8409 38.8574 136.754 8.3 6
2010 8 26 5 23 45.7255 38.8544 136.644 20.1 9
2010 8 26 5 24 17.5487 39.693 134.115 3.6 5
2010 8 26 5 24 25.0949 39.4767 134.31 24.8 8
2010 8 26 5 25 31.1992 39.4526 134.28 21.5 6
2010 8 26 5 25 48.2479 38.9349 136.686 7.6 6
2010 8 26 5 25 51.3342 40.5207 133.163 21.4 6
2010 8 26 5 25 51.3347 39.4097 134.365 29.3 5
2010 8 26 5 26 30.3844 39.4635 134.305 28.2 12
2010 8 26 5 26 36.334 35.1379 132.231 23.3 9
2010 8 26 5 26 52.2262 38.8592 136.778 19.8 7
2010 8 26 5 27 2.56882 39.5716 134.327 13.1 6
2010 8 26 5 27 12.6123 39.5659 133.998 29.3 5
2010 8 26 5 27 25.0433 39.5162 134.348 16.3 6
2010 8 26 5 27 31.0514 39.5496 134.318 10.7 6
2010 8 26 5 27 41.0782 38.7541 136.589 14.9 5
2010 8 26 5 28 7.22611 39.3677 134.196 26.5 5
2010 8 26 5 28 44.144 39.4928 134.158 28.3 5
2010 8 26 5 28 51.2821 38.8535 136.858 24.8 7
2010 8 26 5 29 8.92746 38.9682 136.602 5 5
2010 8 26 5 29 10.3553 40.5497 133.338 5.6 5
2010 8 26 5 29 23.0886 39.5899 134.524 11.7 6
2010 8 26 5 29 34.5705 38.876 136.883 28.1 6
2010 8 26 5 30 1.04086 39.5207 134.258 18.6 8
2010 8 26 5 30 32.2502 39.5187 134.333 20.7 5
2010 8 26 5 30 33.4554 39.5173 134.38 12.1 5
2010 8 26 5 30 44.6396 39.5025 134.333 16.6 5
2010 8 26 5 30 49.5089 39.6288 134.357 8 5
2010 8 26 5 31 2.12819 38.8547 136.868 23 11
2010 8 26 5 31 2.15551 38.8346 136.846 8 5
2010 8 26 5 31 2.2176 38.8594 136.874 18.3 7
2010 8 26 5 31 2.46747 38.8612 136.885 19.2 7
2010 8 26 5 31 15.827 39.6913 134.196 2.2 5
2010 8 26 5 31 40.1254 38.8252 136.832 19 6
2010 8 26 5 31 52.0266 39.6737 134.178 8 5
2010 8 26 5 32 53.8739 38.97 136.887 11.8 7
2010 8 26 5 33 56.7031 39.4895 134.377 23.8 5
2010 8 26 5 34 25.326 38.841 136.91 0.7 5
2010 8 26 5 34 38.5896 39.486 134.346 20.4 6
2010 8 26 5 35 13.9055 39.539 134.464 12.1 5
2010 8 26 5 35 39.1176 35.3205 131.937 5.3 5
2010 8 26 5 35 39.1176 35.0371 132.277 8.3 5
2010 8 26 5 35 47.1903 38.8495 136.934 23.1 7
2010 8 26 5 36 14.3632 39.5229 134.413 11.2 5
2010 8 26 5 36 43.3031 39.5133 134.399 12.1 6
2010 8 26 5 36 52.2981 39.4622 134.545 27.7 8
2010 8 26 5 37 47.3358 39.7509 133.867 23.4 5
2010 8 26 5 38 30.193 39.5162 134.44 12 5
2010 8 26 5 39 26.312 39.8226 133.975 23 5
2010 8 26 5 39 37.0042 39.5117 134.4 19.1 8
2010 8 26 5 40 5.30332 38.8704 136.851 11.2 5
2010 8 26 5 40 12.849 39.4475 134.267 19.8 5
2010 8 26 5 40 25.1032 39.5375 134.279 11.6 7
2010 8 26 5 40 27.4971 35.165 132.244 18.1 6
2010 8 26 5 40 27.645 35.1529 132.264 22.5 9
2010 8 26 5 40 56.2643 39.757 134.198 20.6 7
2010 8 26 5 41 9.43998 39.4548 134.301 17.8 9
2010 8 26 5 41 9.68225 39.5416 134.324 18 7
2010 8 26 5 41 58.4072 39.8813 133.922 28.7 6
2010 8 26 5 42 18.866 38.8864 136.896 16.7 9
2010 8 26 5 42 27.4423 39.4969 134.378 18.9 5
2010 8 26 5 43 10.8389 35.4029 131.894 22.8 6
2010 8 26 5 43 19.8446 39.5117 134.493 14.6 7
2010 8 26 5 44 25.8708 39.5027 134.384 25 9
2010 8 26 5 45 58.8532 38.8616 136.526 27.4 6
2010 8 26 5 49 10.5126 39.4866 134.355 9.2 6
2010 8 26 5 51 10.1518 39.429 134.475 9.6 6
2010 8 26 5 51 10.1518 39.4077 134.425 27.4 6
2010 8 26 5 52 36.6964 39.6597 134.201 2.6 5
2010 8 26 5 52 39.0573 39.5282 134.336 10.4 5
2010 8 26 5 52 51.8678 39.5716 134.381 10.3 6
2010 8 26 5 53 2.00033 39.5063 134.374 22.7 5
2010 8 26 5 53 16.6264 39.6525 134.285 5.8 5
2010 8 26 5 54 23.5279 39.5096 134.399 20.7 8
2010 8 26 5 54 36.5157 39.4196 134.477 14.3 5
2010 8 26 5 57 23.6879 39.5511 134.449 8.9 6
2010 8 26 5 57 55.6874 39.4805 134.546 15.2 6
2010 8 26 5 58 51.002 39.4775 134.398 26.2 7
2010 8 26 5 58 51.1077 39.4828 134.435 5.2 5
2010 8 26 5 59 11.1128 39.4148 134.395 25.5 6
2010 8 26 5 59 46.2222 39.3657 134.669 14 5
2010 8 26 6 0 32.8466 39.5188 134.555 17.3 5
2010 8 26 6 1 1.35532 39.478 134.452 21.1 10
2010 8 26 6 1 1.40609 39.5778 134.446 9.3 5
2010 8 26 6 3 3.8635 38.7093 136.494 19.7 5
2010 8 26 6 3 34.2753 36.8512 137.157 20.2 6
2010 8 26 6 3 39.6728 39.7691 133.973 13.2 5
2010 8 26 6 3 54.9181 39.4991 134.476 19 9
2010 8 26 6 4 27.5869 39.6647 134.305 6.2 5
2010 8 26 6 5 8.28068 39.4847 134.43 28.5 6
2010 8 26 6 5 24.8525 39.7662 134.132 18.6 6
2010 8 26 6 5 46.6664 39.5095 134.373 13.9 7
2010 8 26 6 6 5.3422 39.4985 134.43 7.7 7
2010 8 26 6 6 33.5767 39.6985 134.249 4.1 5
2010 8 26 6 11 2.48642 39.5954 134.43 10.7 5
2010 8 26 6 13 20.5727 39.4021 134.451 19.3 5
2010 8 26 6 16 15.8531 39.5453 134.421 16.6 7
2010 8 26 6 20 3.82685 39.6188 134.449 9.2 5
2010 8 26 6 25 28.4906 39.7419 134.384 8.9 5
2010 8 26 6 25 47.5456 39.9021 133.796 21.8 5
2010 8 26 6 27 42.1214 39.4773 134.463 12.4 5
2010 8 26 6 27 42.2939 39.4909 134.46 12.3 6
2010 8 26 6 29 50.6267 39.4111 134.475 9.4 6
2010 8 26 6 30 51.8578 39.4535 134.453 19.4 6
2010 8 26 6 32 4.68855 39.4859 134.442 17.7 5
2010 8 26 6 33 19.5118 39.4731 134.572 16 5
2010 8 26 6 33 54.9479 39.4725 134.497 13.2 6
2010 8 26 6 34 51.6153 39.6158 134.358 10.4 5
2010 8 26 6 36 41.5914 39.4224 134.439 22.7 10
2010 8 26 6 39 24.519 39.4379 134.453 23 5
2010 8 26 6 40 16.4595 39.4842 134.586 14.8 6
2010 8 26 6 40 49.759 39.4672 134.57 17.1 5
2010 8 26 6 45 7.2604 39.4617 134.453 21.7 6
2010 8 26 6 46 16.3248 39.4281 134.493 22.1 9
2010 8 26 6 47 50.4853 39.424 134.469 18.9 6
2010 8 26 6 50 7.96592 39.5003 134.534 17.2 6
2010 8 26 6 51 14.2371 39.4127 134.633 28.3 6
2010 8 26 6 56 39.0978 39.4577 134.694 17.7 5
2010 8 26 6 59 4.3236 39.4938 134.851 23 7
2010 8 26 7 14 14.9314 37.077 137.145 22 6
2010 8 26 7 16 12.2385 37.0379 137.129 24.5 5
2010 8 26 7 16 49.7764 37.0462 137.187 16 5
2010 8 26 7 17 43.2918 39.4719 134.767 18.2 7
2010 8 26 7 17 48.9789 37.0586 137.12 19 5
2010 8 26 7 19 26.0225 39.4969 134.681 18.2 6
2010 8 26 7 20 36.3143 39.4786 134.772 16.8 5
2010 8 26 7 22 47.06 37.0386 137.158 21.1 5
2010 8 26 7 24 18.7769 39.5043 134.707 17.1 6
2010 8 26 7 25 1.46146 39.4435 134.794 24 6
2010 8 26 7 25 44.1525 39.5024 134.659 3.4 6
2010 8 26 7 25 44.1525 39.4788 134.811 26.7 5
2010 8 26 7 26 34.5947 39.4278 134.798 28.7 9
2010 8 26 7 26 34.5947 39.5109 134.802 18.2 5
2010 8 26 7 26 34.7094 39.42 134.826 9.3 5
2010 8 26 7 26 34.8462 39.4876 134.895 16.6 5
2010 8 26 7 27 37.1067 39.4757 134.74 23.6 8
2010 8 26 7 28 16.9548 39.4572 134.779 19.6 5
2010 8 26 7 28 17.0628 39.4084 134.69 2.7 5
2010 8 26 7 29 29.355 39.4456 134.935 19.5 5
2010 8 26 7 31 1.13037 39.4995 134.807 8.2 5
2010 8 26 7 31 1.13039 39.4582 134.868 18.4 10
2010 8 26 7 32 52.2031 39.5654 134.481 23.9 6
2010 8 26 7 32 52.2624 39.5055 134.669 3.1 5
2010 8 26 7 36 51.3194 39.5473 134.595 26.5 8
2010 8 26 7 41 47.2996 39.4729 134.698 23.2 10
2010 8 26 7 47 11.5315 37.11 137.268 20.2 5
2010 8 26 7 47 42.842 39.7298 134.933 20.1 6
2010 8 26 7 55 31.7744 37.0967 137.183 19.8 8
2010 8 26 7 59 29.5324 39.6947 134.766 15.6 7
2010 8 26 7 59 29.5324 39.5808 135.14 23.7 10
2010 8 26 8 1 18.73 39.6606 135.12 17.6 6
2010 8 26 8 2 12.4226 39.4191 134.874 5.7 6
2010 8 26 8 4 26.0976 39.526 134.478 18.6 5
2010 8 26 8 4 26.2357 39.3721 134.931 10.6 6
2010 8 26 8 7 42.9321 39.4659 134.801 22.7 8
2010 8 26 8 12 26.2777 39.1905 134.771 22.2 6
2010 8 26 8 20 54.8165 39.5975 135.094 24.1 7
2010 8 26 8 20 55.2402 39.5327 135.198 28.2 8
2010 8 26 8 20 55.2665 39.5382 135.185 21 7
2010 8 26 8 20 55.2859 39.5613 135.174 19.5 6
2010 8 26 8 20 55.2859 39.5941 135.254 23.8 5
2010 8 26 8 21 38.2008 39.6312 135.189 23.5 6
2010 8 26 8 24 59.6384 39.627 135.116 3.5 5
2010 8 26 8 24 59.6384 39.6444 135.054 19.8 11
2010 8 26 8 33 33.5399 39.6118 135.234 23.5 7
2010 8 26 8 33 33.5399 39.4742 135.151 28.5 5
2010 8 26 8 35 42.4503 39.7453 135.239 17.6 5
2010 8 26 8 35 43.0099 39.6153 134.913 14.6 5
2010 8 26 8 46 36.1203 39.65 135.284 16 9
2010 8 26 9 11 4.49884 39.4869 134.756 26.7 5
2010 8 26 9 28 19.6795 39.4371 134.764 19.1 6
2010 8 26 9 35 59.555 39.6519 135.076 20.9 5
2010 8 26 10 25 4.91618 39.533 135.341 6.6 5
2010 8 26 10 36 11.0324 39.5795 135.323 26.6 5
2010 8 26 10 49 54.405 39.6391 135.35 11.8 6
2010 8 26 11 19 54.7371 39.6366 135.018 15 5
2010 8 26 11 37 3.85272 39.6991 135.36 20.4 5
2010 8 26 11 47 55.1095 39.5997 135.334 22 6
2010 8 26 11 51 21.7259 39.6485 135.334 25 6
2010 8 26 11 51 21.9096 39.6267 135.267 29.7 8
2010 8 26 11 52 44.1757 39.6166 135.272 29.1 11
2010 8 26 11 52 44.4682 39.6061 135.247 6.6 5
2010 8 26 11 54 30.7772 39.5705 135.286 6.8 6
2010 8 26 12 0 19.4637 39.6271 135.333 17.1 7
2010 8 26 12 3 30.2308 39.6454 135.363 28.8 9
2010 8 26 12 5 23.3736 39.579 135.229 12.5 5
2010 8 26 12 14 24.6157 39.615 135.706 13.6 5
2010 8 26 12 44 42.2572 35.0765 129.15 21.3 5
2010 8 26 12 54 13.9267 35.0517 129.159 7.3 5
2010 8 26 12 54 14.0724 35.1216 129.145 24.1 6
2010 8 26 12 54 14.2256 35.0338 129.176 18.7 6
2010 8 26 12 59 15.4796 35.0762 129.183 12.7 6
2010 8 26 13 10 8.34294 35.0318 129.052 29.4 6
2010 8 26 13 54 20.3963 41.1161 136.745 19.2 5
2010 8 26 17 2 18.5597 40.0719 136.223 28.7 6
2010 8 26 17 5 50.4366 40.0143 136.128 16.8 5
2010 8 26 17 5 50.5233 40.056 136.177 6.7 5
2010 8 26 17 12 31.2125 39.9777 136.176 11 5
2010 8 26 17 16 37.4092 40.0637 136.676 14.5 5
2010 8 26 17 48 1.95373 40.4232 137.009 13.5 6
2010 8 26 18 36 7.05804 40.2481 137.035 27.9 9
2010 8 26 18 47 35.7673 40.2631 137.082 18.6 7
2010 8 26 18 49 25.4567 40.1891 137.085 20.7 10
2010 8 26 18 49 25.5101 40.2153 137.142 14.4 5
2010 8 26 18 54 21.699 40.1997 137.116 27.7 7
2010 8 26 19 16 47.4916 35.1249 129.264 4.5 5
2010 8 26 19 46 4.12521 35.0203 129.257 13.8 5
2010 8 26 19 49 38.3096 40.0305 136.724 14.4 5
2010 8 26 19 49 38.6171 40.0037 136.754 5.9 6
2010 8 26 19 58 52.9123 39.9482 136.748 5.6 5
2010 8 26 20 3 7.21324 39.9693 136.743 4.4 5
2010 8 26 20 4 17.6177 39.9828 136.734 13.5 5
2010 8 26 20 4 17.6578 39.9495 136.714 7.7 6
2010 8 26 20 4 17.7462 39.9542 136.736 6.4 6
2010 8 26 20 5 42.0763 39.974 136.755 13.7 5
2010 8 26 20 33 58.4607 35.0956 129.362 10.1 5
2010 8 26 20 38 2.48829 35.0108 129.363 9.7 5
2010 8 26 20 39 34.0295 36.167 130.263 7 5
2010 8 26 20 40 32.192 36.2101 130.279 9.8 5
2010 8 26 20 40 32.2659 36.1946 130.262 10.8 5
2010 8 26 20 44 30.2791 35.0303 129.432 17.3 5
2010 8 26 20 47 45.7482 36.2818 130.326 10 6
2010 8 26 20 47 46.0288 36.2524 130.328 5.3 5
2010 8 26 20 47 56.2799 35.0715 129.375 14.1 5
2010 8 26 20 48 17.1561 35.0915 129.394 12.6 5
2010 8 26 20 48 17.38 35.0453 129.362 7.1 5
2010 8 26 20 49 56.7651 36.2377 130.305 2.8 5
2010 8 26 20 51 57.1628 35.0183 129.378 3.1 5
2010 8 26 20 52 41.0945 36.2723 130.355 4.1 5
2010 8 26 20 58 29.0931 35.0145 129.374 4.6 5
2010 8 26 21 0 17.3348 35.0754 129.383 15 5
2010 8 26 21 0 44.6188 35.058 129.354 13.4 6
2010 8 26 21 4 29.693 35.0447 129.43 6.2 5
2010 8 26 21 4 32.685 35.0559 129.362 17.5 8
2010 8 26 21 4 59.694 35.0448 129.357 13.6 6
2010 8 26 21 5 56.3547 35.0019 129.369 6.2 5
2010 8 26 21 7 42.8812 35.0224 129.356 8.2 5
2010 8 26 21 7 59.4435 35.0766 129.382 15.7 7
2010 8 26 21 8 20.8919 35.0474 129.373 8.6 6
2010 8 26 21 8 21.0143 35.0313 129.38 7.9 5
2010 8 26 21 8 52.5365 35.072 129.396 11 6
2010 8 26 21 8 52.7082 35.0377 129.381 4.9 5
2010 8 26 21 9 38.2243 35.0694 129.396 12.3 6
2010 8 26 21 10 10.288 35.0721 129.399 12.8 6
2010 8 26 21 10 37.8139 35.0799 129.408 13.3 8
2010 8 26 21 10 53.0795 35.0965 129.447 13.4 5
2010 8 26 21 11 16.8146 35.0857 129.413 12.3 6
2010 8 26 21 11 16.9478 35.0816 129.39 13.9 7
2010 8 26 21 12 3.8671 35.0743 129.381 7.3 5
2010 8 26 21 17 21.7416 35.0483 129.394 14.3 7
2010 8 26 21 17 21.9183 35.0473 129.405 16.6 5
2010 8 26 21 18 20.3976 35.0726 129.429 15.8 6
2010 8 26 21 18 39.6842 35.0902 129.402 14.2 7
2010 8 26 21 20 15.3788 35.0639 129.406 7.8 5
2010 8 26 21 20 15.9024 35.0856 129.394 7.1 5
2010 8 26 21 21 46.69 35.0636 129.374 5.3 5
2010 8 26 21 22 40.2013 35.0792 129.393 13.7 5
2010 8 26 21 23 33.3585 35.055 129.441 1.5 5
2010 8 26 21 26 43.8396 36.5576 130.398 12 9
2010 8 26 21 27 44.404 35.0775 129.415 4.4 5
2010 8 26 21 28 44.2439 35.0722 129.418 14.3 8
2010 8 26 21 29 38.4424 36.409 130.314 13.2 7
2010 8 26 21 30 16.2272 35.0189 129.434 4.5 5
2010 8 26 21 32 58.9023 35.1116 129.429 14.3 8
2010 8 26 21 32 59.5606 35.1678 129.44 17.7 5
2010 8 26 21 34 31.2849 36.5823 130.47 7.8 5
2010 8 26 21 34 43.3942 35.0451 129.393 2.2 6
2010 8 26 21 35 33.4273 40.0066 137.467 5.8 6
2010 8 26 21 35 33.8855 39.9568 137.335 15.8 5
2010 8 26 21 37 24.7363 35.128 129.452 14.2 6
2010 8 26 21 38 34.4202 35.0671 129.446 19.3 5
2010 8 26 21 54 8.32596 36.7831 130.036 4.6 5
2010 8 26 21 56 19.174 36.6063 130.48 1.7 5
2010 8 26 21 57 15.4101 36.5967 130.392 24 5
2010 8 26 21 58 38.0328 36.668 130.386 3.3 5
2010 8 26 22 13 37.961 36.7713 130.468 14.1 6
2010 8 27 2 18 32.1246 37.3073 137.274 5 5
2010 8 27 2 19 27.1736 37.3273 137.27 0.3 5
2010 8 27 2 19 27.2821 37.3136 137.259 0.7 5
2010 8 27 2 40 11.1817 37.344 137.325 7.6 5
2010 8 27 8 18 13.4082 37.3101 137.473 12.6 5
2010 8 28 7 32 3.15393 38.6439 128.741 8 5
2010 8 28 7 32 3.15584 38.6494 128.755 5.1 5
2010 8 28 7 32 3.74405 38.6 128.788 29.7 7
2010 8 28 8 4 22.6056 38.9506 128.886 19.7 6
2010 8 28 8 15 58.333 39.1135 129.012 15.5 9
2010 8 28 8 15 58.3345 39.1309 128.962 2.2 5
2010 8 28 8 17 38.7621 39.1624 128.948 4.6 6
2010 8 28 8 21 30.0276 39.2578 128.976 19.5 5
2010 8 28 9 39 14.9028 39.3771 129.323 24.4 5
2010 8 28 9 42 31.6463 39.5587 129.243 26.8 7
2010 8 28 9 59 11.5655 36.9965 137.376 15.2 5
2010 8 28 10 11 4.9029 39.1452 129.322 23.7 5
2010 8 28 10 13 16.8765 39.172 129.317 14.2 6
2010 8 28 10 26 9.15788 39.0826 129.056 16.2 6
2010 8 28 10 27 1.46543 36.8909 137.274 18 5
2010 8 28 11 5 49.7564 39.7315 129.852 24.9 7
2010 8 28 11 5 49.935 39.6699 129.673 17.4 5
2010 8 28 11 26 29.2142 39.7646 128.328 13.4 8
2010 8 28 11 44 2.78869 40.1322 129.873 20.4 6
2010 8 28 12 58 45.9781 40.4408 129.396 5 5
2010 8 28 14 23 27.2503 40.8171 130.072 22.6 5
2010 8 28 14 35 46.2896 39.7891 129.846 10.5 7
2010 8 28 15 7 43.6333 41.0807 130.19 19 5
2010 8 28 18 34 36.8221 39.3615 128.002 23.7 5
2010 8 28 18 34 36.8238 39.228 128.155 27.2 7
2010 8 28 18 42 54.2511 39.2675 128.13 14.4 6
2010 8 28 18 46 14.2101 39.3282 128.182 17.7 6
2010 8 28 18 51 50.4207 39.4288 128.298 28.2 5
2010 8 28 21 3 13.8191 39.5991 127.693 17.2 6
2010 8 28 21 5 57.6708 39.5977 127.715 14.2 5
2010 8 29 0 5 38.7671 39.0175 127.966 29.6 6
2010 8 29 0 23 59.8611 39.1309 127.968 17.5 6
2010 8 29 3 21 26.9433 38.9258 128.081 5.2 5
2010 8 29 3 25 9.80459 38.9884 128.075 18.5 5
2010 8 29 3 29 32.0707 39.2436 127.83 14.7 6
2010 8 29 3 38 34.1014 39.5395 127.534 27.4 7
2010 8 29 4 18 54.9885 38.765 128.302 11.1 5
2010 8 29 4 19 57.4547 38.8856 128.099 1.2 5
2010 8 29 4 19 57.5504 38.9032 128.113 12.3 5
2010 8 29 4 19 57.6077 38.8505 128.142 19 6
2010 8 29 4 19 57.6928 38.8861 128.101 2.3 5
2010 8 29 4 19 57.7824 38.8916 128.104 3.1 5
2010 8 29 4 20 16.5856 39.0049 128.135 16.7 7
2010 8 29 4 21 29.7128 39.0351 128.163 0.5 5
2010 8 29 4 23 26.7045 39.0315 128.154 1.6 5
2010 8 29 4 26 39.9509 38.9182 128.16 4.3 5
2010 8 29 4 28 41.954 38.986 128.162 19.8 8
2010 8 29 4 28 42.0853 38.9397 128.192 3.2 5
2010 8 29 4 29 34.1961 38.9428 128.173 3.9 5
2010 8 29 4 29 34.4404 38.9442 128.162 2.7 5
2010 8 29 4 33 3.87894 39.1445 128.202 19.5 6
2010 8 29 4 36 45.4035 38.9805 128.185 11.4 6
2010 8 29 4 36 45.84 38.9389 128.218 11.8 5
2010 8 29 4 36 46.0038 38.963 128.195 13.8 8
2010 8 29 4 37 52.0614 39.0329 128.137 1.8 5
2010 8 29 4 38 2.4128 38.9321 128.2 3.4 5
2010 8 29 4 38 11.6292 39.0073 128.31 3.9 5
2010 8 29 4 41 13.6019 39.0466 128.21 3.2 5
2010 8 29 4 41 13.7526 39.0103 128.233 4.5 5
2010 8 29 4 45 3.75857 39.2534 128.206 10.8 6
2010 8 29 4 46 53.6563 39.2573 128.304 7.4 5
2010 8 29 4 48 23.6563 39.3163 128.321 26.7 6
2010 8 29 4 53 47.4948 38.9404 128.243 24.8 7
2010 8 29 5 0 13.0255 39.1485 128.325 15.4 7
2010 8 29 5 2 49.6262 39.1199 128.489 3.7 5
2010 8 29 5 4 11.7672 39.1923 128.483 13.8 5
2010 8 29 5 4 48.1306 38.8969 128.182 20.5 6
2010 8 29 5 6 31.859 39.2609 128.534 28.9 7
2010 8 29 5 9 54.572 38.9499 128.249 19.9 7
2010 8 29 5 22 39.3948 38.7915 128.193 2.4 5
2010 8 29 5 24 31.3951 39.571 128.365 21.4 6
2010 8 29 5 24 31.3951 39.6519 128.408 25.3 6
2010 8 29 5 24 31.6167 39.6073 128.175 17.5 5
2010 8 29 5 28 11.0262 38.6931 128.339 23 6
2010 8 29 5 32 19.9264 39.1881 128.558 22.5 9
2010 8 29 5 34 18.3088 39.0688 128.421 21.6 6
2010 8 29 5 34 55.2866 38.9033 128.269 11.9 7
2010 8 29 5 35 32.1078 38.874 128.341 20.2 7
2010 8 29 5 36 15.415 38.7263 128.326 11.7 5
2010 8 29 5 38 41.6073 38.7056 128.356 9.8 5
2010 8 29 5 39 56.9687 38.7555 128.324 21.6 12
2010 8 29 5 41 24.19 38.6164 128.597 12.6 6
2010 8 29 5 42 48.8567 38.8152 128.356 15.9 6
2010 8 29 5 45 38.6676 39.1644 127.887 18.5 5
2010 8 29 5 48 46.6099 38.9006 128.5 7.2 5
2010 8 29 5 50 5.74021 38.9799 128.47 25.3 11
2010 8 29 5 50 5.76878 38.9209 128.543 5.8 5
2010 8 29 5 51 30.4504 38.8587 128.441 29.6 10
2010 8 29 5 51 31.1246 38.9072 128.465 21.8 6
2010 8 29 5 53 25.4425 39.0436 128.493 4.1 5
2010 8 29 5 55 30.3678 38.554 128.443 15.4 6
2010 8 29 5 56 4.63512 39.033 128.477 22.3 6
2010 8 29 5 56 22.6398 38.5528 128.582 3.3 5
2010 8 29 5 56 50.3137 38.7947 128.568 4.5 5
2010 8 29 5 56 50.3137 38.8426 128.505 7.1 5
2010 8 29 5 58 7.52171 38.9923 128.505 16.1 5
2010 8 29 5 58 35.0266 38.8656 128.394 18.4 6
2010 8 29 5 59 42.9494 39.046 128.41 3.4 5
2010 8 29 6 4 10.1576 38.6419 128.607 6.9 5
2010 8 29 6 4 22.5893 38.5927 128.391 23.6 5
2010 8 29 6 4 24.3845 39.5397 128.887 15.7 7
2010 8 29 6 4 26.7984 38.4892 128.703 8.6 6
2010 8 29 6 4 33.7523 38.3365 128.558 8.3 5
2010 8 29 6 5 1.17154 38.4344 128.754 28.3 6
2010 8 29 6 5 39.2415 38.3636 128.607 26.7 8
2010 8 29 6 6 5.37624 38.3721 128.553 9.8 6
2010 8 29 6 6 29.9112 39.007 128.549 21 6
2010 8 29 6 7 7.15275 39.1502 128.465 20.6 7
2010 8 29 6 7 7.44186 39.1105 128.453 5.5 5
2010 8 29 6 7 28.3272 38.6128 128.417 15.3 5
2010 8 29 6 7 39.3017 38.4694 128.567 16.1 5
2010 8 29 6 7 49.2629 38.4267 128.56 13.3 5
2010 8 29 6 7 49.3966 38.3564 128.564 13.2 6
2010 8 29 6 8 28.9253 38.8896 128.622 16.9 7
2010 8 29 6 8 29.1954 38.5958 128.607 29.7 7
2010 8 29 6 8 29.7508 38.5777 128.45 14.1 6
2010 8 29 6 8 35.0062 39.2155 128.411 3.1 5
2010 8 29 6 9 43.7992 38.3759 128.556 3.5 5
2010 8 29 6 11 1.97609 38.5221 128.586 8.8 6
2010 8 29 6 11 1.97615 38.5835 128.711 12.9 6
2010 8 29 6 11 13.4805 39.1102 128.554 25.4 6
2010 8 29 6 11 13.6556 38.6853 128.618 5 5
2010 8 29 6 11 13.9063 39.0578 128.537 3.7 5
2010 8 29 6 11 34.0873 39.1026 128.537 22.2 10
2010 8 29 6 12 4.35898 38.4928 128.612 8.8 5
2010 8 29 6 12 4.59966 38.5813 128.553 19.1 5
2010 8 29 6 12 4.99957 38.5389 128.552 14.4 8
2010 8 29 6 12 35.1584 39.0938 128.639 20.3 5
2010 8 29 6 12 47.1607 38.4033 128.555 17.3 6
2010 8 29 6 12 47.2164 38.3859 128.526 3 5
2010 8 29 6 12 47.2442 38.3543 128.601 8.7 5
2010 8 29 6 12 47.3983 38.4484 128.579 26.4 8
2010 8 29 6 13 10.5557 38.5485 128.523 5.3 6
2010 8 29 6 13 31.3533 38.8324 128.62 2.4 5
2010 8 29 6 13 33.324 38.4398 128.545 1 5
2010 8 29 6 13 33.4582 38.4889 128.532 10.7 7
2010 8 29 6 13 49.6591 38.5971 128.763 29.5 10
2010 8 29 6 14 17.4526 38.4119 128.547 2.6 5
2010 8 29 6 14 43.1034 38.459 128.598 17.4 6
2010 8 29 6 17 56.4216 38.536 128.845 6.8 6
2010 8 29 6 20 47.4718 38.3396 128.629 4.7 5
2010 8 29 6 20 48.216 38.3725 128.622 14.3 8
2010 8 29 6 22 33.156 38.9245 128.685 28.4 13
2010 8 29 6 23 1.26541 38.95 128.784 18.7 7
2010 8 29 6 23 1.26542 38.932 128.709 6.5 5
2010 8 29 6 23 23.5722 39.7679 128.972 17.4 8
2010 8 29 6 23 53.8334 38.279 128.626 11.7 6
2010 8 29 6 26 0.313416 39.1437 128.658 23 6
2010 8 29 6 26 0.906135 38.5637 128.556 28.6 12
2010 8 29 6 26 1.08649 38.5899 128.567 20.9 6
2010 8 29 6 26 1.21031 38.5461 128.591 2.5 5
2010 8 29 6 26 47.1592 38.3439 128.588 20.6 6
2010 8 29 6 29 42.2811 38.7317 128.496 15.4 7
2010 8 29 6 30 14.3 38.6388 128.769 19.8 5
2010 8 29 6 30 53.7834 38.4083 128.678 18.7 5
2010 8 29 6 30 54.6392 38.382 128.894 25.7 5
2010 8 29 6 31 4.39143 38.6347 128.733 5.9 5
2010 8 29 6 31 41.8986 39.1542 128.707 20.3 8
2010 8 29 6 32 16.3219 38.7103 128.75 7.3 5
2010 8 29 6 34 43.5431 38.6698 128.773 25.3 7
2010 8 29 6 34 43.608 38.6743 128.774 13.6 6
2010 8 29 6 34 43.6456 38.6253 128.827 4.5 5
2010 8 29 6 34 43.7307 38.6187 128.794 24.2 7
2010 8 29 6 38 52.6214 38.7887 128.762 21.2 6
2010 8 29 6 40 0.128393 38.738 128.833 21.1 5
2010 8 29 6 42 22.2129 38.8871 128.872 14.9 5
2010 8 29 6 42 22.378 38.8965 128.658 2.3 5
2010 8 29 6 47 12.9455 38.8035 128.651 5.1 5
2010 8 29 6 47 12.9455 38.8179 128.637 22.1 8
2010 8 29 6 47 13.0006 38.8266 128.434 23.5 5
2010 8 29 6 49 39.1322 39.2076 129.013 7 6
2010 8 29 6 49 39.5598 38.9093 128.968 25.4 7
2010 8 29 6 51 23.8894 38.6565 128.758 6 5
2010 8 29 6 52 34.3315 39.2484 129.166 9.9 5
2010 8 29 6 52 46.6433 39.3563 128.869 20.4 5
2010 8 29 6 55 10.4921 38.8456 128.906 15.2 6
2010 8 29 6 58 30.3419 38.8951 128.929 24 5
2010 8 29 7 1 23.9786 39.0534 128.911 24.6 6
2010 8 29 7 1 23.9786 38.9904 128.994 11.6 5
2010 8 29 7 2 11.1243 37.7314 129.186 29.8 7
2010 8 29 7 2 28.7593 38.8415 129.113 22.3 6
2010 8 29 7 2 46.2823 39.0535 129.008 11.4 6
2010 8 29 7 3 58.1194 37.6824 129.026 17.4 9
2010 8 29 7 4 21.5486 37.2825 129.711 25.6 5
2010 8 29 7 4 55.0033 37.7491 128.995 26 14
2010 8 29 7 5 41.0143 37.6849 129.047 19.8 6
2010 8 29 7 5 41.038 37.7067 129.041 23 5
2010 8 29 7 6 19.6163 39.4416 129.105 15.3 5
2010 8 29 7 6 25.8023 39.0418 128.797 3.1 5
2010 8 29 7 6 37.8848 37.7142 129.004 6.5 5
2010 8 29 7 7 36.5878 37.6836 129.075 18.5 6
2010 8 29 7 7 36.6523 37.7291 129.036 16.2 6
2010 8 29 7 9 13.2957 37.6476 129.108 6.5 5
2010 8 29 7 9 34.9548 39.4706 129.069 21.7 6
2010 8 29 7 10 28.6993 39.1082 129.123 23.8 6
2010 8 29 7 10 45.9686 37.7879 129.043 18.9 6
2010 8 29 7 10 46.2876 37.6634 129.102 4.7 5
2010 8 29 7 11 33.0372 39.2053 129.086 19 5
2010 8 29 7 11 33.1201 39.1341 129.105 20.2 6
2010 8 29 7 12 10.3461 39.0532 129.152 5.9 5
2010 8 29 7 12 10.4442 37.7291 129.037 7.9 5
2010 8 29 7 12 28.2357 39.1403 129.079 3.6 5
2010 8 29 7 12 40.1719 39.1342 129.068 3.8 5
2010 8 29 7 12 40.2341 39.14 129.064 9.7 5
2010 8 29 7 12 40.3264 39.1132 129.131 4.7 5
2010 8 29 7 12 40.3998 39.1333 129.104 10 6
2010 8 29 7 13 56.5128 39.1485 129.088 1 5
2010 8 29 7 14 16.3169 39.158 129.11 18.3 9
2010 8 29 7 17 25.0442 39.2153 129.102 20.9 5
2010 8 29 7 18 0.849312 39.1862 129.221 18.9 10
2010 8 29 7 18 0.912792 39.2282 129.241 11.6 5
2010 8 29 7 18 53.5229 37.7594 129.12 28.7 8
2010 8 29 7 18 53.5792 37.7451 129.148 6 5
2010 8 29 7 18 53.656 37.81 129.079 13.8 9
2010 8 29 7 18 56.7745 39.0744 129.22 21.1 9
2010 8 29 7 19 28.2742 37.7791 129.121 18.8 7
2010 8 29 7 19 28.3916 37.7748 129.115 12.9 5
2010 8 29 7 20 14.4098 39.1252 129.206 2.2 5
2010 8 29 7 20 37.6219 37.8022 129.097 1.8 5
2010 8 29 7 21 24.5794 39.2146 129.172 13.8 6
2010 8 29 7 21 45.6163 38.0091 129.142 17.3 6
2010 8 29 7 24 7.99779 39.1755 129.173 22 10
2010 8 29 7 24 8.3846 39.228 129.187 17.6 5
2010 8 29 7 24 48.8433 37.9364 129.064 4.1 6
2010 8 29 7 25 5.39041 39.2016 129.232 7 5
2010 8 29 7 25 11.4438 39.1578 129.288 13.7 6
2010 8 29 7 25 27.9578 39.2046 129.15 3.4 5
2010 8 29 7 25 40.9533 37.7242 129.216 26.9 13
2010 8 29 7 26 35.6476 39.1748 129.369 8.9 5
2010 8 29 7 26 50.6543 39.2286 129.2 13.8 10
2010 8 29 7 28 13.5727 39.0121 129.307 20.6 13
2010 8 29 7 28 41.6475 39.2182 129.278 12.4 5
2010 8 29 7 29 15.2744 37.9221 129.149 14.7 7
2010 8 29 7 29 15.3676 37.7962 129.234 2.3 5
2010 8 29 7 29 49.4336 39.213 129.206 4 5
2010 8 29 7 29 49.7131 39.2264 129.269 14.5 6
2010 8 29 7 31 16.5069 39.1668 129.475 6.9 5
2010 8 29 7 31 18.2117 39.7345 129.48 10.1 6
2010 8 29 7 31 41.7143 39.2672 129.262 20.9 7
2010 8 29 7 31 41.7668 39.4791 128.871 16.6 5
2010 8 29 7 31 41.7896 39.2634 129.28 5.1 5
2010 8 29 7 31 42.2384 39.2425 129.332 5.3 5
2010 8 29 7 31 50.7842 39.0505 129.374 4.3 5
2010 8 29 7 32 46.5698 39.3197 128.938 9.1 6
2010 8 29 7 33 3.91761 39.2422 129.25 19.4 8
2010 8 29 7 33 17.3403 39.2599 129.316 14.1 6
2010 8 29 7 33 35.4175 39.282 129.318 13.9 9
2010 8 29 7 33 37.9123 39.2421 129.355 16.6 6
2010 8 29 7 35 6.845 39.2639 129.389 15.7 5
2010 8 29 7 35 7.03133 39.2568 129.361 16.7 11
2010 8 29 7 35 13.5261 39.3423 129.113 5.1 5
2010 8 29 7 35 13.9898 39.2648 129.371 9.2 5
2010 8 29 7 35 34.8018 38.0142 129.301 17.3 6
2010 8 29 7 35 49.6952 39.2479 129.149 9.4 7
2010 8 29 7 37 20.7107 39.2735 129.36 13.5 6
2010 8 29 7 37 30.0085 39.2909 129.439 8.4 5
2010 8 29 7 37 40.1307 39.308 129.429 7.2 5
2010 8 29 7 38 17.7747 39.2844 129.447 29.2 13
2010 8 29 7 39 30.3282 39.333 129.518 14.2 5
2010 8 29 7 41 51.7472 39.3195 129.444 18.9 6
2010 8 29 7 42 26.4542 39.2901 129.439 11.9 9
2010 8 29 7 42 26.8565 39.3042 129.441 12 9
2010 8 29 7 42 28.2063 39.7966 129.438 17.8 5
2010 8 29 7 42 28.6204 39.5386 128.914 16.9 5
2010 8 29 7 42 35.3253 39.3286 129.403 15.4 9
2010 8 29 7 43 10.8132 39.294 129.513 3.3 5
2010 8 29 7 43 17.8877 39.3495 129.451 18.7 7
2010 8 29 7 45 1.0232 39.2827 129.629 4.3 5
2010 8 29 7 45 39.2887 39.3689 129.419 15.1 5
2010 8 29 7 46 32.5688 39.3168 129.465 7.8 5
2010 8 29 7 46 32.6601 39.3898 129.518 13.1 5
2010 8 29 7 47 12.6351 39.3131 129.53 18.4 7
2010 8 29 7 47 26.2697 39.3926 129.515 14.7 7
2010 8 29 7 48 32.1397 39.3666 129.448 20.9 8
2010 8 29 7 48 32.2751 39.357 129.487 1.6 5
2010 8 29 7 49 53.6289 39.3737 129.499 18.5 5
2010 8 29 7 50 54.113 39.3583 129.452 5.9 5
2010 8 29 7 50 54.2572 39.3879 129.499 24.1 6
2010 8 29 7 50 54.3598 39.3181 129.738 27.7 8
2010 8 29 7 51 33.4348 39.3919 129.497 19.4 8
2010 8 29 7 51 40.1347 39.3731 129.534 14.2 6
2010 8 29 7 53 21.5228 39.4041 129.58 22.3 7
2010 8 29 7 53 48.6914 39.4164 129.593 20.9 7
2010 8 29 7 53 48.7806 39.4113 129.6 16.6 7
2010 8 29 7 53 53.2852 39.8327 128.785 24.1 8
2010 8 29 7 53 53.3971 40.1893 128.919 25.4 6
2010 8 29 7 53 53.3971 40.249 128.915 22.7 6
2010 8 29 7 54 1.39282 39.4267 129.457 19.7 9
2010 8 29 7 57 22.0276 39.8038 129.547 22 8
2010 8 29 7 57 22.029 39.8299 129.557 11.8 5
2010 8 29 7 57 27.5617 39.4124 129.57 17.1 7
2010 8 29 7 57 27.6216 39.4653 129.54 21.9 9
2010 8 29 7 58 49.8368 39.4753 129.512 16.1 7
2010 8 29 7 59 22.2309 39.8766 129.177 23.2 7
2010 8 29 7 59 24.7357 39.46 129.508 21 8
2010 8 29 7 59 24.7683 39.4481 129.563 16.9 5
2010 8 29 8 1 37.0105 39.5131 129.53 15.6 7
2010 8 29 8 3 3.3078 39.5591 129.161 4 6
2010 8 29 8 6 22.4597 39.8358 129.114 10.1 6
2010 8 29 8 6 33.8155 39.5088 129.545 21 6
2010 8 29 8 7 3.3487 35.5011 132.396 29.5 6
2010 8 29 8 17 11.8927 39.5793 129.675 19.2 7
2010 8 29 8 27 29.7135 39.7402 129.619 22.1 6
2010 8 29 8 28 58.536 39.752 129.758 21.3 7
2010 8 29 8 32 5.70921 39.7315 129.725 29.8 9
2010 8 29 8 34 2.10275 39.7504 129.807 17.2 8
2010 8 29 9 58 37.0562 35.765 132.382 18.2 5
2010 8 29 10 18 12.259 35.6771 131.983 14.6 5
2010 8 29 10 39 47.8053 35.7828 132.007 19.2 5
2010 8 29 11 8 25.9858 35.1217 131.18 28.1 5
2010 8 29 11 16 24.2612 35.0044 130.37 10 6
2010 8 29 11 19 14.791 35.3803 131.191 13 7
2010 8 29 11 22 29.377 35.0141 130.423 25.2 7
2010 8 29 11 22 29.4718 35.063 130.548 10.8 5
2010 8 29 11 24 23.5821 35.0562 130.767 16.9 5
2010 8 29 11 26 38.9751 35.0466 130.646 28.8 7
2010 8 29 11 28 46.0931 35.0246 130.572 19.8 9
2010 8 29 11 29 38.5544 35.0155 130.569 19.4 5
2010 8 29 11 30 27.2431 35.0821 130.723 19.2 6
2010 8 29 11 31 46.0721 35.0458 130.491 27.3 6
2010 8 29 11 31 46.2422 35.0691 130.609 2.7 5
2010 8 29 11 31 46.4669 35.039 130.448 16.1 5
2010 8 29 11 32 22.654 35.0358 130.492 17.5 9
2010 8 29 11 32 30.6802 35.0234 130.663 20.8 6
2010 8 29 11 32 38.0542 35.0455 130.496 15.7 6
2010 8 29 11 33 1.41746 35.2732 130.724 19.8 5
2010 8 29 11 33 40.1879 35.0688 130.492 29.6 9
2010 8 29 11 34 7.1718 35.0396 130.499 25.4 9
2010 8 29 11 34 30.7354 35.0621 130.43 11.9 8
2010 8 29 11 34 50.5849 35.0001 130.488 19.6 7
2010 8 29 11 35 4.99257 35.0181 130.551 17.9 7
2010 8 29 11 35 58.5069 35.0317 130.453 27.1 5
2010 8 29 11 36 20.417 35.0347 130.314 26.3 8
2010 8 29 11 36 20.4813 35.0147 130.449 21.2 6
2010 8 29 11 36 20.6026 35.0282 130.488 29.6 6
2010 8 29 11 36 56.5325 35.0745 130.462 29.8 6
2010 8 29 11 37 16.1722 35.0623 130.472 21.3 10
2010 8 29 11 37 25.7902 35.0014 130.446 11.5 6
2010 8 29 11 37 37.1995 35.0898 130.603 12.8 5
2010 8 29 11 37 54.3651 35.0797 130.703 26.1 6
2010 8 29 11 37 54.8053 35.0646 130.608 25 6
2010 8 29 11 38 4.46272 35.0626 130.514 23.3 8
2010 8 29 11 38 13.7026 35.1342 130.572 22.3 6
2010 8 29 11 38 17.0911 35.0554 130.5 18.6 5
2010 8 29 11 38 17.1745 35.0795 130.59 18.9 5
2010 8 29 11 38 22.8439 35.138 130.754 14.6 5
2010 8 29 11 38 31.9061 35.3113 130.646 26.5 9
2010 8 29 11 38 33.5784 35.0697 130.879 27.8 6
2010 8 29 11 38 36.6783 35.0295 130.479 5.3 5
2010 8 29 11 39 1.4002 35.1162 130.914 19.9 5
2010 8 29 11 39 1.44276 35.0766 130.431 11.4 5
2010 8 29 11 39 1.49823 35.0661 130.476 5 5
2010 8 29 11 39 1.57548 35.0686 130.512 29.6 6
2010 8 29 11 39 53.338 35.0511 130.446 19.6 7
2010 8 29 11 40 14.2619 35.0915 130.478 25.1 9
2010 8 29 11 40 29.0348 35.1514 130.482 16.7 7
2010 8 29 11 40 54.2352 35.0225 130.513 27.8 9
2010 8 29 11 41 14.5555 35.1628 130.593 13.1 5
2010 8 29 11 41 39.7176 35.2345 130.53 13 7
2010 8 29 11 42 17.3193 35.187 130.541 19.8 5
2010 8 29 11 42 34.2167 35.1075 130.693 25.9 6
2010 8 29 11 42 46.2841 35.1991 130.535 21.4 6
2010 8 29 11 42 59.3994 35.064 130.47 12.5 6
2010 8 29 11 42 59.4612 35.0372 130.518 27.6 7
2010 8 29 11 43 14.4712 35.2362 130.263 13.4 5
2010 8 29 11 43 26.5765 35.063 130.408 21.5 5
2010 8 29 11 44 1.18036 35.1276 130.567 10.8 5
2010 8 29 11 44 8.63793 35.1164 130.662 25.6 5
2010 8 29 11 44 8.73077 35.0833 130.532 24.5 7
2010 8 29 11 44 30.4936 35.0687 130.408 25.5 5
2010 8 29 11 44 30.4937 35.0841 130.617 29.8 6
2010 8 29 11 44 30.654 35.0618 130.451 28.4 11
2010 8 29 11 44 30.654 35.0187 130.974 20.1 5
2010 8 29 11 44 54.3714 35.1082 130.545 20.5 5
2010 8 29 11 45 5.29265 35.0629 130.451 12.1 5
2010 8 29 11 45 6.01154 35.0658 130.646 24.9 7
2010 8 29 11 45 18.4039 35.1577 130.86 11.8 5
2010 8 29 11 45 44.6347 35.1206 130.165 15.1 7
2010 8 29 11 45 44.7486 35.111 130.347 7.2 5
2010 8 29 11 45 45.1297 35.0705 130.429 26.3 7
2010 8 29 11 46 5.66541 35.0776 130.499 16.4 6
2010 8 29 11 46 15.6277 35.0463 130.547 13.3 6
2010 8 29 11 46 17.8867 35.0422 130.435 7.5 5
2010 8 29 11 46 36.4863 35.2113 130.576 27.7 8
2010 8 29 11 47 5.17117 35.1583 130.477 4.7 5
2010 8 29 11 47 9.96443 35.0419 130.501 18.3 6
2010 8 29 11 48 18.1948 35.0606 130.677 21.1 6
2010 8 29 11 48 33.5941 35.1379 130.534 19.5 6
2010 8 29 11 48 50.7678 35.0923 130.445 9.3 5
2010 8 29 11 49 6.80744 35.1176 130.453 13.1 5
2010 8 29 11 49 8.60027 35.2114 130.596 28.8 5
2010 8 29 11 49 11.8179 35.2145 130.738 24.7 7
2010 8 29 11 50 7.1498 35.1762 130.615 11.1 5
2010 8 29 11 50 22.6195 35.1655 130.472 7.5 5
2010 8 29 11 50 26.7847 35.1279 130.583 24.8 6
2010 8 29 11 50 32.0479 35.2359 130.554 20.9 7
2010 8 29 11 50 49.2268 35.1082 130.563 10.8 5
2010 8 29 11 50 56.5228 35.0536 130.597 19.5 5
2010 8 29 11 51 9.75959 35.2174 130.519 14 5
2010 8 29 11 51 11.6542 35.1773 130.558 16.7 9
2010 8 29 11 51 13.3984 35.1149 130.417 26.8 8
2010 8 29 11 51 13.5197 35.1486 130.535 12.6 7
2010 8 29 11 51 13.7161 35.1071 130.489 20.9 6
2010 8 29 11 51 25.6326 35.1109 130.714 24.6 8
2010 8 29 11 51 30.9876 35.0157 130.616 13.1 5
2010 8 29 11 51 37.7629 35.299 130.664 26.7 5
2010 8 29 11 51 38.1911 35.1053 130.444 15.3 6
2010 8 29 11 51 46.0374 35.264 130.691 11.9 5
2010 8 29 11 52 0.336415 35.1039 130.592 7.1 6
2010 8 29 11 52 0.462881 35.2193 130.543 20.5 8
2010 8 29 11 52 0.603237 35.2544 130.351 11.1 6
2010 8 29 11 52 0.603255 35.1034 130.564 6.8 5
2010 8 29 11 52 5.89069 35.2164 130.675 21.3 6
2010 8 29 11 52 10.2262 35.1163 130.591 23.8 6
2010 8 29 11 52 23.0663 35.2012 130.715 18.1 6
2010 8 29 11 52 23.1619 35.2504 130.236 11.7 5
2010 8 29 11 52 23.2119 35.2326 130.571 19 5
2010 8 29 11 52 23.3256 35.273 130.688 25.9 5
2010 8 29 11 52 28.1696 35.0805 130.586 20.1 6
2010 8 29 11 52 35.685 35.0362 130.521 14.6 7
2010 8 29 11 52 35.7577 35.0538 130.609 10.7 6
2010 8 29 11 52 35.7577 35.1187 130.661 25 5
2010 8 29 11 52 35.8432 35.1416 130.469 18.9 9
2010 8 29 11 52 39.807 35.1541 130.548 21.4 5
2010 8 29 11 53 2.45261 35.1689 130.626 18.8 8
2010 8 29 11 53 2.49909 35.1306 130.556 20.7 7
2010 8 29 11 53 3.15753 35.1382 130.544 6 6
2010 8 29 11 53 17.0115 35.1692 130.56 18.1 5
2010 8 29 11 53 17.206 35.1836 130.766 21.9 6
2010 8 29 11 53 25.8388 35.1541 130.534 5.2 5
2010 8 29 11 53 28.2912 35.2478 130.481 14.6 7
2010 8 29 11 53 31.0953 35.1527 130.456 22.7 7
2010 8 29 11 53 31.2263 35.15 130.45 25.7 5
2010 8 29 11 53 35.3942 35.2038 130.34 15.8 5
2010 8 29 11 53 51.8842 35.1049 130.593 14.8 6
2010 8 29 11 53 51.8842 35.1976 130.649 19.1 6
2010 8 29 11 53 52.3316 35.0309 130.606 12.2 5
2010 8 29 11 54 6.42282 35.1693 130.274 15.3 6
2010 8 29 11 54 18.5365 35.2916 130.639 11.7 5
2010 8 29 11 54 21.1126 35.0624 130.572 5.8 5
2010 8 29 11 54 35.8425 35.1505 130.533 13.2 7
2010 8 29 11 54 36.8591 35.241 130.489 18.3 6
2010 8 29 11 54 41.7703 35.2375 130.58 17 6
2010 8 29 11 54 49.1251 35.0495 130.426 6.9 5
2010 8 29 11 54 52.2925 35.2032 130.563 14 6
2010 8 29 11 54 52.965 35.1031 130.714 28.3 8
2010 8 29 11 54 56.4954 35.085 130.522 20.8 5
2010 8 29 11 55 27.9424 35.0082 130.465 12.6 6
2010 8 29 11 55 44.3683 35.1627 130.716 26.9 8
2010 8 29 11 55 44.5051 35.2149 130.577 26.4 8
2010 8 29 11 55 44.6463 35.1005 130.584 14.3 5
2010 8 29 11 55 49.0809 35.2127 130.671 11.6 5
2010 8 29 11 55 51.5139 35.3084 130.567 18.8 6
2010 8 29 11 56 0.910762 35.044 130.518 12.9 6
2010 8 29 11 56 0.910779 35.1276 130.425 11.8 5
2010 8 29 11 56 1.67939 35.164 130.877 16.8 5
2010 8 29 11 56 4.30807 35.0061 130.165 26 10
2010 8 29 11 56 19.769 35.242 130.788 27.5 6
2010 8 29 11 56 40.5664 35.2079 130.542 12.9 5
2010 8 29 11 57 50.6311 35.31 130.432 2.1 5
2010 8 29 11 58 22.6577 35.1815 130.607 23.8 7
2010 8 29 11 58 41.7293 35.2021 130.642 11.8 5
2010 8 29 11 58 41.7758 35.2468 130.713 12.7 5
2010 8 29 11 58 51.4984 35.2948 130.47 23.8 9
2010 8 29 11 58 51.6954 35.2131 130.822 28 6
2010 8 29 11 59 11.926 35.1022 130.526 9.7 5
2010 8 29 11 59 14.7069 35.3259 130.706 27.6 5
2010 8 29 11 59 16.7664 35.2151 130.522 12.4 8
2010 8 29 11 59 36.79 35.2486 130.668 15.1 5
2010 8 29 11 59 51.0889 35.2711 130.55 16.7 7
2010 8 29 11 59 52.0112 35.2228 130.136 18.6 7
2010 8 29 12 0 1.82262 35.1757 130.575 12.9 5
2010 8 29 12 0 2.56095 35.1474 130.591 11.8 5
2010 8 29 12 0 2.56095 35.1995 130.484 9.8 5
2010 8 29 12 0 8.18297 35.2947 130.592 13.5 7
2010 8 29 12 0 11.0766 35.1183 130.589 10.6 5
2010 8 29 12 0 16.2633 35.1343 130.626 20 5
2010 8 29 12 1 9.18519 35.1504 130.544 20.4 5
2010 8 29 12 1 9.18525 35.2312 130.739 3.4 5
2010 8 29 12 1 9.32597 35.2263 130.542 23.6 9
2010 8 29 12 1 9.50149 35.0688 130.597 20.2 6
2010 8 29 12 1 9.67693 35.1067 130.597 22 6
2010 8 29 12 1 10.7174 35.3211 130.484 15.9 5
2010 8 29 12 1 23.8683 35.2026 130.526 14.8 5
2010 8 29 12 1 23.9053 35.3036 130.505 22.2 8
2010 8 29 12 1 23.9167 35.2681 130.494 21.7 6
2010 8 29 12 1 25.8224 35.15 130.568 5.1 5
2010 8 29 12 1 30.427 35.2556 130.704 20.7 7
2010 8 29 12 1 46.4486 35.1701 130.588 13 7
2010 8 29 12 2 0.089626 35.3236 130.517 25.7 7
2010 8 29 12 2 0.435107 35.1838 130.513 16.2 9
2010 8 29 12 2 15.8793 35.1961 130.647 12.1 5
2010 8 29 12 2 21.6172 35.2748 130.631 14 6
2010 8 29 12 2 21.7189 35.196 130.543 20.9 7
2010 8 29 12 2 37.0013 35.2306 130.591 20.3 7
2010 8 29 12 2 37.1404 35.286 130.652 21.5 6
2010 8 29 12 2 37.2965 35.1488 130.56 17.7 9
2010 8 29 12 2 37.4064 35.2925 130.656 24.2 5
2010 8 29 12 2 45.7546 35.1322 130.573 26.3 5
2010 8 29 12 2 48.3205 35.1081 130.542 10.2 5
2010 8 29 12 3 5.89461 35.4008 129.908 11.9 6
2010 8 29 12 3 5.89472 35.2567 130.813 29.2 6
2010 8 29 12 3 22.1624 35.0938 130.556 17.1 6
2010 8 29 12 3 33.6657 35.1332 130.563 13.9 5
2010 8 29 12 3 37.8332 35.2371 130.321 1.6 6
2010 8 29 12 3 41.6731 35.3172 130.525 15.4 7
2010 8 29 12 3 41.731 35.2136 130.491 26.5 5
2010 8 29 12 3 41.9144 35.1055 130.487 7 5
2010 8 29 12 3 42.1343 35.0825 130.519 9.8 5
2010 8 29 12 4 5.83393 35.2617 130.516 20.9 8
2010 8 29 12 4 6.74209 35.0372 130.536 24.5 6
2010 8 29 12 4 30.2894 35.371 130.533 15.2 7
2010 8 29 12 4 48.6702 35.1476 130.6 9.7 6
2010 8 29 12 4 48.8495 35.1739 130.372 9.1 5
2010 8 29 12 5 10.506 35.225 130.723 5.6 5
2010 8 29 12 5 18.5152 35.2264 130.514 9.4 6
2010 8 29 12 5 38.8037 35.2774 130.678 19.6 5
2010 8 29 12 5 54.1375 35.3007 130.146 19.3 7
2010 8 29 12 5 54.1375 35.0994 130.55 4.4 5
2010 8 29 12 6 26.6715 35.19 130.479 21.5 6
2010 8 29 12 6 26.805 35.1621 130.538 28 9
2010 8 29 12 6 26.9571 35.1944 130.486 22.7 6
2010 8 29 12 6 38.5036 35.2217 130.519 25.5 6
2010 8 29 12 7 21.7472 35.3225 130.69 22.3 6
2010 8 29 12 7 36.4441 35.3884 130.616 21.7 8
2010 8 29 12 7 55.4418 35.2847 130.748 26.8 5
2010 8 29 12 7 55.5092 35.232 130.495 22.4 7
2010 8 29 12 7 55.5945 35.245 130.49 14.5 6
2010 8 29 12 7 55.8392 35.212 130.621 17 5
2010 8 29 12 8 11.8553 35.2258 130.535 11 6
2010 8 29 12 8 11.9356 35.1849 130.549 5.8 6
2010 8 29 12 8 11.9574 35.2358 130.577 10.6 5
2010 8 29 12 8 12.3489 35.1684 130.585 11.3 6
2010 8 29 12 8 42.1288 35.2084 130.527 22 6
2010 8 29 12 8 42.2258 35.1512 130.548 16.3 6
2010 8 29 12 9 6.07446 35.2926 130.564 28.8 8
2010 8 29 12 9 33.6156 35.2378 130.501 13 5
2010 8 29 12 9 33.907 35.2946 130.646 15.1 5
2010 8 29 12 10 2.4676 35.3076 129.957 13.1 5
2010 8 29 12 10 2.70637 35.0639 130.465 20 7
2010 8 29 12 10 2.80919 35.1986 130.476 24.5 10
2010 8 29 12 10 29.2361 35.2492 130.512 15 5
2010 8 29 12 10 43.4506 35.2623 130.509 26.9 6
2010 8 29 12 11 21.5539 35.3349 130.703 26.7 7
2010 8 29 12 11 21.831 35.3019 130.527 19.9 7
2010 8 29 12 11 57.6056 35.2364 130.576 18.8 6
2010 8 29 12 11 57.7568 35.2109 130.48 20.8 6
2010 8 29 12 12 29.6078 35.3279 130.725 22.1 9
2010 8 29 12 13 42.5932 35.285 130.645 12.4 6
2010 8 29 12 13 42.6502 35.4307 130.632 18 7
2010 8 29 12 13 49.4886 35.0667 130.107 16.7 5
2010 8 29 12 14 2.68358 35.3378 130.439 9.2 5
2010 8 29 12 14 32.5691 35.0181 131.048 25.7 10
2010 8 29 12 16 2.22099 35.2846 130.509 22.7 6
2010 8 29 12 16 6.31666 35.4269 130.863 18.7 6
2010 8 29 12 16 49.2435 35.0087 131.074 24.5 8
2010 8 29 12 17 13.0828 35.4594 130.673 22 5
2010 8 29 12 17 13.0829 35.3372 131.13 19.5 5
2010 8 29 12 18 44.6114 35.4031 131.027 29.6 5
2010 8 29 12 18 44.6808 35.4106 130.782 29.3 9
2010 8 29 12 18 44.9068 35.435 130.633 20.8 6
2010 8 29 12 18 44.9906 35.4547 130.666 27.8 7
2010 8 29 12 20 52.4627 35.2377 131.018 21.7 5
2010 8 29 12 22 50.0558 35.3212 130.891 22.7 5
2010 8 29 12 26 16.764 35.0943 130.671 27.4 8
2010 8 29 12 26 17.1171 35.1737 130.522 22.8 8
2010 8 29 12 26 17.4725 35.3104 130.542 18.2 6
2010 8 29 12 27 46.2358 35.2936 130.724 10.1 5
2010 8 29 12 27 58.3027 35.3026 130.587 15.7 5
2010 8 29 12 27 58.3569 35.314 130.459 12.8 6
2010 8 29 12 29 10.4524 35.4634 130.698 28.5 5
2010 8 29 12 31 55.6837 35.3718 130.721 16.6 8
2010 8 29 12 32 10.9451 35.4367 130.916 10.1 5
2010 8 29 12 33 13.4365 35.2735 130.702 8.9 5
2010 8 29 12 33 13.5596 35.3732 130.735 25.8 6
2010 8 29 12 34 8.23007 35.4057 130.85 29.1 6
2010 8 29 12 34 8.28827 35.4334 130.903 27.5 8
2010 8 29 12 35 19.3573 35.4589 130.475 18.9 5
2010 8 29 12 36 42.1207 35.4449 130.646 23.1 10
2010 8 29 12 40 1.19956 35.3548 131.127 28.7 6
2010 8 29 12 40 1.19958 35.3642 131.11 20.3 5
2010 8 29 12 42 3.17877 35.415 130.629 20.6 5
2010 8 29 12 42 23.1211 35.3919 130.917 2.1 5
2010 8 29 12 43 59.6496 35.4524 130.462 12.7 6
2010 8 29 12 49 23.8672 35.4524 130.82 19.7 7
2010 8 29 12 51 20.8165 35.5792 130.742 21.6 6
2010 8 29 12 52 57.7758 35.6191 130.829 19.4 5
2010 8 29 12 57 58.1934 35.4681 130.716 28.1 6
2010 8 29 12 59 13.5983 35.4188 130.707 9.9 5
2010 8 29 13 4 40.6245 35.5849 130.78 23.8 6
2010 8 29 13 6 10.5459 35.7463 130.971 9.9 5
2010 8 29 13 9 28.5128 35.7299 130.962 15.2 5
2010 8 29 13 9 43.6483 35.5972 131.571 10.9 5
2010 8 29 13 16 26.0646 35.5915 131.526 6.7 5
2010 8 29 13 19 33.7617 35.6401 130.687 4.2 6
2010 8 29 13 22 18.0373 35.6416 131.383 18.3 5
2010 8 29 13 25 58.1118 35.7107 131.437 9.3 5
2010 8 29 16 6 45.8235 36.8291 131.171 20.9 6
2010 8 29 17 29 17.4574 41.4414 132.499 2.9 5
2010 8 29 17 29 17.8467 41.4799 132.351 27.4 10
2010 8 29 17 44 57.886 41.5609 132.415 13.7 5
2010 8 29 18 22 55.6295 37.2598 132.696 8.8 7
2010 8 29 18 26 31.4502 37.2704 132.687 10.6 5
2010 8 29 18 27 24.6296 37.2726 132.737 20.3 10
2010 8 29 18 42 32.7406 41.8102 132.939 18.4 5
2010 8 29 18 43 51.6896 41.7964 133.08 16.2 8
2010 8 29 18 45 47.1606 41.7801 133.078 10.9 5
2010 8 29 18 56 3.13973 37.4425 132.948 10.4 6
2010 8 29 18 56 3.3645 37.5058 132.926 15.6 5
2010 8 29 18 58 9.6243 37.5161 132.915 15.2 7
2010 8 29 19 30 0.524066 47.7525 141.605 19.4 6
2010 8 29 19 32 27.3391 42.4696 133.737 22.4 11
2010 8 29 19 33 18.8508 42.5129 133.843 23.7 6
2010 8 29 19 33 28.817 47.7275 141.66 18.2 6
2010 8 29 19 36 28.037 42.5283 133.861 24.4 5
2010 8 29 19 40 27.4069 42.5458 133.863 23.5 8
2010 8 29 19 41 26.0026 42.6838 133.369 29.7 6
2010 8 29 19 42 7.45297 42.5177 133.889 8.8 5
2010 8 29 19 44 50.2469 42.7266 133.422 28 5
2010 8 29 19 46 56.3253 35.968 130.322 15.2 6
2010 8 29 19 47 26.5519 35.415 130.317 28.2 12
2010 8 29 19 48 20.185 35.9081 130.406 15.6 10
2010 8 29 19 48 20.7732 42.6098 133.983 18.9 10
2010 8 29 19 49 40.4493 42.6227 133.967 16.4 10
2010 8 29 19 50 34.7845 35.4196 130.304 15.8 5
2010 8 29 19 50 35.1082 35.3813 130.277 15.2 6
2010 8 29 19 51 47.352 42.6153 133.987 15.6 9
2010 8 29 19 52 18.6923 35.3909 130.297 14.3 10
2010 8 29 19 55 32.5146 35.4374 130.305 14.5 10
2010 8 29 19 57 16.6856 35.4305 130.323 26.3 14
2010 8 29 20 0 23.0212 35.3991 130.28 19.2 8
2010 8 29 20 0 23.0533 35.4379 130.359 10.3 6
2010 8 29 20 11 8.53468 35.4373 130.227 17.5 6
2010 8 29 20 11 56.0916 35.4441 130.353 19.7 6
2010 8 29 20 13 34.1863 35.4166 130.183 15.4 6
2010 8 29 20 15 30.6614 42.4725 134.226 9.7 5
2010 8 29 20 15 30.8063 42.4379 134.261 7.6 5
2010 8 29 20 23 25.573 35.4535 130.366 10.8 6
2010 8 29 20 24 12.6492 35.8809 130.43 12.5 7
2010 8 29 20 26 10.8026 35.5128 130.228 11.4 6
2010 8 29 20 26 15.1748 35.8811 130.453 16.2 8
2010 8 29 20 28 8.07134 35.9396 130.285 9.9 5
2010 8 29 20 28 8.07138 35.9019 130.494 13 5
2010 8 29 20 32 36.5757 35.2922 130.23 10.7 5
2010 8 29 20 32 36.635 35.3226 130.23 18 5
2010 8 29 20 32 36.768 35.2891 130.186 16.5 8
2010 8 29 20 33 8.03692 42.5849 134.377 13 6
2010 8 29 20 35 0.886201 43.1248 134.404 22.8 5
2010 8 29 20 38 38.034 43.1151 134.357 4.8 5
2010 8 29 20 38 38.0813 43.1199 134.374 13.6 6
2010 8 29 20 39 21.6967 42.664 134.355 9.4 6
2010 8 29 20 39 51.1 35.4087 130.27 15.3 5
2010 8 29 20 40 3.62771 43.1241 134.331 20.2 5
2010 8 29 20 41 31.8995 43.1304 134.387 5.3 6
2010 8 29 20 41 32.0798 43.1668 134.368 13.2 6
2010 8 29 20 42 13.8281 43.1526 134.468 5 5
2010 8 29 20 42 38.1053 43.1069 134.298 22.7 5
2010 8 29 20 42 38.1664 43.1277 134.322 15.3 7
2010 8 29 20 42 38.245 43.123 134.306 13.9 7
2010 8 29 20 45 23.3087 43.182 134.399 15.8 6
2010 8 29 20 45 23.4374 43.1291 134.318 6.7 5
2010 8 29 20 46 23.4908 43.1752 134.402 12.6 5
2010 8 29 20 46 23.5295 43.162 134.412 8.7 5
2010 8 29 20 46 23.602 43.1533 134.408 8.1 5
2010 8 29 20 47 18.0742 43.1519 134.428 5.5 5
2010 8 29 20 48 25.2674 43.2115 134.422 8.3 6
2010 8 29 20 48 25.333 43.1692 134.395 7.5 5
2010 8 29 20 48 40.6142 42.7072 134.371 9 5
2010 8 29 20 52 40.1173 43.2242 134.397 14.5 5
2010 8 29 20 52 40.1742 43.2113 134.427 18.7 6
2010 8 29 20 53 8.52666 35.755 130.305 16.2 8
2010 8 29 20 54 6.87897 43.0696 134.448 21.4 8
2010 8 29 20 54 7.24499 43.2437 134.527 13.7 5
2010 8 29 20 54 59.7694 35.0146 130.071 7.9 6
2010 8 29 20 55 21.6367 43.1671 134.388 18 5
2010 8 29 20 56 30.2893 43.1948 134.483 14.9 5
2010 8 29 20 57 20.6626 43.2125 134.459 16.1 5
2010 8 29 20 58 45.7123 43.1862 134.442 12.7 6
2010 8 29 20 58 45.774 43.2038 134.437 17.3 7
2010 8 29 20 59 22.6649 43.1898 134.549 17.4 5
2010 8 29 20 59 27.8573 43.2066 134.442 17.3 7
2010 8 29 20 59 27.9472 43.1635 134.403 10.9 5
2010 8 29 20 59 57.1354 43.2151 134.481 17.3 6
2010 8 29 20 59 57.225 43.187 134.485 19.9 6
2010 8 29 20 59 57.3173 43.1502 134.423 11.3 5
2010 8 29 20 59 57.3704 43.1752 134.438 11.7 5
2010 8 29 20 59 57.4185 43.2036 134.502 14.7 5
2010 8 29 21 1 28.7728 35.018 130.143 8.6 5
2010 8 29 21 1 49.4653 42.72 134.573 16.3 5
2010 8 29 21 1 49.6124 42.6907 134.503 7.6 5
2010 8 29 21 1 50.8982 43.2086 134.463 17.7 6
2010 8 29 21 1 50.9444 43.19 134.463 12.4 5
2010 8 29 21 2 49.213 35.0273 130.145 7.1 5
2010 8 29 21 3 23.4381 43.259 134.573 19.6 5
2010 8 29 21 3 40.4189 35.0252 130.103 16 8
2010 8 29 21 3 40.5061 35.0334 130.083 5.9 5
2010 8 29 21 4 29.4515 35.0587 130.134 14.1 7
2010 8 29 21 4 29.5278 35.0217 130.097 13.5 7
2010 8 29 21 5 7.18764 35.0388 130.122 16 6
2010 8 29 21 5 7.42293 35.008 130.158 7.9 5
2010 8 29 21 6 5.79443 42.8611 134.996 14.4 6
2010 8 29 21 6 6.23682 42.8567 134.992 22.4 6
2010 8 29 21 6 16.6906 43.2231 134.519 12.1 5
2010 8 29 21 8 6.33736 35.3223 130.18 26.9 6
2010 8 29 21 8 57.7605 35.0248 130.152 14.4 6
2010 8 29 21 9 39.9045 43.014 134.742 14.6 6
2010 8 29 21 10 12.048 35.0718 130.131 11.9 8
2010 8 29 21 10 12.0746 35.035 130.17 3.9 5
2010 8 29 21 10 13.0489 43.2742 134.605 15.7 5
2010 8 29 21 11 10.9655 43.2429 134.563 21.5 5
2010 8 29 21 11 22.6523 35.2311 129.806 5.6 5
2010 8 29 21 12 34.0985 42.9468 134.589 5.8 5
2010 8 29 21 13 40.331 43.2278 134.602 15 5
2010 8 29 21 14 47.1907 42.9986 134.716 28.7 6
2010 8 29 21 14 47.2714 42.9662 134.657 9.1 5
2010 8 29 21 16 39.0453 43.397 134.965 6.8 5
2010 8 29 21 17 14.1442 43.0782 134.82 11.8 5
2010 8 29 21 18 16.8885 35.008 130.176 0.8 5
2010 8 29 21 18 18.6112 42.9938 134.678 1.7 5
2010 8 29 21 20 9.06872 43.099 134.812 19.8 7
2010 8 29 21 20 9.22543 43.0832 134.794 8.1 5
2010 8 29 21 20 42.2992 43.0754 134.798 20.8 7
2010 8 29 21 20 57.3191 35.0442 130.166 2.7 5
2010 8 29 21 21 14.9371 43.1155 134.778 15.8 7
2010 8 29 21 22 50.11 43.0685 134.713 5.2 5
2010 8 29 21 22 50.1585 43.1024 134.825 12.8 6
2010 8 29 21 22 50.3297 43.1584 134.742 9.9 5
2010 8 29 21 23 13.1548 43.2844 134.732 21.9 7
2010 8 29 21 23 13.3166 43.2392 134.68 7.7 5
2010 8 29 21 23 13.4212 43.265 134.645 8.4 6
2010 8 29 21 23 28.79 35.4023 129.827 9.3 5
2010 8 29 21 24 10.3604 43.2896 134.717 14.6 7
2010 8 29 21 24 10.423 43.3089 134.739 22 6
2010 8 29 21 24 26.8888 43.0644 134.863 6.3 6
2010 8 29 21 24 26.9544 43.0814 134.792 15.5 7
2010 8 29 21 24 27.0152 43.0994 134.821 20.3 6
2010 8 29 21 24 31.2721 35.7624 130.382 3.4 5
2010 8 29 21 24 50.1948 43.0562 134.77 18.7 6
2010 8 29 21 24 50.3342 43.0436 134.806 16.9 5
2010 8 29 21 24 50.565 43.0393 134.795 14.2 6
2010 8 29 21 25 4.28687 43.0829 134.847 13.5 5
2010 8 29 21 25 4.39368 43.0339 134.75 21.9 5
2010 8 29 21 25 4.45678 43.0529 134.787 21 7
2010 8 29 21 25 4.51632 43.0799 134.803 20.1 6
2010 8 29 21 25 4.56804 43.0815 134.767 6.1 5
2010 8 29 21 25 7.57005 35.8163 130.329 13.8 8
2010 8 29 21 25 7.62645 35.8107 130.332 3.1 5
2010 8 29 21 25 43.6076 43.1492 134.817 11.3 5
2010 8 29 21 25 43.641 43.0587 134.799 15.4 5
2010 8 29 21 25 58.9988 43.1096 134.826 9 5
2010 8 29 21 26 32.06 43.068 134.868 5.3 5
2010 8 29 21 26 50.649 35.8196 130.375 13.2 5
2010 8 29 21 28 45.6485 43.0982 134.931 16.8 5
2010 8 29 21 29 51.1059 43.306 134.825 16.3 5
2010 8 29 21 30 8.26325 43.1257 134.869 5.9 5
2010 8 29 21 30 8.38502 43.1737 134.897 17.8 5
2010 8 29 21 30 8.90392 43.1428 134.912 13.4 6
2010 8 29 21 30 30.1647 43.1489 134.908 18 7
2010 8 29 21 30 43.8788 43.1755 134.923 21.7 5
2010 8 29 21 30 56.2602 35.2466 130.192 5.3 5
2010 8 29 21 30 56.6604 35.8062 130.312 2.9 7
2010 8 29 21 31 52.6303 42.9631 134.88 9 9
2010 8 29 21 31 53.5057 42.9457 134.973 22.1 6
2010 8 29 21 32 11.7171 43.3079 134.83 13.7 7
2010 8 29 21 32 18.2277 43.1 134.899 17.1 6
2010 8 29 21 32 39.4238 43.1467 134.937 15 7
2010 8 29 21 32 49.282 43.1303 134.85 15.7 5
2010 8 29 21 32 49.344 43.1063 134.848 19.9 7
2010 8 29 21 32 49.4202 43.0472 134.895 24.1 6
2010 8 29 21 33 5.12432 43.1477 134.923 22.7 6
2010 8 29 21 33 5.43169 35.762 130.282 8.5 7
2010 8 29 21 33 29.5424 35.2143 130.231 5.1 5
2010 8 29 21 33 29.9813 35.2952 130.161 13.2 8
2010 8 29 21 33 38.1646 43.3141 134.865 27.6 9
2010 8 29 21 33 38.2153 43.3345 134.8 23.9 7
2010 8 29 21 33 38.2713 43.3285 134.858 22.8 5
2010 8 29 21 34 16.7272 43.6684 135.428 14 5
2010 8 29 21 34 40.962 43.1435 134.895 9.4 6
2010 8 29 21 34 41.1244 43.1627 134.962 26.5 6
2010 8 29 21 34 41.4098 43.1618 134.94 12.7 5
2010 8 29 21 34 59.8525 43.1774 134.96 12.2 6
2010 8 29 21 35 0.021092 43.147 134.961 3.9 5
2010 8 29 21 35 8.42117 43.2297 135.061 15.7 5
2010 8 29 21 35 8.59818 43.3438 134.862 8.9 6
2010 8 29 21 35 11.7846 43.1388 134.941 21.3 6
2010 8 29 21 35 29.0836 35.2169 130.231 17.7 6
2010 8 29 21 35 45.5579 43.1687 134.994 18.9 6
2010 8 29 21 35 45.5972 43.234 135.008 14.5 6
2010 8 29 21 35 45.6373 43.1539 134.936 5.9 5
2010 8 29 21 35 46.1601 43.1329 134.994 20.8 6
2010 8 29 21 35 46.2546 43.1687 134.999 12.9 6
2010 8 29 21 35 49.441 36.0453 130.515 7.2 6
2010 8 29 21 35 56.4047 43.1041 134.972 2.2 5
2010 8 29 21 35 56.6662 43.1354 134.977 6.1 5
2010 8 29 21 36 10.6674 43.6396 135.426 19.3 5
2010 8 29 21 36 18.5723 42.9947 134.955 19.5 7
2010 8 29 21 36 18.7378 43.2062 134.642 3.9 5
2010 8 29 21 36 28.713 43.1573 134.959 15.1 6
2010 8 29 21 36 29.2438 43.1329 134.933 5.6 5
2010 8 29 21 36 36.1205 43.1601 135.01 21.3 6
2010 8 29 21 36 36.5458 43.1702 134.966 18 6
2010 8 29 21 36 50.8455 43.1653 135.017 18.3 7
2010 8 29 21 36 50.9264 43.1874 134.988 19.2 6
2010 8 29 21 37 7.45883 43.3447 134.813 4.5 5
2010 8 29 21 37 8.10891 35.7113 130.318 7.7 7
2010 8 29 21 37 15.8129 43.1895 134.945 4.8 5
2010 8 29 21 37 36.7996 43.1898 135.052 14.7 5
2010 8 29 21 37 36.8363 43.18 134.99 5.2 6
2010 8 29 21 37 37.0841 43.1962 135.025 12.7 5
2010 8 29 21 37 50.5194 43.355 134.864 7.5 5
2010 8 29 21 38 20.6516 35.2989 130.212 13.2 8
2010 8 29 21 38 45.8164 43.0146 134.917 4.4 5
2010 8 29 21 38 45.9436 43.0127 134.96 16.9 7
2010 8 29 21 39 26.3394 43.2045 135.046 15.4 5
2010 8 29 21 39 26.4228 43.1749 135.048 5.5 5
2010 8 29 21 39 26.5366 43.2632 135.019 14 5
2010 8 29 21 39 29.004 42.8926 134.274 18.2 5
2010 8 29 21 39 29.0041 42.9867 134.204 26.6 5
2010 8 29 21 39 46.0657 36.0538 130.09 4 5
2010 8 29 21 39 48.8377 43.0674 134.98 12.8 7
2010 8 29 21 39 48.9402 43.0606 135.004 4.1 5
2010 8 29 21 40 22.6371 43.2664 135.03 18.4 5
2010 8 29 21 40 22.6735 43.2995 135.019 13.5 5
2010 8 29 21 40 23.1581 43.2117 134.997 5.7 6
2010 8 29 21 40 43.3887 36.245 130.135 0.7 5
2010 8 29 21 40 43.7798 43.2119 135.057 16.8 7
2010 8 29 21 40 57.8091 43.1701 135.031 15.1 6
2010 8 29 21 41 8.23168 43.05 134.999 18.3 6
2010 8 29 21 41 34.4056 42.8603 134.378 14.6 6
2010 8 29 21 41 39.7164 43.1754 135.006 19.2 7
2010 8 29 21 41 39.8268 43.1971 135.016 13.7 6
2010 8 29 21 41 39.9541 43.1694 134.951 5.5 5
2010 8 29 21 41 40.1317 43.204 135.05 17.4 6
2010 8 29 21 41 40.21 43.1539 135.035 14.7 6
2010 8 29 21 41 55.632 35.2456 130.251 13.8 8
2010 8 29 21 42 16.0986 43.1973 135.125 1.2 5
2010 8 29 21 42 16.2206 43.2099 135.066 11 6
2010 8 29 21 42 16.3335 43.2164 135.126 17.5 6
2010 8 29 21 42 16.5624 43.2952 135.137 6.7 5
2010 8 29 21 42 16.5624 43.2064 135.126 7.5 5
2010 8 29 21 42 29.6239 35.7234 130.215 29.6 7
2010 8 29 21 42 46.4168 43.1872 134.992 2.8 5
2010 8 29 21 43 10.8042 43.097 134.805 28.2 6
2010 8 29 21 43 10.9001 43.0285 134.953 3.8 5
2010 8 29 21 43 10.9492 43.0624 134.994 20.8 7
2010 8 29 21 43 49.3319 35.8426 130.196 4.6 6
2010 8 29 21 43 53.8726 43.3828 134.979 6.7 5
2010 8 29 21 44 46.2773 43.0967 135.057 28.9 6
2010 8 29 21 44 46.3159 43.0909 135.032 15.2 5
2010 8 29 21 45 10.2878 35.7955 130.233 10.8 7
2010 8 29 21 45 15.7615 43.2028 135.03 21.3 5
2010 8 29 21 45 15.8209 43.2292 135.003 1.6 5
2010 8 29 21 45 32.9837 43.3972 134.947 4.8 5
2010 8 29 21 45 40.644 42.9435 134.362 25.6 10
2010 8 29 21 45 40.8597 42.9356 134.344 18.4 5
2010 8 29 21 45 42.9438 35.9249 130.469 21 8
2010 8 29 21 45 42.9781 35.9353 130.457 13.1 5
2010 8 29 21 45 56.0074 36.0433 130.538 5.2 5
2010 8 29 21 45 57.3515 43.0841 134.988 19.4 5
2010 8 29 21 45 57.5088 43.0871 134.991 1.8 5
2010 8 29 21 45 57.585 43.076 135.047 16 7
2010 8 29 21 46 6.93151 43.2306 135.024 21.7 11
2010 8 29 21 46 26.508 43.4131 134.992 15.5 6
2010 8 29 21 46 57.1343 43.3407 134.887 12.5 5
2010 8 29 21 47 0.265938 43.0964 135.058 26.3 5
2010 8 29 21 47 3.37097 43.2043 135.091 3.8 5
2010 8 29 21 47 8.32701 36.04 130.555 2.6 5
2010 8 29 21 47 8.32822 36.0922 130.583 15.2 5
2010 8 29 21 47 29.6885 42.9321 134.394 11.6 5
2010 8 29 21 47 34.907 43.4391 135.054 28.1 5
2010 8 29 21 47 52.8261 43.0282 135.037 7 5
2010 8 29 21 47 52.8758 43.0548 134.981 9 5
2010 8 29 21 47 52.91 43.0487 134.994 3.8 5
2010 8 29 21 48 2.80982 43.4183 135.014 19.3 5
2010 8 29 21 48 6.73853 43.3312 135.187 5.3 5
2010 8 29 21 48 8.08948 35.203 130.228 11.6 5
2010 8 29 21 48 33.4857 43.1466 135.06 5.2 5
2010 8 29 21 48 45.5201 35.8463 130.343 20.4 5
2010 8 29 21 49 7.0885 43.1742 134.729 21.4 5
2010 8 29 21 49 7.13651 43.1355 135.086 18.8 5
2010 8 29 21 49 7.18593 43.1404 135.093 21 6
2010 8 29 21 49 7.21601 43.1859 135.107 17.2 5
2010 8 29 21 49 24.9137 43.2672 135.149 23.4 6
2010 8 29 21 49 24.9676 43.2762 135.124 5.6 5
2010 8 29 21 49 34.2496 42.8149 134.065 22.1 6
2010 8 29 21 49 51.3942 43.2941 135.251 6.4 5
2010 8 29 21 49 57.5335 43.1433 135.063 20.2 6
2010 8 29 21 49 57.7677 43.1115 135.08 21.7 7
2010 8 29 21 50 47.8542 43.3752 135.147 19.1 7
2010 8 29 21 51 5.50619 43.2564 135.026 10 5
2010 8 29 21 52 14.1501 43.1519 135.135 18.8 7
2010 8 29 21 52 14.5217 43.1238 135.18 17.7 6
2010 8 29 21 52 16.1635 42.9678 134.456 5.2 5
2010 8 29 21 52 34.0717 36.0238 130.424 15.2 9
2010 8 29 21 52 34.3429 36.0353 130.227 12.1 8
2010 8 29 21 52 40.3077 43.4096 135.009 15.4 5
2010 8 29 21 53 35.0139 43.1592 135.115 14.2 6
2010 8 29 21 53 51.088 43.3563 135.153 14.8 8
2010 8 29 21 54 25.6469 35.8342 130.234 12.9 6
2010 8 29 21 55 40.1402 35.5873 129.569 21 5
2010 8 29 21 55 58.9122 43.1803 135.139 20.9 7
2010 8 29 21 56 25.0482 43.1228 135.042 17.9 6
2010 8 29 21 57 6.04967 43.1865 135.173 29.9 5
2010 8 29 21 57 6.13318 43.1985 135.212 15.2 6
2010 8 29 21 57 38.0272 43.7264 135.511 20.3 5
2010 8 29 21 57 43.2073 35.2322 130.341 16.5 5
2010 8 29 21 57 43.2549 35.1635 130.274 5.8 5
2010 8 29 21 58 53.2947 43.2764 135.171 15.3 5
2010 8 29 21 58 53.3625 43.1741 135.184 14 7
2010 8 29 21 58 53.4596 43.1239 135.034 1.6 5
2010 8 29 21 58 53.7278 43.1877 135.154 6.4 5
2010 8 29 21 58 54.0443 43.2099 135.182 14.2 7
2010 8 29 21 59 7.00112 43.4036 135.318 19.7 5
2010 8 29 22 1 2.23756 43.2448 135.21 17.8 7
2010 8 29 22 1 2.62872 43.1888 135.172 20.8 6
2010 8 29 22 1 20.239 35.4547 129.975 4.9 5
2010 8 29 22 1 25.0826 35.373 130.273 28.7 5
2010 8 29 22 1 31.7642 35.8402 130.342 20 5
2010 8 29 22 1 44.9302 43.7676 135.569 23.7 5
2010 8 29 22 1 46.8446 43.2267 135.173 8.6 5
2010 8 29 22 1 46.9241 43.1989 135.165 6 5
2010 8 29 22 2 17.0187 43.1692 135.179 17.5 5
2010 8 29 22 2 46.5552 43.218 135.14 8.9 5
2010 8 29 22 3 6.89062 43.273 135.22 18.1 7
2010 8 29 22 3 32.7888 43.2627 135.201 15.1 5
2010 8 29 22 3 33.2184 43.2414 135.196 15 7
2010 8 29 22 3 45.2136 43.9421 135.659 22.5 5
2010 8 29 22 3 45.2136 43.7336 135.538 2.1 5
2010 8 29 22 4 8.94664 43.2435 135.273 12.6 5
2010 8 29 22 4 11.9176 35.24 130.293 13.8 5
2010 8 29 22 5 30.1894 35.7483 130.294 3.3 5
2010 8 29 22 5 36.4547 43.0931 135.067 4.9 5
2010 8 29 22 5 49.3392 43.2642 135.199 0.8 5
2010 8 29 22 5 49.3831 43.2337 135.252 1.9 5
2010 8 29 22 5 56.8496 43.7364 135.543 9.2 6
2010 8 29 22 5 56.8769 43.7765 135.636 12.5 6
2010 8 29 22 5 56.9244 43.8355 135.612 16 5
2010 8 29 22 5 57.32 43.1976 135.21 11.7 7
2010 8 29 22 5 57.4376 43.2021 135.136 8.1 7
2010 8 29 22 7 41.8969 43.1518 135.169 18.9 5
2010 8 29 22 8 0.390781 43.4872 135.205 8.7 6
2010 8 29 22 8 0.427756 43.493 135.258 25.2 6
2010 8 29 22 8 2.58396 35.9779 130.521 15.7 6
2010 8 29 22 8 2.63252 43.2523 135.248 13.1 5
2010 8 29 22 8 2.80602 43.3133 135.283 23 7
2010 8 29 22 8 5.40793 43.6739 135.437 9.8 5
2010 8 29 22 8 48.3897 35.3088 130.224 26.4 8
2010 8 29 22 8 48.5347 35.3331 130.41 13.3 6
2010 8 29 22 8 48.926 35.4348 130.297 16.4 6
2010 8 29 22 8 51.6972 43.2869 135.297 18.7 6
2010 8 29 22 9 54.8913 35.2957 130.322 5.3 6
2010 8 29 22 10 3.58668 43.6592 135.452 11.1 5
2010 8 29 22 10 42.0738 43.5301 135.255 15.9 5
2010 8 29 22 11 24.1653 35.3183 130.356 13.1 7
2010 8 29 22 11 24.1865 35.4031 130.218 2.9 5
2010 8 29 22 11 35.5325 35.7583 130.305 2.1 5
2010 8 29 22 11 35.8756 35.7598 130.382 11.1 6
2010 8 29 22 11 53.3343 43.2865 135.262 2.2 5
2010 8 29 22 11 53.6382 43.2847 135.248 3.9 5
2010 8 29 22 12 25.4314 35.7734 130.345 11.4 6
2010 8 29 22 12 31.449 36.2468 130.472 24.1 5
2010 8 29 22 12 31.449 35.9785 130.787 16.1 6
2010 8 29 22 12 31.9919 43.5094 135.275 12.4 5
2010 8 29 22 12 32.0253 43.5118 135.258 9.6 5
2010 8 29 22 13 2.23872 35.4129 130.461 17.1 8
2010 8 29 22 13 4.04002 35.7557 130.245 4.8 5
2010 8 29 22 13 30.0529 43.3242 135.289 17.5 7
2010 8 29 22 14 21.1544 43.6889 135.46 12.5 5
2010 8 29 22 14 45.5712 43.3507 135.302 20.4 5
2010 8 29 22 14 45.6113 43.3441 135.299 20.7 7
2010 8 29 22 14 45.6689 43.3558 135.318 21.3 5
2010 8 29 22 14 45.7119 43.3357 135.358 15.1 6
2010 8 29 22 14 45.766 43.2902 135.314 20.7 6
2010 8 29 22 14 58.3821 43.2292 135.151 14.3 5
2010 8 29 22 15 23.431 35.7456 130.514 22.9 5
2010 8 29 22 16 23.0385 35.7541 130.33 20.6 8
2010 8 29 22 17 54.0301 35.8336 130.347 16.3 6
2010 8 29 22 18 2.48584 43.5393 135.351 11.7 7
2010 8 29 22 18 32.3468 36.0583 130.779 28.9 8
2010 8 29 22 18 32.4852 36.4274 130.154 26 5
2010 8 29 22 18 32.5603 36.1112 130.764 4.9 5
2010 8 29 22 18 47.9706 35.4601 130.584 12.4 5
2010 8 29 22 19 1.89643 43.5891 135.419 17.2 7
2010 8 29 22 19 26.981 43.6308 135.422 9.9 5
2010 8 29 22 19 49.1369 43.622 135.411 28.9 5
2010 8 29 22 19 51.5365 36.3566 130.439 15 6
2010 8 29 22 20 13.4502 43.5999 135.357 13.7 5
2010 8 29 22 20 42.9001 43.1587 134.257 3 5
2010 8 29 22 20 45.6288 36.0588 130.573 23.9 5
2010 8 29 22 20 50.5812 43.3506 135.333 15.2 6
2010 8 29 22 20 51.0841 43.332 135.385 15.6 5
2010 8 29 22 20 51.1672 43.3312 135.402 13.6 5
2010 8 29 22 20 56.4145 43.8356 135.692 14.1 5
2010 8 29 22 20 56.4461 43.8248 135.629 23.1 7
2010 8 29 22 21 11.8133 35.7751 130.398 5.2 5
2010 8 29 22 21 43.0897 35.6852 130.489 24.8 5
2010 8 29 22 22 5.95727 43.1961 134.54 16.9 5
2010 8 29 22 22 13.736 43.3755 135.339 13.5 6
2010 8 29 22 22 13.8302 43.3467 135.278 1.5 5
2010 8 29 22 22 14.0382 43.3815 135.33 19.7 5
2010 8 29 22 22 45.1185 43.1577 134.288 22.2 8
2010 8 29 22 22 55.0281 35.8024 130.639 4.7 5
2010 8 29 22 22 55.0832 35.8562 130.643 20.9 6
2010 8 29 22 22 55.1123 35.8666 130.607 13.3 9
2010 8 29 22 22 55.1478 35.84 130.599 26.2 9
2010 8 29 22 22 58.4545 43.6184 135.381 8.7 5
2010 8 29 22 23 13.4818 43.1503 134.262 1.9 5
2010 8 29 22 24 19.0492 43.3806 135.325 25 5
2010 8 29 22 24 40.7741 36.108 130.195 17.7 6
2010 8 29 22 24 44.227 35.3646 130.483 18.7 6
2010 8 29 22 25 23.175 43.628 135.377 12.5 6
2010 8 29 22 25 31.4406 43.176 134.334 29.7 7
2010 8 29 22 25 31.487 43.1639 134.278 22.2 6
2010 8 29 22 25 31.551 43.1431 134.255 3.3 5
2010 8 29 22 25 41.9187 36.0832 130.689 2.2 5
2010 8 29 22 25 41.9837 36.2632 130.477 2.6 5
2010 8 29 22 25 56.6008 35.3691 130.425 26.6 10
2010 8 29 22 26 33.4368 43.3883 135.361 6.8 5
2010 8 29 22 26 33.557 43.3669 135.33 14.8 6
2010 8 29 22 27 21.185 43.5922 135.373 7.3 5
2010 8 29 22 27 51.0555 43.4024 135.338 10 5
2010 8 29 22 28 43.6762 35.4722 130.527 18.4 5
2010 8 29 22 28 52.7007 43.4055 135.389 10.3 5
2010 8 29 22 28 52.8073 43.3891 135.421 16.6 7
2010 8 29 22 28 53.0222 43.4146 135.364 17.6 7
2010 8 29 22 29 22.2956 43.6297 135.4 2.1 5
2010 8 29 22 29 48.3685 43.3872 135.407 20.2 6
2010 8 29 22 30 37.3761 43.8443 135.754 13.4 5
2010 8 29 22 31 0.077636 35.7862 130.344 15.6 6
2010 8 29 22 31 1.66109 43.4335 135.368 7.1 5
2010 8 29 22 31 1.70629 43.4351 135.371 19.7 5
2010 8 29 22 31 58.8058 35.9 130.804 22.9 5
2010 8 29 22 33 1.48016 43.4433 135.479 17.3 5
2010 8 29 22 35 16.7573 35.1257 130.324 28.5 6
2010 8 29 22 35 20.7184 43.1103 134.513 29.4 6
2010 8 29 22 37 21.0012 43.4685 135.501 17.6 5
2010 8 29 22 37 46.2016 43.609 135.559 4.1 7
2010 8 29 22 38 40.563 43.4981 135.513 21.4 6
2010 8 29 22 39 25.4265 43.4296 135.531 8.7 5
2010 8 29 22 39 25.5649 43.3773 135.517 2.1 5
2010 8 29 22 39 25.9632 43.4067 135.555 5.5 5
2010 8 29 22 40 4.01901 35.8036 130.414 17.7 5
2010 8 29 22 40 5.75161 36.4287 130.52 6.6 5
2010 8 29 22 41 36.4581 36.2892 130.898 8.5 5
2010 8 29 22 42 21.6032 35.9793 130.806 1.2 6
2010 8 29 22 43 21.5918 35.1745 130.258 15.2 6
2010 8 29 22 43 21.6321 35.1524 130.267 25.7 9
2010 8 29 22 43 21.6971 35.1883 130.259 16.4 7
2010 8 29 22 44 22.2135 35.1721 130.333 12.2 5
2010 8 29 22 44 22.4829 35.1402 130.265 2.7 5
2010 8 29 22 45 6.03859 43.5491 135.526 17.6 6
2010 8 29 22 45 6.28479 43.5286 135.568 12.4 5
2010 8 29 22 45 6.31973 43.5551 135.545 19.4 5
2010 8 29 22 46 9.73298 36.2381 130.891 20.2 5
2010 8 29 22 47 49.1525 35.1871 130.238 0.6 5
2010 8 29 22 48 16.9513 36.2172 130.871 4.5 5
2010 8 29 22 48 58.1767 35.1806 130.246 17.9 7
2010 8 29 22 49 57.8182 35.1431 130.242 26.8 8
2010 8 29 22 50 23.7201 36.0923 130.96 20.8 6
2010 8 29 22 50 26.7086 35.1454 130.295 16.3 7
2010 8 29 22 50 26.894 35.0718 130.247 24.2 6
2010 8 29 22 50 32.533 43.4861 135.711 16.5 5
2010 8 29 22 50 32.5794 43.5391 135.688 16.2 5
2010 8 29 22 51 25.2767 35.1941 130.311 22.7 6
2010 8 29 22 51 25.5908 35.1488 130.247 14 8
2010 8 29 22 51 25.6945 35.1648 130.234 12 7
2010 8 29 22 51 25.7823 35.0981 130.25 28.9 7
2010 8 29 22 52 2.46802 35.2016 130.414 15.5 5
2010 8 29 22 52 2.739 35.125 130.178 23.5 5
2010 8 29 22 52 48.87 35.1349 130.243 23.9 8
2010 8 29 22 52 49.2425 35.1609 130.245 9.8 5
2010 8 29 22 53 9.44161 35.1572 130.265 20.6 6
2010 8 29 22 53 15.2389 35.1784 130.248 10.9 8
2010 8 29 22 53 15.5624 35.1648 130.248 19.3 7
2010 8 29 22 53 35.5901 35.1365 130.221 3.3 5
2010 8 29 22 53 46.4845 43.8113 135.91 16.1 5
2010 8 29 22 54 6.02689 43.5237 135.738 20.7 6
2010 8 29 22 54 12.0276 35.1298 130.261 1.6 5
2010 8 29 22 54 24.4627 35.1727 130.25 17.2 7
2010 8 29 22 54 24.5508 35.1325 130.247 2.5 5
2010 8 29 22 54 25.2126 35.1673 130.259 13.8 5
2010 8 29 22 54 39.667 35.1492 130.267 14.6 5
2010 8 29 22 54 44.9282 43.5559 135.775 10.3 5
2010 8 29 22 55 34.3527 43.3647 135.202 14.7 5
2010 8 29 22 55 42.1217 35.1825 130.245 17.7 7
2010 8 29 22 55 42.6864 35.1744 130.241 17.5 7
2010 8 29 22 56 1.92689 35.1887 130.235 14.4 7
2010 8 29 22 56 14.4157 35.1377 130.273 18 7
2010 8 29 22 56 14.4619 35.182 130.268 8.8 6
2010 8 29 22 56 14.5237 35.3956 129.757 20.2 5
2010 8 29 22 56 43.0841 43.524 135.797 15.1 5
2010 8 29 22 56 48.5375 35.2238 130.214 5.5 5
2010 8 29 22 56 48.6745 35.1725 130.204 4.6 6
2010 8 29 22 56 56.1138 43.7959 135.879 2.1 5
2010 8 29 22 57 33.4479 35.1284 130.248 28.1 6
2010 8 29 22 57 33.8841 35.1916 130.293 26.2 5
2010 8 29 22 57 55.3799 43.5391 135.669 9.4 5
2010 8 29 22 58 16.5655 35.1901 130.245 13 7
2010 8 29 22 58 46.6806 35.8104 129.964 17.7 5
2010 8 29 22 59 22.483 43.5713 135.717 0.1 5
2010 8 29 22 59 22.5117 43.5859 135.767 14.4 5
2010 8 29 22 59 22.6678 43.5667 135.737 27.9 8
2010 8 29 22 59 39.1168 43.8337 135.969 21.6 7
2010 8 29 22 59 45.9336 35.173 130.277 16.1 5
2010 8 29 22 59 46.0002 35.1845 130.305 4.6 5
2010 8 29 22 59 46.0777 35.156 130.211 2.1 6
2010 8 29 23 0 37.4983 43.6323 135.811 6.6 5
2010 8 29 23 0 37.6214 43.6099 135.83 14.9 5
2010 8 29 23 0 37.6504 43.6308 135.714 7.1 5
2010 8 29 23 1 14.6405 43.5947 135.904 7.4 5
2010 8 29 23 1 29.7583 35.1987 130.251 11.5 7
2010 8 29 23 1 30.0108 35.0335 130.192 16.4 5
2010 8 29 23 1 32.6233 43.8348 135.967 3.6 5
2010 8 29 23 1 56.1938 43.6218 135.495 28.6 5
2010 8 29 23 1 56.2719 43.5933 135.75 24.6 6
2010 8 29 23 1 56.3469 43.5888 135.809 12.2 6
2010 8 29 23 2 16.1309 43.6421 135.788 17.7 6
2010 8 29 23 2 16.2024 43.6128 135.791 21 6
2010 8 29 23 2 16.2734 43.6187 135.792 20.1 5
2010 8 29 23 2 16.3657 43.586 135.757 3.8 5
2010 8 29 23 2 41.2245 35.5697 130.622 3.4 5
2010 8 29 23 2 42.5578 35.13 130.304 8.5 5
2010 8 29 23 3 31.3811 35.1472 130.26 10.8 6
2010 8 29 23 3 38.9366 43.6119 135.805 8.7 6
2010 8 29 23 3 39.0361 43.6122 135.82 17.8 5
2010 8 29 23 4 6.71798 43.6126 135.847 7.5 5
2010 8 29 23 4 6.75812 43.579 135.804 17.8 7
2010 8 29 23 4 28.5702 43.5795 135.668 1.5 5
2010 8 29 23 4 28.6227 43.6287 135.674 7.6 5
2010 8 29 23 4 28.7777 43.6412 135.654 14.1 5
2010 8 29 23 4 28.8492 43.641 135.668 15.8 6
2010 8 29 23 4 41.2749 43.798 136.02 2.9 6
2010 8 29 23 5 8.61529 35.163 130.261 26.7 7
2010 8 29 23 5 8.972 35.107 130.284 2.3 5
2010 8 29 23 5 9.13748 35.1756 130.272 19.3 8
2010 8 29 23 5 11.6662 43.5829 135.734 24.5 5
2010 8 29 23 5 39.2284 43.4644 135.809 16 5
2010 8 29 23 5 39.38 43.3005 136.048 26.9 6
2010 8 29 23 5 40.1642 43.5916 135.727 29.7 5
2010 8 29 23 5 40.2524 43.631 135.759 19.4 5
2010 8 29 23 5 53.6482 43.6496 135.763 3.3 5
2010 8 29 23 5 53.7519 43.6816 135.789 18.8 7
2010 8 29 23 7 17.6333 43.6274 135.747 5 6
2010 8 29 23 7 54.2008 43.6533 135.8 15.8 7
2010 8 29 23 8 57.7472 35.174 130.23 18 5
2010 8 29 23 9 7.81135 35.6501 130.621 19.4 5
2010 8 29 23 9 13.745 43.676 135.826 9.1 5
2010 8 29 23 10 28.2433 43.653 135.921 22.7 5
2010 8 29 23 10 48.8712 43.6446 135.83 12.4 5
2010 8 29 23 11 3.22617 35.4375 130.664 2.6 5
2010 8 29 23 11 4.14853 43.6179 135.866 3.7 5
2010 8 29 23 11 20.4704 35.9157 130.864 23.7 7
2010 8 29 23 11 21.2321 35.7564 130.348 17.3 7
2010 8 29 23 11 21.234 35.7387 130.317 3.4 5
2010 8 29 23 11 23.1969 43.655 135.88 25.3 8
2010 8 29 23 11 23.3145 43.6577 135.902 11.1 5
2010 8 29 23 11 54.4727 43.6175 135.889 16.7 7
2010 8 29 23 12 3.34667 35.6629 130.308 14.9 7
2010 8 29 23 12 23.4407 35.7654 130.144 20.8 5
2010 8 29 23 12 23.5205 35.4899 130.592 4.8 6
2010 8 29 23 12 33.3598 43.6516 135.875 12.4 6
2010 8 29 23 12 54.6081 43.6809 135.921 12 5
2010 8 29 23 13 13.968 43.6761 135.844 11.5 6
2010 8 29 23 13 14.0082 43.6593 135.892 13.6 5
2010 8 29 23 13 14.0538 43.6682 135.861 19.2 6
2010 8 29 23 13 14.4447 43.666 135.843 15.1 5
2010 8 29 23 13 16.1281 35.6759 130.504 2.8 5
2010 8 29 23 13 20.3227 35.1725 130.225 2.6 5
2010 8 29 23 13 39.6737 36.0647 130.673 16.1 6
2010 8 29 23 13 40.8517 43.6397 135.912 18.2 5
2010 8 29 23 13 40.9354 43.6595 135.912 9.1 6
2010 8 29 23 13 40.9634 43.6678 135.915 17.6 6
2010 8 29 23 14 13.194 43.6666 135.875 3.5 5
2010 8 29 23 14 30.6514 35.4554 130.644 4.5 5
2010 8 29 23 14 36.6803 43.6659 135.88 2 5
2010 8 29 23 14 36.8473 43.6673 135.865 4.1 5
2010 8 29 23 14 37.0457 43.6672 135.904 14.7 7
2010 8 29 23 14 57.3541 35.7054 130.276 14.7 7
2010 8 29 23 15 2.12192 43.6293 135.967 19.9 6
2010 8 29 23 15 28.8679 43.6671 135.917 18.5 5
2010 8 29 23 16 2.80991 35.5377 130.687 23 6
2010 8 29 23 16 15.7915 43.6649 135.905 19.7 6
2010 8 29 23 16 53.1988 43.5154 135.904 21.9 6
2010 8 29 23 17 30.2472 43.4891 135.975 12 5
2010 8 29 23 17 30.3079 43.495 135.95 9 5
2010 8 29 23 17 30.3788 43.499 135.975 10.9 5
2010 8 29 23 17 54.7451 35.5829 130.425 28.5 7
2010 8 29 23 18 10.5899 43.8535 136.085 4.7 5
2010 8 29 23 18 11.7033 43.6738 136.045 16.7 5
2010 8 29 23 18 22.0369 35.6171 130.689 27.2 6
2010 8 29 23 18 31.3024 43.5055 135.961 14.1 6
2010 8 29 23 18 31.3469 43.535 135.962 22.6 7
2010 8 29 23 18 31.3806 43.517 135.903 4.3 5
2010 8 29 23 18 49.2189 43.6728 135.855 9.9 5
2010 8 29 23 18 49.3238 43.664 136.001 8.6 5
2010 8 29 23 18 56.299 35.6002 130.758 9.3 6
2010 8 29 23 19 39.104 35.6512 130.727 12.7 5
2010 8 29 23 19 39.1832 35.6632 130.72 13.3 6
2010 8 29 23 19 44.6363 43.6692 135.934 20.6 6
2010 8 29 23 19 45.053 43.6641 135.904 2.7 5
2010 8 29 23 19 50.2418 43.5061 136.015 8.9 8
2010 8 29 23 19 50.3159 43.5044 135.962 17.5 7
2010 8 29 23 20 26.6103 43.5023 135.617 3.9 5
2010 8 29 23 20 26.729 43.4763 135.65 18.8 7
2010 8 29 23 20 34.3679 43.4831 135.915 2.4 5
2010 8 29 23 20 34.4882 43.4995 136.005 16.1 6
2010 8 29 23 21 29.8387 43.4816 136.025 27.7 6
2010 8 29 23 21 29.8915 43.5323 135.998 11.4 7
2010 8 29 23 21 30.0903 43.5937 136.051 10.3 5
2010 8 29 23 21 30.3926 43.5198 136.001 4.4 5
2010 8 29 23 21 43.2856 43.4871 135.954 7.6 5
2010 8 29 23 21 53.8531 43.6929 136.001 20.4 5
2010 8 29 23 22 24.6311 43.4977 135.953 4 5
2010 8 29 23 23 3.59999 43.5511 136.013 16 6
2010 8 29 23 23 4.07376 43.5562 136.033 23.1 6
2010 8 29 23 23 12.6034 35.6444 130.75 24.2 7
2010 8 29 23 23 12.9527 35.5613 130.778 8.9 5
2010 8 29 23 24 29.9771 43.9713 136.247 4.3 5
2010 8 29 23 24 30.2036 44.0625 136.326 8.1 5
2010 8 29 23 24 34.4939 35.6649 130.579 23.4 7
2010 8 29 23 24 41.4869 35.6776 130.767 23.8 6
2010 8 29 23 24 41.7154 35.6442 130.743 18.5 6
2010 8 29 23 25 7.40885 43.7173 136.072 19.7 6
2010 8 29 23 25 23.6913 35.6396 130.706 4.5 7
2010 8 29 23 25 50.874 35.708 130.437 19.4 6
2010 8 29 23 25 50.9659 35.7934 130.396 11.7 6
2010 8 29 23 25 50.9917 35.6854 130.23 24.5 5
2010 8 29 23 25 52.3759 35.6877 130.757 15.6 5
2010 8 29 23 26 33.6218 35.633 130.701 25.7 7
2010 8 29 23 26 33.7862 35.6424 130.716 19.2 7
2010 8 29 23 26 33.8904 35.6347 130.775 17.8 8
2010 8 29 23 26 56.1093 35.797 130.314 7 5
2010 8 29 23 26 56.5062 35.7534 130.404 23.7 8
2010 8 29 23 27 34.0255 35.6462 130.749 19.3 6
2010 8 29 23 27 36.8064 35.6694 130.606 17.5 6
2010 8 29 23 27 36.8406 35.6691 130.581 4 6
2010 8 29 23 28 14.9494 43.4163 135.569 19.4 6
2010 8 29 23 28 15.0648 43.4145 135.559 4.3 5
2010 8 29 23 28 20.6692 35.6484 130.706 5.4 5
2010 8 29 23 28 32.6719 43.5538 135.984 8.5 5
2010 8 29 23 28 32.7507 43.5512 135.972 1.9 5
2010 8 29 23 28 33.4214 35.6526 130.753 21.2 7
2010 8 29 23 28 33.4725 35.6791 130.7 4.1 7
2010 8 29 23 29 31.6953 43.6602 136.06 9 5
2010 8 29 23 29 59.0104 35.7376 130.258 29.5 5
2010 8 29 23 29 59.0625 35.7614 130.391 13 7
2010 8 29 23 30 11.4222 35.6819 130.777 11.7 6
2010 8 29 23 30 41.2859 35.7051 130.742 2.3 5
2010 8 29 23 30 42.096 43.5866 136.001 14.5 11
2010 8 29 23 30 42.1814 43.542 136.082 16.3 5
2010 8 29 23 30 42.2097 43.5997 135.95 11.4 5
2010 8 29 23 30 42.2676 43.5896 136.008 20.5 7
2010 8 29 23 31 9.70866 35.6844 130.739 16.7 7
2010 8 29 23 31 9.85519 35.8875 130.495 4.4 5
2010 8 29 23 31 9.85524 35.6753 130.811 9.1 5
2010 8 29 23 31 57.9359 43.5941 136.042 13.5 6
2010 8 29 23 31 57.9707 43.5786 136.066 11.4 6
2010 8 29 23 32 0.106509 35.6571 130.666 22.5 5
2010 8 29 23 32 0.185331 35.6305 130.764 26.9 8
2010 8 29 23 32 0.513759 35.6168 130.849 3.4 5
2010 8 29 23 32 35.8076 35.7059 130.789 15.2 6
2010 8 29 23 32 49.8776 35.6595 130.685 15.3 6
2010 8 29 23 32 49.9293 35.6394 130.795 1 5
2010 8 29 23 32 49.9755 35.7027 130.772 17.1 5
2010 8 29 23 33 21.448 35.7498 130.768 12.2 6
2010 8 29 23 33 21.4851 35.726 130.764 14.3 7
2010 8 29 23 33 21.5586 35.6702 130.761 0.9 5
2010 8 29 23 33 28.8369 43.5384 136.016 2.8 5
2010 8 29 23 33 28.9033 43.5629 136.017 6 5
2010 8 29 23 33 29.1251 43.8507 135.683 9.9 5
2010 8 29 23 33 45.9073 43.7678 136.106 12.2 5
2010 8 29 23 33 46.9269 35.3256 130.402 6.3 5
2010 8 29 23 33 59.0424 35.703 130.762 10.4 6
2010 8 29 23 34 11.2385 43.5606 136.027 3.2 5
2010 8 29 23 34 33.6119 35.7264 130.756 23.5 6
2010 8 29 23 34 36.2686 43.3343 135.289 8.6 5
2010 8 29 23 34 36.3826 43.3755 135.377 20.1 6
2010 8 29 23 35 18.8215 43.8199 136.157 28 6
2010 8 29 23 35 21.692 43.6157 136.028 17.8 6
2010 8 29 23 35 29.6775 35.9931 130.255 22 5
2010 8 29 23 35 29.7491 35.6882 130.74 27.3 9
2010 8 29 23 35 51.8158 35.6983 130.754 11.1 6
2010 8 29 23 35 58.4098 35.7351 130.776 1.2 5
2010 8 29 23 36 8.34947 43.7854 136.084 23.6 5
2010 8 29 23 36 8.42628 43.7434 136.075 10.7 8
2010 8 29 23 36 15.7376 43.5184 135.869 24.9 5
2010 8 29 23 36 32.8917 43.3382 135.274 28.4 8
2010 8 29 23 36 47.1469 43.6906 135.953 3.8 5
2010 8 29 23 36 57.8833 35.7303 130.747 14.9 7
2010 8 29 23 37 31.0291 35.5903 130.813 15.4 6
2010 8 29 23 37 31.0292 35.5589 130.725 24.4 5
2010 8 29 23 37 31.5964 43.9066 135.66 17.9 5
2010 8 29 23 37 34.7023 43.7962 136.136 19.9 6
2010 8 29 23 38 1.27448 43.5797 136.118 9.5 6
2010 8 29 23 38 1.61765 35.7519 130.779 9.9 6
2010 8 29 23 38 1.68678 35.7279 130.804 23.3 6
2010 8 29 23 38 2.6359 43.7991 136.12 17.5 7
2010 8 29 23 38 16.0764 35.6916 130.718 25.1 8
2010 8 29 23 38 16.1582 35.729 130.768 24 7
2010 8 29 23 38 16.1617 35.7014 130.735 20.5 7
2010 8 29 23 38 50.9909 35.7241 130.826 28.5 7
2010 8 29 23 38 51.0216 35.6827 130.838 14.6 5
2010 8 29 23 38 51.0539 35.8257 130.827 15.3 5
2010 8 29 23 39 19.6813 35.7664 130.792 19.6 7
2010 8 29 23 39 19.7215 35.7396 130.784 16.7 6
2010 8 29 23 39 19.834 35.7401 130.786 19.2 8
2010 8 29 23 39 19.9299 35.7401 130.715 5.7 5
2010 8 29 23 39 49.0383 35.746 130.786 6.6 6
2010 8 29 23 39 50.1842 43.6939 136.117 28.2 7
2010 8 29 23 40 11.6503 43.6006 136.132 23.9 6
2010 8 29 23 40 11.6994 43.6114 136.145 11.8 6
2010 8 29 23 40 11.7808 43.575 136.092 5.3 5
2010 8 29 23 40 20.6967 35.329 130.458 8.1 5
2010 8 29 23 40 28.5838 35.9033 130.861 22.8 6
2010 8 29 23 40 30.8632 35.7744 130.869 17.9 8
2010 8 29 23 40 30.9309 35.775 130.808 16.2 6
2010 8 29 23 40 30.9712 35.6921 130.858 13.2 5
2010 8 29 23 40 31.0561 35.7321 130.785 21.4 6
2010 8 29 23 41 3.5623 35.5196 130.73 26.3 8
2010 8 29 23 41 36.3965 35.7305 130.822 12.1 7
2010 8 29 23 42 7.16766 43.7466 136.177 14.5 6
2010 8 29 23 42 10.1709 35.3398 130.412 28.6 7
2010 8 29 23 42 10.1901 35.1644 130.302 25.8 8
2010 8 29 23 42 10.2358 35.3437 130.44 13.5 6
2010 8 29 23 42 13.6248 43.6332 136.079 25.2 5
2010 8 29 23 42 21.1588 43.8321 136.182 21.6 7
2010 8 29 23 42 35.6814 35.742 130.804 28.4 8
2010 8 29 23 42 35.7228 35.7711 130.803 18 7
2010 8 29 23 42 52.5955 43.7177 136.097 5.9 5
2010 8 29 23 43 27.6694 36.1813 130.351 18.7 5
2010 8 29 23 43 27.6727 35.9373 130.891 11.1 6
2010 8 29 23 43 45.0328 35.0044 129.899 13 5
2010 8 29 23 44 12.9699 43.7457 136.12 17.9 6
2010 8 29 23 44 21.4156 35.8058 130.846 11.4 5
2010 8 29 23 44 21.4852 35.7802 130.836 8.8 6
2010 8 29 23 44 33.8195 35.2576 130.537 21.2 6
2010 8 29 23 44 34.1245 35.3557 130.452 11 7
2010 8 29 23 44 44.7309 35.805 130.826 18.9 5
2010 8 29 23 46 21.6967 43.3736 135.401 20.8 5
2010 8 29 23 46 28.458 35.7629 130.809 6.1 5
2010 8 29 23 46 28.6147 35.6741 130.805 7.3 5
2010 8 29 23 47 12.6833 35.7692 130.777 22.4 13
2010 8 29 23 47 17.9435 35.6521 130.82 14.8 5
2010 8 29 23 47 23.5766 43.6712 135.783 7.2 5
2010 8 29 23 48 15.2147 35.6475 130.807 26.6 8
2010 8 29 23 48 15.2866 35.6807 130.812 15.9 7
2010 8 29 23 48 49.2222 35.7123 130.772 19.4 8
2010 8 29 23 48 49.2529 35.7852 130.806 17 6
2010 8 29 23 48 49.3703 35.8321 130.776 18.1 6
2010 8 29 23 49 8.46788 43.6408 136.163 16.3 8
2010 8 29 23 49 8.58335 43.6482 136.191 9.7 6
2010 8 29 23 49 8.61818 43.6627 136.167 19.4 5
2010 8 29 23 49 8.71291 43.6386 136.229 9.4 6
2010 8 29 23 49 49.4339 43.6994 136.158 6.2 5
2010 8 29 23 49 49.4867 43.698 136.222 7.9 7
2010 8 29 23 50 1.08206 35.7366 130.898 16.1 9
2010 8 29 23 50 1.17578 35.82 130.838 21.1 6
2010 8 29 23 50 1.18369 35.8087 130.851 9.9 8
2010 8 29 23 50 1.22743 35.8301 130.814 11.5 7
2010 8 29 23 50 17.3113 35.6322 130.817 12.1 6
2010 8 29 23 50 18.9992 43.395 135.362 18.5 10
2010 8 29 23 51 11.2573 35.6593 130.823 18.5 6
2010 8 29 23 51 12.8226 35.7737 130.835 21.8 10
2010 8 29 23 51 27.5429 43.6941 136.205 10 7
2010 8 29 23 51 35.123 35.6648 130.764 7.5 5
2010 8 29 23 51 57.6455 35.8468 130.854 14.6 6
2010 8 29 23 51 57.6937 35.7936 130.876 3.9 5
2010 8 29 23 51 57.719 35.8432 130.851 15.9 6
2010 8 29 23 52 24.4585 43.8266 136.26 24.3 8
2010 8 29 23 52 57.1289 43.6847 136.228 26.3 8
2010 8 29 23 53 22.5452 35.8265 130.86 23.4 9
2010 8 29 23 53 25.5896 35.6617 130.82 15.9 5
2010 8 29 23 53 25.6732 35.6251 130.838 3.8 5
2010 8 29 23 53 25.9461 35.6841 130.796 17.6 7
2010 8 29 23 53 47.2103 43.6738 136.255 12.9 6
2010 8 29 23 53 47.2526 43.6518 136.306 11.6 5
2010 8 29 23 53 47.2877 43.6546 136.288 11.2 6
2010 8 29 23 53 47.3256 43.6924 136.266 15.4 7
2010 8 29 23 54 12.6698 35.8579 130.9 27.9 7
2010 8 29 23 54 39.0403 35.9605 130.313 19.1 6
2010 8 29 23 54 51.7607 43.5587 135.827 26.1 9
2010 8 29 23 54 57.5136 43.6263 135.714 14.7 7
2010 8 29 23 55 11.2698 35.6342 130.818 5.6 5
2010 8 29 23 55 11.3341 35.8984 130.415 15.7 5
2010 8 29 23 55 11.3764 35.6721 130.82 22.4 5
2010 8 29 23 55 26.5313 35.8709 130.909 26.9 12
2010 8 29 23 55 26.574 35.9213 130.901 14.5 6
2010 8 29 23 55 26.5909 35.9397 130.899 13.7 7
2010 8 29 23 55 26.6205 35.8986 130.909 23.7 7
2010 8 29 23 55 33.7953 43.7036 136.269 19.2 7
2010 8 29 23 55 33.8513 43.6977 136.244 14.1 6
2010 8 29 23 55 34.3429 43.7242 136.345 7.8 5
2010 8 29 23 55 45.5661 35.0189 129.967 28.4 7
2010 8 29 23 55 49.2338 43.5615 135.595 17 5
2010 8 29 23 55 49.3113 43.4866 135.524 2.7 5
2010 8 29 23 55 49.4604 43.5066 135.488 5.3 5
2010 8 29 23 56 10.6018 35.5955 130.844 5 5
2010 8 29 23 56 10.6018 35.6392 130.815 26.9 6
2010 8 29 23 56 15.4517 43.7222 136.242 21.7 6
2010 8 29 23 57 26.3626 43.7162 136.243 7.6 5
2010 8 29 23 57 26.4286 43.7093 136.338 10.2 6
2010 8 29 23 57 26.4286 43.5485 136.136 29.5 5
2010 8 29 23 57 26.7267 43.7326 136.266 7 5
2010 8 29 23 57 29.7584 35.0135 129.881 7 5
2010 8 29 23 57 29.8045 35.0139 129.88 7.3 5
2010 8 29 23 57 51.6995 43.7004 136.297 8.3 5
2010 8 29 23 57 51.7464 43.7414 136.317 20.5 6
2010 8 29 23 57 51.8901 43.6888 136.281 16.9 6
2010 8 29 23 57 52.0245 43.7267 136.261 18.2 6
2010 8 29 23 57 52.2393 43.7382 136.239 12.7 6
2010 8 29 23 58 14.5558 35.6886 130.836 14.4 6
2010 8 29 23 58 14.9825 35.7156 130.877 13.7 6
2010 8 29 23 58 17.7612 43.757 135.989 5.2 5
2010 8 29 23 58 18.5913 43.7082 135.549 25.7 6
2010 8 29 23 59 10.1699 43.7287 136.282 3.4 5
2010 8 29 23 59 10.1979 43.7451 136.337 18.4 5
2010 8 29 23 59 10.3552 43.7269 136.346 9 5
2010 8 29 23 59 10.4173 43.729 136.303 8.5 6
2010 8 29 23 59 30.0427 43.7107 136.216 8.5 5
2010 8 29 23 59 43.7363 35.7785 130.91 29.2 5
2010 8 29 23 59 43.7828 35.7309 130.826 18.3 7
2010 8 30 0 0 12.3355 43.7057 136.25 6.2 5
2010 8 30 0 0 31.3223 43.758 136.318 21.2 6
2010 8 30 0 0 31.3813 43.6924 136.316 11.3 5
2010 8 30 0 0 31.4403 43.7258 136.303 18.2 5
2010 8 30 0 0 31.5748 43.707 136.299 6.1 5
2010 8 30 0 1 4.56711 43.8395 136.161 29.1 5
2010 8 30 0 1 4.74128 43.6411 136.235 3.9 5
2010 8 30 0 1 38.6657 43.7324 136.315 6.1 5
2010 8 30 0 1 39.7853 43.5825 136.181 22.5 5
2010 8 30 0 1 40.0222 43.713 136.047 17.9 6
2010 8 30 0 1 41.7321 35.9049 130.76 9.3 5
2010 8 30 0 2 8.91938 43.6962 136.28 29 8
2010 8 30 0 2 9.37274 43.7265 136.269 25.6 5
2010 8 30 0 2 11.1919 36.0041 130.987 14 6
2010 8 30 0 2 40.1802 43.7457 136.252 6.6 5
2010 8 30 0 2 40.1941 43.7455 136.288 2 5
2010 8 30 0 2 40.2811 43.7366 136.287 2.8 5
2010 8 30 0 2 40.3129 43.7377 136.344 10.7 5
2010 8 30 0 2 40.3362 43.7631 136.32 11.6 7
2010 8 30 0 3 10.3436 43.7304 136.292 15.5 7
2010 8 30 0 3 32.3675 35.8733 130.484 27.6 5
2010 8 30 0 3 32.3676 35.7738 130.87 5.9 5
2010 8 30 0 3 32.5124 35.8628 130.842 15.6 5
2010 8 30 0 3 52.8726 43.7515 136.353 26.6 5
2010 8 30 0 4 2.55894 43.7377 136.289 12.2 6
2010 8 30 0 4 30.8223 43.8781 136.413 16.3 5
2010 8 30 0 4 48.1465 43.8213 136.387 3.6 5
2010 8 30 0 5 0.706827 35.6962 130.821 24.8 7
2010 8 30 0 5 19.4615 43.8115 136.323 13.5 6
2010 8 30 0 5 19.5578 43.746 136.316 19.5 7
2010 8 30 0 5 20.1041 43.7629 136.311 7.9 5
2010 8 30 0 5 39.2128 43.7253 136.288 2 5
2010 8 30 0 6 18.161 43.7633 136.309 7.2 7
2010 8 30 0 6 30.4283 43.7543 136.315 18.9 6
2010 8 30 0 6 30.6052 43.7423 136.319 15.2 6
2010 8 30 0 7 8.85007 43.7664 136.383 21.5 5
2010 8 30 0 7 42.8365 35.7427 130.896 26.8 10
2010 8 30 0 7 42.8871 35.6832 130.834 24.5 9
2010 8 30 0 7 42.9485 35.6972 130.911 3.4 5
2010 8 30 0 7 43.0861 35.9207 130.658 4.2 5
2010 8 30 0 8 14.0169 44.1542 135.755 18.8 5
2010 8 30 0 8 14.0932 43.7442 136.356 25.9 6
2010 8 30 0 8 14.1242 43.7082 136.368 11.9 5
2010 8 30 0 9 29.8919 43.7363 136.319 5.7 5
2010 8 30 0 9 29.9747 43.72 136.422 12.7 5
2010 8 30 0 10 19.2421 43.7347 136.358 20.5 7
2010 8 30 0 10 19.3211 43.7581 136.293 7.8 6
2010 8 30 0 10 19.3733 43.7706 136.329 15.2 6
2010 8 30 0 10 19.4542 43.7465 136.288 4.5 5
2010 8 30 0 10 19.5017 43.7516 136.309 3.4 5
2010 8 30 0 10 21.6281 36.0162 133.354 27.7 5
2010 8 30 0 10 58.5149 43.8707 136.48 23.5 5
2010 8 30 0 11 49.5612 43.7629 136.387 26.4 5
2010 8 30 0 11 49.7044 43.7401 136.301 8 5
2010 8 30 0 11 49.7641 43.7428 136.37 13.3 6
2010 8 30 0 11 50.4183 43.7567 136.305 8.9 5
2010 8 30 0 12 16.1204 35.6709 130.909 25.9 5
2010 8 30 0 12 17.0593 43.7549 136.369 7.1 5
2010 8 30 0 12 34.6845 35.9903 131.028 18.6 5
2010 8 30 0 13 4.54472 43.7777 136.329 17.5 7
2010 8 30 0 13 17.0334 43.7764 136.423 5.3 6
2010 8 30 0 13 58.2196 35.9752 130.453 19.8 6
2010 8 30 0 14 12.6744 43.7586 136.408 15.8 6
2010 8 30 0 14 29.9226 43.7524 136.433 13.8 6
2010 8 30 0 14 30.0057 43.7633 136.32 5.6 5
2010 8 30 0 14 30.0756 43.7414 136.436 6.5 6
2010 8 30 0 14 46.2134 43.7558 136.419 19.5 6
2010 8 30 0 14 46.3289 43.7441 136.434 19.4 6
2010 8 30 0 14 48.7664 35.0438 130.087 15 5
2010 8 30 0 14 49.2093 35.8554 131.004 4.2 8
2010 8 30 0 15 0.81383 43.7498 136.421 5 5
2010 8 30 0 15 49.6636 43.7787 136.382 6.8 5
2010 8 30 0 15 49.785 43.7607 136.381 7.6 5
2010 8 30 0 15 54.7232 35.782 131.03 5.7 5
2010 8 30 0 15 55.4109 35.8746 131.002 16.1 6
2010 8 30 0 16 7.65738 43.7697 136.408 3.2 5
2010 8 30 0 16 7.96699 43.7811 136.465 10 6
2010 8 30 0 16 8.08708 43.7754 136.428 4.1 5
2010 8 30 0 16 8.35968 43.7745 136.425 4.2 5
2010 8 30 0 16 9.10935 43.9228 136.564 13.1 6
2010 8 30 0 16 17.9476 35.9509 131.074 23.8 5
2010 8 30 0 16 59.5265 43.627 135.974 4.7 5
2010 8 30 0 17 0.353693 43.7109 136.151 5 5
2010 8 30 0 17 1.06106 43.7181 136.161 14.1 6
2010 8 30 0 17 21.2478 35.9234 130.939 12.1 6
2010 8 30 0 17 57.5637 35.1389 129.6 12.7 5
2010 8 30 0 18 2.6159 43.795 136.431 4.5 5
2010 8 30 0 18 5.56036 35.9458 131.011 12.7 6
2010 8 30 0 19 2.83926 35.0391 130.045 8.2 6
2010 8 30 0 19 18.2392 43.7393 136.339 13.8 6
2010 8 30 0 19 50.8283 44.0398 136.212 4.5 5
2010 8 30 0 19 51.015 43.8364 136.482 6.6 6
2010 8 30 0 20 45.5746 43.8353 136.453 17.9 5
2010 8 30 0 20 45.6266 43.8304 136.475 16.9 7
2010 8 30 0 20 45.6968 43.8194 136.462 10.6 7
2010 8 30 0 20 45.7361 43.8328 136.458 5 5
2010 8 30 0 21 3.90783 43.8023 136.495 8.7 6
2010 8 30 0 21 18.8831 43.7358 136.52 9.1 6
2010 8 30 0 21 18.965 43.7919 136.434 8.4 6
2010 8 30 0 21 41.1219 43.8357 136.434 6.2 5
2010 8 30 0 22 4.75068 43.8204 136.612 16.4 5
2010 8 30 0 22 22.0859 43.8882 136.518 14.8 5
2010 8 30 0 22 44.6207 43.9558 136.672 18.2 5
2010 8 30 0 22 47.5004 43.7568 136.458 8.3 5
2010 8 30 0 23 13.0374 43.8067 136.512 13.4 5
2010 8 30 0 23 27.8493 43.8748 136.524 18.6 5
2010 8 30 0 24 19.763 43.8048 136.497 21.2 6
2010 8 30 0 24 32.6037 43.8314 136.53 6.1 5
2010 8 30 0 24 32.6704 43.8425 136.544 7.5 5
2010 8 30 0 24 32.7778 43.8549 136.506 5.9 5
2010 8 30 0 24 33.2135 43.8579 136.617 17.4 5
2010 8 30 0 24 33.2552 43.8695 136.555 14.5 6
2010 8 30 0 24 55.7003 43.7853 136.392 0.8 5
2010 8 30 0 24 55.7512 43.7842 136.405 4.6 5
2010 8 30 0 25 21.9093 43.9061 136.527 14.2 5
2010 8 30 0 25 57.0152 43.7973 136.448 18.1 6
2010 8 30 0 25 57.1049 43.8149 136.368 6.3 5
2010 8 30 0 25 57.3742 43.83 136.391 8.5 6
2010 8 30 0 25 57.4958 43.8204 136.401 5.1 5
2010 8 30 0 26 8.51603 43.8421 136.55 3.2 5
2010 8 30 0 26 31.6882 43.8576 136.577 23.1 6
2010 8 30 0 26 45.369 43.8074 136.451 18.1 7
2010 8 30 0 26 51.1138 35.0188 130.102 18.4 5
2010 8 30 0 26 51.1867 35.0102 130.075 15.3 7
2010 8 30 0 27 9.82927 43.7984 136.561 5.7 5
2010 8 30 0 27 9.82927 43.8786 136.49 3.8 5
2010 8 30 0 27 9.88993 43.8474 136.567 23.8 5
2010 8 30 0 27 9.9275 43.8099 136.566 10.3 5
2010 8 30 0 27 10.2165 43.8201 136.553 16.4 7
2010 8 30 0 27 20.8611 43.9028 136.446 16.2 6
2010 8 30 0 27 20.8889 43.794 136.411 4.8 6
2010 8 30 0 27 27.5376 43.9022 136.583 26.9 6
2010 8 30 0 27 27.5987 43.8177 136.561 23.4 5
2010 8 30 0 27 27.6463 43.8956 136.562 22.5 6
2010 8 30 0 27 27.6893 43.8778 136.566 20.4 6
2010 8 30 0 27 27.7532 43.8571 136.582 8.2 5
2010 8 30 0 27 27.8211 43.871 136.508 6.9 5
2010 8 30 0 27 37.3389 43.8627 136.536 11.4 6
2010 8 30 0 27 37.3913 44.011 136.515 22.4 5
2010 8 30 0 27 55.1346 43.8434 136.421 9.6 6
2010 8 30 0 28 1.09071 43.8836 136.549 4.8 5
2010 8 30 0 28 1.28525 43.8633 136.511 10.9 6
2010 8 30 0 28 20.149 35.2308 129.683 10.4 5
2010 8 30 0 28 20.2661 35.033 130.084 17.1 7
2010 8 30 0 28 20.6406 35.0061 130.07 4.9 5
2010 8 30 0 28 21.7153 35.0677 130.026 22.1 6
2010 8 30 0 28 25.5536 43.8532 136.531 8.7 5
2010 8 30 0 28 25.8426 43.8531 136.528 5.8 5
2010 8 30 0 28 37.4712 43.8736 136.588 9 7
2010 8 30 0 29 0.924824 43.9014 136.555 20.2 6
2010 8 30 0 29 0.941522 43.918 136.555 7.4 5
2010 8 30 0 29 1.00052 43.8759 136.525 20.2 6
2010 8 30 0 29 1.09973 43.8553 136.579 15.8 7
2010 8 30 0 29 1.24761 43.9093 136.543 19.1 6
2010 8 30 0 29 1.69139 43.8727 136.555 21.3 6
2010 8 30 0 29 6.56184 35.8423 131.041 16.2 5
2010 8 30 0 29 12.8883 43.9113 136.587 16.5 8
2010 8 30 0 29 13.0091 43.8523 136.6 27.4 7
2010 8 30 0 29 13.0109 43.9634 136.614 16.1 5
2010 8 30 0 29 17.1506 35.0248 130.107 13.5 6
2010 8 30 0 29 17.1841 35.0101 130.097 19.6 6
2010 8 30 0 29 17.2858 35.0307 130.138 19.9 5
2010 8 30 0 29 20.0259 43.8611 136.544 4.5 5
2010 8 30 0 29 40.604 43.7557 136.433 3.9 5
2010 8 30 0 29 40.6819 43.7843 136.435 3.3 5
2010 8 30 0 29 40.7482 43.8287 136.449 7.3 5
2010 8 30 0 30 8.81734 35.88 131.062 23 10
2010 8 30 0 30 8.87659 35.8774 131.031 23 7
2010 8 30 0 30 8.89762 43.9084 136.593 4.3 5
2010 8 30 0 30 8.949 35.8922 131.094 25.2 6
2010 8 30 0 30 9.11348 43.9193 136.602 17.6 6
2010 8 30 0 30 17.676 35.1252 130.107 21.7 6
2010 8 30 0 30 34.9256 35.0355 130.351 22.3 6
2010 8 30 0 30 43.74 35.8901 131.077 27.5 5
2010 8 30 0 30 54.753 43.8396 136.456 25.3 5
2010 8 30 0 31 4.18387 43.8891 136.538 3.3 5
2010 8 30 0 31 20.907 43.7679 136.324 5.9 7
2010 8 30 0 31 23.896 43.9381 136.578 5.3 5
2010 8 30 0 31 33.081 35.1201 130.011 7.5 6
2010 8 30 0 31 33.7818 35.1106 130.034 10.4 6
2010 8 30 0 31 33.8183 35.1348 130.042 12.8 8
2010 8 30 0 31 34.7687 43.8203 136.516 2.7 5
2010 8 30 0 31 34.8315 43.8082 136.561 21.7 6
2010 8 30 0 31 34.9196 43.8851 136.602 15.3 5
2010 8 30 0 31 53.5541 43.8535 136.507 17.3 5
2010 8 30 0 31 53.5541 43.7653 136.484 7.9 5
2010 8 30 0 32 3.04954 43.83 136.572 17.3 6
2010 8 30 0 32 16.9494 43.8837 136.549 2.9 5
2010 8 30 0 32 17.0171 43.9037 136.587 21.5 6
2010 8 30 0 32 17.2514 43.8724 136.55 4 5
2010 8 30 0 32 25.9336 43.8693 136.476 5.7 5
2010 8 30 0 32 26.0141 43.898 136.581 14.4 5
2010 8 30 0 32 26.1 43.8879 136.592 8.5 6
2010 8 30 0 32 34.8224 35.0832 129.969 23.4 5
2010 8 30 0 32 38.8511 43.8398 136.543 12.3 6
2010 8 30 0 32 38.9588 43.8518 136.566 7.3 5
2010 8 30 0 32 54.1351 43.854 136.501 14.7 7
2010 8 30 0 32 54.2598 43.7723 136.429 3.9 5
2010 8 30 0 32 54.3641 43.7789 136.566 14.9 5
2010 8 30 0 33 0.856691 43.8996 136.474 17 6
2010 8 30 0 33 5.01392 35.0209 130.263 4.9 6
2010 8 30 0 33 9.68119 43.9201 136.631 13.6 7
2010 8 30 0 33 9.71495 43.9312 136.659 10 6
2010 8 30 0 33 27.0178 43.8577 136.532 15.1 6
2010 8 30 0 33 44.0081 43.8442 136.525 11.4 6
2010 8 30 0 33 50.525 35.8521 131.134 17.9 5
2010 8 30 0 33 50.6333 35.833 131.107 7.4 7
2010 8 30 0 33 50.7912 35.8433 131.103 5.9 5
2010 8 30 0 33 57.4539 43.8331 136.494 14.8 6
2010 8 30 0 33 57.4959 43.8376 136.512 11.7 5
2010 8 30 0 33 57.565 43.8523 136.565 7.3 5
2010 8 30 0 33 57.6562 43.8003 136.556 5.2 5
2010 8 30 0 34 11.5102 43.9114 136.558 6 5
2010 8 30 0 34 21.089 43.8056 136.43 4.2 5
2010 8 30 0 34 41.3827 44.0363 136.542 11.5 5
2010 8 30 0 34 41.6504 43.871 136.579 19.1 7
2010 8 30 0 34 47.4585 35.857 131.136 4 5
2010 8 30 0 34 47.6692 35.9157 131.129 29.7 5
2010 8 30 0 34 48.2537 35.9623 131.111 16.3 6
2010 8 30 0 34 50.407 35.2438 130 1.1 5
2010 8 30 0 34 50.5359 35.1355 130.074 11.5 7
2010 8 30 0 34 50.563 35.1375 130.108 18.4 6
2010 8 30 0 34 54.2852 43.8263 136.519 2.8 5
2010 8 30 0 35 0.777614 43.924 136.573 15.1 6
2010 8 30 0 35 16.0018 43.8855 136.629 13.9 5
2010 8 30 0 35 26.0958 43.8931 136.53 0.8 5
2010 8 30 0 35 30.9055 35.9106 131.107 24.4 7
2010 8 30 0 35 31.1609 36.2116 130.586 23.7 6
2010 8 30 0 35 31.2769 35.9735 131.006 6.1 6
2010 8 30 0 35 31.4134 35.9017 131.052 4.5 5
2010 8 30 0 35 35.9292 35.0139 130.243 16.7 7
2010 8 30 0 35 36.0303 35.0485 130.268 7.3 6
2010 8 30 0 35 39.4965 43.8475 136.572 9.2 5
2010 8 30 0 35 42.5056 43.7429 136.358 12.8 6
2010 8 30 0 35 43.2011 43.7959 136.167 7 5
2010 8 30 0 35 43.8692 43.8982 136.581 2.7 5
2010 8 30 0 36 9.03849 43.8506 136.626 10.6 9
2010 8 30 0 36 9.47282 43.9985 136.456 7.3 5
2010 8 30 0 36 9.94815 43.8067 136.56 4.2 5
2010 8 30 0 36 10.0602 43.818 136.603 18.6 6
2010 8 30 0 36 28.5257 43.9367 136.572 20 6
2010 8 30 0 36 39.6763 43.8229 136.562 15.3 6
2010 8 30 0 36 39.8778 43.9244 136.524 22.1 5
2010 8 30 0 36 41.1048 35.1298 129.895 13.6 8
2010 8 30 0 36 50.9506 43.8844 136.511 7.4 5
2010 8 30 0 36 51.0349 44.1224 136.345 3.2 5
2010 8 30 0 36 51.035 43.8927 136.567 4.5 5
2010 8 30 0 36 51.1202 43.9581 136.642 29.1 6
2010 8 30 0 37 11.7264 44.1196 136.265 25.3 9
2010 8 30 0 37 12.4965 43.8845 136.688 2.9 5
2010 8 30 0 37 19.1214 36.0416 131.123 24.3 7
2010 8 30 0 37 19.1721 36.0699 131.11 17.7 7
2010 8 30 0 37 19.3839 35.0445 130.282 17.4 5
2010 8 30 0 37 37.7284 43.9948 136.442 27.6 5
2010 8 30 0 37 45.6422 43.8774 136.583 18.5 5
2010 8 30 0 37 45.8061 43.8943 136.584 24.1 6
2010 8 30 0 37 58.8574 35.1637 130.075 9.3 6
2010 8 30 0 37 59.1759 35.1423 130.099 23.9 8
2010 8 30 0 38 1.50104 43.7649 136.565 24.2 5
2010 8 30 0 38 1.62137 43.9241 136.624 25.4 5
2010 8 30 0 38 2.18086 43.9242 136.587 22.4 7
2010 8 30 0 38 7.18018 35.0151 130.344 6 5
2010 8 30 0 38 17.6685 35.4828 131.258 25.4 5
2010 8 30 0 38 17.8028 35.9142 131.116 20 6
2010 8 30 0 38 17.8838 35.9617 131.13 13.1 5
2010 8 30 0 38 17.9521 35.8677 131.121 29 7
2010 8 30 0 38 24.8897 43.8745 136.616 3.9 5
2010 8 30 0 38 41.1923 43.8346 136.532 16.9 7
2010 8 30 0 38 41.3609 43.7639 136.382 4.4 5
2010 8 30 0 38 44.9472 35.9247 131.094 18.6 5
2010 8 30 0 38 54.9131 43.8943 136.533 4.5 5
2010 8 30 0 38 55.1791 43.926 136.59 6.5 5
2010 8 30 0 39 11.7164 35.0363 130.264 16.3 5
2010 8 30 0 39 12.6093 43.9533 136.511 7.5 6
2010 8 30 0 39 38.6415 35.2967 130.571 4.1 5
2010 8 30 0 39 38.6833 35.3241 130.5 6.2 5
2010 8 30 0 39 51.1546 43.8802 136.618 15.6 6
2010 8 30 0 39 51.3115 43.8601 136.617 14.1 6
2010 8 30 0 39 51.3671 43.9701 136.592 18.5 5
2010 8 30 0 39 51.631 43.8896 136.582 6.1 5
2010 8 30 0 40 0.457213 35.9417 131.093 12.8 6
2010 8 30 0 40 0.508527 35.8723 131.149 3.4 5
2010 8 30 0 40 7.22088 43.8159 136.365 14.1 5
2010 8 30 0 40 7.62443 35.0515 130.283 12.1 8
2010 8 30 0 40 12.5997 43.8848 136.601 29 5
2010 8 30 0 40 12.8713 43.9028 136.668 8 5
2010 8 30 0 40 13.0747 43.9954 136.642 7.5 5
2010 8 30 0 40 30.9084 44.2575 135.914 19.2 5
2010 8 30 0 40 31.0264 43.8722 136.635 11.4 6
2010 8 30 0 40 44.3179 43.9283 136.634 4.7 5
2010 8 30 0 40 44.4765 43.9527 136.65 4.7 5
2010 8 30 0 40 44.6284 43.9133 136.62 4.6 5
2010 8 30 0 40 44.7256 43.9494 136.628 2.8 5
2010 8 30 0 40 49.0322 35.4447 130.625 4.6 6
2010 8 30 0 41 0.23556 43.9648 136.666 24.3 6
2010 8 30 0 41 0.63474 43.9097 136.618 7.8 5
2010 8 30 0 41 0.720845 43.9183 136.615 4.9 5
2010 8 30 0 41 10.3621 35.9173 131.116 17.4 5
2010 8 30 0 41 10.4428 36.1152 130.816 2.7 5
2010 8 30 0 41 10.5571 35.8727 131.131 6.7 5
2010 8 30 0 41 10.7953 35.9366 131.14 9.9 6
2010 8 30 0 41 10.9364 35.9367 131.145 17.1 6
2010 8 30 0 41 18.2062 43.8325 136.545 3.8 5
2010 8 30 0 41 18.3051 43.8884 136.547 21.9 6
2010 8 30 0 41 18.3866 43.8563 136.602 4.8 5
2010 8 30 0 41 18.4749 35.0263 130.264 15.5 7
2010 8 30 0 41 27.8437 43.8792 136.7 9.9 5
2010 8 30 0 41 27.902 43.9408 136.653 22.8 5
2010 8 30 0 41 27.9447 43.9127 136.669 18.2 7
2010 8 30 0 41 47.8118 43.8599 136.583 8.2 6
2010 8 30 0 41 47.8473 43.9296 136.59 20 7
2010 8 30 0 41 47.902 43.9779 136.649 9.9 6
2010 8 30 0 41 57.9988 43.5881 136.165 21.4 5
2010 8 30 0 42 8.2425 35.0331 130.317 25.3 6
2010 8 30 0 42 8.83073 35.0592 130.253 21.7 6
2010 8 30 0 42 38.0143 35.0411 130.34 14.9 5
2010 8 30 0 42 53.0727 43.7956 136.506 6.7 5
2010 8 30 0 42 53.1013 43.8258 136.546 16.8 6
2010 8 30 0 42 53.8244 43.7753 136.514 2.3 5
2010 8 30 0 43 5.422 43.8631 136.533 5.2 5
2010 8 30 0 43 8.75365 35.0266 130.253 5.1 5
2010 8 30 0 43 8.86174 35.0384 130.273 15.1 6
2010 8 30 0 43 23.2052 35.8079 131.232 21.5 7
2010 8 30 0 43 23.4314 35.9654 131.139 14.5 5
2010 8 30 0 43 29.0044 35.0145 130.27 10.3 5
2010 8 30 0 43 32.9528 43.6112 136.192 5.9 5
2010 8 30 0 43 38.6032 35.3902 130.586 21 6
2010 8 30 0 43 41.6196 35.0227 130.32 23.1 8
2010 8 30 0 43 48.2651 36.0503 131.559 16.1 6
2010 8 30 0 43 48.5179 36.0709 131.528 29.3 8
2010 8 30 0 43 51.5692 43.6775 136.257 6.5 5
2010 8 30 0 43 51.7191 43.6864 136.278 15.7 6
2010 8 30 0 44 6.99884 35.0706 130.317 27.2 7
2010 8 30 0 44 8.9489 43.902 136.663 5.3 5
2010 8 30 0 44 9.04609 43.9126 136.694 9.7 6
2010 8 30 0 44 9.32014 43.9063 136.631 5.3 5
2010 8 30 0 44 9.56968 43.9224 136.652 5.3 5
2010 8 30 0 44 15.1449 35.0505 130.266 10.9 6
2010 8 30 0 44 17.0096 43.8369 136.631 7.7 5
2010 8 30 0 44 54.7937 43.9132 136.585 15 7
2010 8 30 0 44 55.0364 43.9139 136.606 11.6 5
2010 8 30 0 45 9.20862 35.0283 130.318 19.2 6
2010 8 30 0 45 9.25891 35.0005 130.286 7.1 5
2010 8 30 0 45 9.29634 35.054 130.266 15.3 6
2010 8 30 0 45 18.8916 43.8889 136.631 18.3 7
2010 8 30 0 45 18.9696 43.8915 136.616 3.5 5
2010 8 30 0 45 19.3793 43.871 136.628 2.3 5
2010 8 30 0 45 29.0206 35.306 130.005 13.8 7
2010 8 30 0 45 29.0822 35.3257 130.035 21.1 7
2010 8 30 0 45 30.4988 43.6054 136.241 6.5 5
2010 8 30 0 45 30.5494 43.7103 136.233 8 5
2010 8 30 0 45 30.5494 43.6139 136.186 2.5 5
2010 8 30 0 45 30.5773 43.6277 136.227 17.4 6
2010 8 30 0 45 30.6028 43.6142 136.206 5 5
2010 8 30 0 45 58.9798 43.9258 136.661 18.9 6
2010 8 30 0 45 59.8118 43.9025 136.658 11.5 7
2010 8 30 0 46 12.0306 43.8531 136.726 13 7
2010 8 30 0 46 12.1682 43.8485 136.787 11.5 6
2010 8 30 0 46 12.2223 43.859 136.728 16.3 7
2010 8 30 0 46 12.7483 43.8536 136.71 4.9 5
2010 8 30 0 46 32.3749 43.8965 136.663 26.7 6
2010 8 30 0 46 38.1453 35.2571 130.042 2.3 5
2010 8 30 0 46 41.9419 35.9165 131.179 22.3 7
2010 8 30 0 46 42.0068 35.9424 131.244 28.1 8
2010 8 30 0 46 54.3641 43.8731 136.631 2.7 5
2010 8 30 0 46 54.4221 43.8793 136.686 11.2 6
2010 8 30 0 46 54.6926 43.8762 136.646 4.9 5
2010 8 30 0 46 54.7322 43.8778 136.7 11.6 6
2010 8 30 0 47 14.3864 36.0648 131.46 28.2 8
2010 8 30 0 47 17.7424 43.9022 136.655 17.4 6
2010 8 30 0 47 17.8552 43.9034 136.685 12.9 5
2010 8 30 0 47 27.1857 43.949 136.247 8 5
2010 8 30 0 47 27.2967 43.9393 136.228 3.8 5
2010 8 30 0 47 34.0704 43.9762 136.694 5 5
2010 8 30 0 47 42.1855 35.1382 130.109 28.8 8
2010 8 30 0 47 42.2241 35.1583 130.111 26.1 9
2010 8 30 0 47 42.2506 35.1241 130.068 22.7 7
2010 8 30 0 47 55.7127 43.9367 136.701 19.3 5
2010 8 30 0 47 55.8447 43.9349 136.703 20.9 5
2010 8 30 0 47 55.9484 43.9104 136.755 19.4 6
2010 8 30 0 48 4.00348 35.9104 131.143 25 6
2010 8 30 0 48 4.06619 35.9235 131.127 5.1 7
2010 8 30 0 48 4.13725 35.9475 131.181 22.3 9
2010 8 30 0 48 6.76731 35.0348 130.264 28.8 7
2010 8 30 0 48 36.6396 43.8155 136.589 11 7
2010 8 30 0 48 36.6793 43.8356 136.603 19.7 6
2010 8 30 0 48 42.0773 43.914 136.811 22 6
2010 8 30 0 48 42.4873 43.9702 136.716 4 5
2010 8 30 0 48 42.5742 43.9388 136.751 10.8 6
2010 8 30 0 48 59.5095 35.9001 130.805 17.4 5
2010 8 30 0 48 59.5095 35.9377 131.214 17.7 5
2010 8 30 0 49 7.71239 43.9078 136.732 13.9 6
2010 8 30 0 49 7.81208 43.8821 136.759 9.3 6
2010 8 30 0 49 7.84469 43.8746 136.799 10.1 5
2010 8 30 0 49 23.1099 43.8527 136.667 17.8 6
2010 8 30 0 49 23.281 43.8294 136.692 18.8 5
2010 8 30 0 49 27.7216 43.8915 136.757 4.1 5
2010 8 30 0 49 27.9664 43.8998 136.807 8.6 6
2010 8 30 0 49 28.1372 43.8905 136.835 10.7 6
2010 8 30 0 49 28.2019 43.8559 136.774 0.8 5
2010 8 30 0 49 28.2595 43.9239 136.838 9.1 5
2010 8 30 0 49 48.8973 43.8342 136.558 22 6
2010 8 30 0 50 10.2909 43.9755 136.788 9.1 5
2010 8 30 0 50 18.0248 43.8881 136.77 8 5
2010 8 30 0 50 19.3537 36.132 131.538 17.8 5
2010 8 30 0 50 26.9004 43.8938 136.801 15.9 6
2010 8 30 0 50 28.3853 43.9028 136.667 15.9 5
2010 8 30 0 50 37.2317 44.0444 136.775 10.9 5
2010 8 30 0 50 38.851 43.8764 136.745 8.5 5
2010 8 30 0 50 39.4055 43.8177 136.569 10.2 5
2010 8 30 0 50 39.7455 43.8161 136.596 4.2 5
2010 8 30 0 50 51.736 43.9555 136.744 11.7 6
2010 8 30 0 50 52.1588 35.0266 130.289 17.5 10
2010 8 30 0 50 52.1965 35.0193 130.296 4.9 5
2010 8 30 0 50 52.2254 35.0632 130.324 9.4 6
2010 8 30 0 50 52.2955 35.0182 130.237 3.3 5
2010 8 30 0 51 5.76508 43.828 136.57 17.5 6
2010 8 30 0 51 7.32319 43.9575 136.775 17.6 5
2010 8 30 0 51 14.575 43.8057 136.769 5 5
2010 8 30 0 51 18.2794 35.1662 130.486 12.2 5
2010 8 30 0 51 30.3811 43.9226 136.689 6.9 6
2010 8 30 0 51 30.4297 43.946 136.671 17.2 6
2010 8 30 0 51 34.6182 35.0747 130.294 18.2 6
2010 8 30 0 51 52.7313 43.9333 136.803 13.2 6
2010 8 30 0 51 53.1537 43.9291 136.74 2.1 5
2010 8 30 0 51 53.3054 43.9232 136.623 25.8 5
2010 8 30 0 51 53.4643 43.8439 136.623 15.2 7
2010 8 30 0 51 53.6099 43.8562 136.694 17.9 5
2010 8 30 0 52 8.62954 35.0419 130.225 25.4 7
2010 8 30 0 52 9.11066 35.0835 130.342 19.1 7
2010 8 30 0 52 16.1322 43.903 136.809 11.4 5
2010 8 30 0 52 16.7006 43.865 136.618 3 5
2010 8 30 0 52 16.7656 43.8136 136.587 4.6 5
2010 8 30 0 52 16.9322 44.2918 136.017 10.8 5
2010 8 30 0 52 31.9584 43.9751 136.843 21.8 6
2010 8 30 0 52 32.0603 43.9466 136.844 16 6
2010 8 30 0 52 32.2005 43.9517 136.816 3.7 5
2010 8 30 0 52 32.3911 43.953 136.791 2.4 5
2010 8 30 0 52 47.1203 35.0319 130.274 20.9 10
2010 8 30 0 52 55.8755 43.9376 136.833 3.7 5
2010 8 30 0 53 7.47347 43.8948 136.643 21.8 6
2010 8 30 0 53 15.6921 36.1493 131.66 18.3 5
2010 8 30 0 53 30.1543 43.9207 136.756 9.4 5
2010 8 30 0 53 34.1289 35.0618 130.255 14.2 5
2010 8 30 0 53 34.1581 35.0423 130.327 29.9 5
2010 8 30 0 53 34.2377 35.0783 130.317 13.8 7
2010 8 30 0 53 34.5514 35.0166 130.318 26.8 7
2010 8 30 0 53 40.5162 35.9969 131.082 10 5
2010 8 30 0 53 42.737 35.2538 129.853 7.2 5
2010 8 30 0 53 42.9642 43.9209 136.838 5.3 5
2010 8 30 0 53 58.2998 43.9569 136.82 7.4 5
2010 8 30 0 54 2.93028 43.8152 136.684 25.9 7
2010 8 30 0 54 20.0853 35.0245 130.295 20.5 5
2010 8 30 0 54 36.943 35.08 130.29 15.7 7
2010 8 30 0 54 41.5994 35.9909 131.255 15 5
2010 8 30 0 55 26.7052 35.239 129.858 19.6 9
2010 8 30 0 55 43.2073 35.9814 131.166 14.3 6
2010 8 30 0 55 46.5496 35.3513 130.493 10.9 6
2010 8 30 0 55 51.7248 44.0667 136.922 17.8 5
2010 8 30 0 55 51.7248 43.9535 136.898 5.3 5
2010 8 30 0 55 51.744 43.9623 136.883 2.7 5
2010 8 30 0 55 51.7723 43.9662 136.938 15.1 6
2010 8 30 0 55 52.3805 35.0492 130.315 27.5 9
2010 8 30 0 55 52.612 35.0791 130.248 10.4 6
2010 8 30 0 55 58.7339 43.913 136.63 18.3 6
2010 8 30 0 55 58.7655 44.0148 136.659 6.4 5
2010 8 30 0 56 23.7225 35.2053 129.882 3.4 5
2010 8 30 0 56 31.8899 43.9085 136.831 29 6
2010 8 30 0 56 43.7418 35.3045 130.457 16.7 6
2010 8 30 0 56 43.8592 35.3281 130.44 9.4 5
2010 8 30 0 56 51.6699 35.0475 130.283 2.6 5
2010 8 30 0 56 51.6934 35.0526 130.29 14.6 5
2010 8 30 0 56 51.755 35.088 130.269 17.5 7
2010 8 30 0 56 52.5773 35.0782 130.501 17 8
2010 8 30 0 56 52.5774 35.1138 130.382 19.6 7
2010 8 30 0 57 6.61425 35.3904 130.523 15.1 5
2010 8 30 0 57 8.77839 44.0958 136.906 10.1 6
2010 8 30 0 57 11.5188 44.2371 136.959 18.3 7
2010 8 30 0 57 17.5717 43.6223 136.297 2.3 5
2010 8 30 0 57 17.5953 43.6295 136.301 3.2 5
2010 8 30 0 57 25.5493 43.99 136.868 2.3 5
2010 8 30 0 57 25.5827 44.0211 136.952 16.1 5
2010 8 30 0 57 28.058 43.8662 136.769 3.8 5
2010 8 30 0 57 47.5196 35.313 130.525 27.5 5
2010 8 30 0 57 49.6926 43.965 136.769 3.8 5
2010 8 30 0 57 49.7494 43.9564 136.854 14.6 7
2010 8 30 0 57 49.8376 43.9692 136.843 17.4 7
2010 8 30 0 57 50.7949 35.1694 130.171 27 7
2010 8 30 0 58 3.27289 43.6418 136.305 4.3 5
2010 8 30 0 58 16.4913 43.8548 136.77 19.9 7
2010 8 30 0 58 16.5453 43.8506 136.754 5.1 5
2010 8 30 0 58 16.6254 44.0104 136.922 13.2 6
2010 8 30 0 58 25.7731 35.2418 129.863 18.6 5
2010 8 30 0 58 25.9579 35.2138 129.883 2.8 5
2010 8 30 0 58 31.7243 43.9726 136.845 2.5 5
2010 8 30 0 58 31.8664 43.9834 136.885 16 5
2010 8 30 0 58 32.0095 43.9387 136.916 5.7 6
2010 8 30 0 59 3.66344 43.9865 136.769 11 6
2010 8 30 0 59 9.52563 35.1104 130.344 13.9 5
2010 8 30 0 59 10.1042 35.0342 130.245 13.5 7
2010 8 30 0 59 18.2104 35.369 130.507 20.5 8
2010 8 30 0 59 42.7454 43.9361 136.821 19.5 6
2010 8 30 0 59 43.5969 43.94 136.681 8 5
2010 8 30 0 59 44.0174 43.8665 136.417 6.5 5
2010 8 30 0 59 44.1777 43.9095 136.431 10 6
2010 8 30 0 59 57.9544 35.48 130.193 17.6 5
2010 8 30 1 1 10.2868 43.6831 136.308 21.6 10
2010 8 30 1 1 10.4135 43.7376 136.296 2.3 5
2010 8 30 1 1 10.4135 43.6865 136.342 13.4 6
2010 8 30 1 1 10.4427 43.6547 136.34 4.2 6
2010 8 30 1 1 11.0693 43.9735 136.911 10.4 6
2010 8 30 1 1 12.2736 35.0975 130.29 14.6 9
2010 8 30 1 1 36.05 43.8507 136.743 4.1 5
2010 8 30 1 1 37.1909 43.8878 136.771 6.5 5
2010 8 30 1 2 11.9156 44.1057 137.035 5.5 5
2010 8 30 1 2 13.9346 43.6453 136.363 9.2 6
2010 8 30 1 2 14.0791 43.6885 136.338 14.2 7
2010 8 30 1 2 19.1462 35.0856 130.385 4.4 5
2010 8 30 1 2 19.5987 35.1597 130.346 13.2 5
2010 8 30 1 2 25.063 43.8034 136.78 3.5 6
2010 8 30 1 2 33.0498 35.3755 130.547 27.6 6
2010 8 30 1 2 34.0283 43.8608 136.933 21 6
2010 8 30 1 2 42.834 35.0522 129.954 6.4 5
2010 8 30 1 2 51.268 43.8285 136.905 5 5
2010 8 30 1 2 51.4473 43.8572 136.935 25.1 5
2010 8 30 1 2 51.955 43.8197 136.954 11.5 6
2010 8 30 1 3 5.25519 43.9673 136.995 14.2 6
2010 8 30 1 3 13.1232 43.6992 136.4 20.2 5
2010 8 30 1 3 37.3162 35.2569 130.181 14.2 7
2010 8 30 1 4 12.2389 43.8759 136.922 4.5 5
2010 8 30 1 4 22.6237 43.7013 136.418 11.5 8
2010 8 30 1 4 24.9648 43.8629 136.862 6.9 5
2010 8 30 1 4 29.0713 35.3449 130.517 21.8 10
2010 8 30 1 4 29.1766 35.3798 130.524 20.1 7
2010 8 30 1 4 38.4781 43.8802 136.885 5.5 5
2010 8 30 1 5 35.1852 44.0699 136.882 7 5
2010 8 30 1 5 35.2177 43.9986 136.871 1.9 5
2010 8 30 1 5 49.3474 43.943 136.95 23.2 6
2010 8 30 1 5 56.8662 35.9485 131.486 11.7 6
2010 8 30 1 5 56.9271 35.9446 131.401 4.5 5
2010 8 30 1 5 57.0341 35.9775 131.444 17.4 7
2010 8 30 1 5 57.0829 36.0147 131.474 14.3 5
2010 8 30 1 6 0.328243 43.6723 136.397 0.6 5
2010 8 30 1 6 19.8317 43.8867 136.965 3.6 5
2010 8 30 1 6 19.8916 43.8772 136.987 7.4 5
2010 8 30 1 6 34.0346 35.3385 130.533 3.4 5
2010 8 30 1 7 13.1078 44.0036 136.869 3.5 5
2010 8 30 1 7 14.0787 35.3878 130.541 17.9 6
2010 8 30 1 7 23.9182 43.8909 136.919 2 5
2010 8 30 1 7 24.0133 43.8714 136.885 8.6 5
2010 8 30 1 7 25.7809 35.1565 130.404 17.7 6
2010 8 30 1 7 51.0724 35.9419 131.417 29.2 6
2010 8 30 1 7 51.1409 35.9804 131.433 15.5 8
2010 8 30 1 8 6.92422 43.9862 136.964 8.6 5
2010 8 30 1 8 7.11057 43.9583 136.939 14.9 6
2010 8 30 1 8 15.2112 35.2921 129.914 20.5 6
2010 8 30 1 8 15.2493 35.2867 129.918 17.4 6
2010 8 30 1 8 15.8377 35.2817 129.869 16 5
2010 8 30 1 8 29.1455 35.2773 129.925 20.7 6
2010 8 30 1 8 29.149 35.0314 130.372 21 5
2010 8 30 1 8 48.974 43.9285 137.028 21.3 5
2010 8 30 1 8 49.289 43.9479 136.991 11.4 6
2010 8 30 1 8 50.9083 35.8685 131.369 15.4 7
2010 8 30 1 8 51.8249 35.1838 130.36 3 5
2010 8 30 1 8 51.9389 35.1671 130.324 22.9 9
2010 8 30 1 9 6.64167 35.2098 130.388 10.8 6
2010 8 30 1 9 9.2012 35.351 130.556 27.8 9
2010 8 30 1 9 9.2505 35.4123 130.573 15.2 5
2010 8 30 1 9 9.31131 35.3902 130.534 17.3 7
2010 8 30 1 9 9.37299 35.336 130.548 4.3 5
2010 8 30 1 9 45.2157 43.8917 136.984 6.4 5
2010 8 30 1 9 45.3759 43.9129 136.971 5.5 6
2010 8 30 1 9 45.4934 43.9293 137.056 13.7 6
2010 8 30 1 9 45.6581 43.9173 137.005 13.6 5
2010 8 30 1 9 50.6912 35.068 130.345 21.2 6
2010 8 30 1 10 28.4384 35.3997 130.51 12.9 7
2010 8 30 1 10 28.4742 35.3638 130.589 3.2 5
2010 8 30 1 10 28.5816 35.4356 130.527 16.7 7
2010 8 30 1 10 30.9458 35.2607 129.826 24 6
2010 8 30 1 10 33.5938 43.9969 136.934 25 5
2010 8 30 1 10 33.7344 43.907 137.032 12.4 5
2010 8 30 1 10 34.5181 43.9194 136.965 3.2 5
2010 8 30 1 10 43.4194 35.8966 131.371 3.4 5
2010 8 30 1 10 57.6402 43.913 136.979 16.6 5
2010 8 30 1 10 58.0624 35.2297 130.301 20.3 5
2010 8 30 1 11 3.56001 43.9105 137.044 10.8 5
2010 8 30 1 11 18.034 35.0352 130.312 19.7 8
2010 8 30 1 11 25.6742 35.271 130.304 9.8 5
2010 8 30 1 11 42.7388 43.8925 137.02 19.3 5
2010 8 30 1 12 11.4549 44.0746 136.973 12.8 6
2010 8 30 1 12 26.051 43.72 136.434 4.2 5
2010 8 30 1 12 26.0675 43.7078 136.411 10.9 6
2010 8 30 1 12 26.1088 43.7454 136.44 15.7 7
2010 8 30 1 12 29.052 43.9141 136.999 4.8 5
2010 8 30 1 12 32.1004 35.3838 130.566 18.8 8
2010 8 30 1 12 32.2541 35.4117 130.549 4.5 5
2010 8 30 1 12 32.2558 35.7685 129.996 16.2 5
2010 8 30 1 12 56.7688 43.8328 137.093 23.3 5
2010 8 30 1 12 56.7754 35.2118 130.423 29.9 6
2010 8 30 1 13 17.809 44.0565 136.984 18.5 6
2010 8 30 1 13 17.8498 44.0304 137.024 7.6 5
2010 8 30 1 13 17.8936 44.05 136.977 19.4 6
2010 8 30 1 13 17.9246 44.0455 136.974 14.4 7
2010 8 30 1 13 19.5149 44.2392 136.957 3.5 5
2010 8 30 1 13 19.535 36.1315 131.69 24.6 9
2010 8 30 1 13 38.6355 43.8463 137.057 11.5 6
2010 8 30 1 13 38.9226 43.9437 137.021 11.6 6
2010 8 30 1 13 49.1858 35.9096 131.363 24.4 6
2010 8 30 1 14 11.6579 43.9842 136.912 6 5
2010 8 30 1 14 34.6896 35.1471 130.422 2.6 5
2010 8 30 1 14 38.9273 43.9514 137.038 19.6 5
2010 8 30 1 14 39.0661 43.9338 137.04 17.1 7
2010 8 30 1 15 9.8975 35.3384 130.507 18.5 7
2010 8 30 1 15 19.768 35.1947 130.392 12.4 8
2010 8 30 1 15 28.8894 35.3336 130.48 23.5 5
2010 8 30 1 15 33.5428 44.1543 136.995 9.1 5
2010 8 30 1 15 49.7267 35.2326 130.508 15.3 5
2010 8 30 1 15 50.1492 43.8 137.103 8.2 5
2010 8 30 1 15 50.38 43.8482 137.056 17.2 5
2010 8 30 1 15 55.4382 43.7752 136.476 11.6 7
2010 8 30 1 16 11.0723 35.1956 130.373 5.2 5
2010 8 30 1 16 11.1189 35.1948 130.375 6.1 6
2010 8 30 1 16 24.4559 43.8449 137.065 20.9 6
2010 8 30 1 16 41.6658 35.1475 130.394 13.8 5
2010 8 30 1 16 43.5125 35.3003 129.637 22.2 5
2010 8 30 1 16 57.8871 43.864 137.019 18.6 6
2010 8 30 1 17 18.8584 35.0047 130.469 28.5 5
2010 8 30 1 17 18.9248 35.1699 130.343 6.4 6
2010 8 30 1 17 31.0913 35.33 130.573 15.1 5
2010 8 30 1 17 42.0987 43.9602 137.05 3.5 6
2010 8 30 1 17 42.1481 43.9772 137.051 3.8 5
2010 8 30 1 17 42.2096 43.936 137.006 6.7 5
2010 8 30 1 17 42.6742 43.9384 136.981 23 7
2010 8 30 1 17 48.4233 35.2029 130.394 19.4 7
2010 8 30 1 17 48.5643 35.1744 130.39 5.6 5
2010 8 30 1 17 48.9291 35.0688 130.408 17.1 6
2010 8 30 1 18 5.77393 35.2908 130.31 26.2 5
2010 8 30 1 18 13.978 35.3174 130.503 5.6 5
2010 8 30 1 18 14.1252 35.1756 130.395 25.9 8
2010 8 30 1 18 21.8671 35.9609 131.547 24.7 7
2010 8 30 1 18 32.9174 44.0441 137.097 12.5 5
2010 8 30 1 18 32.9833 43.9086 137.046 3.2 5
2010 8 30 1 18 33.0451 43.9556 137.082 14.4 7
2010 8 30 1 18 34.4564 35.1161 130.367 6.9 6
2010 8 30 1 18 48.3486 43.8554 137.017 21.1 6
2010 8 30 1 18 58.2128 35.2088 130.535 18.1 5
2010 8 30 1 19 30.8303 44.0208 137.159 24.1 5
2010 8 30 1 19 41.9393 35.2084 130.41 15.5 6
2010 8 30 1 19 42.1407 35.1909 130.419 6.7 5
2010 8 30 1 19 46.4789 43.8823 137.087 22.4 8
2010 8 30 1 19 46.5628 43.8504 137.045 3.3 5
2010 8 30 1 20 0.741414 36.3604 130.857 22.6 6
2010 8 30 1 20 1.83303 35.2136 130.344 5.7 6
2010 8 30 1 20 2.85851 35.3151 130.583 3.6 5
2010 8 30 1 20 3.19074 35.3589 130.557 12.2 6
2010 8 30 1 20 11.5949 35.0621 130.467 22 5
2010 8 30 1 20 11.5949 35.0101 130.398 23.4 6
2010 8 30 1 20 19.3148 35.1577 130.389 4.2 5
2010 8 30 1 20 26.082 43.9658 137.103 18.1 6
2010 8 30 1 20 26.1375 43.9346 137.119 2.5 5
2010 8 30 1 20 26.2023 43.9802 137.091 8.1 5
2010 8 30 1 20 26.6015 43.9761 137.124 18 6
2010 8 30 1 21 24.4296 35.0676 130.451 23.6 8
2010 8 30 1 21 43.5113 43.9858 137.076 6.3 5
2010 8 30 1 21 44.0749 43.9402 137.129 3.2 5
2010 8 30 1 21 44.3837 43.9468 137.18 14.4 5
2010 8 30 1 22 0.064485 35.164 130.388 21.4 8
2010 8 30 1 22 0.138589 35.1675 130.421 22 7
2010 8 30 1 22 0.829253 35.2004 130.408 14.6 7
2010 8 30 1 22 31.0149 35.2187 130.3 8.1 6
2010 8 30 1 22 44.6581 35.4568 130.564 13.4 6
2010 8 30 1 22 51.2689 43.8849 137.155 10.5 5
2010 8 30 1 23 2.52469 35.3271 130.451 4.3 5
2010 8 30 1 23 18.7738 35.0506 130.325 26.8 5
2010 8 30 1 23 41.827 35.232 130.393 10.2 6
2010 8 30 1 23 41.9164 35.2178 130.373 12.2 7
2010 8 30 1 23 44.5099 35.3985 130.465 17.8 9
2010 8 30 1 23 44.5448 35.35 130.482 6 5
2010 8 30 1 23 44.5828 35.354 130.465 23.3 6
2010 8 30 1 24 5.00498 43.7774 136.441 4.4 5
2010 8 30 1 24 15.0488 35.2864 130.309 15.5 6
2010 8 30 1 24 25.3593 35.2353 130.401 17.4 7
2010 8 30 1 24 33.8402 35.323 130.488 19.8 7
2010 8 30 1 24 33.8403 35.3462 130.518 23.7 5
2010 8 30 1 24 33.9185 35.3249 130.476 2.6 5
2010 8 30 1 24 34.5766 35.373 130.468 15.1 9
2010 8 30 1 24 34.7121 35.3557 130.463 18.8 11
2010 8 30 1 25 8.35031 35.1911 130.421 19.9 7
2010 8 30 1 25 8.41807 35.2313 130.387 16 8
2010 8 30 1 25 15.7858 35.2936 130.275 28.1 9
2010 8 30 1 25 15.8286 35.3174 130.281 12.8 8
2010 8 30 1 25 15.9288 35.2747 130.242 29.2 6
2010 8 30 1 25 18.4381 35.4304 130.492 12.2 5
2010 8 30 1 25 42.3493 35.2506 130.393 17.3 7
2010 8 30 1 25 42.9284 35.2067 130.4 2.4 5
2010 8 30 1 25 45.6494 36.0906 131.546 12.7 7
2010 8 30 1 26 0.950142 43.81 136.48 15.7 10
2010 8 30 1 26 10.7685 35.3884 130.495 25.5 9
2010 8 30 1 26 12.6597 35.2588 130.429 17.2 7
2010 8 30 1 26 13.3559 43.9357 137.184 20.5 5
2010 8 30 1 26 36.4686 35.4147 130.463 15.1 8
2010 8 30 1 26 36.5312 35.3798 130.488 18.8 5
2010 8 30 1 26 43.5845 35.8794 131.416 17.5 6
2010 8 30 1 26 43.7098 36.1591 130.86 19.1 5
2010 8 30 1 26 44.1895 35.8897 131.405 15.3 7
2010 8 30 1 27 7.12813 44.2276 137.192 5.9 5
2010 8 30 1 27 18.7188 35.3905 130.419 4.4 5
2010 8 30 1 27 25.7362 43.7861 136.553 22.2 5
2010 8 30 1 27 25.9676 43.7854 136.551 16 6
2010 8 30 1 27 25.9971 43.761 136.518 8.2 5
2010 8 30 1 28 12.4593 35.5188 129.882 17.3 5
2010 8 30 1 28 12.5686 35.2492 130.4 15.4 8
2010 8 30 1 28 12.647 35.2594 130.368 5.9 8
2010 8 30 1 28 13.0658 35.2131 130.495 8.1 5
2010 8 30 1 28 13.1777 35.2659 130.46 10.9 7
2010 8 30 1 28 26.804 35.3727 130.467 27.4 13
2010 8 30 1 28 26.8724 35.4063 130.482 12.6 6
2010 8 30 1 28 26.8985 35.4296 130.49 14.8 5
2010 8 30 1 29 2.12284 35.232 130.466 16.2 7
2010 8 30 1 29 2.45141 35.2631 130.458 21 7
2010 8 30 1 29 2.51878 35.2025 130.471 4.1 5
2010 8 30 1 29 13.0146 35.3652 130.477 3.1 5
2010 8 30 1 29 13.0512 35.4063 130.479 23.6 6
2010 8 30 1 29 44.2109 35.3522 130.438 11.4 6
2010 8 30 1 29 44.4342 35.4343 130.486 12.6 9
2010 8 30 1 29 44.5051 35.4257 130.486 15.6 9
2010 8 30 1 29 52.8256 35.2102 130.388 5.7 5
2010 8 30 1 29 52.9269 35.1743 130.442 6 5
2010 8 30 1 29 53.6487 43.877 137.288 16.8 7
2010 8 30 1 30 10.0639 35.3875 130.48 10.5 6
2010 8 30 1 30 10.1416 35.4294 130.504 9.1 6
2010 8 30 1 30 18.4101 35.2412 130.451 15.1 6
2010 8 30 1 30 51.3684 35.4392 130.5 7.4 5
2010 8 30 1 31 5.68933 35.3503 130.467 16.3 7
2010 8 30 1 31 22.9117 35.4054 130.473 12.5 8
2010 8 30 1 32 3.9383 35.4231 130.535 15.5 7
2010 8 30 1 32 14.1785 36.0583 131.582 29.7 6
2010 8 30 1 32 43.5293 35.2308 130.347 25.1 5
2010 8 30 1 32 57.4025 35.9765 131.403 5.2 5
2010 8 30 1 32 57.86 35.8709 131.391 7.1 8
2010 8 30 1 33 1.61123 35.39 130.527 8.2 6
2010 8 30 1 33 1.65376 35.4298 130.54 19.7 6
2010 8 30 1 33 1.73734 35.3717 130.6 20.2 7
2010 8 30 1 33 40.1415 35.4359 130.488 13.5 7
2010 8 30 1 33 40.166 35.4184 130.496 16.3 8
2010 8 30 1 33 40.2955 35.4048 130.525 17.2 7
2010 8 30 1 33 40.5619 35.4941 130.513 13.1 5
2010 8 30 1 33 42.7535 35.2291 130.475 3.2 5
2010 8 30 1 34 0.750597 35.0367 129.771 17.5 5
2010 8 30 1 34 11.3247 35.8501 131.402 23.1 8
2010 8 30 1 34 11.3822 35.8158 131.38 14.2 5
2010 8 30 1 35 5.13441 35.4238 130.509 12.9 7
2010 8 30 1 35 5.16667 35.412 130.491 19.6 5
2010 8 30 1 35 5.22423 35.3948 130.486 4.6 5
2010 8 30 1 35 5.28236 35.5876 130.38 2.7 5
2010 8 30 1 35 37.7058 35.4037 130.533 21.8 5
2010 8 30 1 35 37.7692 35.4471 130.396 8.9 5
2010 8 30 1 35 37.8123 35.3746 130.483 21.6 10
2010 8 30 1 36 5.0766 35.3777 130.564 5 5
2010 8 30 1 36 5.12638 35.4279 130.537 18.4 6
2010 8 30 1 36 35.5504 35.2374 130.474 5.9 5
2010 8 30 1 36 38.7737 35.3685 130.599 29.7 7
2010 8 30 1 36 38.8677 35.3827 130.523 23.4 9
2010 8 30 1 36 46.8333 44.3887 137.507 12.4 5
2010 8 30 1 36 47.2982 44.1593 137.085 5.6 6
2010 8 30 1 37 24.2341 35.4002 130.487 17.6 6
2010 8 30 1 37 40.3645 35.3566 130.525 3 5
2010 8 30 1 37 42.1327 35.3628 130.486 18 5
2010 8 30 1 37 42.2917 35.2889 130.458 13.2 7
2010 8 30 1 38 29.3206 35.2923 130.482 18 6
2010 8 30 1 38 44.4445 35.431 130.544 18.8 6
2010 8 30 1 38 52.5385 35.2939 130.469 7.1 5
2010 8 30 1 39 19.2705 35.3825 130.409 19.2 8
2010 8 30 1 39 44.5585 35.4272 130.523 27 7
2010 8 30 1 39 44.679 35.4316 130.542 16.8 8
2010 8 30 1 39 52.9048 35.3479 130.234 14.7 8
2010 8 30 1 41 8.91893 35.2708 130.497 20.8 8
2010 8 30 1 41 42.5305 35.3271 130.486 3.6 5
2010 8 30 1 41 42.5948 35.3675 130.44 5.4 5
2010 8 30 1 41 42.7984 35.3307 130.491 2.9 5
2010 8 30 1 42 2.60179 36.3312 131.055 22 5
2010 8 30 1 42 7.55149 35.3683 130.451 24.1 9
2010 8 30 1 42 7.72634 35.4188 130.544 29.5 6
2010 8 30 1 42 7.80277 35.4675 130.493 13.3 6
2010 8 30 1 42 7.82608 35.4553 130.558 8.2 6
2010 8 30 1 42 23.4322 35.6913 129.829 22.3 5
2010 8 30 1 42 23.6147 35.3218 130.421 22.6 7
2010 8 30 1 42 23.6424 35.3608 130.378 5 5
2010 8 30 1 42 40.3253 35.376 130.469 11.3 7
2010 8 30 1 42 40.5268 35.3428 130.465 15.5 7
2010 8 30 1 43 35.5536 35.382 130.536 16.5 7
2010 8 30 1 43 36.1533 35.2165 130.513 23.8 5
2010 8 30 1 44 26.8046 43.9119 137.34 15.6 6
2010 8 30 1 44 59.8208 35.3931 130.492 19.2 6
2010 8 30 1 44 59.9141 35.643 130.008 14.9 6
2010 8 30 1 45 0.356152 35.3916 130.468 16.6 6
2010 8 30 1 45 27.6695 35.3981 130.457 17.6 7
2010 8 30 1 46 4.58121 35.3147 130.49 11 6
2010 8 30 1 46 34.9276 35.4197 130.466 6.2 5
2010 8 30 1 46 35.0579 35.4737 130.523 15 5
2010 8 30 1 46 37.8104 35.3804 130.251 23.1 8
2010 8 30 1 47 3.77509 35.338 130.514 19.1 7
2010 8 30 1 47 4.06869 35.2176 130.417 23.4 7
2010 8 30 1 47 4.13334 35.314 130.521 29.5 8
2010 8 30 1 47 19.6489 35.326 130.513 14 7
2010 8 30 1 47 21.7435 35.4134 130.329 27.7 5
2010 8 30 1 47 42.7976 35.3521 130.541 24.5 8
2010 8 30 1 47 42.9974 35.3617 130.506 23.3 5
2010 8 30 1 47 43.5867 35.6781 130.003 21.2 5
2010 8 30 1 47 48.5703 35.8656 131.454 25.2 10
2010 8 30 1 48 10.6299 35.345 130.478 25.7 8
2010 8 30 1 48 10.7248 35.2718 130.53 6.4 5
2010 8 30 1 48 13.8926 35.3998 130.427 15.4 6
2010 8 30 1 48 14.2173 35.3575 130.389 26.8 6
2010 8 30 1 48 36.7682 35.3351 130.512 11.7 6
2010 8 30 1 48 49.1698 44.2916 137.315 29.7 6
2010 8 30 1 48 49.1698 44.2555 137.356 8.3 5
2010 8 30 1 48 59.1568 35.2842 130.459 28 6
2010 8 30 1 49 6.21287 35.3747 130.468 6.4 5
2010 8 30 1 49 6.75656 35.3726 130.538 23.5 6
2010 8 30 1 49 9.59473 35.0905 130.412 25.3 6
2010 8 30 1 49 10.433 35.0326 130.378 3 6
2010 8 30 1 49 10.524 35.0768 130.361 13.1 6
2010 8 30 1 50 0.191197 35.3102 130.536 8.2 5
2010 8 30 1 50 0.273942 35.3599 130.524 12.8 6
2010 8 30 1 50 25.0542 35.3567 130.502 25.5 5
2010 8 30 1 50 51.1482 35.2706 130.038 15 5
2010 8 30 1 50 52.5226 35.0807 130.295 15.3 6
2010 8 30 1 51 12.5341 35.3073 130.544 10.4 6
2010 8 30 1 51 12.5342 35.2911 130.466 22.6 6
2010 8 30 1 51 31.7036 35.344 130.532 11.5 7
2010 8 30 1 51 31.816 35.3634 130.52 15.7 7
2010 8 30 1 51 32.4514 35.2823 130.535 6.2 5
2010 8 30 1 52 16.6349 35.3146 130.496 29.4 9
2010 8 30 1 52 16.6915 35.329 130.496 15.6 8
2010 8 30 1 52 16.8762 35.3325 130.527 25.5 6
2010 8 30 1 52 35.0797 35.3323 130.522 20 9
2010 8 30 1 52 35.1807 35.6219 130.042 22.8 5
2010 8 30 1 52 35.6192 35.3464 130.543 6.6 5
2010 8 30 1 52 49.4092 35.3789 130.488 24 10
2010 8 30 1 52 49.5017 35.4086 130.459 15.1 5
2010 8 30 1 53 24.3436 35.4474 130.62 30 7
2010 8 30 1 53 46.2964 35.3381 130.524 23.2 9
2010 8 30 1 53 46.4047 35.3592 130.525 13.2 8
2010 8 30 1 53 46.4763 35.3184 130.533 23.6 8
2010 8 30 1 53 56.382 35.4413 130.632 13.3 7
2010 8 30 1 54 13.4911 35.3571 130.53 14.8 6
2010 8 30 1 54 13.5591 35.3891 130.492 10.9 7
2010 8 30 1 54 41.3056 35.4547 130.629 20.3 6
2010 8 30 1 54 41.6162 35.3886 130.625 5.9 5
2010 8 30 1 54 41.767 35.4276 130.594 10 7
2010 8 30 1 54 54.6418 35.8431 131.745 2.7 5
2010 8 30 1 54 55.6427 35.3992 130.536 29.9 6
2010 8 30 1 55 0.996453 35.3231 130.25 3.9 5
2010 8 30 1 55 1.60139 35.3966 130.193 0.9 5
2010 8 30 1 55 23.5789 35.3704 130.493 15.6 6
2010 8 30 1 55 23.6706 35.4015 130.498 17.5 6
2010 8 30 1 55 35.1045 35.4348 130.555 15.8 7
2010 8 30 1 55 43.1152 35.4414 130.569 21.6 7
2010 8 30 1 55 46.7372 35.4571 130.601 24.3 6
2010 8 30 1 55 59.1395 35.4034 130.576 7.5 7
2010 8 30 1 56 26.417 35.9047 131.646 7.8 5
2010 8 30 1 56 28.0434 35.3765 130.468 7.8 5
2010 8 30 1 56 45.0989 35.3282 130.588 6.7 5
2010 8 30 1 56 49.6987 35.3711 130.589 4 5
2010 8 30 1 56 53.7879 35.2906 130.574 2.7 5
2010 8 30 1 57 15.4931 35.3589 130.554 27 10
2010 8 30 1 57 15.5744 35.3763 130.558 18.6 6
2010 8 30 1 57 15.7617 35.3993 130.584 14.3 6
2010 8 30 1 57 18.3016 35.4189 130.585 4.9 6
2010 8 30 1 57 36.6638 35.3959 130.567 16.2 7
2010 8 30 1 57 53.1556 35.3614 130.553 13.1 7
2010 8 30 1 57 53.2002 35.348 130.546 12.4 6
2010 8 30 1 58 13.798 35.363 130.532 21.8 11
2010 8 30 1 58 19.459 35.3787 130.647 23.5 5
2010 8 30 1 58 30.558 35.3183 130.597 5.7 5
2010 8 30 1 58 31.7089 35.603 130.447 3.5 5
2010 8 30 1 58 47.4339 35.3773 130.558 27 9
2010 8 30 1 58 59.5955 35.3849 130.575 14.9 9
2010 8 30 1 59 8.69187 35.3758 130.555 11.6 6
2010 8 30 1 59 15.7619 35.3844 130.642 1.9 5
2010 8 30 1 59 16.1536 35.4454 130.605 12.4 6
2010 8 30 1 59 35.5017 35.4029 130.55 5.4 5
2010 8 30 1 59 35.7067 35.4632 130.58 14.6 8
2010 8 30 1 59 42.2331 36.0129 131.971 24.2 5
2010 8 30 1 59 42.2825 35.88 131.719 24.5 6
2010 8 30 1 59 58.4871 35.3424 130.6 6.2 5
2010 8 30 2 0 21.5239 35.3431 130.606 26 9
2010 8 30 2 0 21.6517 35.3337 130.599 6.6 5
2010 8 30 2 0 51.4367 35.3985 130.609 25.1 5
2010 8 30 2 0 51.813 35.107 130.476 6.3 5
2010 8 30 2 0 52.2907 35.0984 130.416 16 6
2010 8 30 2 1 19.7131 35.3713 130.614 9 5
2010 8 30 2 1 35.6452 35.4489 130.601 22 6
2010 8 30 2 1 52.152 35.7375 129.996 16.2 5
2010 8 30 2 1 52.1521 35.3385 130.68 17 5
2010 8 30 2 1 52.7778 35.319 130.677 4.6 5
2010 8 30 2 1 53.3017 35.4001 130.634 23.6 8
2010 8 30 2 2 1.5684 35.0982 130.405 18.1 9
2010 8 30 2 2 15.5489 35.408 130.593 3.1 5
2010 8 30 2 2 15.7012 35.391 130.622 24.1 6
2010 8 30 2 2 15.8408 35.4309 130.563 7.8 5
2010 8 30 2 2 31.7092 35.4231 130.576 17.3 6
2010 8 30 2 2 40.6103 35.4211 130.583 15.1 8
2010 8 30 2 2 53.067 35.4223 130.546 23.5 10
2010 8 30 2 2 53.2924 35.5007 130.569 26 5
2010 8 30 2 3 6.00908 35.4179 130.603 25.5 7
2010 8 30 2 3 6.09417 35.407 130.572 14.6 7
2010 8 30 2 3 13.4133 35.4328 130.581 9.2 5
2010 8 30 2 3 27.7539 35.4116 130.566 11.1 5
2010 8 30 2 3 33.0923 35.3882 130.65 13.8 5
2010 8 30 2 3 33.6966 35.4199 130.584 14.1 6
2010 8 30 2 3 39.489 35.4306 130.572 7.5 6
2010 8 30 2 4 28.2263 35.469 130.59 9 5
2010 8 30 2 4 37.4259 35.3774 130.631 17.4 6
2010 8 30 2 4 55.0089 35.4539 130.585 12.1 7
2010 8 30 2 5 28.5364 35.4295 130.517 23.9 9
2010 8 30 2 5 28.6672 35.4191 130.528 26.4 9
2010 8 30 2 5 51.8478 35.3348 130.678 2.5 5
2010 8 30 2 5 58.4229 35.4831 130.627 13.4 5
2010 8 30 2 5 58.8828 35.4087 130.635 8 6
2010 8 30 2 6 5.87108 36.483 131.314 19.5 6
2010 8 30 2 6 30.6807 35.492 130.53 12.1 5
2010 8 30 2 6 30.9206 35.4214 130.643 17.5 5
2010 8 30 2 6 40.2896 35.3969 130.633 8.9 6
2010 8 30 2 6 59.9857 35.7055 130.199 14.4 5
2010 8 30 2 7 0.127215 35.4575 130.597 12.2 7
2010 8 30 2 7 0.332706 35.4791 130.592 16.5 8
2010 8 30 2 7 8.55132 35.3826 130.625 6.4 6
2010 8 30 2 7 14.7182 35.3951 130.661 1.6 5
2010 8 30 2 7 33.7914 35.3922 130.659 27.9 6
2010 8 30 2 7 57.2887 35.1004 130.477 23.3 12
2010 8 30 2 7 57.6431 35.3841 130.701 8 5
2010 8 30 2 8 5.42109 35.4628 130.552 5.4 6
2010 8 30 2 8 5.56663 35.338 130.438 25 9
2010 8 30 2 8 23.6791 35.4149 130.681 15.5 7
2010 8 30 2 8 37.2341 36.1044 131.793 8.2 5
2010 8 30 2 8 39.621 35.6224 130.404 2.8 5
2010 8 30 2 8 39.7 35.4302 130.621 12.8 6
2010 8 30 2 8 47.1724 35.4868 130.626 19.3 7
2010 8 30 2 8 47.2427 35.4773 130.642 21.7 6
2010 8 30 2 8 53.1723 35.4095 130.687 12.6 8
2010 8 30 2 8 53.2943 35.4272 130.714 18.2 5
2010 8 30 2 9 3.85012 35.4395 130.608 6.9 5
2010 8 30 2 9 13.458 35.2422 129.611 21.1 5
2010 8 30 2 9 14.0199 35.0223 130.25 10.1 6
2010 8 30 2 9 21.3255 35.4125 130.626 7.2 5
2010 8 30 2 9 36.9801 35.4633 130.621 16.1 6
2010 8 30 2 9 37.4457 35.4469 130.56 18.9 5
2010 8 30 2 9 49.2092 35.4362 130.539 22.4 7
2010 8 30 2 10 1.68545 35.2949 130.635 7.4 5
2010 8 30 2 10 9.02535 35.4622 130.606 14 8
2010 8 30 2 10 9.03021 35.4943 130.637 25.1 7
2010 8 30 2 10 9.22726 35.4866 130.631 11.3 5
2010 8 30 2 10 9.38771 35.4412 130.62 28.1 8
2010 8 30 2 10 20.3867 43.9341 137.571 18.1 5
2010 8 30 2 10 21.2422 44.4371 137.73 22.7 5
2010 8 30 2 10 51.2629 35.4478 130.562 5.5 5
2010 8 30 2 11 5.74101 35.4443 130.58 29.2 5
2010 8 30 2 11 5.82918 35.4587 130.601 26.9 9
2010 8 30 2 11 16.0187 35.4755 130.627 1.5 5
2010 8 30 2 11 16.079 35.4682 130.68 21.2 6
2010 8 30 2 11 48.4583 35.4113 130.593 5.7 6
2010 8 30 2 12 16.127 35.5159 130.736 4.4 5
2010 8 30 2 12 33.5608 35.4292 130.643 20.6 8
2010 8 30 2 12 33.6708 35.4479 130.611 5.2 6
2010 8 30 2 12 33.6871 35.8063 129.96 22.6 5
2010 8 30 2 12 51.1233 35.5064 130.566 17.6 7
2010 8 30 2 12 51.5633 35.5291 130.673 16.8 7
2010 8 30 2 12 51.6617 35.5087 130.635 6 5
2010 8 30 2 13 5.85598 43.9451 137.618 8.5 7
2010 8 30 2 13 14.43 35.4367 130.624 2.7 5
2010 8 30 2 13 20.9161 35.4247 130.591 19.1 8
2010 8 30 2 13 35.3946 36.17 131.664 8 6
2010 8 30 2 13 45.676 35.5255 130.655 16.8 5
2010 8 30 2 14 22.428 35.405 130.631 26 8
2010 8 30 2 14 42.6766 35.1961 130.576 18.7 6
2010 8 30 2 14 51.3985 35.4661 130.655 19.6 5
2010 8 30 2 15 11.9416 35.4758 130.578 29.9 9
2010 8 30 2 15 23.9323 44.0023 137.701 7.3 5
2010 8 30 2 15 25.3689 35.488 130.638 17.5 9
2010 8 30 2 15 25.4079 35.4802 130.67 18.3 6
2010 8 30 2 15 25.4566 35.3545 130.669 20.2 11
2010 8 30 2 15 25.591 35.4755 130.698 28.4 5
2010 8 30 2 15 25.8999 35.5335 130.588 23.6 7
2010 8 30 2 15 45.275 35.4421 130.709 29.6 8
2010 8 30 2 15 45.5141 35.4712 130.758 20.9 5
2010 8 30 2 15 54.5065 35.4703 130.664 9.1 6
2010 8 30 2 16 32.235 35.4489 130.702 15.3 8
2010 8 30 2 16 32.7837 35.46 130.681 3.4 5
2010 8 30 2 16 32.8705 35.4894 130.709 15.7 6
2010 8 30 2 16 44.5633 35.2069 129.492 16.5 5
2010 8 30 2 16 49.1016 35.4394 130.674 18.8 6
2010 8 30 2 16 49.1334 35.4438 130.688 22.1 6
2010 8 30 2 17 12.5679 43.9212 137.046 4 5
2010 8 30 2 18 29.6493 35.4615 130.662 23.5 10
2010 8 30 2 19 2.64209 35.4651 130.662 13.9 7
2010 8 30 2 19 2.71227 35.4791 130.642 8.4 5
2010 8 30 2 19 22.5757 35.4432 130.691 6.5 5
2010 8 30 2 19 36.0129 35.4702 130.689 25.2 10
2010 8 30 2 19 36.0869 35.4064 130.51 10.6 5
2010 8 30 2 20 1.56209 35.4654 130.666 28.8 6
2010 8 30 2 20 21.4679 35.7808 130.201 18.8 5
2010 8 30 2 20 21.7007 35.446 130.727 20.3 5
2010 8 30 2 20 36.8266 35.1541 130.538 5.6 5
2010 8 30 2 20 38.6366 35.5677 130.756 19.5 6
2010 8 30 2 20 58.2966 44.1985 137.939 16.5 5
2010 8 30 2 20 59.8447 44.9404 138.084 19.7 5
2010 8 30 2 21 20.9079 35.4912 130.638 5.8 5
2010 8 30 2 21 21.0388 35.4606 130.688 15.2 5
2010 8 30 2 22 6.37943 36.0606 131.887 7.4 6
2010 8 30 2 22 8.2655 35.4996 130.622 16.9 7
2010 8 30 2 22 24.4855 36.0475 131.86 6.6 5
2010 8 30 2 22 25.0927 36.1512 131.802 28.9 6
2010 8 30 2 22 32.906 35.4432 130.71 24.8 10
2010 8 30 2 22 59.7057 35.4991 130.5 27.1 5
2010 8 30 2 22 59.7057 35.4391 130.697 9.1 5
2010 8 30 2 22 59.9551 35.487 130.674 24.5 8
2010 8 30 2 23 22.626 35.4139 130.74 27.6 5
2010 8 30 2 23 43.432 35.4839 130.704 25 10
2010 8 30 2 23 43.7203 35.4423 130.667 20.2 6
2010 8 30 2 23 53.8491 35.1435 130.589 25.1 6
2010 8 30 2 24 20.8601 36.1106 131.874 17.7 6
2010 8 30 2 24 25.7188 35.5148 130.65 22.3 10
2010 8 30 2 24 25.7987 35.503 130.627 26.3 9
2010 8 30 2 25 5.62156 35.3726 130.682 10.7 5
2010 8 30 2 25 6.0499 35.5305 130.7 23.9 5
2010 8 30 2 25 14.5744 36.1495 131.797 8.6 6
2010 8 30 2 25 45.8472 36.0109 131.744 27.2 5
2010 8 30 2 25 46.8222 35.4578 130.711 9.5 5
2010 8 30 2 26 40.7036 39.5892 134.721 24.6 5
2010 8 30 2 26 58.3186 44.021 137.878 1.5 5
2010 8 30 2 27 19.9507 35.4767 130.655 23.3 7
2010 8 30 2 27 19.9955 35.6048 130.677 5.8 5
2010 8 30 2 27 48.7474 36.0748 131.95 29.5 7
2010 8 30 2 27 48.911 36.1444 131.872 16.3 6
2010 8 30 2 28 39.0635 36.1648 131.908 9.6 5
2010 8 30 2 28 39.3868 36.1497 131.888 22.9 5
2010 8 30 2 29 27.3038 36.1176 131.833 8.5 5
2010 8 30 2 29 27.4065 36.1385 131.87 14.1 7
2010 8 30 2 29 47.6984 35.8856 131.775 11.8 5
2010 8 30 2 30 9.71447 36.1274 131.879 7.9 5
2010 8 30 2 30 9.98332 36.1096 131.848 27.7 9
2010 8 30 2 30 18.3118 35.9774 131.796 5.8 5
2010 8 30 2 30 50.6535 36.1499 131.888 27.4 5
2010 8 30 2 30 50.9058 36.1595 131.863 22.5 8
2010 8 30 2 31 31.6981 35.3343 131.052 20.3 5
2010 8 30 2 31 50.1109 35.8802 131.803 4.8 5
2010 8 30 2 31 50.2398 35.9236 131.746 20.7 6
2010 8 30 2 31 50.2936 35.9521 131.75 7 5
2010 8 30 2 31 50.3027 35.949 131.636 28.4 6
2010 8 30 2 31 53.8808 36.1811 131.898 27 5
2010 8 30 2 31 53.9355 36.1871 131.878 16.1 8
2010 8 30 2 31 54.143 36.1622 131.867 5.6 6
2010 8 30 2 32 42.1697 35.8651 131.796 23.1 7
2010 8 30 2 32 42.2013 35.875 131.813 1.2 5
2010 8 30 2 32 42.2871 35.939 131.776 17.4 6
2010 8 30 2 32 42.4208 36.1657 131.865 4.7 6
2010 8 30 2 32 42.4644 36.1783 131.851 10.8 5
2010 8 30 2 33 26.0255 36.119 131.922 5.2 5
2010 8 30 2 33 26.0662 35.5379 132.069 24.3 5
2010 8 30 2 33 26.1245 36.2452 131.891 14.1 6
2010 8 30 2 34 14.8004 36.1806 131.905 18.4 6
2010 8 30 2 34 23.3808 44.1272 138.117 26.8 6
2010 8 30 2 34 37.7372 36.1687 131.908 26.8 7
2010 8 30 2 34 37.8723 36.1974 131.901 23.3 7
2010 8 30 2 34 56.823 35.4808 130.772 15.1 5
2010 8 30 2 35 10.9528 36.1934 131.903 18.1 7
2010 8 30 2 35 10.9528 36.0496 132.149 26.2 5
2010 8 30 2 35 44.9055 36.1311 131.955 7.2 6
2010 8 30 2 35 44.9583 36.2279 131.917 12.3 6
2010 8 30 2 35 45.143 36.1353 131.941 3.6 5
2010 8 30 2 37 1.6368 44.1234 138.038 17.4 7
2010 8 30 2 38 12.8287 35.4562 130.899 15.6 5
2010 8 30 2 38 12.8317 35.4429 130.793 6.1 5
2010 8 30 2 39 16.6458 35.9421 131.843 22.5 11
2010 8 30 2 39 27.0563 39.5864 134.69 17.3 6
2010 8 30 2 39 56.367 35.4313 130.808 22.3 8
2010 8 30 2 39 56.4081 35.7649 130.235 26.3 5
2010 8 30 2 39 56.5009 35.4297 130.793 29 8
2010 8 30 2 40 17.555 36.2527 131.9 29.4 5
2010 8 30 2 40 17.555 36.1464 131.924 10.2 7
2010 8 30 2 40 17.6949 36.3234 131.858 7.3 5
2010 8 30 2 40 17.7259 36.1818 131.935 20.5 9
2010 8 30 2 41 56.2429 36.3366 131.854 7.2 5
2010 8 30 2 42 7.4483 35.5217 130.872 26.7 6
2010 8 30 2 43 50.6183 39.5997 134.781 17 5
2010 8 30 2 44 5.75042 35.547 130.833 11.2 5
2010 8 30 2 44 5.79856 35.6186 130.863 24.5 6
2010 8 30 2 44 43.4627 36.1951 131.944 23.9 8
2010 8 30 2 44 43.8282 36.2087 131.935 11.8 6
2010 8 30 2 46 38.7756 35.5196 130.88 14.3 5
2010 8 30 2 48 26.5805 35.5557 130.844 7 5
2010 8 30 2 50 12.8894 39.6133 134.815 16.5 6
2010 8 30 2 50 12.9082 39.6053 134.835 16 6
2010 8 30 2 52 35.6297 35.0025 129.615 14.6 5
2010 8 30 2 53 5.90056 35.5002 130.497 25.3 5
2010 8 30 2 54 59.7777 35.4679 130.923 13 6
2010 8 30 2 59 32.6962 39.7054 135.012 3.7 5
2010 8 30 2 59 32.8708 40.0005 134.571 11.2 5
2010 8 30 3 0 37.5703 35.0175 130.109 22 7
2010 8 30 3 4 30.5398 35.0588 129.786 22.3 5
2010 8 30 3 7 21.5165 35.3683 130.846 15.2 5
2010 8 30 3 10 27.3599 35.4456 129.453 13.4 5
2010 8 30 3 12 40.5106 37.4707 132.429 7 7
2010 8 30 3 15 25.6462 37.5797 132.67 25.4 5
2010 8 30 3 25 15.8613 35.0042 130 11.8 6
2010 8 30 3 30 55.6926 35.7428 131.294 13.5 5
2010 8 30 3 33 56.0734 35.784 131.197 9.3 5
2010 8 30 3 35 0.86805 35.0037 130.325 12.8 9
2010 8 30 3 35 42.1443 35.0165 132.227 19.2 7
2010 8 30 3 36 53.8375 36.5382 132.845 20.8 5
2010 8 30 3 37 55.2133 36.9042 132.732 11.3 5
2010 8 30 3 40 31.9109 36.6651 132.702 8.6 5
2010 8 30 3 41 19.9627 36.9753 132.432 18.6 6
2010 8 30 3 42 10.8387 36.6994 132.673 12 8
2010 8 30 3 42 10.8738 36.689 132.692 16.3 7
2010 8 30 3 42 11.1567 36.6983 132.71 3.2 5
2010 8 30 3 42 34.0342 36.817 132.704 20.1 6
2010 8 30 3 43 8.44996 37.0284 132.314 14.1 5
2010 8 30 3 43 8.84641 36.7803 132.776 20.1 6
2010 8 30 3 43 40.0631 36.8343 132.72 19.4 7
2010 8 30 3 45 5.11902 36.7546 132.646 18.2 5
2010 8 30 3 45 19.6836 36.8003 132.809 21.1 9
2010 8 30 3 45 19.7155 36.8246 132.717 13.5 7
2010 8 30 3 45 19.9108 37.0903 132.332 21 5
2010 8 30 3 46 26.7966 36.8326 132.71 11.9 5
2010 8 30 3 46 54.0725 37.0114 132.455 21.1 6
2010 8 30 3 47 38.8248 35.5879 132.202 13.2 5
2010 8 30 3 48 13.3051 36.8151 132.742 26.8 8
2010 8 30 3 48 13.3522 36.8294 132.743 17.6 6
2010 8 30 3 49 7.82312 36.7118 132.687 26 9
2010 8 30 3 49 7.87435 36.8629 132.631 20.3 6
2010 8 30 3 49 7.94695 36.7526 132.709 14.5 6
2010 8 30 3 49 55.3244 36.8226 132.731 19.8 12
2010 8 30 3 50 24.1909 36.7642 132.687 27.2 10
2010 8 30 3 50 24.2577 36.7729 132.719 16.9 6
2010 8 30 3 50 24.2862 36.8617 132.706 17.5 5
2010 8 30 3 50 24.3753 36.7303 132.691 28.5 11
2010 8 30 3 51 3.85109 36.893 132.758 15.9 5
2010 8 30 3 51 3.97785 36.8474 132.775 18.5 5
2010 8 30 3 51 4.22217 36.8604 132.772 21.9 7
2010 8 30 3 51 4.29658 37.0854 132.295 13.9 5
2010 8 30 3 51 4.29671 36.8032 132.712 7 6
2010 8 30 3 53 28.0541 36.835 132.772 22.6 9
2010 8 30 3 54 20.8288 35.0489 130.678 9.2 5
2010 8 30 3 54 50.5254 36.8507 132.742 19.4 8
2010 8 30 3 54 50.6273 36.8831 132.773 25.4 6
2010 8 30 3 54 50.8156 36.8638 132.73 26.6 11
2010 8 30 3 55 32.7485 36.9256 132.818 28.6 6
2010 8 30 3 55 33.217 36.8689 132.739 4.3 6
2010 8 30 3 55 42.0773 37.079 132.762 7.7 5
2010 8 30 3 55 42.3334 36.8724 132.805 22.1 5
2010 8 30 3 55 43.1341 36.876 132.822 15.1 6
2010 8 30 3 57 9.64546 35.8113 131.318 13 6
2010 8 30 3 57 32.2606 36.6558 132.909 25.5 7
2010 8 30 3 57 32.3359 36.8437 132.777 21.5 7
2010 8 30 3 57 32.4094 36.8052 132.743 18 7
2010 8 30 3 58 28.8674 36.9248 132.868 16.7 7
2010 8 30 3 58 57.8398 36.8031 132.776 13.7 5
2010 8 30 3 59 28.8029 36.9777 132.891 25.1 5
2010 8 30 3 59 56.2032 36.8653 132.772 14.5 8
2010 8 30 3 59 56.2322 36.9126 132.789 4.9 5
2010 8 30 4 0 8.36968 35.2267 130.229 20.3 5
2010 8 30 4 0 31.7057 35.4882 131.248 13.9 5
2010 8 30 4 1 58.0059 36.9067 132.922 29.3 12
2010 8 30 4 1 58.1262 36.9814 132.875 21.5 5
2010 8 30 4 1 58.3169 36.8955 132.87 10.5 8
2010 8 30 4 1 58.375 36.9284 132.833 26.3 6
2010 8 30 4 2 52.6498 36.9888 132.867 18.8 11
2010 8 30 4 2 52.6794 37.046 132.882 14 5
2010 8 30 4 2 52.7625 37.04 132.899 14.4 5
2010 8 30 4 2 52.902 36.9919 132.91 18.5 7
2010 8 30 4 3 2.83362 37.046 132.938 7.7 5
2010 8 30 4 3 29.3929 36.8902 132.834 25.4 10
2010 8 30 4 3 57.1688 36.9123 132.801 26.3 7
2010 8 30 4 3 57.3645 36.961 132.838 18.2 7
2010 8 30 4 3 57.5607 36.9596 132.834 16.8 6
2010 8 30 4 6 2.87825 36.942 132.855 21.8 5
2010 8 30 4 6 24.8936 37.1689 133.071 8 5
2010 8 30 4 6 31.0235 37.0324 132.939 24.6 5
2010 8 30 4 6 39.7719 37.0412 132.531 27.8 6
2010 8 30 4 6 39.8539 36.7928 132.874 2.8 5
2010 8 30 4 6 40.1009 36.9198 132.775 12.1 7
2010 8 30 4 7 6.92913 35.8032 129.474 7.5 5
2010 8 30 4 7 9.92114 35.0333 130.634 18.7 5
2010 8 30 4 7 9.94648 35.0409 130.653 18.7 5
2010 8 30 4 7 10.3781 35.1843 130.408 18.4 6
2010 8 30 4 7 10.5915 35.1174 130.452 13.3 8
2010 8 30 4 7 17.4623 37.0559 132.921 28.5 9
2010 8 30 4 7 17.7393 37.0974 132.916 10.4 6
2010 8 30 4 7 17.8462 37.0801 132.96 20.8 5
2010 8 30 4 7 17.9034 37.1345 132.941 21.8 7
2010 8 30 4 7 27.6799 37.0091 132.911 27.2 11
2010 8 30 4 7 27.7376 36.9983 132.891 14.9 9
2010 8 30 4 7 27.8322 36.9306 132.936 14.7 5
2010 8 30 4 7 27.9193 36.9502 132.914 3.6 5
2010 8 30 4 7 28.0639 37.0089 132.884 16.1 7
2010 8 30 4 7 45.6763 37.0189 132.898 19.1 5
2010 8 30 4 9 2.92289 37.0159 132.919 19.9 5
2010 8 30 4 9 3.37256 37.0427 132.922 23.6 5
2010 8 30 4 9 3.51678 37.0348 132.92 20.8 7
2010 8 30 4 9 8.84138 35.7983 129.515 5.3 5
2010 8 30 4 9 45.1359 37.1354 132.953 21.7 6
2010 8 30 4 9 47.4928 35.0535 131.839 24.8 5
2010 8 30 4 9 50.5588 37.0345 132.9 28.9 5
2010 8 30 4 10 33.8798 37.0779 132.601 25.5 5
2010 8 30 4 10 33.936 37.0249 132.944 29.6 6
2010 8 30 4 10 34.7746 37.4161 132.519 16.7 5
2010 8 30 4 11 44.0136 35.8257 129.467 9.8 6
2010 8 30 4 12 15.0479 37.1522 132.964 20.9 11
2010 8 30 4 12 15.1704 37.1144 132.977 6 5
2010 8 30 4 12 15.3648 37.125 132.918 9 6
2010 8 30 4 12 15.6425 35.8461 129.466 10.6 7
2010 8 30 4 12 26.3622 35.7799 129.483 13.1 5
2010 8 30 4 12 42.1496 36.026 129.446 6.6 6
2010 8 30 4 12 42.3956 37.2099 133.113 27 7
2010 8 30 4 13 22.7004 35.793 129.482 10.2 6
2010 8 30 4 13 22.7833 35.7712 129.506 7.8 5
2010 8 30 4 13 42.5095 37.1429 132.934 4.7 6
2010 8 30 4 13 42.6346 37.0285 132.887 11 5
2010 8 30 4 13 53.541 35.7905 129.48 11.3 5
2010 8 30 4 14 6.00047 37.0714 132.929 6.6 5
2010 8 30 4 14 6.27111 37.0515 132.943 15.5 5
2010 8 30 4 14 32.5139 35.7906 129.541 8.4 5
2010 8 30 4 15 5.11007 37.0358 132.952 10.1 7
2010 8 30 4 15 5.18446 37.0077 132.94 29.6 6
2010 8 30 4 15 59.8116 35.87 129.511 10.4 5
2010 8 30 4 16 12.2652 36.0571 129.508 14 6
2010 8 30 4 16 13.7977 36.9644 132.802 29.8 6
2010 8 30 4 16 28.3752 35.6725 133.047 18.5 6
2010 8 30 4 17 13.0838 36.9488 132.969 26.8 6
2010 8 30 4 17 13.3695 37.062 132.935 20 6
2010 8 30 4 17 52.6498 37.2848 133.186 26.4 8
2010 8 30 4 17 52.6498 37.282 133.144 7.6 5
2010 8 30 4 18 14.7258 36.9783 133.135 22.5 5
2010 8 30 4 18 15.138 37.0821 133.056 11.8 5
2010 8 30 4 18 40.4469 37.2033 133.183 1.6 5
2010 8 30 4 18 40.5057 37.3392 133.138 26.7 6
2010 8 30 4 18 40.6673 37.0226 132.91 27.4 7
2010 8 30 4 18 40.9144 37.2437 133.124 15.4 7
2010 8 30 4 19 30.2342 37.1811 133.092 26.3 9
2010 8 30 4 19 50.3 36.0586 132.678 11.4 5
2010 8 30 4 19 56.8862 37.1515 133.078 26.9 10
2010 8 30 4 19 57.0245 37.187 133.068 27.4 8
2010 8 30 4 21 40.7955 35.0817 131.856 18.1 5
2010 8 30 4 21 56.0507 37.4241 133.209 5 5
2010 8 30 4 21 56.0508 37.263 133.2 5.6 5
2010 8 30 4 22 26.6411 37.3299 133.327 15.6 7
2010 8 30 4 22 27.0673 37.3011 133.197 18.9 9
2010 8 30 4 22 52.091 37.2453 132.99 5.7 5
2010 8 30 4 22 52.091 37.0374 133.102 9.2 6
2010 8 30 4 23 30.5105 37.2653 133.25 5.1 6
2010 8 30 4 23 30.5105 37.2995 133.218 29.7 5
2010 8 30 4 23 30.5959 37.3347 133.22 17.3 9
2010 8 30 4 23 30.6865 37.2974 133.256 12.4 6
2010 8 30 4 23 34.2857 35.7309 132.868 10.2 5
2010 8 30 4 24 59.8905 35.6097 133.199 17.9 6
2010 8 30 4 25 0.021293 36.0019 133.408 24.5 5
2010 8 30 4 25 3.04058 37.3765 132.734 23.7 5
2010 8 30 4 25 3.04068 37.1113 133.051 11.1 6
2010 8 30 4 25 33.796 36.059 129.456 6.8 5
2010 8 30 4 25 43.1523 37.3399 133.255 15.8 7
2010 8 30 4 26 4.53896 37.2339 133.114 24.8 8
2010 8 30 4 26 55.1088 37.2641 133.047 29.3 6
2010 8 30 4 27 8.03676 37.2844 133.284 21.2 11
2010 8 30 4 27 8.08385 37.4194 133.256 11.7 5
2010 8 30 4 27 8.13731 37.3035 133.287 7.5 6
2010 8 30 4 27 26.1246 37.1719 133.108 2.4 5
2010 8 30 4 27 41.051 36.0961 129.476 14 6
2010 8 30 4 28 27.8873 37.1337 133.039 27.4 13
2010 8 30 4 28 28.0631 37.1989 133.091 11.4 6
2010 8 30 4 30 54.2353 37.2206 133.115 29.3 7
2010 8 30 4 32 53.901 37.3058 133.254 21.5 15
2010 8 30 4 33 12.4111 37.2973 133.302 2.4 5
2010 8 30 4 33 20.6742 36.1515 129.409 15 7
2010 8 30 4 33 48.9192 35.0143 132.009 19.9 6
2010 8 30 4 34 50.0316 36.014 129.552 0.7 5
2010 8 30 4 37 7.55694 37.1367 133.119 4.5 6
2010 8 30 4 37 7.70061 37.1449 133.163 2.8 5
2010 8 30 4 37 7.71521 37.1417 133.147 12.4 5
2010 8 30 4 37 15.0682 36.0614 129.503 3.5 5
2010 8 30 4 38 11.6944 37.4092 132.997 24.5 5
2010 8 30 4 38 11.7383 37.3952 133.287 20.8 7
2010 8 30 4 41 15.6434 37.3427 133.315 4.3 5
2010 8 30 4 41 47.6761 35.8109 132.99 18.5 5
2010 8 30 4 41 47.7215 35.8479 132.93 21.7 5
2010 8 30 4 42 24.4461 37.4724 133.321 13.8 5
2010 8 30 4 42 24.498 37.3274 133.343 8.1 5
2010 8 30 4 42 24.618 37.3991 133.279 7.9 6
2010 8 30 4 42 24.8314 37.4748 133.309 14.2 6
2010 8 30 4 42 25.4734 37.4128 133.248 9.1 6
2010 8 30 4 43 23.9989 37.3341 133.325 4 5
2010 8 30 4 43 26.3533 37.7164 132.827 16.5 5
2010 8 30 4 45 16.0929 37.2537 133.315 21.2 5
2010 8 30 4 45 16.0929 37.3611 133.267 19.2 8
2010 8 30 4 45 16.1479 37.2716 133.145 18.5 5
2010 8 30 4 48 19.2686 37.2597 133.276 14.4 5
2010 8 30 4 53 52.8292 37.3758 133.378 4.7 5
2010 8 30 4 54 18.6812 37.8795 133.2 15.8 6
2010 8 30 4 54 18.6813 37.9562 133.123 3.7 5
2010 8 30 4 54 18.729 37.8939 133.131 4.8 5
2010 8 30 4 55 35.1707 35.5967 133.048 19.9 6
2010 8 30 4 55 54.2075 37.9525 133.079 13.3 7
2010 8 30 4 59 57.1774 35.6156 133.369 21 8
2010 8 30 5 0 15.6153 37.3893 133.432 11 5
2010 8 30 5 0 21.6949 35.6955 133.309 8.4 5
2010 8 30 5 3 6.68269 35.6705 133.353 4.5 5
2010 8 30 5 10 7.14597 35.6025 133.334 28.5 6
2010 8 30 5 10 15.8908 35.8184 132.865 21.2 5
2010 8 30 5 14 41.2348 35.6902 133.007 27.1 5
2010 8 30 5 18 11.4115 35.7772 133.588 21.2 5
2010 8 30 5 22 0.423469 36.2416 132.463 14.3 5
2010 8 30 5 23 9.75643 35.6485 133.822 6.4 5
2010 8 30 5 24 34.385 36.7013 129.531 22 8
2010 8 30 5 28 48.3067 35.8121 133.46 21.9 5
2010 8 30 5 29 31.7471 35.6284 133.909 5.8 5
2010 8 30 5 30 36.6622 35.7745 133.502 18 5
2010 8 30 5 34 57.8462 37.7941 133.647 19.6 8
2010 8 30 5 37 1.70408 37.6873 133.728 13.6 6
2010 8 30 5 38 46.8622 37.7256 133.739 7.7 6
2010 8 30 5 40 22.1789 38.097 133.255 21.1 5
2010 8 30 5 42 10.1696 37.7494 133.69 19.9 6
2010 8 30 5 42 27.5856 35.6635 133.682 19.2 5
2010 8 30 5 42 27.7782 35.6254 133.952 24.1 6
2010 8 30 5 42 39.9837 38.1562 132.843 26.6 5
2010 8 30 5 42 39.9839 37.7869 133.391 5.5 5
2010 8 30 5 51 25.5536 36.3908 129.43 26.4 8
2010 8 30 5 52 25.077 36.3806 129.433 14.9 7
2010 8 30 5 53 57.9409 36.4422 129.457 15.6 7
2010 8 30 5 54 51.1034 36.4371 129.45 15.7 5
2010 8 30 5 54 57.8082 37.6298 133.903 24 5
2010 8 30 5 55 37.9552 36.3012 129.52 9.1 6
2010 8 30 5 57 13.7131 35.7777 133.851 29 10
2010 8 30 5 58 39.4812 36.3981 129.474 19.6 7
2010 8 30 6 1 32.2158 35.7389 133.814 15.3 5
2010 8 30 6 11 54.0392 38.0507 134.009 18.4 6
2010 8 30 6 11 54.2337 38.0439 134.022 17.4 6
2010 8 30 6 14 15.8354 35.6854 134.366 24.3 6
2010 8 30 6 19 42.4452 35.6681 133.931 19.4 7
2010 8 30 6 26 36.7956 38.0952 134.107 19.4 7
2010 8 30 6 30 9.9257 37.8573 132.567 28.4 5
2010 8 30 6 39 30.3607 35.5573 132.517 20.5 5
2010 8 30 6 43 32.839 35.9832 134.084 21.2 5
2010 8 30 6 49 9.72937 35.6953 134.311 16.6 8
2010 8 30 6 52 37.356 35.6953 134.208 15.4 6
2010 8 30 7 3 27.8126 35.7681 134.732 21.8 5
2010 8 30 7 7 26.5679 35.7735 134.35 7.4 6
2010 8 30 7 8 42.4961 35.8432 134.069 11.2 5
2010 8 30 7 10 32.8501 35.6875 134.283 5.7 5
2010 8 30 7 10 51.1603 35.757 134.386 5.6 5
2010 8 30 7 11 25.7581 35.708 134.531 18.3 7
2010 8 30 7 16 33.9769 35.823 134.303 3.7 5
2010 8 30 7 17 11.2105 35.8566 134.301 3.1 5
2010 8 30 7 18 37.9815 35.7476 134.356 1 5
2010 8 30 7 19 33.0827 35.805 134.397 7.7 5
2010 8 30 7 22 9.54317 35.7586 134.677 18.6 5
2010 8 30 7 22 18.5301 36.5253 133.613 24 5
2010 8 30 7 23 31.6712 35.7486 134.486 18.7 7
2010 8 30 7 23 31.7482 35.7396 134.45 18.1 7
2010 8 30 7 23 41.109 35.7211 134.493 5.9 5
2010 8 30 7 24 1.06153 35.7535 134.352 4.4 5
2010 8 30 7 24 4.24835 35.9514 134.122 4.3 5
2010 8 30 7 24 15.2494 35.7221 134.56 8.4 5
2010 8 30 7 24 25.0881 35.781 134.276 5 5
2010 8 30 7 24 48.692 35.7808 134.398 6.2 5
2010 8 30 7 25 32.2115 35.8001 134.452 3.4 5
2010 8 30 7 25 51.5157 35.7323 134.516 7.7 5
2010 8 30 7 25 53.5451 35.8943 134.143 25.5 5
2010 8 30 7 27 37.6036 35.7118 134.532 7.8 6
2010 8 30 7 28 4.157 35.7447 134.434 4.1 5
2010 8 30 7 30 19.1704 35.749 134.251 22.3 5
2010 8 30 7 30 19.2563 35.7299 134.581 15.1 9
2010 8 30 7 31 22.615 35.7393 134.507 3.7 5
2010 8 30 7 32 10.0067 35.7423 134.525 23.9 10
2010 8 30 7 33 38.9915 35.8863 134.137 15.3 5
2010 8 30 7 37 21.4174 35.8005 134.565 28 6
2010 8 30 7 38 21.5705 35.8617 134.241 5.4 5
2010 8 30 7 39 26.6648 35.7211 134.574 20.8 7
2010 8 30 7 41 17.4684 35.7231 134.602 16.6 5
2010 8 30 7 41 47.3629 35.7689 134.863 21.7 7
2010 8 30 7 42 34.7229 35.7259 134.495 21.5 5
2010 8 30 7 43 48.0594 35.8638 134.868 21.4 5
2010 8 30 7 44 50.9235 35.741 134.67 14.7 6
2010 8 30 7 45 27.1065 35.8081 134.835 20.7 5
2010 8 30 7 47 26.5748 35.7529 134.707 6.8 5
2010 8 30 7 47 26.5748 35.8315 134.669 26.2 7
2010 8 30 7 47 26.684 35.8005 134.626 28.2 10
2010 8 30 7 48 42.6964 35.7889 134.86 20.4 6
2010 8 30 7 49 24.5123 35.8414 134.54 24.1 5
2010 8 30 7 51 19.2863 35.8285 134.592 3.2 5
2010 8 30 7 54 28.265 35.8667 134.852 18.5 5
2010 8 30 7 54 28.265 35.8402 134.788 1.7 5
2010 8 30 7 55 5.06041 35.7693 134.951 21.3 6
2010 8 30 7 55 7.38343 36.1554 134.373 15.7 11
2010 8 30 7 55 34.9209 35.8315 134.828 15.7 5
2010 8 30 7 56 6.32263 35.8206 134.713 20 7
2010 8 30 7 56 6.43514 35.7962 134.988 20 7
2010 8 30 7 56 48.6092 35.7953 134.966 20.4 6
2010 8 30 7 56 48.9773 35.8085 134.851 3.8 5
2010 8 30 7 57 19.5869 35.7518 134.778 17.6 8
2010 8 30 7 58 1.43433 35.7642 134.857 19.6 5
2010 8 30 7 58 4.83821 35.8251 134.838 5.3 5
2010 8 30 7 58 4.93899 35.8232 134.938 19.4 8
2010 8 30 7 58 5.22767 35.8258 135.016 22.3 5
2010 8 30 7 58 26.2362 35.7929 134.732 18.5 7
2010 8 30 7 58 26.8304 35.7862 134.719 19.1 5
2010 8 30 7 58 39.3116 35.8053 134.921 18.7 8
2010 8 30 7 59 22.3617 35.6607 129.482 8.2 6
2010 8 30 7 59 32.2386 35.7878 134.905 6.5 5
2010 8 30 7 59 39.7785 35.7685 134.876 24.4 6
2010 8 30 8 0 23.7301 35.7818 134.909 19.9 6
2010 8 30 8 0 51.3665 35.8135 134.664 10.7 5
2010 8 30 8 1 14.425 35.787 134.78 17.7 5
2010 8 30 8 1 32.7606 35.752 134.819 16.2 6
2010 8 30 8 2 15.7353 35.7328 134.666 17.1 6
2010 8 30 8 3 19.5931 35.7851 134.927 19.9 6
2010 8 30 8 3 24.924 35.7791 134.917 19.1 5
2010 8 30 8 4 33.9043 35.8005 134.981 16.7 5
2010 8 30 8 4 51.7623 35.9162 134.625 3.7 5
2010 8 30 8 6 4.15118 35.9443 134.595 5 5
2010 8 30 8 6 26.8861 35.7925 134.914 17.5 6
2010 8 30 8 6 51.5986 35.7546 134.861 13.2 5
2010 8 30 8 7 5.35511 35.7799 134.933 8.9 7
2010 8 30 8 7 18.1264 35.7945 135.039 18.2 6
2010 8 30 8 7 48.0817 36.014 134.435 11.7 6
2010 8 30 8 7 59.1634 35.9045 134.577 4.2 5
2010 8 30 8 8 6.57296 35.8049 134.914 12.7 5
2010 8 30 8 8 20.6407 36.0432 134.401 10.5 5
2010 8 30 8 8 20.9398 35.7852 134.722 11.2 5
2010 8 30 8 8 29.9869 35.7595 134.877 20.7 9
2010 8 30 8 8 30.1143 35.7607 134.877 18 6
2010 8 30 8 8 34.7283 35.7654 134.746 10.9 6
2010 8 30 8 8 34.7283 35.7679 134.937 18.4 6
2010 8 30 8 9 17.1695 35.8378 135.07 15.9 11
2010 8 30 8 9 17.2214 35.8796 135.127 14.9 6
2010 8 30 8 9 21.3419 35.758 134.751 28.7 8
2010 8 30 8 10 35.6258 35.8599 134.769 18 5
2010 8 30 8 10 56.0231 36.0513 134.309 19.1 5
2010 8 30 8 11 38.148 35.7932 134.887 15.7 6
2010 8 30 8 12 27.6898 35.8019 134.959 14.4 8
2010 8 30 8 13 27.0497 35.9829 134.58 7.5 5
2010 8 30 8 14 4.61158 35.8289 134.907 21.3 7
2010 8 30 8 14 5.6295 35.2439 131.899 23.5 5
2010 8 30 8 14 5.62952 35.1837 131.899 30 9
2010 8 30 8 14 5.69088 35.2527 131.906 19.4 8
2010 8 30 8 14 41.676 35.7646 134.944 12.7 5
2010 8 30 8 15 20.2358 35.2342 131.972 21.4 6
2010 8 30 8 15 31.034 35.7673 134.65 22.7 6
2010 8 30 8 15 31.1897 35.7754 134.916 13.5 8
2010 8 30 8 15 33.2154 35.7873 134.935 20.8 6
2010 8 30 8 15 45.3602 35.9363 134.506 4.5 5
2010 8 30 8 16 50.6457 35.8238 134.906 22.8 5
2010 8 30 8 16 50.6457 35.7465 134.766 3 5
2010 8 30 8 16 52.9445 35.1904 131.892 24.7 12
2010 8 30 8 16 53.2055 35.264 131.892 17.6 5
2010 8 30 8 17 11.9512 35.7826 134.924 18.7 8
2010 8 30 8 17 12.0179 35.7825 134.919 13.8 9
2010 8 30 8 17 41.6469 35.7814 134.946 16.7 9
2010 8 30 8 18 32.6402 35.2522 131.672 11.6 6
2010 8 30 8 18 32.7083 35.2812 131.922 19.6 6
2010 8 30 8 18 32.8011 35.2684 131.875 20.9 7
2010 8 30 8 19 8.8217 35.2227 132.001 20.5 7
2010 8 30 8 19 38.9519 35.2883 132.191 21.8 5
2010 8 30 8 19 39.0271 35.2375 131.869 4.4 5
2010 8 30 8 19 39.1376 35.2692 131.913 16.3 7
2010 8 30 8 19 51.2468 35.7727 134.794 10.5 6
2010 8 30 8 19 53.9369 35.7821 134.855 22.2 7
2010 8 30 8 20 1.59091 35.7644 134.832 14.5 5
2010 8 30 8 20 39.3282 35.7644 134.944 10.6 5
2010 8 30 8 21 0.546496 35.875 134.659 9.7 5
2010 8 30 8 21 1.00249 36.1545 134.638 19.1 5
2010 8 30 8 21 51.0818 35.3131 131.953 26.3 5
2010 8 30 8 21 51.0818 35.269 131.895 14.6 7
2010 8 30 8 21 51.1377 35.3125 131.959 24.8 5
2010 8 30 8 21 51.9783 35.7869 135.073 1.9 5
2010 8 30 8 21 51.9783 35.8538 135.133 22.4 6
2010 8 30 8 22 22.8017 35.803 135.052 18.4 7
2010 8 30 8 22 35.0172 35.7595 134.469 16.4 7
2010 8 30 8 22 35.9813 35.7691 134.98 18.3 5
2010 8 30 8 22 41.0014 35.7907 134.919 21.7 5
2010 8 30 8 22 59.2624 35.8802 135.058 19.9 6
2010 8 30 8 22 59.3295 35.7979 135.084 14.1 5
2010 8 30 8 23 51.8829 35.8287 135.193 20.9 5
2010 8 30 8 24 24.0943 35.8229 134.962 15.7 5
2010 8 30 8 24 30.6462 35.8234 134.861 14.1 6
2010 8 30 8 24 30.8064 35.8005 134.857 14 10
2010 8 30 8 24 30.9762 35.8114 134.761 5 5
2010 8 30 8 24 32.9752 35.7532 134.693 19 6
2010 8 30 8 25 15.4431 35.4548 131.595 2.8 5
2010 8 30 8 25 23.7516 35.7557 134.838 5.1 5
2010 8 30 8 25 43.4012 36.1225 134.284 12.5 5
2010 8 30 8 26 6.03741 35.2576 131.908 16.2 9
2010 8 30 8 26 16.4741 35.2392 131.892 20.1 5
2010 8 30 8 26 16.4814 35.8062 134.984 16.5 5
2010 8 30 8 26 40.2369 35.1634 131.973 8.7 8
2010 8 30 8 26 40.2369 35.2736 131.795 14.1 8
2010 8 30 8 26 52.17 35.9087 134.981 19.6 8
2010 8 30 8 26 52.2377 35.8911 135.097 16.7 6
2010 8 30 8 26 52.3372 36.2673 134.479 13.5 5
2010 8 30 8 27 9.08242 35.7872 134.976 18.7 5
2010 8 30 8 27 9.31933 35.7745 134.916 16.6 10
2010 8 30 8 27 9.54762 35.776 134.932 16.7 6
2010 8 30 8 27 28.5693 35.2029 131.834 13.6 8
2010 8 30 8 27 28.6783 35.195 131.861 24.9 5
2010 8 30 8 28 2.22803 35.7799 135.014 18.9 6
2010 8 30 8 28 24.8154 35.8241 135.277 9 5
2010 8 30 8 28 25.0626 35.8914 134.848 14.7 5
2010 8 30 8 28 25.0626 35.8712 135.114 17.9 6
2010 8 30 8 28 27.1081 35.2299 131.998 26.8 6
2010 8 30 8 28 27.1686 35.2257 131.882 10.8 6
2010 8 30 8 28 34.6503 35.7677 134.97 20.1 7
2010 8 30 8 29 40.5172 35.8176 134.637 6 6
2010 8 30 8 29 40.5172 35.753 134.851 20.9 13
2010 8 30 8 29 40.5188 35.7725 134.794 20.6 6
2010 8 30 8 29 43.1286 35.2211 132 21.4 7
2010 8 30 8 30 17.2712 35.8727 134.802 14.6 5
2010 8 30 8 30 17.7655 35.8358 135.031 26.4 5
2010 8 30 8 30 46.6246 35.7275 135.311 14.5 5
2010 8 30 8 30 49.7778 35.6592 135.468 15.6 5
2010 8 30 8 30 58.7076 35.7423 134.772 20.5 7
2010 8 30 8 30 59.1386 35.7793 134.863 12.7 5
2010 8 30 8 30 59.3856 35.7513 134.82 19.3 5
2010 8 30 8 31 38.4906 35.7602 134.789 24.2 7
2010 8 30 8 31 42.2178 35.7903 134.987 17.9 8
2010 8 30 8 32 2.72669 35.7958 134.932 19.2 5
2010 8 30 8 32 4.99383 35.78 134.998 18.8 9
2010 8 30 8 32 9.24461 35.2447 131.862 27.9 9
2010 8 30 8 32 9.32324 35.232 131.899 28.1 11
2010 8 30 8 32 27.2082 35.9071 134.751 5.8 5
2010 8 30 8 32 27.2776 35.8908 135.067 16.3 5
2010 8 30 8 32 27.3059 35.8855 134.915 29.1 6
2010 8 30 8 32 27.4744 35.8378 135.043 16.5 9
2010 8 30 8 33 11.8888 35.7813 135.037 20.5 6
2010 8 30 8 33 30.1349 35.9121 135.106 21.9 5
2010 8 30 8 33 33.0815 35.7854 135.004 16.9 8
2010 8 30 8 33 33.419 35.8049 135.237 14.6 5
2010 8 30 8 33 44.6229 35.1365 132.061 10.3 6
2010 8 30 8 34 13.1783 35.802 134.957 21.2 5
2010 8 30 8 34 15.2077 35.9375 135.109 15.3 8
2010 8 30 8 34 15.4798 35.9253 135.109 25.3 7
2010 8 30 8 34 34.4816 35.5776 131.846 13.9 6
2010 8 30 8 35 20.8429 35.8694 135.065 13.5 5
2010 8 30 8 35 24.3642 35.7424 134.708 25.4 7
2010 8 30 8 37 13.8497 35.2527 132.047 21.6 6
2010 8 30 8 37 13.9145 35.2759 131.89 20.5 7
2010 8 30 8 37 25.1929 35.4515 131.837 14.9 8
2010 8 30 8 37 25.1929 35.396 132.178 9.9 8
2010 8 30 8 37 25.2279 35.3753 132.168 2.3 5
2010 8 30 8 37 30.1534 36.2376 134.569 9.3 5
2010 8 30 8 37 48.9171 35.8432 134.729 13.7 7
2010 8 30 8 37 49.4928 35.8135 134.676 16.5 6
2010 8 30 8 37 51.7888 35.1475 131.92 13.5 6
2010 8 30 8 38 32.3523 35.7885 134.985 15.4 8
2010 8 30 8 38 32.4711 35.7967 134.973 19.5 6
2010 8 30 8 38 47.608 35.3427 131.61 9.8 5
2010 8 30 8 38 47.6081 35.2113 131.888 22.2 6
2010 8 30 8 38 47.8253 35.2746 131.937 20.9 7
2010 8 30 8 39 1.03426 35.8468 135.075 18.4 5
2010 8 30 8 39 2.99132 35.3955 132.131 22.6 10
2010 8 30 8 39 2.99135 35.353 131.991 29.9 6
2010 8 30 8 39 3.18186 35.3564 132.123 1.3 5
2010 8 30 8 39 3.18186 35.4291 132.119 24.7 6
2010 8 30 8 39 16.5256 35.7876 135.002 16.9 6
2010 8 30 8 39 16.7148 35.8008 134.998 17.9 6
2010 8 30 8 39 20.0495 35.7976 135.372 16.7 5
2010 8 30 8 39 42.776 35.8066 134.724 16.8 5
2010 8 30 8 39 42.776 35.7683 134.957 3.1 5
2010 8 30 8 40 8.66145 35.2608 132.034 23.5 7
2010 8 30 8 40 8.73534 35.2644 132.046 25.2 5
2010 8 30 8 40 45.8109 35.7852 134.825 13.1 6
2010 8 30 8 40 45.8109 35.8033 134.702 4.4 5
2010 8 30 8 41 28.6399 35.6159 132.019 29.4 9
2010 8 30 8 41 28.6399 35.5917 132.235 26.8 8
2010 8 30 8 41 28.6832 35.6152 132.211 21.2 6
2010 8 30 8 41 30.3813 35.7986 134.953 17.6 6
2010 8 30 8 41 30.8908 35.8235 134.989 26.4 6
2010 8 30 8 41 30.8908 35.8159 134.887 5.5 5
2010 8 30 8 41 31.724 35.7971 134.984 21.5 6
2010 8 30 8 41 49.0255 35.8145 135.024 18.7 5
2010 8 30 8 41 54.493 35.8293 135.043 14 5
2010 8 30 8 42 5.08849 35.4228 132.233 22.1 7
2010 8 30 8 42 5.27249 35.438 132.084 18 10
2010 8 30 8 42 5.39282 35.4075 132.066 25.2 8
2010 8 30 8 42 7.72293 35.5683 132.212 18.9 11
2010 8 30 8 42 26.7413 35.884 135.02 15.5 10
2010 8 30 8 42 26.8334 35.8917 134.999 16.4 9
2010 8 30 8 42 26.9051 35.8873 135.021 16.5 5
2010 8 30 8 42 27.0084 35.8841 135.049 14.6 6
2010 8 30 8 42 31.0402 35.2717 131.996 20.3 6
2010 8 30 8 42 31.1752 35.2623 131.935 20.4 7
2010 8 30 8 42 31.2894 35.221 131.958 3.6 5
2010 8 30 8 42 31.3738 35.1643 131.954 15.3 8
2010 8 30 8 42 44.1909 35.5801 132.19 18.1 7
2010 8 30 8 42 44.3137 35.5812 132.201 16 9
2010 8 30 8 43 12.9709 35.8063 134.951 14.4 10
2010 8 30 8 43 13.0476 35.8171 134.943 21.3 11
2010 8 30 8 43 13.175 35.8015 134.956 18.5 11
2010 8 30 8 43 24.3186 35.8346 135.069 18.3 6
2010 8 30 8 43 24.8294 35.579 132.208 15.2 8
2010 8 30 8 43 25.1906 35.991 131.572 9.7 6
2010 8 30 8 43 25.5875 35.8347 135.009 14.9 10
2010 8 30 8 43 26.0157 35.8395 135.012 14.4 6
2010 8 30 8 43 26.9675 35.8043 134.902 23.4 5
2010 8 30 8 43 49.2356 35.8003 135.026 23.1 10
2010 8 30 8 43 49.3589 35.8067 135.027 19.6 6
2010 8 30 8 43 49.5097 35.8177 135.021 15.1 5
2010 8 30 8 43 49.5964 35.7805 135.001 22 12
2010 8 30 8 43 49.6791 35.8035 135.143 24.9 6
2010 8 30 8 44 3.84133 35.5638 132.218 18.9 6
2010 8 30 8 44 13.0206 35.2804 131.901 17.6 11
2010 8 30 8 44 13.0722 35.3116 132.218 16.9 5
2010 8 30 8 44 13.295 35.3158 131.883 18 6
2010 8 30 8 44 13.3852 35.2562 131.978 19.8 6
2010 8 30 8 44 13.7956 35.2603 131.889 13.8 8
2010 8 30 8 44 21.914 35.3672 132.224 28.5 7
2010 8 30 8 44 46.6111 35.5425 132.241 14.4 7
2010 8 30 8 44 46.7688 35.5856 132.212 17.6 11
2010 8 30 8 45 6.71619 35.4231 132.113 25.5 13
2010 8 30 8 45 6.77577 35.369 132.459 18.6 5
2010 8 30 8 45 6.87474 35.4271 132.111 13 11
2010 8 30 8 45 11.3759 35.822 134.786 19.2 7
2010 8 30 8 45 11.8921 35.8808 135.039 17.1 5
2010 8 30 8 45 34.1345 35.611 132.45 14.3 5
2010 8 30 8 45 40.2773 35.7821 134.974 29.1 7
2010 8 30 8 45 40.2773 35.7995 134.871 4.7 6
2010 8 30 8 45 58.4772 35.2476 131.922 22.3 11
2010 8 30 8 45 58.5458 35.2825 131.895 15.2 7
2010 8 30 8 45 58.6728 35.3036 131.959 19.9 8
2010 8 30 8 46 2.3409 35.8602 135.042 16 8
2010 8 30 8 46 2.46846 35.8572 135.065 17.8 10
2010 8 30 8 46 2.70253 35.9434 135.026 11.8 5
2010 8 30 8 46 5.09345 35.4958 132.131 14.9 6
2010 8 30 8 46 5.32062 35.4454 132.032 27.8 6
2010 8 30 8 46 5.47081 35.3743 132.154 7.1 6
2010 8 30 8 46 37.1903 35.6859 135.438 19.8 9
2010 8 30 8 47 43.3028 35.2973 131.651 24.1 7
2010 8 30 8 47 43.3028 35.2123 131.949 2.2 6
2010 8 30 8 47 55.5087 35.4539 132.144 25.1 10
2010 8 30 8 47 55.537 35.4714 132.102 8.8 5
2010 8 30 8 48 4.86851 35.8334 135.133 17.8 6
2010 8 30 8 48 4.86851 35.8137 135.095 11.6 5
2010 8 30 8 48 34.9195 35.8025 134.968 22.3 12
2010 8 30 8 48 34.9895 35.8207 134.867 5.9 5
2010 8 30 8 49 49.6922 35.8179 135.004 6.3 9
2010 8 30 8 50 58.7926 35.4216 132.113 19.7 8
2010 8 30 8 50 58.7926 35.4232 132.125 26.4 7
2010 8 30 8 51 3.14602 35.881 135.14 26.1 12
2010 8 30 8 51 3.90331 35.8043 135.134 16.9 7
2010 8 30 8 51 4.02724 35.9112 135.079 23.4 12
2010 8 30 8 51 17.191 35.5732 132.22 17.5 5
2010 8 30 8 51 17.229 35.5927 132.11 5.8 5
2010 8 30 8 51 17.8239 35.492 131.964 15.9 7
2010 8 30 8 51 17.8239 35.442 132.243 10.1 9
2010 8 30 8 51 17.9186 35.427 132.206 18.2 10
2010 8 30 8 51 18.0987 35.4184 132.222 12.1 5
2010 8 30 8 52 15.5631 35.5751 132.217 18 8
2010 8 30 8 52 50.0368 35.694 135.411 14.9 5
2010 8 30 8 53 18.6216 35.5939 131.835 20.4 5
2010 8 30 8 53 18.6217 35.5563 132.181 19.5 9
2010 8 30 8 53 18.6496 35.5909 132.183 16.1 6
2010 8 30 8 53 18.6904 35.5784 131.891 17.4 5
2010 8 30 8 53 18.7476 35.5065 132.22 8.4 5
2010 8 30 8 53 18.7476 35.5535 132.19 13.9 8
2010 8 30 8 53 18.8256 35.5777 132.048 4.7 5
2010 8 30 8 53 18.8256 35.5274 132.203 23 7
2010 8 30 8 54 25.7651 35.4576 132.112 23.7 6
2010 8 30 8 54 26.574 35.5144 132.189 10.1 5
2010 8 30 8 54 26.5757 35.5202 132.201 16.7 5
2010 8 30 8 55 30.5062 35.6988 135.445 25.2 5
2010 8 30 8 55 30.5063 35.7224 135.445 18.9 6
2010 8 30 8 55 44.7389 35.4984 132.261 11 7
2010 8 30 8 56 28.5516 35.834 135.108 16.2 5
2010 8 30 8 56 35.2851 35.3104 132.003 3.6 5
2010 8 30 8 56 51.3931 35.6662 135.638 24.1 12
2010 8 30 8 56 52.9771 35.9536 135.202 5.5 5
2010 8 30 8 56 52.9771 36.0161 134.915 22.9 6
2010 8 30 8 56 53.0138 36.1752 134.756 6.2 5
2010 8 30 8 56 53.0138 36.065 134.897 21.4 11
2010 8 30 8 56 53.1671 35.9896 135.177 10.2 5
2010 8 30 8 57 24.6262 35.5703 132.214 24 7
2010 8 30 8 57 24.9268 35.4896 132.45 3.2 5
2010 8 30 8 57 29.0551 35.7387 135.39 17.4 7
2010 8 30 8 58 3.06651 35.6261 135.509 19.1 6
2010 8 30 8 58 3.17574 35.6495 135.455 15.2 5
2010 8 30 9 0 2.72691 35.471 131.462 24.6 5
2010 8 30 9 0 2.82273 42.5017 139.756 8.8 5
2010 8 30 9 0 2.93282 35.6235 131.854 10 5
2010 8 30 9 0 5.31834 35.6592 135.699 15.6 9
2010 8 30 9 0 10.5429 35.7194 129.496 8.2 5
2010 8 30 9 0 13.1253 35.6436 135.673 21.7 7
2010 8 30 9 0 36.22 35.5988 131.911 17.5 7
2010 8 30 9 0 37.7228 35.8675 135.154 15.2 7
2010 8 30 9 0 37.7228 35.8209 135.158 29.4 6
2010 8 30 9 0 37.8952 35.8193 135.178 24.6 7
2010 8 30 9 0 57.8514 35.679 135.74 11.6 6
2010 8 30 9 1 3.9028 42.5364 139.807 21.5 10
2010 8 30 9 1 26.1838 35.6088 132.024 3.3 5
2010 8 30 9 1 26.1839 35.7251 132.308 17.1 6
2010 8 30 9 1 35.8663 35.9145 135.123 17.1 6
2010 8 30 9 1 47.5976 35.7278 135.794 6.6 5
2010 8 30 9 1 50.9029 35.569 132.186 15.8 11
2010 8 30 9 2 48.9978 35.7324 135.825 19.3 8
2010 8 30 9 3 1.23317 35.6743 135.738 14.1 9
2010 8 30 9 3 9.81017 42.5695 139.503 14.3 5
2010 8 30 9 3 9.8102 42.6 139.592 9.1 5
2010 8 30 9 3 14.0632 35.779 135.43 15.4 5
2010 8 30 9 3 21.0648 35.8364 134.961 8.2 6
2010 8 30 9 3 38.5299 35.6751 135.79 19.9 5
2010 8 30 9 3 38.5673 35.6204 135.56 24.3 5
2010 8 30 9 3 38.6436 35.6256 135.512 11.3 10
2010 8 30 9 3 54.0726 35.3864 132.028 14.9 8
2010 8 30 9 4 31.0032 35.5773 132.174 17 10
2010 8 30 9 4 31.0664 35.4763 132.238 0.7 5
2010 8 30 9 4 34.2728 35.774 135.573 23.3 6
2010 8 30 9 4 34.3713 35.6779 135.414 14.2 5
2010 8 30 9 4 34.648 35.8273 135.131 14.3 6
2010 8 30 9 4 41.6269 35.6661 135.716 17.2 8
2010 8 30 9 4 59.0838 35.7242 135.792 14.2 6
2010 8 30 9 5 13.7117 35.6905 135.643 9.8 5
2010 8 30 9 5 23.8389 35.6537 135.699 19.4 8
2010 8 30 9 5 29.2901 35.6169 135.522 14.3 6
2010 8 30 9 5 29.3491 35.6054 135.512 17.1 6
2010 8 30 9 5 42.0478 35.6663 135.74 17.3 7
2010 8 30 9 6 21.316 35.6705 135.772 22 7
2010 8 30 9 6 21.4909 35.8741 135.06 15.8 6
2010 8 30 9 6 30.5296 35.6064 132.266 19.5 5
2010 8 30 9 6 31.1951 35.5124 132.389 15.5 5
2010 8 30 9 6 46.9463 35.7638 135.286 6.8 5
2010 8 30 9 6 47.0913 35.7585 135.439 24.8 6
2010 8 30 9 6 47.4955 35.6969 135.504 4.2 5
2010 8 30 9 6 47.4955 35.7629 135.398 7.8 5
2010 8 30 9 7 23.5036 35.691 135.47 26.3 12
2010 8 30 9 7 23.5495 35.7275 135.421 16.1 11
2010 8 30 9 7 23.5776 35.6922 135.485 1.3 5
2010 8 30 9 7 23.614 35.7572 135.416 10.3 5
2010 8 30 9 7 23.614 35.7207 135.422 18.3 7
2010 8 30 9 7 23.6946 35.7342 135.349 18.9 7
2010 8 30 9 7 45.7222 35.5125 132.251 3.5 5
2010 8 30 9 9 13.6523 35.6231 132.082 26.8 8
2010 8 30 9 9 13.6523 35.637 132.15 8.4 5
2010 8 30 9 9 13.7931 35.8355 131.7 14.8 5
2010 8 30 9 9 20.3308 35.6883 135.455 25.9 6
2010 8 30 9 10 10.5705 35.6696 135.764 20.5 7
2010 8 30 9 10 13.5281 35.5906 132.189 24.9 6
2010 8 30 9 10 24.8631 35.7153 135.359 27.2 7
2010 8 30 9 10 24.8631 35.6473 135.515 0.5 5
2010 8 30 9 10 24.9638 35.7338 135.73 19.3 5
2010 8 30 9 10 25.0261 35.7115 135.476 24.5 10
2010 8 30 9 10 46.8338 35.7422 135.782 20.9 10
2010 8 30 9 11 5.21328 35.9149 135.059 13.5 6
2010 8 30 9 11 14.0281 35.7817 135.497 24.7 6
2010 8 30 9 11 14.0281 35.7225 135.833 3.7 5
2010 8 30 9 11 54.9347 35.8083 135.38 3.5 5
2010 8 30 9 11 57.4647 36.0835 135.304 14.5 5
2010 8 30 9 11 57.4649 35.958 135.751 12 5
2010 8 30 9 12 32.1431 35.6912 135.813 16.3 5
2010 8 30 9 12 44.3764 35.5639 132.199 20.1 5
2010 8 30 9 13 6.02928 35.6995 135.829 9.2 6
2010 8 30 9 13 34.4608 35.731 132.131 17.5 6
2010 8 30 9 13 38.9461 35.8391 135.667 19.6 5
2010 8 30 9 13 39.347 35.7596 135.48 2.2 5
2010 8 30 9 13 52.8725 35.6884 135.687 19 12
2010 8 30 9 14 5.1493 35.7997 135.7 16.8 6
2010 8 30 9 14 5.19302 35.6863 135.84 15.5 7
2010 8 30 9 14 37.4341 35.6964 135.686 17.8 10
2010 8 30 9 14 37.5588 35.6687 135.657 20.4 8
2010 8 30 9 14 37.7026 35.6832 135.689 20.2 7
2010 8 30 9 14 38.0162 35.6955 135.697 19.1 9
2010 8 30 9 15 4.1338 35.695 135.54 5.2 5
2010 8 30 9 15 4.13382 35.6896 135.764 19.6 6
2010 8 30 9 15 4.19807 35.7025 135.726 22.5 6
2010 8 30 9 15 4.45567 35.6993 135.754 16.8 5
2010 8 30 9 15 4.94788 35.6824 135.71 12.2 7
2010 8 30 9 15 18.955 35.6908 135.678 19.6 9
2010 8 30 9 15 18.955 35.7112 135.56 12.2 6
2010 8 30 9 15 26.9718 35.6991 135.787 18.1 6
2010 8 30 9 15 31.8292 35.7555 135.71 15.8 7
2010 8 30 9 15 40.4858 35.7212 135.737 15.3 9
2010 8 30 9 15 42.6842 35.7588 135.656 23.4 6
2010 8 30 9 16 43.0413 35.7046 135.693 22.3 6
2010 8 30 9 16 43.3129 35.8754 135.511 10.1 5
2010 8 30 9 16 43.5007 35.7479 135.706 21 7
2010 8 30 9 16 43.6703 35.7497 135.702 19.9 7
2010 8 30 9 16 43.7573 35.7585 135.72 20.7 6
2010 8 30 9 17 14.7091 35.777 135.476 18.3 6
2010 8 30 9 17 14.7091 35.7259 135.662 16.6 9
2010 8 30 9 17 17.9749 35.7756 129.495 17.3 8
2010 8 30 9 17 23.4373 35.7492 135.816 18.1 7
2010 8 30 9 17 23.4985 35.7535 135.828 19.5 6
2010 8 30 9 17 33.5053 35.7092 135.642 15.6 10
2010 8 30 9 17 33.7212 35.7209 135.622 14.3 8
2010 8 30 9 17 41.2627 35.7225 135.626 6.8 6
2010 8 30 9 18 15.9025 35.7477 135.673 10 5
2010 8 30 9 18 17.7254 35.7375 135.637 14.4 11
2010 8 30 9 18 37.1795 35.7258 135.485 4.2 5
2010 8 30 9 18 37.5 35.7268 135.622 13.7 11
2010 8 30 9 18 38.7156 35.7487 135.66 22.8 12
2010 8 30 9 18 49.8751 35.6603 135.667 17.2 6
2010 8 30 9 18 49.9299 35.6665 135.666 11.1 6
2010 8 30 9 19 1.21396 35.6808 135.69 3 5
2010 8 30 9 19 3.50481 35.7005 135.706 14.6 6
2010 8 30 9 19 18.2835 35.6579 135.671 18 6
2010 8 30 9 19 28.2532 35.8938 135.315 21.2 12
2010 8 30 9 19 30.36 35.7297 135.631 9.3 9
2010 8 30 9 19 38.7197 35.7321 135.633 5.8 5
2010 8 30 9 20 0.517866 35.6811 135.671 19.2 6
2010 8 30 9 20 11.6073 35.8131 135.311 8.5 5
2010 8 30 9 20 13.636 35.7494 135.615 6.7 6
2010 8 30 9 20 22.0314 35.7396 135.567 9.9 6
2010 8 30 9 20 22.0314 35.7489 135.621 7 5
2010 8 30 9 20 53.2201 35.6635 135.708 6.2 6
2010 8 30 9 20 53.3429 35.6465 135.671 17.1 6
2010 8 30 9 20 53.8551 35.7068 135.673 18.8 6
2010 8 30 9 21 7.72519 35.6638 135.633 7.3 6
2010 8 30 9 21 22.2722 35.7027 135.64 11.3 5
2010 8 30 9 21 28.4811 35.6665 135.696 20.3 7
2010 8 30 9 21 36.0501 35.7207 135.717 13.9 8
2010 8 30 9 21 36.2243 35.7307 135.696 18.7 11
2010 8 30 9 21 41.5557 35.6622 135.715 2.3 5
2010 8 30 9 21 49.6216 35.5525 132.319 20.6 11
2010 8 30 9 22 5.8083 35.6778 135.744 22.3 8
2010 8 30 9 22 10.9158 35.703 135.726 14.4 5
2010 8 30 9 22 15.511 35.7821 135.674 18.8 7
2010 8 30 9 22 15.511 35.7506 135.679 9.7 5
2010 8 30 9 22 15.5751 35.6948 135.685 5.8 6
2010 8 30 9 22 24.6722 35.7713 135.688 22 5
2010 8 30 9 22 28.9407 35.7022 135.663 18.9 12
2010 8 30 9 22 30.5485 35.7183 135.667 17.6 5
2010 8 30 9 22 36.7429 35.7652 135.518 6.8 6
2010 8 30 9 22 49.2403 35.7314 135.692 20.9 6
2010 8 30 9 22 53.1528 35.7027 135.677 3 5
2010 8 30 9 23 3.45301 35.722 135.648 18.8 5
2010 8 30 9 23 4.3316 35.7319 135.689 20.8 5
2010 8 30 9 23 8.10298 35.6915 135.693 7 5
2010 8 30 9 23 15.9016 35.9841 135.282 15.5 5
2010 8 30 9 23 21.7348 35.6746 135.78 3.1 5
2010 8 30 9 23 21.8578 35.7383 135.74 6.8 7
2010 8 30 9 23 29.0075 35.7188 135.695 26.5 6
2010 8 30 9 23 36.2553 35.7175 135.702 6.2 5
2010 8 30 9 23 41.0914 35.7007 135.707 22.7 5
2010 8 30 9 23 49.7873 35.7551 135.639 21.2 8
2010 8 30 9 24 3.78855 35.7111 135.722 28.9 9
2010 8 30 9 24 8.5537 35.6661 135.742 14.6 6
2010 8 30 9 24 17.0518 35.6776 135.72 5.4 5
2010 8 30 9 24 17.2691 35.7268 135.672 8 5
2010 8 30 9 24 21.3029 35.7338 135.725 14.7 6
2010 8 30 9 24 21.3978 35.7466 135.712 22.3 9
2010 8 30 9 24 21.5669 35.7536 135.447 13.3 6
2010 8 30 9 24 21.5669 35.7154 135.736 22.5 10
2010 8 30 9 24 21.9746 35.6894 135.72 26.1 7
2010 8 30 9 24 32.8475 35.7218 135.672 9.2 8
2010 8 30 9 24 45.6216 35.7408 135.678 8.4 8
2010 8 30 9 24 45.6795 35.7768 135.744 20.6 5
2010 8 30 9 24 49.7452 35.7378 135.685 17.1 9
2010 8 30 9 24 54.9014 35.6757 135.722 2.3 5
2010 8 30 9 25 0.20997 35.6854 135.768 16.5 9
2010 8 30 9 25 0.284822 35.7429 135.738 29.6 8
2010 8 30 9 25 8.85561 35.7266 135.531 11.8 6
2010 8 30 9 25 8.85563 35.7171 135.691 25.9 11
2010 8 30 9 25 12.8169 35.6735 135.726 2.8 5
2010 8 30 9 25 17.3717 35.8196 135.631 20 6
2010 8 30 9 25 27.5824 35.7085 135.728 7.8 9
2010 8 30 9 25 34.7452 35.752 135.371 19.6 5
2010 8 30 9 25 36.4907 35.6887 135.756 5.6 5
2010 8 30 9 25 40.208 35.7152 135.657 9 8
2010 8 30 9 25 46.8768 35.753 135.881 19 5
2010 8 30 9 25 46.9982 35.7813 135.417 27 5
2010 8 30 9 25 46.9982 35.74 135.488 10.4 6
2010 8 30 9 26 2.67805 35.7446 135.578 12.7 6
2010 8 30 9 26 14.0657 35.7448 135.71 27.8 8
2010 8 30 9 26 25.1218 35.7187 135.741 21.3 10
2010 8 30 9 26 32.7805 35.7476 135.611 10.6 6
2010 8 30 9 26 34.6452 35.74 135.666 8.3 7
2010 8 30 9 26 40.4113 35.731 135.672 25 5
2010 8 30 9 26 48.089 35.7567 135.477 9.7 7
2010 8 30 9 26 48.089 35.7334 135.763 6.1 5
2010 8 30 9 26 48.2572 35.7463 135.735 21.5 7
2010 8 30 9 27 2.888 35.6955 135.676 13.1 8
2010 8 30 9 27 5.74421 35.7271 135.725 14.4 10
2010 8 30 9 27 9.05751 35.7489 135.403 26.3 6
2010 8 30 9 27 21.4853 35.756 135.508 24.1 5
2010 8 30 9 27 21.5641 35.7097 135.702 24.6 7
2010 8 30 9 27 25.8277 35.7482 135.704 15.2 6
2010 8 30 9 27 30.3795 35.6846 135.736 23.6 7
2010 8 30 9 27 36.6539 35.7442 135.68 6.7 5
2010 8 30 9 27 39.0735 35.7156 135.733 27.7 5
2010 8 30 9 27 39.0735 35.7429 135.686 19 9
2010 8 30 9 27 47.338 35.7558 135.693 24.6 9
2010 8 30 9 27 47.4328 35.7278 135.766 28.1 6
2010 8 30 9 27 52.9493 35.8646 135.463 19.7 8
2010 8 30 9 27 54.5182 35.7539 135.685 23.8 8
2010 8 30 9 27 54.6724 35.7501 135.693 18.8 9
2010 8 30 9 27 58.4726 35.7131 135.705 20.3 8
2010 8 30 9 28 3.70861 35.7043 135.654 16.2 10
2010 8 30 9 28 4.32156 35.7348 135.674 11.1 10
2010 8 30 9 28 7.77937 35.7183 135.711 23.8 8
2010 8 30 9 28 9.69548 35.7269 135.69 19.2 9
2010 8 30 9 28 23.7942 35.7606 135.728 15.7 7
2010 8 30 9 28 30.1395 35.7178 132.391 19.6 8
2010 8 30 9 28 43.3326 35.7551 135.7 22.7 7
2010 8 30 9 28 52.4172 35.7042 135.702 15.5 6
2010 8 30 9 29 9.87643 35.7108 135.672 7.2 8
2010 8 30 9 29 13.7671 35.7296 135.73 22.6 11
2010 8 30 9 29 23.9872 35.6946 135.816 3.2 5
2010 8 30 9 29 29.8039 35.7535 135.693 12.5 9
2010 8 30 9 29 35.8443 35.7535 135.661 29.7 8
2010 8 30 9 29 35.9246 35.7451 135.705 21.2 7
2010 8 30 9 29 52.7158 35.7349 135.688 25.5 9
2010 8 30 9 29 52.8155 35.7558 135.563 4.5 5
2010 8 30 9 30 0.540357 35.7394 135.74 11 6
2010 8 30 9 30 1.99434 35.6918 135.673 14 8
2010 8 30 9 30 1.99434 35.7777 135.366 27.9 5
2010 8 30 9 30 2.04119 35.74 135.668 26.4 5
2010 8 30 9 30 18.0211 35.7012 135.73 25 7
2010 8 30 9 30 18.5829 35.7552 135.776 10.9 6
2010 8 30 9 30 30.7659 35.6885 135.71 17.3 10
2010 8 30 9 30 35.7456 35.745 135.779 19.5 5
2010 8 30 9 30 41.371 35.6427 135.665 14.9 7
2010 8 30 9 30 42.1735 35.6534 135.697 3.5 5
2010 8 30 9 30 42.5607 35.7405 135.73 16.7 9
2010 8 30 9 30 42.6862 35.7188 135.748 26.5 6
2010 8 30 9 30 42.8829 35.7041 135.666 22.8 8
2010 8 30 9 30 43.0627 35.7581 135.696 22.9 5
2010 8 30 9 30 57.1544 35.8165 135.592 5.1 6
2010 8 30 9 30 57.1545 35.7158 135.769 5.9 6
2010 8 30 9 30 57.2915 35.736 135.737 14.3 7
2010 8 30 9 30 58.898 35.7175 135.742 3.4 5
2010 8 30 9 30 59.7208 35.7758 135.69 17.1 6
2010 8 30 9 31 0.832306 35.699 135.673 8.5 5
2010 8 30 9 31 5.18865 35.7315 135.762 4.4 5
2010 8 30 9 31 5.18865 35.7659 135.634 8.2 6
2010 8 30 9 31 7.39168 36.0633 135.33 18.2 6
2010 8 30 9 31 7.39182 35.7438 135.767 8 7
2010 8 30 9 31 7.46639 35.7576 135.596 5.7 5
2010 8 30 9 31 7.70433 35.7511 135.689 27 7
2010 8 30 9 31 13.1248 35.7909 135.694 25.2 6
2010 8 30 9 31 22.8018 35.7944 135.711 20.6 6
2010 8 30 9 31 23.1752 35.8045 135.651 28 7
2010 8 30 9 31 23.1752 35.7735 135.689 23.2 11
2010 8 30 9 31 36.4869 35.7404 135.656 11.3 5
2010 8 30 9 31 50.1253 35.8017 135.581 26 6
2010 8 30 9 31 50.1876 35.7566 135.692 22.1 7
2010 8 30 9 31 50.2673 35.7896 135.692 23.2 7
2010 8 30 9 31 50.6611 35.7483 135.672 18.6 9
2010 8 30 9 31 57.8992 35.741 135.737 14.2 6
2010 8 30 9 31 58.1483 35.7392 135.734 17.2 7
2010 8 30 9 32 10.2804 35.8122 135.493 25.8 7
2010 8 30 9 32 24.0892 35.7782 135.69 6 6
2010 8 30 9 32 24.1851 35.7564 135.723 27.3 9
2010 8 30 9 32 34.7434 35.7505 135.74 27.3 7
2010 8 30 9 32 34.8668 35.7369 135.589 5.4 5
2010 8 30 9 32 34.8668 35.6804 135.769 8.9 5
2010 8 30 9 32 35.0299 35.7342 135.71 7.7 6
2010 8 30 9 32 40.2505 35.6615 135.659 6.6 5
2010 8 30 9 32 42.8109 36.0636 135.455 9.2 5
2010 8 30 9 32 43.8474 35.7584 135.634 25.2 11
2010 8 30 9 33 6.45514 35.7456 135.687 22.4 5
2010 8 30 9 33 21.964 35.7527 135.695 7.4 6
2010 8 30 9 33 22.1543 35.7218 135.711 22 7
2010 8 30 9 33 22.2808 35.6822 135.736 14.4 6
2010 8 30 9 33 22.6229 35.7286 135.698 19.4 7
2010 8 30 9 33 22.7942 35.7264 135.727 22.5 7
2010 8 30 9 33 55.6731 35.7718 135.725 14.1 8
2010 8 30 9 33 58.1341 35.7665 135.825 17.1 5
2010 8 30 9 34 5.04891 35.8169 135.742 16.6 6
2010 8 30 9 34 13.9564 35.8416 135.662 26.6 7
2010 8 30 9 34 13.9564 35.7947 135.645 20.2 6
2010 8 30 9 34 42.3034 35.8226 135.642 17.9 9
2010 8 30 9 34 42.3034 35.7972 135.805 23.3 8
2010 8 30 9 34 45.1854 35.7756 135.728 1.8 5
2010 8 30 9 35 22.4217 35.7583 135.768 23.2 7
2010 8 30 9 35 23.1916 35.8245 135.676 14.7 11
2010 8 30 9 35 23.254 35.8365 135.726 29.9 5
2010 8 30 9 35 23.2866 35.8223 135.667 15.8 9
2010 8 30 9 35 23.3624 35.8036 135.712 21.6 6
2010 8 30 9 35 23.4717 35.8223 135.683 20 9
2010 8 30 9 35 38.2679 35.7422 135.733 11 5
2010 8 30 9 36 9.01593 35.7554 135.709 22.3 11
2010 8 30 9 36 9.01593 35.8053 135.498 19.1 6
2010 8 30 9 36 9.11271 35.7864 135.707 20.9 6
2010 8 30 9 36 14.8894 35.8476 135.716 26.3 7
2010 8 30 9 36 14.9639 35.8227 135.603 25.5 8
2010 8 30 9 36 15.4736 35.7685 135.748 3.3 6
2010 8 30 9 36 43.9715 35.8191 135.679 8.3 5
2010 8 30 9 36 44.1145 35.8349 135.47 24.5 6
2010 8 30 9 36 52.6108 35.8295 135.808 22.8 5
2010 8 30 9 36 53.8262 35.7633 135.787 19.6 5
2010 8 30 9 37 0.282488 35.7488 135.709 16.5 7
2010 8 30 9 37 12.6234 35.7559 135.709 19.1 7
2010 8 30 9 37 13.4401 35.7167 135.702 26.9 8
2010 8 30 9 37 16.5985 35.8389 135.691 12.5 8
2010 8 30 9 37 29.9417 35.7546 135.69 15.8 5
2010 8 30 9 37 41.2152 35.7536 135.683 19.1 8
2010 8 30 9 37 41.3416 35.7584 135.677 20.9 8
2010 8 30 9 37 46.3158 35.723 135.748 14.9 5
2010 8 30 9 37 51.4965 35.8315 135.702 18.3 11
2010 8 30 9 37 54.4653 35.7211 135.791 15.5 5
2010 8 30 9 38 5.16575 35.6714 135.746 13.7 5
2010 8 30 9 38 23.3297 35.7629 135.711 8.6 6
2010 8 30 9 38 45.1255 35.7634 135.683 9.7 6
2010 8 30 9 38 54.0803 35.7645 135.727 25.3 6
2010 8 30 9 39 10.4787 35.7843 135.781 7.2 9
2010 8 30 9 39 10.6267 35.8532 135.77 24.6 6
2010 8 30 9 39 13.3855 43.1605 140.024 6.6 5
2010 8 30 9 39 13.3855 43.0975 140.108 14.9 9
2010 8 30 9 39 17.9985 35.844 135.729 23.1 10
2010 8 30 9 39 18.3296 35.819 135.72 13.5 10
2010 8 30 9 39 37.6683 35.6804 135.754 8.5 6
2010 8 30 9 39 38.4375 35.8248 135.78 23.1 8
2010 8 30 9 39 38.5766 35.8449 135.766 29.5 5
2010 8 30 9 39 38.6572 35.8354 135.788 18.5 5
2010 8 30 9 39 51.8576 35.8223 135.732 29.6 8
2010 8 30 9 39 59.3607 35.8236 135.714 23.9 6
2010 8 30 9 39 59.4073 35.7602 135.745 29.1 7
2010 8 30 9 40 12.8185 35.838 135.766 18.8 10
2010 8 30 9 40 19.5907 35.7733 135.768 3.9 5
2010 8 30 9 40 32.7064 35.8333 135.62 5.8 5
2010 8 30 9 40 43.8886 35.8196 135.713 11.5 6
2010 8 30 9 40 43.9387 35.7912 135.733 29.1 6
2010 8 30 9 40 44.0331 35.8105 135.79 25.2 9
2010 8 30 9 40 44.162 35.7301 135.722 17 6
2010 8 30 9 40 56.8564 35.7651 135.684 22.9 7
2010 8 30 9 40 56.8565 35.7604 135.867 9.6 5
2010 8 30 9 40 57.1735 35.7574 135.711 20.7 7
2010 8 30 9 41 3.45213 35.9494 135.428 11.8 5
2010 8 30 9 41 30.4535 35.7336 135.695 19.4 8
2010 8 30 9 41 55.1076 35.8406 135.796 16.5 8
2010 8 30 9 42 28.4003 35.8208 135.754 7.1 6
2010 8 30 9 42 28.4731 35.8607 135.699 19.6 8
2010 8 30 9 42 28.6461 35.8262 135.691 10.5 8
2010 8 30 9 42 46.8111 35.8009 135.816 3.4 5
2010 8 30 9 43 6.59208 35.8107 135.791 13 7
2010 8 30 9 43 6.5921 35.7941 135.798 28.8 7
2010 8 30 9 43 6.8222 35.7765 135.746 6.9 7
2010 8 30 9 43 16.8109 35.8056 135.61 22 5
2010 8 30 9 43 20.6654 35.7447 135.734 4 6
2010 8 30 9 43 25.6683 35.8591 135.714 19.5 8
2010 8 30 9 43 58.8904 35.9673 135.502 4.3 5
2010 8 30 9 44 6.02998 35.7679 135.657 23.9 6
2010 8 30 9 44 6.03 35.7723 135.719 14.8 7
2010 8 30 9 44 53.0035 35.783 135.738 19.5 11
2010 8 30 9 44 53.0798 35.7525 135.823 21.3 5
2010 8 30 9 44 53.2508 35.7648 135.732 6.6 5
2010 8 30 9 44 53.2508 35.7716 135.715 27 11
2010 8 30 9 44 53.7864 35.7791 135.704 17.9 9
2010 8 30 9 45 25.4372 35.8378 135.758 24.8 8
2010 8 30 9 45 25.4372 35.8504 135.605 17.2 7
2010 8 30 9 45 26.0395 35.8513 135.714 8.8 9
2010 8 30 9 45 27.5838 35.924 129.52 13.2 5
2010 8 30 9 46 14.5023 35.8746 135.747 16.3 5
2010 8 30 9 46 14.7642 35.8778 135.735 24.2 5
2010 8 30 9 46 38.2191 35.8478 135.75 20.5 6
2010 8 30 9 46 51.3988 35.7646 135.805 8.9 5
2010 8 30 9 46 51.5137 35.7021 135.772 19.5 7
2010 8 30 9 46 59.1495 35.778 135.812 12.1 6
2010 8 30 9 46 59.1496 35.8097 135.808 16.9 7
2010 8 30 9 47 21.3178 35.8883 135.599 21.2 8
2010 8 30 9 47 21.3178 35.8477 135.786 13.8 7
2010 8 30 9 47 38.9379 35.7852 135.705 17.8 9
2010 8 30 9 47 38.9945 35.7821 135.687 9.3 5
2010 8 30 9 48 3.33036 35.8949 135.563 9.9 5
2010 8 30 9 48 3.33038 35.8249 135.774 25 5
2010 8 30 9 48 3.3304 35.8381 135.746 4.3 6
2010 8 30 9 48 14.6566 35.8895 135.771 13.7 9
2010 8 30 9 48 14.771 35.9195 135.755 11.7 7
2010 8 30 9 48 14.771 35.9376 135.567 21.1 5
2010 8 30 9 48 52.6738 35.8168 135.755 18.8 9
2010 8 30 9 48 52.8329 35.8645 135.813 19.6 8
2010 8 30 9 49 22.1779 35.8174 135.737 14.8 7
2010 8 30 9 49 24.2702 35.741 135.721 22.8 10
2010 8 30 9 49 24.4811 35.7729 135.731 11.6 7
2010 8 30 9 49 24.7366 35.6873 135.756 20.3 7
2010 8 30 9 49 24.8384 35.7606 135.691 10.1 5
2010 8 30 9 49 43.1242 35.8216 135.734 29.7 6
2010 8 30 9 49 59.8808 35.8599 135.8 19.1 6
2010 8 30 9 50 0.071227 35.8706 135.811 18.8 7
2010 8 30 9 50 0.07125 35.8422 135.758 15.3 8
2010 8 30 9 50 13.1837 35.8731 135.755 13.9 5
2010 8 30 9 50 13.3275 35.8661 135.757 22.9 12
2010 8 30 9 50 16.8492 35.707 135.784 26.1 7
2010 8 30 9 50 24.8529 35.8631 135.741 20.2 7
2010 8 30 9 50 25.2747 35.8521 135.728 21.9 7
2010 8 30 9 50 25.4862 35.8655 135.712 8.9 6
2010 8 30 9 50 59.0832 35.883 135.55 13.8 6
2010 8 30 9 50 59.1799 35.8612 135.639 6.6 5
2010 8 30 9 50 59.8697 35.8583 135.762 10.6 5
2010 8 30 9 51 9.32328 35.8683 135.731 17.4 7
2010 8 30 9 51 9.4375 35.8632 135.713 22.6 8
2010 8 30 9 51 12.5047 42.7706 140.11 17.8 7
2010 8 30 9 51 18.964 35.835 135.752 23.9 6
2010 8 30 9 51 20.6372 35.7638 135.753 4.8 5
2010 8 30 9 51 20.7941 35.8543 135.801 23.9 9
2010 8 30 9 51 20.961 35.8318 135.825 25.8 5
2010 8 30 9 51 31.1061 35.8792 135.803 26.8 8
2010 8 30 9 51 35.0535 35.7903 135.775 24.8 5
2010 8 30 9 51 43.9601 35.8658 135.745 5.6 5
2010 8 30 9 51 44.2159 35.8525 135.738 9.1 8
2010 8 30 9 51 44.2938 35.8579 135.747 9.4 5
2010 8 30 9 51 55.7842 35.816 135.766 20.7 7
2010 8 30 9 52 7.36841 35.8924 135.761 20.7 7
2010 8 30 9 52 17.8237 35.8283 135.817 15.2 8
2010 8 30 9 52 48.5631 35.861 135.739 22.5 8
2010 8 30 9 52 58.5728 35.8895 135.787 23.1 6
2010 8 30 9 52 58.6275 35.862 135.767 23.8 7
2010 8 30 9 53 11.5111 35.8592 135.756 22.3 9
2010 8 30 9 53 18.2178 35.8891 135.777 21.1 7
2010 8 30 9 53 18.3052 35.9728 135.795 16.4 7
2010 8 30 9 53 18.478 35.9368 135.771 18.8 8
2010 8 30 9 53 48.1125 35.9371 135.624 9.8 6
2010 8 30 9 53 48.5132 35.9058 135.748 24.7 7
2010 8 30 9 53 56.3663 35.7867 135.789 22.9 7
2010 8 30 9 53 56.3663 35.7937 135.74 20.1 9
2010 8 30 9 53 56.4125 35.8158 135.772 23.6 5
2010 8 30 9 53 56.4603 35.7371 135.793 14.6 5
2010 8 30 9 53 56.5687 35.8369 135.73 21.1 5
2010 8 30 9 54 1.30912 35.8754 135.686 5.7 5
2010 8 30 9 54 1.30912 35.7915 135.784 20.3 6
2010 8 30 9 54 2.03656 35.864 135.834 17.5 8
2010 8 30 9 54 32.9563 35.973 135.732 20.8 9
2010 8 30 9 54 33.0282 35.9883 135.75 14.2 6
2010 8 30 9 54 33.1134 35.9516 135.711 16 6
2010 8 30 9 54 33.1729 35.9568 135.743 21.5 7
2010 8 30 9 54 40.0854 35.7873 135.779 13.7 6
2010 8 30 9 54 40.5725 35.8275 135.786 21.2 6
2010 8 30 9 54 48.6782 35.8613 135.771 22.8 6
2010 8 30 9 55 12.1576 35.9753 135.701 9.6 6
2010 8 30 9 55 21.9741 35.8854 135.764 14.7 5
2010 8 30 9 55 22.05 35.7978 135.79 9.3 7
2010 8 30 9 55 22.1822 35.8686 135.593 7.5 5
2010 8 30 9 55 36.3572 35.6791 135.707 25.7 9
2010 8 30 9 56 3.638 35.9714 135.784 11.4 6
2010 8 30 9 56 3.67275 35.9583 135.748 3.8 5
2010 8 30 9 56 3.75685 35.9944 135.632 9.2 7
2010 8 30 9 56 3.82206 35.9265 135.79 27.1 8
2010 8 30 9 56 3.92183 35.9722 135.755 8.8 7
2010 8 30 9 56 23.7161 35.8879 135.697 18.6 7
2010 8 30 9 56 23.7719 35.897 135.744 19.1 10
2010 8 30 9 56 23.8394 35.876 135.771 27.9 5
2010 8 30 9 56 24.3796 35.8669 135.73 6.1 6
2010 8 30 9 56 46.8454 35.8803 135.784 12.4 6
2010 8 30 9 57 0.121812 35.9735 135.682 8.3 6
2010 8 30 9 57 0.173565 35.9819 135.757 26.8 6
2010 8 30 9 57 0.206438 35.9863 135.707 8.4 6
2010 8 30 9 57 3.6384 35.8794 135.794 17.9 6
2010 8 30 9 57 28.0768 35.8958 135.792 18.1 9
2010 8 30 9 58 32.222 35.9605 135.771 20 6
2010 8 30 9 58 49.0487 35.6984 135.72 16.6 7
2010 8 30 9 58 54.0448 35.9581 135.719 10.4 5
2010 8 30 9 59 45.8201 35.8956 135.725 10.3 6
2010 8 30 10 0 4.18162 35.9405 135.814 9.5 7
2010 8 30 10 0 14.3296 36.0197 135.749 3.9 5
2010 8 30 10 0 14.3965 35.9444 135.765 13.9 5
2010 8 30 10 0 24.5423 35.9215 135.786 9.9 10
2010 8 30 10 1 10.3024 35.9197 135.674 9.9 6
2010 8 30 10 1 10.3932 35.9084 135.718 9.8 5
2010 8 30 10 1 10.8183 35.9162 135.789 17.9 5
2010 8 30 10 1 10.8183 35.9236 135.675 11.9 6
2010 8 30 10 1 37.3329 35.9804 135.75 11.3 5
2010 8 30 10 1 48.6301 35.9348 135.785 17.3 5
2010 8 30 10 2 55.3478 35.9565 135.811 18.9 11
2010 8 30 10 3 10.3355 35.9527 135.815 7.4 5
2010 8 30 10 3 42.6052 35.877 135.792 9.6 5
2010 8 30 10 3 47.6968 35.9744 135.808 22.4 7
2010 8 30 10 3 47.6969 35.9739 135.79 6.3 5
2010 8 30 10 3 47.8034 35.9889 135.724 12.6 6
2010 8 30 10 4 6.32936 35.8684 135.81 17.7 6
2010 8 30 10 4 6.41117 35.8429 135.786 23 6
2010 8 30 10 4 6.57941 35.8565 135.678 8.5 5
2010 8 30 10 4 6.57941 35.8486 135.824 21.7 9
2010 8 30 10 4 23.7902 35.9537 135.791 18.9 7
2010 8 30 10 4 23.8518 35.951 135.75 4.1 6
2010 8 30 10 4 56.15 35.9481 135.774 18.3 12
2010 8 30 10 5 30.8955 35.6577 135.697 5.6 6
2010 8 30 10 6 5.04133 35.8461 135.694 22.5 6
2010 8 30 10 6 49.4203 35.8015 135.802 18.8 6
2010 8 30 10 6 49.5149 35.9118 135.78 22.8 6
2010 8 30 10 6 49.6459 35.8986 135.779 11.8 5
2010 8 30 10 6 49.6459 35.8774 135.81 26.8 11
2010 8 30 10 6 49.8558 35.8909 135.76 7.4 6
2010 8 30 10 6 49.9606 35.8045 135.796 15.5 7
2010 8 30 10 7 11.707 35.9528 135.728 20.5 9
2010 8 30 10 7 28.6593 35.8473 135.803 18.6 9
2010 8 30 10 7 28.713 35.8655 135.754 9.6 5
2010 8 30 10 8 2.33391 35.9299 135.607 8.1 5
2010 8 30 10 8 2.33394 35.7862 135.782 19.5 5
2010 8 30 10 8 17.1327 35.9116 129.47 18.8 6
2010 8 30 10 8 30.1889 35.949 135.793 3.7 5
2010 8 30 10 9 12.6797 35.9431 135.752 26.8 8
2010 8 30 10 10 41.8975 35.9532 135.635 7.2 5
2010 8 30 10 12 34.602 35.986 135.766 26.2 5
2010 8 30 10 12 44.5003 42.852 140.276 1.4 5
2010 8 30 10 14 5.50361 35.9616 135.805 6.4 5
2010 8 30 10 14 14.1732 43.0017 140.328 16.3 7
2010 8 30 10 22 44.6395 36.0178 135.769 10.1 6
2010 8 30 10 22 44.749 36.0215 135.436 24.5 6
2010 8 30 10 22 44.8712 36.0465 135.708 23.9 6
2010 8 30 10 24 45.2049 41.0544 139.408 11.1 7
2010 8 30 10 26 39.1632 41.0342 139.436 16.6 6
2010 8 30 10 26 39.2017 41.0857 139.436 18.9 7
2010 8 30 10 26 58.2485 41.2143 139.343 10.3 5
2010 8 30 10 27 49.2291 41.0108 139.387 5.2 5
2010 8 30 10 27 49.2291 41.0318 139.438 22.5 10
2010 8 30 10 29 13.0544 36.0587 135.71 4.2 5
2010 8 30 10 29 13.0544 35.996 135.799 9.5 7
2010 8 30 10 29 49.0302 41.1068 139.457 21.5 5
2010 8 30 10 31 19.6335 41.1634 139.389 24 5
2010 8 30 10 32 47.0928 41.1503 139.524 25.4 7
2010 8 30 10 32 47.1931 41.098 139.397 17.3 8
2010 8 30 10 32 47.3105 41.0782 139.395 10.3 8
2010 8 30 10 33 29.7551 41.1774 139.33 14.4 5
2010 8 30 10 33 29.8506 41.1549 139.419 23.2 8
2010 8 30 10 33 29.8506 41.1248 139.451 17.8 8
2010 8 30 10 33 29.952 41.1495 139.421 24 6
2010 8 30 10 33 30.0153 41.1508 139.405 22.7 7
2010 8 30 10 33 30.1672 41.1924 139.416 23.3 6
2010 8 30 10 33 56.7745 35.9785 135.795 29.1 13
2010 8 30 10 34 54.0266 41.1559 139.449 17.4 12
2010 8 30 10 34 54.0266 41.163 139.491 15.6 5
2010 8 30 10 34 54.1541 41.0776 139.505 20.1 7
2010 8 30 10 34 54.1772 41.0963 139.48 22.6 5
2010 8 30 10 34 54.2497 41.1165 139.505 29.6 8
2010 8 30 10 35 20.7531 36.0463 135.839 11.5 5
2010 8 30 10 35 29.573 41.0661 139.621 5.5 5
2010 8 30 10 36 14.5417 41.1585 139.576 23 7
2010 8 30 10 37 14.5172 41.0983 139.443 6.2 6
2010 8 30 10 37 39.4707 41.1039 139.543 4.8 6
2010 8 30 10 38 8.96254 41.0888 139.554 9.3 7
2010 8 30 10 38 28.8721 41.1637 139.732 12.1 6
2010 8 30 10 38 28.9212 41.1509 139.502 29.7 8
2010 8 30 10 38 58.7949 41.1286 139.449 28.4 9
2010 8 30 10 39 21.6746 41.1319 139.654 17.1 8
2010 8 30 10 40 27.0881 41.1666 139.504 24.7 10
2010 8 30 10 40 27.174 41.131 139.502 18.4 7
2010 8 30 10 41 21.578 41.1122 139.527 13 10
2010 8 30 10 41 21.578 41.1831 139.498 4.4 5
2010 8 30 10 41 21.6277 41.2032 139.644 20.3 5
2010 8 30 10 41 21.7338 41.1364 139.519 11 5
2010 8 30 10 41 21.7338 41.1736 139.502 20.8 9
2010 8 30 10 42 21.004 41.061 139.43 3.6 5
2010 8 30 10 43 24.6583 38.6708 135.481 22 7
2010 8 30 10 43 24.7019 38.6437 135.455 10.6 6
2010 8 30 10 45 48.2883 41.1154 139.612 12.1 7
2010 8 30 10 45 48.322 41.1022 139.808 12.9 5
2010 8 30 10 45 48.4955 41.1012 139.582 8.6 5
2010 8 30 10 46 53.8022 41.0655 139.548 14.1 5
2010 8 30 10 46 54.1251 41.0433 139.613 2.3 5
2010 8 30 10 47 28.5132 41.0846 139.62 23.7 5
2010 8 30 10 48 43.2958 40.6587 138.012 28.7 5
2010 8 30 10 48 43.2963 41.1361 139.635 12.1 5
2010 8 30 10 48 43.3928 41.0202 139.594 4.2 5
2010 8 30 10 48 44.4104 42.8156 139.827 25.4 9
2010 8 30 10 48 44.4104 42.8491 139.83 19.3 9
2010 8 30 10 48 44.4874 42.88 139.858 19.2 7
2010 8 30 10 49 39.0792 41.0393 139.603 15.4 7
2010 8 30 10 50 7.02073 42.8852 139.797 14.7 7
2010 8 30 10 50 57.7113 41.0718 139.598 24.3 7
2010 8 30 10 50 58.1126 41.0185 139.634 4.2 5
2010 8 30 10 52 8.22801 41.1686 139.583 11.5 6
2010 8 30 10 52 8.29573 41.1271 139.593 28.2 7
2010 8 30 10 52 46.3497 42.8941 139.7 18.2 5
2010 8 30 10 52 46.4098 42.8855 139.969 13 5
2010 8 30 10 53 40.7018 41.2601 139.536 23.3 7
2010 8 30 10 54 5.94952 42.7493 139.941 5.9 5
2010 8 30 10 54 42.4073 41.3721 139.129 4.7 5
2010 8 30 10 54 42.4869 41.1786 139.57 10.1 7
2010 8 30 10 54 42.6139 41.1688 139.561 16.1 6
2010 8 30 10 55 36.077 41.1849 139.707 21.8 5
2010 8 30 10 56 37.1968 41.1306 139.545 6.6 7
2010 8 30 10 56 43.6019 42.7453 139.916 17 6
2010 8 30 10 56 43.8001 42.8151 139.946 8.3 5
2010 8 30 10 58 9.73142 41.2773 139.494 15.8 6
2010 8 30 10 59 24.3519 42.89 139.921 26.7 9
2010 8 30 11 0 35.1679 41.2529 139.5 8.9 5
2010 8 30 11 0 59.5204 41.2702 139.544 17.5 6
2010 8 30 11 1 47.1687 41.1278 139.648 11.5 6
2010 8 30 11 2 34.0735 41.3291 139.521 28.5 9
2010 8 30 11 2 55.9893 41.3332 139.498 12.2 5
2010 8 30 11 2 56.1794 41.2958 139.526 29.5 6
2010 8 30 11 3 17.6862 41.3202 139.581 9.2 6
2010 8 30 11 3 23.3216 41.1959 139.539 15.5 7
2010 8 30 11 3 39.0596 42.8624 139.956 21 8
2010 8 30 11 3 40.0114 41.1053 139.722 2.8 5
2010 8 30 11 4 7.95351 41.1845 139.538 26.1 6
2010 8 30 11 4 14.2829 41.1829 139.674 15.8 5
2010 8 30 11 4 14.454 41.1485 139.687 12.1 5
2010 8 30 11 4 20.6745 41.1098 139.732 12.9 6
2010 8 30 11 4 20.7977 41.2935 139.538 9.1 6
2010 8 30 11 4 51.9064 41.1829 139.613 2.7 5
2010 8 30 11 4 52.1671 41.187 139.687 26 6
2010 8 30 11 4 53.7095 41.2192 139.594 18 7
2010 8 30 11 4 53.8668 41.2972 139.554 28.6 6
2010 8 30 11 5 12.8839 41.1154 139.751 25.3 7
2010 8 30 11 5 12.9232 41.155 139.748 7.6 5
2010 8 30 11 5 13.2051 41.3413 139.603 19 5
2010 8 30 11 5 13.573 41.2303 139.597 7 5
2010 8 30 11 5 13.9262 43.007 139.987 28 7
2010 8 30 11 5 38.0902 41.29 139.662 4.6 5
2010 8 30 11 5 47.5278 41.3259 139.569 29.2 7
2010 8 30 11 5 47.5279 41.3543 139.579 13.7 6
2010 8 30 11 5 47.6825 41.3043 139.579 24.1 7
2010 8 30 11 5 52.7854 41.2618 139.613 4.7 6
2010 8 30 11 5 55.1018 41.1701 139.704 28.5 7
2010 8 30 11 6 3.12209 41.3195 139.558 10.3 5
2010 8 30 11 6 48.588 41.1478 139.7 21.2 5
2010 8 30 11 7 17.1473 41.2368 139.722 28.1 7
2010 8 30 11 7 17.1473 41.244 139.765 8.8 6
2010 8 30 11 7 20.0019 41.229 139.632 21.4 5
2010 8 30 11 7 24.5342 41.1464 139.672 5.5 5
2010 8 30 11 7 24.8679 41.2392 139.554 12.3 5
2010 8 30 11 7 40.2613 41.1442 139.69 19.1 6
2010 8 30 11 8 2.97844 41.2976 139.616 20.2 8
2010 8 30 11 8 23.3393 41.2436 139.62 3 5
2010 8 30 11 8 23.5493 41.1934 139.638 28 9
2010 8 30 11 8 24.0124 41.1918 139.563 21.6 5
2010 8 30 11 8 33.5628 41.1361 139.752 12.3 6
2010 8 30 11 8 44.5895 41.2068 139.654 8.9 5
2010 8 30 11 9 1.41878 41.1821 139.945 22.8 6
2010 8 30 11 9 1.52938 41.1684 140.082 26 5
2010 8 30 11 9 24.5408 41.2709 139.584 23.4 8
2010 8 30 11 9 25.8328 42.9979 139.939 29.6 9
2010 8 30 11 9 34.8585 41.1475 139.705 6.8 6
2010 8 30 11 9 37.328 41.3006 139.645 23.7 8
2010 8 30 11 9 58.3242 41.1819 139.637 19 5
2010 8 30 11 10 32.9405 41.2065 139.569 11.4 5
2010 8 30 11 10 54.8512 41.1844 139.674 13.1 5
2010 8 30 11 11 0.129185 41.1578 139.696 3.1 5
2010 8 30 11 11 38.6442 41.1763 139.725 28.5 5
2010 8 30 11 11 53.0793 42.9496 140.009 25.8 7
2010 8 30 11 11 53.1804 42.9385 140.062 28.7 5
2010 8 30 11 12 46.7911 41.2299 139.821 25.2 6
2010 8 30 11 12 53.8332 42.953 140.015 25.4 9
2010 8 30 11 13 15.0936 41.2159 139.731 19 9
2010 8 30 11 13 15.1609 41.2498 139.847 9.4 7
2010 8 30 11 13 15.3031 41.0917 139.812 17.6 5
2010 8 30 11 13 51.5442 41.3221 139.596 17 8
2010 8 30 11 13 51.5444 41.2881 140.048 17.7 5
2010 8 30 11 13 52.1625 41.2817 139.663 4.9 5
2010 8 30 11 13 54.6485 43.3959 140.86 26.8 8
2010 8 30 11 14 10.9046 42.776 140.075 12 6
2010 8 30 11 14 10.9046 42.8912 140.044 5.9 6
2010 8 30 11 15 21.2457 41.3234 139.602 26.7 9
2010 8 30 11 16 6.90269 42.9915 139.995 14.3 5
2010 8 30 11 16 40.5347 41.1029 139.833 3.2 5
2010 8 30 11 16 59.6594 43.0389 139.985 18.7 7
2010 8 30 11 17 2.07332 41.2658 139.701 27.3 7
2010 8 30 11 17 29.8437 41.3708 139.717 26.7 9
2010 8 30 11 17 29.8437 41.3197 139.934 13.5 5
2010 8 30 11 18 4.1856 42.9933 140.237 26.5 6
2010 8 30 11 18 37.8596 41.1533 139.714 23.2 7
2010 8 30 11 18 41.0539 43.006 139.985 27.1 7
2010 8 30 11 19 47.3366 43.0445 140.261 28.8 10
2010 8 30 11 20 20.5471 41.2419 139.768 20.9 6
2010 8 30 11 20 25.4464 42.9989 140.051 26.5 7
2010 8 30 11 20 31.9231 41.2172 139.848 28.2 7
2010 8 30 11 21 4.1657 42.8942 140.138 9.5 6
2010 8 30 11 21 13.4217 41.2475 139.778 28.9 5
2010 8 30 11 21 16.3108 43.0297 140.261 13.4 6
2010 8 30 11 21 16.5071 42.981 140.298 16.1 5
2010 8 30 11 21 18.904 41.3617 139.791 28.7 8
2010 8 30 11 21 18.9232 41.3884 139.804 28.4 7
2010 8 30 11 21 52.682 42.8878 140.12 7.1 5
2010 8 30 11 21 52.7129 43.009 139.963 27.9 5
2010 8 30 11 22 16.8563 41.3126 139.872 5.2 6
2010 8 30 11 22 29.4396 42.9544 140.052 23.7 7
2010 8 30 11 22 29.5081 42.9866 140.075 27.5 6
2010 8 30 11 22 29.8353 42.88 140.104 13.8 5
2010 8 30 11 23 6.74565 43.1034 140.203 24.1 7
2010 8 30 11 23 6.74568 43.1282 140.269 16.9 6
2010 8 30 11 24 34.27 41.2912 139.722 29.2 6
2010 8 30 11 24 37.8368 43.3154 140.847 26.1 6
2010 8 30 11 24 40.9544 41.2231 139.855 29.6 6
2010 8 30 11 25 3.29868 41.2535 139.907 27.1 7
2010 8 30 11 25 3.29873 41.2593 139.98 7.8 5
2010 8 30 11 25 3.42067 41.2335 139.91 20.8 5
2010 8 30 11 25 27.9484 41.3458 139.82 26 7
2010 8 30 11 25 33.8481 41.2793 139.769 24.1 7
2010 8 30 11 25 33.8689 41.2878 139.737 9.7 5
2010 8 30 11 25 34.5438 43.0634 140.247 16 6
2010 8 30 11 25 58.0075 41.2423 139.869 27.5 6
2010 8 30 11 26 20.9764 41.3441 139.569 9.2 5
2010 8 30 11 26 20.9764 41.3327 139.89 21.4 5
2010 8 30 11 26 44.323 43.0782 140.175 24.7 5
2010 8 30 11 26 45.7318 41.3415 139.937 7.3 5
2010 8 30 11 27 56.2872 42.9476 140.099 22.9 7
2010 8 30 11 27 56.3888 42.8863 140.128 11.7 5
2010 8 30 11 27 56.4578 42.9631 140.109 27 5
2010 8 30 11 27 56.5252 42.9759 140.101 25.5 6
2010 8 30 11 27 56.5252 42.9501 140.172 20.8 6
2010 8 30 11 28 17.378 41.2044 139.938 10.9 5
2010 8 30 11 28 28.5362 41.3083 139.863 27.4 9
2010 8 30 11 29 13.8555 41.2944 139.915 24.8 5
2010 8 30 11 29 56.9247 42.9161 140.15 16.4 5
2010 8 30 11 30 15.3183 41.2095 139.924 20.4 6
2010 8 30 11 30 15.482 41.114 139.974 8.9 5
2010 8 30 11 30 15.6908 41.2512 139.934 25.8 5
2010 8 30 11 31 53.615 41.1565 139.902 8 5
2010 8 30 11 31 53.615 41.2467 139.945 22.9 5
2010 8 30 11 31 53.6609 41.1792 139.946 16.3 5
2010 8 30 11 32 17.678 41.2101 139.887 22.7 5
2010 8 30 11 34 2.83544 43.0312 140.19 14.5 5
2010 8 30 11 34 2.83544 42.9581 140.151 22.8 6
2010 8 30 11 34 3.08726 42.9298 140.142 5 5
2010 8 30 11 34 24.3452 41.2531 139.922 8.7 6
2010 8 30 11 34 24.3452 41.2866 139.903 28.1 5
2010 8 30 11 34 24.4058 41.2383 139.914 12.6 8
2010 8 30 11 34 24.4994 41.3023 139.908 22.9 9
2010 8 30 11 34 46.0282 41.0959 140.026 11.3 6
2010 8 30 11 35 28.9353 41.3329 139.909 22.1 7
2010 8 30 11 35 28.9863 41.3277 140.014 7.9 5
2010 8 30 11 35 56.3186 43.0825 140.269 27.4 8
2010 8 30 11 35 56.3533 42.9596 140.205 19.3 6
2010 8 30 11 38 25.6981 39.502 135.919 27.9 6
2010 8 30 11 41 34.6689 41.2905 139.885 23.7 6
2010 8 30 11 41 34.8737 41.3682 139.941 15.5 5
2010 8 30 11 43 44.469 41.3685 139.973 25.7 8
2010 8 30 11 43 44.5643 41.3595 140.008 29.9 5
2010 8 30 11 43 44.627 41.3769 139.978 26.9 8
2010 8 30 11 44 16.4528 41.2919 140.042 7.7 5
2010 8 30 11 44 31.9031 39.5867 135.802 5.8 5
2010 8 30 11 44 54.7056 41.3786 139.994 7.6 6
2010 8 30 11 45 38.7666 41.3327 139.979 24.8 5
2010 8 30 11 46 33.9187 41.1934 139.957 27.2 7
2010 8 30 11 48 31.6317 41.31 139.812 10.9 5
2010 8 30 11 48 36.0332 43.2686 140.151 11 5
2010 8 30 11 49 57.6088 41.3385 140.025 12.1 5
2010 8 30 11 51 25.6292 39.4626 135.566 27.4 5
2010 8 30 11 53 43.9629 43.352 140.9 22.2 5
2010 8 30 11 54 3.10523 43.1087 140.283 25.5 7
2010 8 30 11 55 12.7945 41.2831 139.996 18.5 9
2010 8 30 11 55 13.1325 41.2264 139.949 26.6 8
2010 8 30 11 58 20.514 43.0005 140.438 13 7
2010 8 30 12 0 25.3597 42.9557 140.413 6.1 5
2010 8 30 12 1 13.0479 41.7296 139.382 12 5
2010 8 30 12 1 18.6883 39.7013 136.205 14.6 6
2010 8 30 12 6 28.5216 43.3857 141.061 18.9 5
2010 8 30 12 6 39.1853 39.5344 135.841 26.4 5
2010 8 30 12 7 49.7206 39.6509 136.027 7.8 5
2010 8 30 12 7 49.7206 39.74 136.062 29.7 6
2010 8 30 12 8 36.6097 39.6949 136.01 21.9 5
2010 8 30 12 8 37.4665 41.289 139.998 8.9 5
2010 8 30 12 10 23.8829 39.6742 136.067 14.6 7
2010 8 30 12 10 24.0037 39.6744 136.311 27.7 6
2010 8 30 12 11 32.4714 43.3643 140.954 28.9 5
2010 8 30 12 12 53.5879 43.2255 141.066 26.7 6
2010 8 30 12 16 34.5505 43.8124 139.722 18.6 5
2010 8 30 12 17 13.0866 39.7752 136.116 29.8 7
2010 8 30 12 17 13.0959 39.808 135.947 19.2 5
2010 8 30 12 19 4.69084 39.7449 136.009 23.8 9
2010 8 30 12 19 4.74016 39.8173 135.97 20.4 6
2010 8 30 12 20 16.4696 43.5981 141.116 12.7 5
2010 8 30 12 21 56.7341 43.6909 141.083 6.2 5
2010 8 30 12 22 37.1306 43.4239 141.024 10 5
2010 8 30 12 23 17.2644 39.6181 135.93 29.3 9
2010 8 30 12 26 5.55695 44.1233 141.519 18.9 8
2010 8 30 12 34 59.421 39.0531 136.15 19.8 6
2010 8 30 12 35 57.7451 39.0338 136.115 20.1 6
2010 8 30 12 36 10.7883 43.8577 141.096 20.9 6
2010 8 30 12 37 17.5094 39.0781 136.184 28.7 7
2010 8 30 12 41 54.2534 38.872 136.15 10.1 5
2010 8 30 12 44 28.0648 43.876 141.21 20.6 6
2010 8 30 12 46 39.216 38.7047 135.98 20.3 5
2010 8 30 12 47 30.9398 38.7268 135.989 27.2 5
2010 8 30 12 50 0.598058 38.9284 136.098 27.7 7
2010 8 30 12 52 16.9551 38.9059 136.16 24.7 7
2010 8 30 12 59 27.2443 43.8006 141.33 16.3 5
2010 8 30 13 1 35.0518 38.9407 136.467 11.9 6
2010 8 30 13 1 35.2752 38.9219 136.049 14.8 6
2010 8 30 13 9 5.83402 43.8494 141.343 13.9 5
2010 8 30 13 9 5.83405 43.9294 141.272 28.9 6
2010 8 30 13 9 5.91267 43.8784 141.371 2.9 5
2010 8 30 13 10 3.63831 43.8913 141.367 19.4 6
2010 8 30 13 11 14.5696 43.9525 141.273 26.8 9
2010 8 30 13 11 14.606 43.9344 141.336 23.4 10
2010 8 30 13 15 48.7206 39.0843 136.288 22.5 5
2010 8 30 13 16 25.3162 39.1269 136.298 23.7 5
2010 8 30 13 16 40.3819 43.9763 141.379 26.2 7
2010 8 30 13 18 50.5283 39.1222 136.291 24.5 7
2010 8 30 13 18 50.6049 39.1205 136.317 28 10
2010 8 30 13 19 29.2138 39.1312 136.229 5.1 5
2010 8 30 13 20 17.6177 39.1351 136.256 12.5 7
2010 8 30 13 21 22.5375 39.1613 136.337 10.3 5
2010 8 30 13 23 3.23212 39.1745 136.34 17.7 7
2010 8 30 13 24 46.9235 38.9474 136.253 26.3 10
2010 8 30 13 26 0.358811 39.1082 136.392 9.1 5
2010 8 30 13 46 30.1247 38.9286 136.226 4.3 5
2010 8 30 13 46 44.0194 38.9467 136.216 10.3 6
2010 8 30 13 48 16.7238 39.0031 136.367 10.8 6
2010 8 30 13 48 52.804 38.8888 136.298 7.1 5
2010 8 30 13 48 53.1685 38.9598 136.367 21.3 7
2010 8 30 13 49 12.6513 38.9055 136.21 5.8 5
2010 8 30 13 49 30.4096 38.945 136.47 5.9 6
2010 8 30 13 50 30.5536 38.9586 136.411 26.9 7
2010 8 30 13 51 54.3485 38.9783 136.426 15.7 5
2010 8 30 13 52 29.2431 38.9795 136.294 10.3 6
2010 8 30 13 53 9.2211 38.9505 136.23 13.9 6
2010 8 30 13 54 25.6111 39.0039 136.376 24.3 5
2010 8 30 13 54 29.2845 38.9211 136.21 22 6
2010 8 30 13 54 32.475 38.9343 136.292 28.9 8
2010 8 30 13 54 50.4523 38.747 136.492 27.9 5
2010 8 30 13 55 5.11239 39.0144 136.414 24.7 7
2010 8 30 13 55 5.16445 38.944 136.375 25.9 5
2010 8 30 13 55 5.20997 39.01 136.399 11.3 7
2010 8 30 13 55 5.26233 38.9965 136.329 11.6 6
2010 8 30 13 56 12.7612 38.8104 136.33 21.2 6
2010 8 30 13 56 32.0596 38.8854 137.068 22.4 5
2010 8 30 13 57 37.1431 39.0773 136.309 15.6 6
2010 8 30 13 57 52.3265 39.0066 136.386 26.6 6
2010 8 30 13 58 28.9046 39.0151 136.35 25 6
2010 8 30 13 59 39.7212 38.9916 136.326 4.1 6
2010 8 30 13 59 39.7493 39.004 136.576 5.8 5
2010 8 30 13 59 39.8107 39.02 136.327 3.2 5
2010 8 30 14 0 0.825953 39.0096 136.388 27.4 5
2010 8 30 14 0 16.1963 39.0261 136.532 6.8 5
2010 8 30 14 0 51.3376 38.9947 136.34 14 7
2010 8 30 14 1 15.6937 39.0256 136.447 27.2 7
2010 8 30 14 1 15.8306 39.1471 136.483 9.5 5
2010 8 30 14 1 37.9908 39.0157 136.491 9.6 6
2010 8 30 14 2 44.1252 39.0374 136.423 11.7 7
2010 8 30 14 4 7.07323 39.0082 136.548 8.9 6
2010 8 30 14 5 40.6272 39.0099 136.578 6 6
2010 8 30 14 7 1.40588 39.0657 136.399 27.7 9
2010 8 30 14 7 1.46739 39.0619 136.408 18.9 7
2010 8 30 14 7 1.78503 38.9933 136.48 24.4 6
2010 8 30 14 14 10.5247 39.0839 136.655 5.9 5
2010 8 30 14 15 16.906 39.094 136.434 18.8 7
2010 8 30 14 15 17.018 39.1012 136.449 6.7 5
2010 8 30 14 15 17.05 39.0513 136.455 4.1 5
2010 8 30 14 16 19.8056 39.0449 136.431 25.2 13
2010 8 30 14 28 54.7197 39.3221 137.053 24 7
2010 8 30 14 30 13.1999 39.2761 137.057 14.6 6
2010 8 30 14 30 42.9379 38.7703 136.27 3.3 5
2010 8 30 14 30 51.5381 39.2166 136.995 19.5 8
2010 8 30 14 31 29.3894 38.8775 136.462 11.1 7
2010 8 30 14 31 38.2857 39.2198 136.969 19.2 6
2010 8 30 14 33 10.7678 39.2335 137.06 21.2 9
2010 8 30 14 33 11.274 39.2299 137.084 5.1 6
2010 8 30 14 35 7.84913 39.2432 137.063 15.4 7
2010 8 30 14 35 53.8919 39.1675 137.13 4.7 7
2010 8 30 14 35 53.9652 39.2261 137.02 26.1 7
2010 8 30 14 35 54.1161 39.2998 137.1 20.7 8
2010 8 30 14 36 52.2945 39.3498 136.97 20.3 7
2010 8 30 14 37 8.85902 39.253 137.075 20.1 5
2010 8 30 14 37 39.4704 39.275 137.072 20.5 8
2010 8 30 14 37 39.6954 39.2564 137.079 16.1 9
2010 8 30 14 38 18.6465 38.793 136.449 22.6 6
2010 8 30 14 38 18.6987 38.6285 136.335 17 5
2010 8 30 14 38 19.3968 39.2846 137.073 12.8 5
2010 8 30 14 39 4.39238 39.2903 137.023 16.8 5
2010 8 30 14 39 4.48547 39.3238 137.038 18.8 8
2010 8 30 14 39 23.0691 39.278 137.047 21.4 6
2010 8 30 14 39 39.2877 39.2038 137.421 14.9 6
2010 8 30 14 39 39.6349 39.2665 137.153 25.3 6
2010 8 30 14 40 13.6173 38.9547 136.648 18.7 5
2010 8 30 14 40 39.4527 39.3144 137.155 22.5 9
2010 8 30 14 40 39.5253 39.3195 137.089 25.9 6
2010 8 30 14 40 39.5854 39.329 137.049 9.3 5
2010 8 30 14 41 30.2609 39.2981 137.061 20.1 11
2010 8 30 14 41 30.4097 39.2945 137.106 9.1 6
2010 8 30 14 42 12.3408 38.8724 136.546 18.3 8
2010 8 30 14 42 36.9224 38.787 136.514 13.6 5
2010 8 30 14 43 20.2541 38.9028 136.618 13.2 7
2010 8 30 14 43 29.0089 40.144 137.153 1.3 7
2010 8 30 14 43 44.2483 38.8719 136.522 10.3 5
2010 8 30 14 44 36.8784 38.9189 136.646 24.9 9
2010 8 30 14 44 36.9449 38.865 136.499 5.7 5
2010 8 30 14 44 48.9208 38.7517 136.288 26.8 7
2010 8 30 14 44 48.9547 38.6977 136.351 17.1 6
2010 8 30 14 45 46.083 38.8069 136.526 2.8 5
2010 8 30 14 46 6.45516 39.7764 136.698 14.1 5
2010 8 30 14 46 27.8563 38.9152 136.51 18.7 7
2010 8 30 14 46 27.9169 38.9159 136.542 8 7
2010 8 30 14 47 0.406095 38.6416 136.326 19.7 6
2010 8 30 14 47 0.448551 38.7609 136.28 21.9 5
2010 8 30 14 47 54.0105 39.582 136.96 14.3 6
2010 8 30 14 47 54.0693 39.6581 136.997 6.1 5
2010 8 30 14 47 54.1119 39.3913 136.907 8.5 5
2010 8 30 14 48 30.0075 38.9033 136.519 24.7 6
2010 8 30 14 48 30.5453 38.887 136.542 3.8 5
2010 8 30 14 50 0.335692 38.886 136.53 8.2 5
2010 8 30 14 51 51.5094 38.8317 136.628 16.9 5
2010 8 30 14 51 51.5094 38.9266 136.518 16.9 8
2010 8 30 14 51 52.1043 38.7937 136.521 10.3 6
2010 8 30 14 51 55.1444 40.1701 137.151 21.6 7
2010 8 30 14 52 42.929 39.55 137.071 13.2 5
2010 8 30 14 53 51.617 38.9444 136.637 21 5
2010 8 30 14 54 10.1972 39.257 137.25 18.6 6
2010 8 30 14 54 10.7041 39.183 137.171 5.1 5
2010 8 30 14 54 40.4198 39.0335 136.69 25.9 10
2010 8 30 14 54 44.2473 39.5842 137.006 28.7 10
2010 8 30 14 54 44.2643 39.596 137.067 10.6 5
2010 8 30 14 54 47.5085 39.2725 137.215 6.5 6
2010 8 30 14 55 41.4759 39.5686 136.988 20.1 6
2010 8 30 14 55 41.534 39.5895 137.016 22.8 8
2010 8 30 14 55 41.6054 39.5819 137.007 20.8 6
2010 8 30 14 55 41.6681 39.6123 137.171 29.2 9
2010 8 30 14 56 15.3026 39.1159 136.587 18.9 6
2010 8 30 14 57 11.9939 39.3686 137.1 7.4 5
2010 8 30 14 57 56.8509 39.0993 136.812 9.5 5
2010 8 30 14 59 45.4879 39.3309 137.144 22.7 14
2010 8 30 14 59 45.5536 39.3019 137.152 13.1 8
2010 8 30 15 0 56.8871 38.8869 136.483 22.8 8
2010 8 30 15 1 32.065 39.0643 136.724 18.6 7
2010 8 30 15 1 32.1489 39.0077 136.76 24.8 6
2010 8 30 15 1 32.5287 39.0421 136.706 9.7 5
2010 8 30 15 4 7.09578 39.3668 137.306 22.7 5
2010 8 30 15 4 24.9976 40.2387 137.26 15.8 8
2010 8 30 15 7 20.3589 40.245 137.346 19.6 12
2010 8 30 15 7 20.423 40.2517 137.387 22.6 7
2010 8 30 15 9 6.85762 40.2713 137.269 22 13
2010 8 30 15 9 13.3157 39.3683 137.29 20.2 10
2010 8 30 15 9 13.3603 39.3413 137.414 8.7 5
2010 8 30 15 11 17.099 40.3221 137.364 15 7
2010 8 30 15 11 17.1392 40.3436 137.373 24.1 5
2010 8 30 15 11 17.1816 40.2737 137.446 14.9 7
2010 8 30 15 12 58.8912 38.7725 136.831 18.8 6
2010 8 30 15 14 33.3028 40.3248 137.388 19.4 6
2010 8 30 15 14 33.3028 40.2504 137.25 15 7
2010 8 30 15 16 11.1634 39.6358 137.411 10.5 5
2010 8 30 15 22 58.1004 40.3252 137.488 19.4 11
2010 8 30 15 24 22.0414 40.3658 137.582 27.4 7
2010 8 30 15 24 22.7057 39.4962 137.489 10.8 7
2010 8 30 15 24 22.7359 39.4074 137.488 25.5 9
2010 8 30 15 25 31.2254 40.3108 137.481 27 5
2010 8 30 15 30 20.1953 40.2618 137.568 9.9 6
2010 8 30 15 31 10.1874 39.427 137.65 9 6
2010 8 30 15 31 56.6943 39.4046 137.496 7.3 5
2010 8 30 15 32 25.4547 40.3623 137.662 26.5 5
2010 8 30 15 34 0.207201 39.4546 137.492 15.8 8
2010 8 30 15 34 27.3716 39.3939 137.625 23.3 6
2010 8 30 15 36 38.6959 38.8731 136.87 12 5
2010 8 30 15 37 6.57753 39.3776 137.871 5.8 5
2010 8 30 15 37 6.7423 39.2325 137.711 9.6 5
2010 8 30 15 37 19.5932 39.5074 137.612 16 10
2010 8 30 15 38 1.72864 38.9402 136.729 23 10
2010 8 30 15 38 40.8312 38.9193 136.667 22 8
2010 8 30 15 38 40.8737 38.9072 136.656 15 6
2010 8 30 15 38 40.9017 38.9004 136.691 20.9 8
2010 8 30 15 39 58.4863 38.9303 136.676 16.2 6
2010 8 30 15 39 59.4054 39.4715 137.573 15.5 5
2010 8 30 15 40 5.84983 39.3924 137.804 19.7 7
2010 8 30 15 40 50.5085 38.8529 136.671 16.2 6
2010 8 30 15 40 50.8513 38.8017 136.718 14 6
2010 8 30 15 40 50.9352 38.7638 136.762 7.8 5
2010 8 30 15 41 22.186 39.3984 137.887 16.8 8
2010 8 30 15 41 22.2274 38.8689 136.721 11.9 5
2010 8 30 15 41 22.3275 38.8675 136.954 16.7 6
2010 8 30 15 41 22.7804 38.8921 136.683 11 5
2010 8 30 15 41 28.1672 39.4083 137.668 12.6 5
2010 8 30 15 41 47.4289 38.8549 136.759 9 7
2010 8 30 15 42 13.1838 38.8705 136.761 17.7 6
2010 8 30 15 42 33.5205 39.3376 137.633 8.1 8
2010 8 30 15 42 43.0849 39.4109 138.013 9.6 6
2010 8 30 15 42 43.2297 39.4326 137.883 27.7 5
2010 8 30 15 42 53.1646 38.8396 136.842 13.1 5
2010 8 30 15 42 54.159 39.4026 137.559 26 9
2010 8 30 15 43 24.6347 39.4247 137.636 10.3 7
2010 8 30 15 43 49.3984 39.4205 137.656 7.3 7
2010 8 30 15 44 21.1478 39.4626 137.711 19.1 8
2010 8 30 15 44 21.2037 39.3693 137.669 7.4 5
2010 8 30 15 44 21.2944 39.3289 137.579 23.9 6
2010 8 30 15 44 36.6835 38.8498 136.732 26.3 9
2010 8 30 15 44 37.2936 38.855 136.749 7.8 6
2010 8 30 15 44 48.1402 39.4034 137.694 17.5 7
2010 8 30 15 44 48.2263 39.3907 137.616 5.8 6
2010 8 30 15 44 48.6509 39.3666 137.676 19.5 5
2010 8 30 15 45 21.0597 38.8859 136.77 27.8 6
2010 8 30 15 45 43.7733 39.4188 137.659 17.7 6
2010 8 30 15 45 43.8084 39.4152 137.653 23.2 7
2010 8 30 15 45 43.8256 39.3816 137.597 4.9 5
2010 8 30 15 46 16.1107 38.9006 136.747 19.9 6
2010 8 30 15 46 16.2304 38.9431 136.761 23.3 9
2010 8 30 15 46 16.3053 38.9679 136.823 25.6 7
2010 8 30 15 46 21.9093 39.3966 137.841 13.9 6
2010 8 30 15 46 43.6609 39.2115 137.54 19.9 5
2010 8 30 15 46 51.4955 39.4292 137.602 12.4 6
2010 8 30 15 46 57.8993 38.9017 136.868 20.8 8
2010 8 30 15 46 57.9377 38.8552 136.82 24.3 5
2010 8 30 15 47 16.7224 39.4616 137.621 4.3 5
2010 8 30 15 47 27.7585 38.9511 136.787 8.2 6
2010 8 30 15 47 27.9487 38.9169 136.796 28.6 5
2010 8 30 15 47 54.1297 39.3065 137.701 20.8 5
2010 8 30 15 47 57.2278 39.3028 137.849 19.8 5
2010 8 30 15 47 57.4352 39.4356 137.675 18.2 8
2010 8 30 15 48 32.6989 39.3019 137.536 10.3 5
2010 8 30 15 48 32.7811 39.3623 137.612 7.6 5
2010 8 30 15 48 41.629 38.8129 136.839 7 5
2010 8 30 15 48 57.562 38.8901 136.788 15 6
2010 8 30 15 49 14.4883 38.8036 136.761 19.3 7
2010 8 30 15 49 34.4025 38.8407 136.746 15 7
2010 8 30 15 50 24.1859 39.49 137.544 14.9 5
2010 8 30 15 50 24.2814 39.4294 137.657 20.5 8
2010 8 30 15 50 24.7883 39.5134 137.746 17.8 5
2010 8 30 15 50 34.9866 38.8796 136.868 9.4 5
2010 8 30 15 50 41.0977 38.947 136.764 29 8
2010 8 30 15 50 41.3567 38.9482 136.809 28.1 5
2010 8 30 15 51 11.7243 38.8665 136.757 16.2 7
2010 8 30 15 51 22.3781 39.2711 137.535 12.4 7
2010 8 30 15 51 27.8908 38.8409 136.789 18.7 6
2010 8 30 15 51 41.902 38.8802 136.762 14.3 5
2010 8 30 15 51 42.3408 38.8367 136.733 11.5 8
2010 8 30 15 52 1.33846 38.8571 136.802 6.5 6
2010 8 30 15 52 1.44406 38.7757 136.517 8.3 5
2010 8 30 15 52 1.51167 38.8404 136.816 17.3 8
2010 8 30 15 52 12.0272 38.8404 136.74 13.4 7
2010 8 30 15 52 57.9444 39.5379 137.651 18.2 7
2010 8 30 15 53 16.9462 38.8931 136.767 9 5
2010 8 30 15 53 17.6043 39.0235 136.801 4.1 5
2010 8 30 15 53 43.752 38.8451 136.865 17.9 6
2010 8 30 15 53 43.7991 38.8531 136.766 17.5 7
2010 8 30 15 54 2.05301 39.261 137.795 8.8 5
2010 8 30 15 54 34.5733 38.8089 136.746 18.4 5
2010 8 30 15 54 44.2738 39.587 137.579 5.3 5
2010 8 30 15 54 44.2739 39.4895 137.826 16 5
2010 8 30 15 55 32.1486 38.9139 136.817 15 7
2010 8 30 15 55 32.2279 38.9096 136.861 21.9 5
2010 8 30 15 55 55.265 38.8691 136.821 16.1 8
2010 8 30 15 55 55.3879 38.8568 136.768 21.8 8
2010 8 30 15 56 23.1957 39.4664 137.634 14.9 5
2010 8 30 15 56 32.5353 38.8614 136.853 17.8 5
2010 8 30 15 56 32.5353 38.9385 136.801 16.6 5
2010 8 30 15 57 1.90408 38.9094 136.853 20.7 6
2010 8 30 15 57 14.8635 39.4964 137.73 24.3 7
2010 8 30 15 57 15.0489 39.5425 137.709 6.3 5
2010 8 30 15 57 15.1085 39.4872 137.683 17.1 8
2010 8 30 15 57 38.7498 37.8806 134.063 11.8 5
2010 8 30 15 57 38.8221 37.7266 134.496 30 9
2010 8 30 15 57 57.0592 38.8386 136.909 6.6 5
2010 8 30 15 58 20.2474 39.2608 137.576 19.7 9
2010 8 30 15 58 20.3352 39.2224 137.555 4.8 5
2010 8 30 15 58 31.6948 39.6757 137.194 16.1 5
2010 8 30 15 58 31.6949 39.4665 137.785 24.9 10
2010 8 30 15 58 31.8603 39.4208 137.78 14.5 7
2010 8 30 15 59 0.742921 38.4963 136.299 13.3 8
2010 8 30 15 59 0.797766 38.5385 136.245 15.7 7
2010 8 30 15 59 7.87897 37.8053 134.455 17.5 5
2010 8 30 15 59 12.207 38.8242 137.357 27.4 5
2010 8 30 15 59 24.8708 39.4496 137.844 27 7
2010 8 30 15 59 24.8708 39.3034 138.158 15.9 5
2010 8 30 15 59 43.3411 38.7469 137.513 21.4 5
2010 8 30 15 59 58.4757 39.3581 137.881 11.2 5
2010 8 30 16 0 30.2248 39.3078 137.643 16.6 8
2010 8 30 16 0 30.2771 39.3028 137.59 25.5 9
2010 8 30 16 0 48.9006 38.9816 136.85 10.2 5
2010 8 30 16 0 48.95 38.9239 136.865 13.1 5
2010 8 30 16 0 48.9989 38.9028 136.916 20.6 5
2010 8 30 16 0 49.0868 38.904 136.832 12.4 8
2010 8 30 16 0 50.1667 39.5347 137.806 2.9 5
2010 8 30 16 0 50.276 39.4824 137.714 19.2 10
2010 8 30 16 0 50.3238 39.4899 137.759 10.6 7
2010 8 30 16 0 50.3668 39.5009 137.785 17 8
2010 8 30 16 1 52.7299 37.8025 134.434 15.1 6
2010 8 30 16 2 9.35927 39.3923 137.902 22.6 7
2010 8 30 16 2 18.7135 39.5133 137.738 24.4 8
2010 8 30 16 2 18.8621 39.5155 137.943 12.7 5
2010 8 30 16 2 58.8297 39.3715 137.914 19.9 5
2010 8 30 16 3 52.6676 39.4822 137.897 14.6 5
2010 8 30 16 4 3.9321 38.9103 136.849 9.9 7
2010 8 30 16 4 3.96646 38.894 136.891 17 7
2010 8 30 16 4 5.2856 37.8086 134.462 16.3 10
2010 8 30 16 4 5.3918 37.795 134.536 11 5
2010 8 30 16 4 45.2362 39.416 137.848 11.4 7
2010 8 30 16 4 45.3219 39.4667 137.814 17.4 8
2010 8 30 16 5 15.3971 39.3592 137.95 5.9 5
2010 8 30 16 5 19.7429 39.4681 137.826 19.6 9
2010 8 30 16 5 30.9153 38.931 136.871 14.1 6
2010 8 30 16 5 31.5926 38.912 136.886 16 6
2010 8 30 16 6 2.93676 39.4532 137.835 16.7 8
2010 8 30 16 6 3.04415 39.4825 137.813 25 7
2010 8 30 16 7 5.02116 39.4892 137.816 25.7 9
2010 8 30 16 7 5.06997 39.4799 137.846 22.3 9
2010 8 30 16 7 5.11408 39.4886 137.878 20.2 8
2010 8 30 16 7 5.19707 39.4671 137.855 11.9 10
2010 8 30 16 7 5.39527 39.5547 138.031 11.4 5
2010 8 30 16 7 6.77342 39.3956 137.997 20.4 5
2010 8 30 16 7 18.1012 39.1764 137.942 24.5 6
2010 8 30 16 7 51.4376 38.9072 136.936 20.1 7
2010 8 30 16 7 53.566 39.1902 137.907 17.8 5
2010 8 30 16 8 25.3273 39.3499 137.944 12.8 7
2010 8 30 16 8 27.1963 39.3901 137.645 8.8 6
2010 8 30 16 9 32.698 39.3442 138.127 12.8 5
2010 8 30 16 10 35.0649 39.3939 137.944 16.8 5
2010 8 30 16 10 47.9091 39.3584 137.912 20.2 8
2010 8 30 16 11 11.7802 38.9 136.9 17.7 6
2010 8 30 16 11 11.8194 38.9145 137.065 7.2 5
2010 8 30 16 11 11.8599 38.9087 136.888 22.5 9
2010 8 30 16 11 51.9531 39.3966 137.931 18.7 7
2010 8 30 16 11 52.0346 39.369 137.943 14.9 6
2010 8 30 16 11 52.9339 39.4772 137.892 15.6 8
2010 8 30 16 12 20.3363 39.3907 137.977 10.9 5
2010 8 30 16 12 26.0714 39.3403 137.955 19.9 5
2010 8 30 16 13 45.7841 39.3746 137.951 19.1 6
2010 8 30 16 13 53.1589 39.3768 137.927 16.4 8
2010 8 30 16 14 16.2934 39.3874 138.052 20.1 7
2010 8 30 16 14 33.3866 39.3622 137.904 13.3 9
2010 8 30 16 14 33.5656 39.3585 137.817 3.7 6
2010 8 30 16 14 58.6824 39.313 137.628 10.8 6
2010 8 30 16 14 59.1075 39.3552 137.605 16.9 10
2010 8 30 16 15 25.3999 39.3155 138.029 6.5 6
2010 8 30 16 15 31.6992 37.8247 134.881 8.5 5
2010 8 30 16 15 39.1291 39.4749 138.016 11.2 5
2010 8 30 16 16 11.0231 39.3684 138.016 20 5
2010 8 30 16 16 11.1246 39.3461 138.021 7 5
2010 8 30 16 16 27.4501 38.8754 136.885 14.6 7
2010 8 30 16 16 34.0394 39.2907 137.714 9.4 5
2010 8 30 16 16 49.1275 39.3841 137.943 21.9 9
2010 8 30 16 16 49.2263 39.3991 137.944 28.5 8
2010 8 30 16 17 11.4217 39.3151 137.949 16.9 5
2010 8 30 16 17 53.2553 39.3177 137.928 20.1 9
2010 8 30 16 19 3.11737 39.354 138.024 18.4 5
2010 8 30 16 20 3.0219 39.3616 138.07 15.8 6
2010 8 30 16 20 44.0134 39.3955 137.918 25.4 7
2010 8 30 16 20 58.3796 40.5063 138.048 13.9 7
2010 8 30 16 21 6.50358 39.3615 138.235 13.5 6
2010 8 30 16 21 6.61065 39.3644 137.931 23.1 7
2010 8 30 16 21 39.1859 39.2604 137.703 17.8 9
2010 8 30 16 21 39.2132 39.2456 137.698 13.2 6
2010 8 30 16 21 39.243 39.2882 137.696 16 6
2010 8 30 16 21 39.3416 39.3168 137.734 15.7 5
2010 8 30 16 21 39.8689 39.4661 137.965 17.5 5
2010 8 30 16 21 40.2202 39.3603 137.931 23.6 7
2010 8 30 16 22 30.2045 39.3819 137.915 10.7 5
2010 8 30 16 22 30.3793 39.3574 137.927 18.3 6
2010 8 30 16 24 9.5361 39.4353 137.974 17.6 6
2010 8 30 16 24 9.59273 39.3826 137.898 18.4 8
2010 8 30 16 24 9.65501 39.3216 137.961 17.5 5
2010 8 30 16 24 24.7239 39.3178 137.681 21.4 7
2010 8 30 16 25 59.9849 39.3628 138.388 13 5
2010 8 30 16 26 8.29849 39.2708 137.736 20.6 8
2010 8 30 16 26 8.71866 39.3471 137.736 11.2 5
2010 8 30 16 27 52.137 39.4802 137.934 29.6 5
2010 8 30 16 27 52.8933 39.2586 138.089 13.4 5
2010 8 30 16 29 3.70083 39.3061 137.699 13.6 8
2010 8 30 16 29 6.25418 37.8151 134.949 19.8 6
2010 8 30 16 29 26.5829 39.3858 138.282 14.3 5
2010 8 30 16 30 34.4728 39.3907 137.968 20.3 10
2010 8 30 16 31 17.8937 39.3185 137.73 17.9 8
2010 8 30 16 31 17.9996 39.2956 137.764 20 7
2010 8 30 16 31 21.3905 37.768 134.949 16.8 6
2010 8 30 16 31 21.452 37.8334 134.965 19.8 6
2010 8 30 16 31 44.8035 39.3492 138.066 14.6 5
2010 8 30 16 32 43.2179 39.3921 138.012 24.8 7
2010 8 30 16 32 43.3952 39.3285 138.159 15.2 5
2010 8 30 16 33 9.61891 39.3604 137.835 27 5
2010 8 30 16 33 42.8523 39.431 138.039 24.2 9
2010 8 30 16 33 43.0067 39.4207 138.051 27.3 5
2010 8 30 16 33 51.0493 39.3744 138.054 17.7 6
2010 8 30 16 34 25.5144 39.352 138.046 21.9 8
2010 8 30 16 35 14.8954 37.8118 135.095 20.3 9
2010 8 30 16 35 15.2298 37.7605 135.011 17.4 7
2010 8 30 16 36 25.0649 39.3005 138.058 21.6 6
2010 8 30 16 36 25.2286 39.3357 138.037 24.9 8
2010 8 30 16 37 6.113 37.8099 135.096 17.1 7
2010 8 30 16 37 32.96 39.3125 138.055 15.9 6
2010 8 30 16 38 2.26247 37.8863 134.871 11.1 6
2010 8 30 16 39 15.1691 37.738 135.067 25.6 8
2010 8 30 16 39 15.2658 37.8187 135.031 19.6 6
2010 8 30 16 40 1.07616 37.6585 135.023 6.1 5
2010 8 30 16 40 34.3104 39.3857 138.143 16.4 6
2010 8 30 16 40 57.1854 37.7629 135.044 17.3 9
2010 8 30 16 40 57.3377 37.7772 135.479 19.7 6
2010 8 30 16 44 41.9622 37.917 134.867 16.9 8
2010 8 30 16 45 24.8202 38.5131 136.246 23.2 8
2010 8 30 16 45 24.8871 38.5125 136.312 29.1 5
2010 8 30 16 45 24.928 38.4459 136.149 28 8
2010 8 30 16 46 3.56726 37.9019 134.818 11.5 6
2010 8 30 16 46 3.56747 37.8726 136.05 25.6 5
2010 8 30 16 46 3.65263 37.7994 134.85 27.3 5
2010 8 30 16 46 3.70777 37.8797 134.823 22.5 8
2010 8 30 16 47 19.1497 37.7389 135.069 28.1 7
2010 8 30 16 48 58.8025 37.9287 134.851 20.3 9
2010 8 30 16 50 32.0763 37.928 135.084 11.5 5
2010 8 30 16 50 32.1745 37.9183 134.919 21.1 7
2010 8 30 16 51 19.7338 37.8133 135.046 5.3 5
2010 8 30 16 51 19.7972 37.7786 135.068 20.6 10
2010 8 30 16 51 59.7911 39.2609 137.881 26.3 9
2010 8 30 16 52 23.295 37.8453 135.105 19.5 9
2010 8 30 16 52 23.339 37.7997 135.132 23.7 10
2010 8 30 16 52 23.4082 37.8492 135.135 22.2 6
2010 8 30 16 52 23.5681 37.815 135.14 16 6
2010 8 30 16 54 35.9772 37.7732 135.05 14.1 7
2010 8 30 16 55 40.2324 38.0716 135.593 23.3 5
2010 8 30 16 56 23.6258 38.0153 135.8 12 5
2010 8 30 16 56 55.0737 37.9432 135.536 16.6 6
2010 8 30 16 56 55.1527 38.0148 135.592 28.7 6
2010 8 30 16 57 7.55009 37.8691 135.196 23.2 6
2010 8 30 16 57 7.59851 37.8181 135.493 15.7 5
2010 8 30 16 57 7.66614 37.8561 135.418 10.2 5
2010 8 30 16 58 4.91803 40.7415 139.969 21.2 6
2010 8 30 16 58 22.3045 38.0658 135.615 27.6 7
2010 8 30 16 58 32.5928 38.3704 136.24 24 5
2010 8 30 16 59 53.5908 37.9996 135.597 17.4 5
2010 8 30 17 0 40.412 39.9496 136.364 25.3 8
2010 8 30 17 1 15.1086 39.2292 138.067 11.2 6
2010 8 30 17 1 15.1455 39.2992 138.12 26.7 7
2010 8 30 17 1 38.0925 38.0055 135.239 14.4 5
2010 8 30 17 2 32.0877 38.029 135.018 4.6 5
2010 8 30 17 3 52.7601 38.4754 136.222 29.4 8
2010 8 30 17 4 17.6221 39.3272 138.102 23.5 5
2010 8 30 17 4 22.4865 38.0662 135.657 24 6
2010 8 30 17 4 22.5547 38.0024 135.625 20.1 5
2010 8 30 17 4 50.9154 40.7562 139.995 26 7
2010 8 30 17 4 58.6571 40.7451 138.423 19.8 7
2010 8 30 17 5 7.98843 38.0392 135.892 17.6 7
2010 8 30 17 5 8.04276 38.1226 135.654 25.4 6
2010 8 30 17 5 48.6963 37.8322 135.15 21.8 8
2010 8 30 17 5 55.01 38.4006 136.163 18.3 6
2010 8 30 17 6 8.31819 38.1015 135.568 7.6 5
2010 8 30 17 6 55.552 38.4101 133.659 18.3 7
2010 8 30 17 7 17.6466 37.4531 137.468 26.8 10
2010 8 30 17 7 29.8175 38.1054 135.634 22.3 9
2010 8 30 17 7 48.0172 38.0354 135.797 15.2 5
2010 8 30 17 7 48.1554 38.0946 135.761 25.1 5
2010 8 30 17 8 30.525 38.0047 135.699 24.3 5
2010 8 30 17 8 30.5251 38.1873 135.765 3.7 6
2010 8 30 17 8 30.6304 38.2547 135.836 6.6 5
2010 8 30 17 8 40.409 37.3534 137.523 16.4 6
2010 8 30 17 8 48.14 38.6387 135.883 23.5 6
2010 8 30 17 9 29.4987 38.0278 135.669 29.8 5
2010 8 30 17 9 48.5752 37.5217 137.436 24.6 7
2010 8 30 17 10 1.7372 38.4001 136.161 20.8 6
2010 8 30 17 10 1.8539 38.4707 136.267 29.4 9
2010 8 30 17 10 4.11054 38.1308 135.827 28 8
2010 8 30 17 10 4.15072 38.1744 135.884 21.1 5
2010 8 30 17 10 45.5029 37.9735 135.703 22.5 6
2010 8 30 17 10 49.8328 37.4949 137.555 26.2 9
2010 8 30 17 10 58.4549 38.0517 135.868 11.8 6
2010 8 30 17 10 59.5697 39.1177 137.957 14.6 5
2010 8 30 17 11 18.6046 39.477 138.681 20.5 5
2010 8 30 17 11 20.6557 39.3421 138.129 29.7 8
2010 8 30 17 11 29.161 37.4078 137.467 29.4 5
2010 8 30 17 11 45.0008 38.0718 136.009 24.7 6
2010 8 30 17 11 58.7254 38.4752 136.264 20.1 10
2010 8 30 17 12 45.1801 38.012 135.709 27.8 5
2010 8 30 17 12 45.3796 38.0302 135.807 18.4 5
2010 8 30 17 13 5.2737 38.0348 135.667 29.4 5
2010 8 30 17 13 5.4328 38.0384 135.793 14.2 5
2010 8 30 17 13 15.2921 38.2632 135.72 10.3 5
2010 8 30 17 13 15.4388 38.0618 136.086 21.6 5
2010 8 30 17 13 30.1963 40.8431 138.419 8.1 5
2010 8 30 17 13 30.1963 40.8019 138.642 15.6 6
2010 8 30 17 13 30.2398 40.7988 138.471 27.3 6
2010 8 30 17 13 37.7962 40.9323 140.074 26.9 5
2010 8 30 17 13 50.0467 37.5454 137.51 20.4 7
2010 8 30 17 13 58.6193 38.0924 135.633 24.1 9
2010 8 30 17 14 21.2983 38.1433 135.756 21.1 10
2010 8 30 17 14 21.3242 38.1386 135.79 21.3 6
2010 8 30 17 14 21.4354 38.08 136.024 13.3 5
2010 8 30 17 14 21.6621 38.0871 135.867 29 7
2010 8 30 17 14 46.1418 37.5409 137.464 24.8 10
2010 8 30 17 14 46.3061 37.5417 137.521 18.8 6
2010 8 30 17 14 56.3106 38.4738 136.29 21.9 13
2010 8 30 17 14 56.4205 38.4459 136.411 22.4 5
2010 8 30 17 15 8.4384 38.063 135.602 25.5 10
2010 8 30 17 15 17.1847 38.1611 135.757 26.8 7
2010 8 30 17 15 17.2005 38.1072 135.767 15.3 6
2010 8 30 17 15 17.2557 38.1328 136.321 17.7 5
2010 8 30 17 15 17.2869 38.0661 135.8 28.5 6
2010 8 30 17 15 29.2173 40.8898 138.727 23.3 7
2010 8 30 17 15 51.0544 38.0199 135.613 24.5 8
2010 8 30 17 15 51.1824 38.048 135.655 29.2 8
2010 8 30 17 15 51.3012 38.094 135.726 29.1 6
2010 8 30 17 15 51.3393 39.1456 138.206 12.2 5
2010 8 30 17 15 51.6856 39.3012 138.23 4.8 6
2010 8 30 17 16 36.1242 38.4759 136.286 26.6 11
2010 8 30 17 16 38.0568 40.873 138.465 21 7
2010 8 30 17 16 48.3229 38.0553 135.686 24.9 5
2010 8 30 17 16 48.3229 38.0617 135.795 24.4 5
2010 8 30 17 17 47.3265 37.5124 137.48 19.9 11
2010 8 30 17 18 10.8645 38.0898 135.749 27.5 6
2010 8 30 17 18 10.9285 38.1677 135.703 14.3 5
2010 8 30 17 18 33.4777 38.3106 136.224 15.5 5
2010 8 30 17 18 33.5126 38.4862 136.339 24.8 5
2010 8 30 17 18 33.5661 38.4402 136.705 17.5 6
2010 8 30 17 18 38.4931 37.5327 137.562 29.7 5
2010 8 30 17 19 4.4918 38.1625 135.751 25.6 9
2010 8 30 17 19 16.3124 40.824 138.474 12.4 6
2010 8 30 17 19 16.3125 40.7925 139.043 15.6 5
2010 8 30 17 19 18.2925 37.5775 137.667 6.8 5
2010 8 30 17 19 58.9697 39.2222 138.034 25.2 5
2010 8 30 17 20 30.4814 38.1719 135.815 26.6 7
2010 8 30 17 20 50.4469 37.5272 137.52 26.5 8
2010 8 30 17 20 55.4201 39.928 136.441 27.4 5
2010 8 30 17 21 59.6142 38.1497 135.989 12.3 6
2010 8 30 17 21 59.7229 38.1754 135.75 24.6 5
2010 8 30 17 23 5.87732 38.1929 135.787 26.7 8
2010 8 30 17 23 12.1114 38.0877 135.728 27.1 9
2010 8 30 17 23 51.8719 40.9719 138.74 19.6 9
2010 8 30 17 24 46.6877 37.496 137.53 19.2 8
2010 8 30 17 25 2.93724 38.0972 135.699 26.6 10
2010 8 30 17 25 35.9148 40.8892 138.805 27 8
2010 8 30 17 26 2.2259 38.4534 136.137 12.4 5
2010 8 30 17 26 2.31121 38.5294 136.305 12.8 5
2010 8 30 17 26 20.5222 39.1918 137.968 24.5 7
2010 8 30 17 27 5.72595 37.5707 137.578 29.2 5
2010 8 30 17 27 5.81458 37.5531 137.511 20.1 7
2010 8 30 17 27 5.88416 37.5328 137.522 25.8 8
2010 8 30 17 27 6.01784 37.5294 137.512 22.2 6
2010 8 30 17 27 6.10048 37.5242 137.523 19.1 7
2010 8 30 17 28 33.1847 40.9109 138.842 19.7 8
2010 8 30 17 29 20.371 39.2208 138.08 20.5 6
2010 8 30 17 29 57.26 38.3837 136.328 5.1 5
2010 8 30 17 29 57.26 38.5461 136.327 21.6 6
2010 8 30 17 30 9.52511 40.0144 136.48 21.8 8
2010 8 30 17 30 56.8885 40.8527 138.873 19.7 7
2010 8 30 17 30 56.9044 40.8628 138.84 21.6 7
2010 8 30 17 30 56.9774 40.8986 138.882 18.8 6
2010 8 30 17 32 53.7957 38.3171 136.321 9.5 6
2010 8 30 17 32 53.833 38.5048 136.406 24.7 7
2010 8 30 17 33 8.44959 37.55 137.574 22.9 10
2010 8 30 17 33 17.1709 38.162 135.842 16.9 5
2010 8 30 17 33 17.1709 38.1679 135.863 18.6 5
2010 8 30 17 34 14.7362 38.5163 136.535 16.9 7
2010 8 30 17 34 14.8183 38.5214 136.502 22.1 5
2010 8 30 17 34 15.8953 40.8696 138.86 28.7 6
2010 8 30 17 36 6.58791 37.4841 137.827 10.4 5
2010 8 30 17 37 48.7046 39.9716 136.738 23.5 6
2010 8 30 17 38 9.1143 38.6618 136.31 23 9
2010 8 30 17 38 22.4305 37.5067 137.873 19.1 7
2010 8 30 17 38 22.8679 37.4176 137.55 8.9 6
2010 8 30 17 38 22.9824 37.5437 137.776 10.5 6
2010 8 30 17 38 23.213 37.6847 137.621 17.3 7
2010 8 30 17 39 41.0156 37.3457 137.566 9.6 6
2010 8 30 17 39 41.0599 37.4889 137.65 25.5 10
2010 8 30 17 40 8.92139 40.8653 138.912 16.3 6
2010 8 30 17 40 9.08227 40.9361 139.292 10.6 5
2010 8 30 17 40 9.31287 41.0298 138.912 14.7 6
2010 8 30 17 40 45.2739 40.9981 139.045 4.1 5
2010 8 30 17 41 48.1162 40.8594 138.937 15.3 5
2010 8 30 17 41 48.24 41.0092 138.885 29.1 5
2010 8 30 17 41 58.0396 37.5505 137.649 22.4 9
2010 8 30 17 41 59.2192 37.612 137.62 19.7 7
2010 8 30 17 41 59.3159 37.5347 137.668 20.6 6
2010 8 30 17 42 3.32082 40.9587 138.932 20.3 5
2010 8 30 17 42 40.4534 40.9075 139.15 8.5 6
2010 8 30 17 42 41.6874 38.5077 136.493 20.8 7
2010 8 30 17 44 12.2968 40.8769 139 9.2 5
2010 8 30 17 44 12.3565 40.9522 138.985 24.7 6
2010 8 30 17 45 40.2033 40.8793 138.954 14 5
2010 8 30 17 45 40.719 40.9363 138.986 19.9 6
2010 8 30 17 45 40.7741 40.8949 138.951 29.2 6
2010 8 30 17 47 45.2671 40.197 137.012 20.7 8
2010 8 30 17 47 56.4714 40.9076 139.035 5.3 5
2010 8 30 17 49 9.128 38.2067 136.315 21.8 6
2010 8 30 17 50 40.1234 40.9301 139.054 14.7 7
2010 8 30 17 50 40.4015 40.8865 139.031 28.5 6
2010 8 30 17 52 53.433 39.7999 136.457 12 5
2010 8 30 17 56 41.4528 37.618 137.706 17.5 6
2010 8 30 17 56 56.3055 40.9832 139.148 18.1 7
2010 8 30 17 57 40.2095 40.972 139.094 26.7 8
2010 8 30 17 58 40.0762 41.0238 139.21 18.7 6
2010 8 30 17 58 40.146 40.9872 139.043 26.2 6
2010 8 30 17 58 40.4867 40.9782 139.068 24.9 6
2010 8 30 17 59 1.07946 40.1515 136.938 24.4 6
2010 8 30 17 59 33.5281 40.9406 139.131 5.9 5
2010 8 30 17 59 38.0541 37.5036 137.673 17.5 10
2010 8 30 18 0 26.0732 40.9452 139.144 27.2 6
2010 8 30 18 1 20.0357 40.198 137.076 8.7 5
2010 8 30 18 1 40.7232 41.0112 139.226 26.8 7
2010 8 30 18 1 40.8012 40.9635 139.364 16.3 5
2010 8 30 18 1 57.1598 40.1301 136.972 9.3 6
2010 8 30 18 1 58.3922 39.629 134.916 25.2 5
2010 8 30 18 2 19.6961 41.0126 139.143 21.9 8
2010 8 30 18 3 29.1846 38.3548 136.242 15 5
2010 8 30 18 4 1.42491 41.041 139.168 22.8 7
2010 8 30 18 4 29.7845 41.0074 139.171 28.9 6
2010 8 30 18 4 50.5415 40.9394 139.191 19.4 5
2010 8 30 18 7 30.6782 38.2585 136.418 26 5
2010 8 30 18 7 55.9904 40.8653 138.992 22.8 7
2010 8 30 18 9 33.3031 40.9723 139.25 26.3 6
2010 8 30 18 10 40.7179 40.9856 139.257 21.3 7
2010 8 30 18 11 1.84489 40.8774 139.09 23.1 7
2010 8 30 18 11 1.8976 40.8509 139.074 27.4 7
2010 8 30 18 12 43.4445 41.0059 139.328 24.8 5
2010 8 30 18 13 14.4463 40.2045 137.068 18.8 7
2010 8 30 18 13 14.5172 40.1345 137.088 21.2 5
2010 8 30 18 14 22.5401 38.2077 136.386 24.4 9
2010 8 30 18 14 22.6779 38.2473 136.384 20.2 6
2010 8 30 18 14 24.398 41.038 139.285 24.9 5
2010 8 30 18 15 28.5603 38.2971 136.431 9.6 5
2010 8 30 18 15 28.7556 38.1767 136.411 13.3 5
2010 8 30 18 16 41.2451 39.43 135.151 22.8 7
2010 8 30 18 16 41.4505 39.412 135.051 21.5 5
2010 8 30 18 17 38.542 40.973 139.503 13.1 6
2010 8 30 18 18 30.2536 39.9208 136.519 22.7 7
2010 8 30 18 18 57.604 39.8082 136.47 24.1 5
2010 8 30 18 19 36.2489 39.4389 135.049 20.5 6
2010 8 30 18 19 36.3213 39.4194 135.014 14.7 5
2010 8 30 18 19 53.4713 38.2161 136.386 19.3 5
2010 8 30 18 20 25.5411 39.4833 135.202 3 6
2010 8 30 18 21 15.6159 39.8882 136.55 23.3 8
2010 8 30 18 22 0.153196 38.1853 136.51 1.9 5
2010 8 30 18 22 0.409475 38.212 136.497 20.9 6
2010 8 30 18 26 39.5077 38.6987 136.359 22.7 8
2010 8 30 18 28 8.0909 38.6236 136.4 19.7 5
2010 8 30 18 34 31.8489 38.1777 136.597 10.9 5
2010 8 30 18 38 57.2105 38.8226 134.44 23.8 8
2010 8 30 18 38 57.2492 38.8388 134.418 28.4 5
2010 8 30 18 39 28.4787 39.4217 135.267 8.3 5
2010 8 30 18 39 53.1124 38.8109 134.434 19.6 5
2010 8 30 18 39 58.0795 40.7961 139.287 20 5
2010 8 30 18 40 53.5117 40.2465 137.41 24.5 6
2010 8 30 18 41 14.6853 38.6886 136.428 24.3 12
2010 8 30 18 43 35.2287 40.3316 138.123 21.6 9
2010 8 30 18 43 35.2883 40.3092 138.165 23.7 6
2010 8 30 18 43 51.9585 40.1734 137.345 20.6 5
2010 8 30 18 45 34.4273 38.752 136.449 20.4 10
2010 8 30 18 46 11.1365 38.192 138.742 5.3 7
2010 8 30 18 46 11.2074 38.1132 138.609 7 5
2010 8 30 18 46 16.3173 40.1822 137.303 14.7 8
2010 8 30 18 46 40.2055 38.8516 134.523 13.5 5
2010 8 30 18 48 20.1581 38.8537 134.479 24.6 11
2010 8 30 18 49 31.6646 40.1922 137.332 20.2 8
2010 8 30 18 50 7.00047 40.339 138.256 22.9 5
2010 8 30 18 51 1.83099 40.3253 137.499 8.4 5
2010 8 30 18 51 2.1409 40.2658 137.415 15.6 7
2010 8 30 18 51 39.1237 38.7651 136.41 13.9 6
2010 8 30 18 52 2.23409 40.2453 137.866 11.7 5
2010 8 30 18 52 39.1542 38.7464 136.469 19.3 7
2010 8 30 18 54 4.04662 40.2883 137.426 10.7 6
2010 8 30 18 54 29.5093 38.8286 136.516 16 8
2010 8 30 18 54 29.6663 38.8622 136.562 23 8
2010 8 30 18 56 27.0735 40.2866 137.423 17.9 7
2010 8 30 18 57 28.3427 40.2685 137.428 15.2 7
2010 8 30 18 57 28.4683 40.2599 137.462 18 9
2010 8 30 19 0 22.4104 40.2102 137.468 15.9 7
2010 8 30 19 1 0.930053 40.2412 137.26 24.2 5
2010 8 30 19 1 0.930104 40.0589 137.139 28 5
2010 8 30 19 2 58.2965 40.3034 137.647 7.4 6
2010 8 30 19 2 58.5103 40.282 137.554 14.3 6
2010 8 30 19 7 28.772 41.0488 139.993 12.2 5
2010 8 30 19 7 30.0422 41.0719 139.715 6.4 6
2010 8 30 19 7 30.0703 41.001 139.737 15.4 7
2010 8 30 19 11 42.9071 40.2097 137.497 14.1 6
2010 8 30 19 12 37.7717 40.8967 139.688 11.8 8
2010 8 30 19 12 43.6935 38.4933 134.041 12.9 8
2010 8 30 19 13 40.079 40.2311 137.496 23.4 5
2010 8 30 19 13 40.3799 40.2009 137.561 15.1 6
2010 8 30 19 16 4.00883 41.1286 140.081 15.4 5
2010 8 30 19 17 46.1121 38.8231 134.576 11.3 10
2010 8 30 19 18 13.5041 40.4158 139.731 10 8
2010 8 30 19 19 52.3819 38.8408 134.605 25 8
2010 8 30 19 19 52.5099 38.8661 134.618 16.4 7
2010 8 30 19 23 42.0556 38.9108 134.642 9 5
2010 8 30 19 23 42.2142 38.8591 134.677 17.8 5
2010 8 30 19 25 16.8966 38.9329 134.328 15 5
2010 8 30 19 25 16.9606 38.7407 134.562 7.1 5
2010 8 30 19 28 17.9245 38.8254 134.728 20.3 5
2010 8 30 19 29 23.3254 38.8806 134.678 10.7 9
2010 8 30 19 29 23.3519 38.9399 134.73 14.2 5
2010 8 30 19 29 23.5116 38.9658 134.645 16.7 5
2010 8 30 19 30 29.1129 38.8935 134.755 13.3 5
2010 8 30 19 31 5.25784 40.2642 138.022 18.5 5
2010 8 30 19 31 10.8676 38.8875 134.685 7.3 5
2010 8 30 19 31 54.1741 40.3315 138.022 6.9 5
2010 8 30 19 34 7.49141 38.7954 134.619 19.7 7
2010 8 30 19 36 38.1236 38.7337 134.636 14.9 5
2010 8 30 19 36 38.1693 38.7524 134.59 22.2 7
2010 8 30 19 36 38.4513 38.6612 134.522 7.1 5
2010 8 30 19 36 38.4513 38.7645 134.643 8.9 5
2010 8 30 19 36 38.5099 38.7559 134.65 13.5 5
2010 8 30 19 36 38.5603 38.7343 134.605 10.8 5
2010 8 30 19 38 41.2676 40.1733 137.476 9.6 5
2010 8 30 19 39 34.0345 40.4471 138.583 28.3 6
2010 8 30 19 39 54.1625 38.7937 134.632 10.5 7
2010 8 30 19 40 8.04388 40.1906 137.541 19 7
2010 8 30 19 40 38.3214 40.4673 138.618 28.3 6
2010 8 30 19 41 43.5482 40.3948 138.582 27.7 6
2010 8 30 19 43 23.1225 38.8227 134.687 15.2 6
2010 8 30 19 45 27.8978 38.9124 134.764 25.5 8
2010 8 30 19 48 28.9422 40.1776 137.58 14.5 6
2010 8 30 19 50 51.1315 39.5371 136.977 13.4 7
2010 8 30 19 51 1.22251 40.2214 137.592 15 6
2010 8 30 19 51 51.7125 40.1396 137.594 16.2 7
2010 8 30 19 51 59.4913 38.8214 134.93 24.2 5
2010 8 30 19 51 59.5543 38.7106 134.737 11.7 5
2010 8 30 19 52 47.8008 40.1447 137.636 5.4 7
2010 8 30 19 52 51.7196 39.5158 136.954 16.7 5
2010 8 30 19 52 51.7793 39.5193 136.991 9.3 5
2010 8 30 19 53 21.5835 38.907 134.852 16.1 7
2010 8 30 19 53 25.4054 40.5557 138.894 7.8 5
2010 8 30 19 53 25.4818 40.5699 138.947 4.2 5
2010 8 30 19 54 41.0968 40.5933 138.95 4.6 5
2010 8 30 19 54 55.4163 38.141 134.941 2.5 5
2010 8 30 19 55 5.35874 38.7617 134.664 6.1 5
2010 8 30 19 55 7.00323 38.7749 134.741 17.5 7
2010 8 30 19 55 7.10742 38.7777 134.724 19.9 9
2010 8 30 19 55 33.2756 40.6035 138.907 14 7
2010 8 30 19 55 52.5551 40.1565 137.658 11.3 10
2010 8 30 19 56 7.94435 40.5968 138.977 15.7 5
2010 8 30 19 56 8.00437 40.5782 138.947 9.5 6
2010 8 30 19 56 13.2633 38.2115 134.909 7.9 5
2010 8 30 19 56 33.2079 39.567 137.003 11 5
2010 8 30 19 56 33.925 39.5491 136.999 14.5 6
2010 8 30 19 56 52.3551 38.7698 134.813 17.8 9
2010 8 30 19 56 52.4569 38.7521 134.77 18.5 10
2010 8 30 19 56 52.5475 38.7166 134.741 2.6 6
2010 8 30 19 56 52.6038 38.7628 134.707 14 5
2010 8 30 19 56 52.7495 38.7943 134.877 14 5
2010 8 30 19 56 56.3415 40.201 137.7 3.5 5
2010 8 30 19 56 56.4878 40.1026 137.651 25 5
2010 8 30 19 56 56.5669 40.1165 137.679 12.3 6
2010 8 30 19 57 3.52912 40.5502 138.905 4.4 5
2010 8 30 19 57 3.63711 40.5547 138.92 15 7
2010 8 30 19 57 18.0806 38.184 134.907 12.7 7
2010 8 30 19 57 18.1642 38.1473 134.924 14.4 6
2010 8 30 19 57 41.0403 40.1604 137.657 7.3 8
2010 8 30 19 58 20.777 38.7931 134.799 16.7 7
2010 8 30 19 58 20.8372 38.7333 134.778 4.1 5
2010 8 30 19 58 20.878 38.7181 134.823 2.2 6
2010 8 30 19 58 26.4899 40.6267 138.943 18.7 5
2010 8 30 19 58 31.4814 40.1953 137.683 19 6
2010 8 30 19 59 50.7171 39.5765 137 6.1 5
2010 8 30 20 0 14.4689 40.5786 138.996 5.1 5
2010 8 30 20 1 3.66808 39.5471 137.037 3.7 5
2010 8 30 20 1 3.88373 39.5348 137.035 4.7 5
2010 8 30 20 1 16.7655 40.1864 137.625 15.8 7
2010 8 30 20 1 16.8076 40.24 137.68 11.2 5
2010 8 30 20 1 16.9095 40.1702 137.714 9.7 5
2010 8 30 20 1 32.4558 38.7909 134.752 21.7 8
2010 8 30 20 1 32.6784 38.7625 134.77 12.2 7
2010 8 30 20 1 42.6451 38.2104 134.913 11.5 5
2010 8 30 20 1 42.7371 38.195 134.955 18.4 8
2010 8 30 20 2 17.3137 39.4096 136.861 13.1 5
2010 8 30 20 2 26.5806 38.7714 134.838 16.4 7
2010 8 30 20 2 30.5048 40.5638 138.971 5.1 5
2010 8 30 20 2 43.299 38.218 134.92 13.1 10
2010 8 30 20 3 6.20777 40.5315 138.766 13.6 8
2010 8 30 20 3 6.20783 40.364 138.833 10.4 5
2010 8 30 20 4 10.4486 40.1931 137.666 11.1 5
2010 8 30 20 4 23.6535 38.7958 134.771 14.1 9
2010 8 30 20 4 23.6752 38.7498 134.771 19.4 7
2010 8 30 20 5 4.9136 38.2039 134.951 17.9 10
2010 8 30 20 5 5.3372 38.1417 134.968 3.7 5
2010 8 30 20 5 12.2864 40.5446 138.964 14.1 7
2010 8 30 20 5 23.8466 40.1803 137.68 19.2 6
2010 8 30 20 5 23.9229 40.1612 137.735 6.2 5
2010 8 30 20 5 40.8576 40.5643 138.927 15 6
2010 8 30 20 5 40.8805 40.5745 138.963 6.1 5
2010 8 30 20 6 5.84549 40.7906 140.072 10.5 8
2010 8 30 20 6 47.3523 40.5603 138.871 11.6 9
2010 8 30 20 8 24.1534 38.4902 135.246 8.6 6
2010 8 30 20 8 24.2254 38.5167 135.264 5 7
2010 8 30 20 8 24.2672 38.5005 135.261 2.6 5
2010 8 30 20 8 46.3804 38.1433 135.03 2.8 5
2010 8 30 20 8 59.8672 38.7336 134.775 10 7
2010 8 30 20 8 59.922 38.7115 134.794 9.2 7
2010 8 30 20 8 59.961 38.7107 134.817 3.2 6
2010 8 30 20 9 0.028795 38.6978 134.811 3.7 7
2010 8 30 20 9 0.353469 38.7355 134.771 11.2 9
2010 8 30 20 9 16.5025 40.9413 139.991 14.6 6
2010 8 30 20 10 34.632 38.5221 135.271 6.7 5
2010 8 30 20 10 34.8387 38.4787 135.271 17.6 7
2010 8 30 20 10 39.219 40.6101 138.93 20.5 11
2010 8 30 20 10 48.3663 38.7395 134.798 15.3 8
2010 8 30 20 11 38.6771 38.1583 134.965 16.3 9
2010 8 30 20 11 38.7752 38.7077 134.731 28.9 5
2010 8 30 20 12 35.1923 38.1931 135.002 14.4 5
2010 8 30 20 12 35.4832 38.4679 135.322 9.1 6
2010 8 30 20 12 48.1018 38.7224 134.775 9.1 6
2010 8 30 20 13 2.71026 39.5569 137.102 12.2 6
2010 8 30 20 13 36.0374 40.625 139.042 9.2 5
2010 8 30 20 14 20.1676 38.1831 135.002 9.7 5
2010 8 30 20 14 20.2182 38.1838 134.984 7.2 6
2010 8 30 20 14 20.8282 38.1687 134.992 14.8 8
2010 8 30 20 14 27.7237 38.8816 134.889 11.4 5
2010 8 30 20 14 45.5095 38.7123 134.749 11 7
2010 8 30 20 14 45.6521 40.7977 140.029 14 7
2010 8 30 20 15 8.15668 38.5483 135.275 18.2 6
2010 8 30 20 15 8.1567 38.4546 135.223 11.1 5
2010 8 30 20 15 8.27118 38.5131 135.329 4.9 6
2010 8 30 20 15 8.27666 38.5493 135.329 9.1 7
2010 8 30 20 15 57.1745 40.5962 138.939 12.3 6
2010 8 30 20 15 57.2312 40.5817 138.976 11.8 7
2010 8 30 20 15 57.5383 38.2301 135.046 11.8 5
2010 8 30 20 15 57.6438 38.1768 134.999 9.6 7
2010 8 30 20 16 0.524448 39.1727 135.327 4.5 5
2010 8 30 20 16 31.9264 40.0721 137.568 10.4 5
2010 8 30 20 16 34.847 38.5516 135.305 0.8 5
2010 8 30 20 16 55.1169 38.8822 135.093 3.1 6
2010 8 30 20 17 16.8088 40.6163 138.996 18.6 8
2010 8 30 20 17 23.0179 40.2157 137.799 10.4 6
2010 8 30 20 18 3.58708 38.7177 134.842 12.4 5
2010 8 30 20 18 3.67314 38.6712 134.786 8.5 5
2010 8 30 20 18 38.9102 38.5264 135.31 3.9 5
2010 8 30 20 19 11.8866 38.1994 134.996 11.5 5
2010 8 30 20 19 19.8266 39.5743 137.148 9.7 5
2010 8 30 20 19 22.9809 38.5478 135.274 17.1 5
2010 8 30 20 19 23.004 38.5277 135.323 6.1 6
2010 8 30 20 19 23.0658 38.6044 135.242 12.7 5
2010 8 30 20 19 23.1228 38.5141 135.294 11.4 7
2010 8 30 20 19 50.7684 38.8794 135.129 3.7 6
2010 8 30 20 19 50.8638 38.879 135.129 6.7 5
2010 8 30 20 20 34.0886 38.4938 135.278 3.6 6
2010 8 30 20 20 50.8429 38.6708 134.804 1.9 6
2010 8 30 20 22 10.7766 40.5434 139.089 3.7 5
2010 8 30 20 22 10.8643 40.5706 139.071 11.1 5
2010 8 30 20 22 30.8754 39.1248 134.435 4.7 5
2010 8 30 20 22 48.0918 40.6299 139.126 11.5 7
2010 8 30 20 22 48.189 40.6318 139.124 13.7 6
2010 8 30 20 23 11.0479 38.5559 135.355 9.1 6
2010 8 30 20 25 2.92528 40.6245 139.024 9.7 6
2010 8 30 20 25 2.94547 40.6311 139.046 5.6 6
2010 8 30 20 25 3.07379 40.6582 139.056 2.8 5
2010 8 30 20 25 3.14935 38.5059 135.309 8.3 6
2010 8 30 20 25 3.16339 40.6293 139.048 4.1 5
2010 8 30 20 25 18.7838 38.5425 135.304 12 7
2010 8 30 20 25 51.0746 40.5781 138.987 13.5 6
2010 8 30 20 25 51.1146 40.5842 138.973 15.4 7
2010 8 30 20 25 51.1891 40.5895 138.987 10.2 8
2010 8 30 20 25 53.3705 38.9048 135.1 19.3 6
2010 8 30 20 25 53.4325 38.904 135.145 9.4 5
2010 8 30 20 27 30.6664 40.6127 138.995 22.4 5
2010 8 30 20 28 48.5774 38.4806 135.35 4.3 5
2010 8 30 20 28 48.6407 38.4892 135.343 5.5 6
2010 8 30 20 29 35.1514 40.6353 138.989 12.8 12
2010 8 30 20 31 32.2591 40.7857 139.998 14 7
2010 8 30 20 31 32.2819 40.7691 139.991 14.8 8
2010 8 30 20 31 32.3235 40.7583 139.998 14 7
2010 8 30 20 31 46.8243 38.518 135.38 5.4 7
2010 8 30 20 32 32.1011 38.5935 135.396 18.9 7
2010 8 30 20 33 13.3234 38.0965 134.759 10.8 6
2010 8 30 20 34 11.471 39.4889 137.072 16.2 6
2010 8 30 20 34 11.562 39.5119 137.105 11.8 5
2010 8 30 20 34 11.6275 39.503 137.076 7.3 5
2010 8 30 20 34 40.3851 40.7486 139.969 8.2 6
2010 8 30 20 36 12.5452 40.5295 138.922 15.5 5
2010 8 30 20 37 18.7721 40.6342 139.038 14.5 7
2010 8 30 20 37 55.8548 40.7966 140.08 22.3 8
2010 8 30 20 38 4.53187 40.6207 139.062 6.6 6
2010 8 30 20 38 50.723 39.0778 134.428 4.5 7
2010 8 30 20 39 32.61 40.6305 139.045 14.6 5
2010 8 30 20 40 55.5979 38.0658 134.69 14.9 5
2010 8 30 20 42 25.1329 38.5228 135.343 8.8 7
2010 8 30 20 43 21.123 38.1078 134.694 14.2 7
2010 8 30 20 43 41.2253 40.7729 139.922 16 6
2010 8 30 20 43 41.3419 40.7449 139.952 4.6 6
2010 8 30 20 46 35.0795 38.5453 135.461 2.3 5
2010 8 30 20 46 35.0809 38.55 135.424 6 5
2010 8 30 20 46 35.455 38.4888 135.461 8.2 6
2010 8 30 20 48 12.2733 38.0941 134.767 12.3 5
2010 8 30 20 49 7.3307 38.1245 134.752 16 5
2010 8 30 20 49 17.3536 40.8107 140.014 4.2 5
2010 8 30 20 50 52.8205 38.1095 134.797 24.7 10
2010 8 30 20 52 6.9111 39.1247 134.487 5.7 6
2010 8 30 20 53 28.7479 39.1389 134.579 4.5 6
2010 8 30 20 54 19.0864 39.1852 134.577 16.3 5
2010 8 30 20 54 57.9796 38.028 134.64 5.8 5
2010 8 30 20 54 57.9797 38.0965 134.651 15.4 5
2010 8 30 20 56 22.7286 39.1474 134.564 10.7 5
2010 8 30 20 56 26.7901 38.1136 134.824 13.6 7
2010 8 30 20 56 34.2202 38.7593 135.019 15.1 5
2010 8 30 20 56 57.2875 38.0507 134.691 12.7 9
2010 8 30 20 57 6.83475 39.1642 134.543 12.2 5
2010 8 30 20 57 51.387 39.1461 134.495 12 7
2010 8 30 20 57 51.4807 39.177 134.541 14.4 5
2010 8 30 20 57 52.0247 39.6801 137.424 4.2 5
2010 8 30 20 58 11.3754 39.1614 134.588 8.6 6
2010 8 30 21 1 3.94782 38.136 134.85 9.3 7
2010 8 30 21 1 4.05319 38.1396 134.807 15.2 7
2010 8 30 21 1 4.16209 38.1691 134.858 14.5 7
2010 8 30 21 1 7.57752 39.8881 137.406 11.9 5
2010 8 30 21 2 14.8083 39.1959 134.579 15.6 6
2010 8 30 21 2 14.8275 39.1711 134.619 7 5
2010 8 30 21 2 14.8509 39.1322 134.557 20.7 7
2010 8 30 21 2 14.9044 39.1846 134.575 14.8 5
2010 8 30 21 2 52.5479 38.0571 134.752 7.4 5
2010 8 30 21 2 52.7269 38.0495 134.778 17 5
2010 8 30 21 3 48.4656 40.7139 139.631 14.7 6
2010 8 30 21 3 48.4983 38.0442 134.766 12.8 9
2010 8 30 21 4 36.2089 39.911 137.739 12.4 5
2010 8 30 21 5 59.8653 38.06 134.7 7.9 6
2010 8 30 21 5 59.922 38.0655 134.76 14.7 7
2010 8 30 21 5 59.9643 38.0933 134.752 20.7 5
2010 8 30 21 6 35.9749 39.8757 137.743 7.3 5
2010 8 30 21 7 6.73123 38.342 135.202 16.9 6
2010 8 30 21 7 48.275 39.8773 137.751 9 6
2010 8 30 21 7 48.5468 39.8173 137.799 7.7 5
2010 8 30 21 8 8.25905 39.6621 137.505 4.2 5
2010 8 30 21 8 17.6892 38.6753 135.577 5.9 5
2010 8 30 21 8 17.6892 38.7194 135.453 10.7 7
2010 8 30 21 8 19.27 38.5572 134.843 2.8 5
2010 8 30 21 9 20.4102 38.7298 135.523 10.1 5
2010 8 30 21 9 20.515 38.7051 135.451 9.1 6
2010 8 30 21 10 11.5552 39.8953 137.752 9.9 6
2010 8 30 21 10 11.6084 39.8582 137.762 7.6 6
2010 8 30 21 10 11.7135 39.8711 137.727 4.4 5
2010 8 30 21 10 27.816 38.2962 135.251 7.6 5
2010 8 30 21 10 32.3664 39.1901 136.259 9.1 6
2010 8 30 21 11 31.0993 38.7432 135.455 11 8
2010 8 30 21 11 35.1201 38.3439 135.303 16.8 5
2010 8 30 21 12 3.7441 38.5186 134.939 6.2 5
2010 8 30 21 12 3.84813 38.3209 135.262 12.7 8
2010 8 30 21 12 6.62458 39.6787 139.769 16.7 7
2010 8 30 21 12 6.71041 39.6618 139.75 17 5
2010 8 30 21 12 25.0423 38.3691 135.228 17.1 5
2010 8 30 21 12 59.7396 38.3023 135.223 19.5 6
2010 8 30 21 13 1.18406 39.9085 137.679 13.6 7
2010 8 30 21 13 55.7445 40.0926 137.515 4.2 5
2010 8 30 21 13 55.9036 39.8797 137.725 5.6 5
2010 8 30 21 14 48.5774 38.7499 135.51 3.4 6
2010 8 30 21 14 49.1371 38.901 135.303 7.3 5
2010 8 30 21 16 7.5575 38.3118 135.283 15.5 5
2010 8 30 21 16 7.71054 38.3332 135.259 13.8 5
2010 8 30 21 16 38.5775 39.8782 137.756 10.1 5
2010 8 30 21 17 31.8697 38.3419 135.265 13.3 7
2010 8 30 21 17 31.9637 38.3128 135.287 14.8 5
2010 8 30 21 17 32.3365 38.3006 135.336 5.1 5
2010 8 30 21 17 42.3951 39.9242 137.752 20 5
2010 8 30 21 17 42.4584 39.9297 137.741 18.4 8
2010 8 30 21 18 36.1801 38.7339 135.456 3.2 5
2010 8 30 21 19 53.8073 38.3171 135.303 9.9 5
2010 8 30 21 19 53.8759 38.3503 135.288 18.3 5
2010 8 30 21 19 54.5519 39.9188 137.75 19.9 6
2010 8 30 21 20 19.4815 38.8188 135.497 8.1 5
2010 8 30 21 20 28.029 38.3129 135.295 15.5 6
2010 8 30 21 20 28.1747 38.2831 135.304 17.5 6
2010 8 30 21 21 23.5843 38.398 135.312 14.7 6
2010 8 30 21 21 23.6059 38.3967 135.294 16.7 5
2010 8 30 21 21 23.6558 38.4214 135.296 13.4 6
2010 8 30 21 21 26.9627 38.7762 135.557 11.2 5
2010 8 30 21 22 50.7899 39.6677 137.611 19.2 6
2010 8 30 21 23 23.7928 39.0552 139.084 18 5
2010 8 30 21 23 42.8874 38.7429 135.523 15.2 6
2010 8 30 21 23 55.9304 38.3114 135.34 11.5 5
2010 8 30 21 23 56.0953 38.264 135.285 7.7 5
2010 8 30 21 23 56.2396 38.264 135.313 16.3 8
2010 8 30 21 24 10.1153 38.7858 135.52 3.8 6
2010 8 30 21 24 10.2503 38.7898 135.505 3.8 6
2010 8 30 21 24 20.665 38.8861 139.089 18 5
2010 8 30 21 24 37.6088 39.8323 137.789 3.2 5
2010 8 30 21 24 37.6682 39.8747 137.726 16.9 7
2010 8 30 21 24 48.7199 38.6519 134.748 7.9 5
2010 8 30 21 25 9.29898 39.8553 137.789 7.6 5
2010 8 30 21 25 38.892 39.8472 137.757 7.4 6
2010 8 30 21 25 39.2897 39.8534 137.79 3.6 6
2010 8 30 21 25 48.9515 38.5867 135.016 1.4 5
2010 8 30 21 25 50.3364 38.7603 135.53 7.9 5
2010 8 30 21 26 4.4044 38.2059 134.922 8.8 5
2010 8 30 21 26 4.425 38.12 134.927 6.6 5
2010 8 30 21 26 32.6136 38.387 135.313 11.5 6
2010 8 30 21 27 0.867488 38.5243 135.065 2.8 5
2010 8 30 21 27 0.927039 38.289 135.373 3.1 6
2010 8 30 21 27 0.928632 38.3743 135.378 9.4 5
2010 8 30 21 28 5.01857 39.9008 137.782 13 7
2010 8 30 21 28 5.12199 39.9175 137.851 19.7 5
2010 8 30 21 28 17.5224 38.6429 135.697 16.3 6
2010 8 30 21 28 40.8575 38.8656 139.121 5.6 6
2010 8 30 21 28 55.7736 38.3176 135.382 18.1 6
2010 8 30 21 29 22.3824 38.9281 139.126 24.8 6
2010 8 30 21 30 17.4202 38.3891 135.4 17.3 7
2010 8 30 21 30 17.475 38.4165 135.309 3.7 5
2010 8 30 21 30 17.5144 38.354 135.417 14.8 6
2010 8 30 21 30 27.0842 38.9597 139.12 17.8 7
2010 8 30 21 30 27.2899 38.9029 139.141 7.1 6
2010 8 30 21 30 27.3456 38.9268 139.106 15.9 8
2010 8 30 21 31 26.8522 38.2836 135.363 5.4 5
2010 8 30 21 31 26.9113 38.344 135.338 16.2 7
2010 8 30 21 31 27.0172 38.532 135.082 2.2 5
2010 8 30 21 31 29.3443 38.8757 139.093 7.9 5
2010 8 30 21 32 4.58422 38.7765 135.563 3.9 6
2010 8 30 21 32 10.7284 38.3266 135.358 17.3 6
2010 8 30 21 33 46.6722 38.8266 135.802 17.5 6
2010 8 30 21 33 50.3702 38.3143 135.357 16.9 5
2010 8 30 21 33 50.5297 38.3285 135.42 2.6 5
2010 8 30 21 34 33.2561 38.319 135.382 4.6 5
2010 8 30 21 34 59.7469 38.3816 135.389 6.3 5
2010 8 30 21 35 0.212201 38.3239 135.397 14.1 5
2010 8 30 21 35 40.4475 38.3071 135.36 5 6
2010 8 30 21 35 40.6271 38.2683 135.443 29.4 5
2010 8 30 21 36 0.702926 38.8243 135.782 16.3 5
2010 8 30 21 36 24.9759 38.8184 135.796 13.4 8
2010 8 30 21 36 25.0828 38.8263 135.793 17.6 8
2010 8 30 21 36 59.1406 38.8493 135.804 14.9 6
2010 8 30 21 38 0.156766 38.9329 139.18 18.4 8
2010 8 30 21 38 55.0452 39.0565 135.546 1.9 5
2010 8 30 21 38 55.1629 38.792 135.858 3.7 6
2010 8 30 21 39 10.9363 38.6522 135.698 6 5
2010 8 30 21 39 13.5558 38.9195 138.088 11.5 5
2010 8 30 21 41 19.9825 38.8341 135.806 5.4 6
2010 8 30 21 41 20.0392 38.8006 135.86 1.6 5
2010 8 30 21 41 29.6637 38.2308 135.363 14.9 6
2010 8 30 21 41 50.6687 39.1161 133.732 3.3 6
2010 8 30 21 42 26.1139 38.8564 135.811 18.3 5
2010 8 30 21 42 26.2039 38.8744 135.826 16.5 8
2010 8 30 21 42 57.097 38.8263 135.854 1.6 6
2010 8 30 21 42 57.15 38.822 135.851 5.3 5
2010 8 30 21 44 24.8195 38.2826 135.501 17 5
2010 8 30 21 44 35.5986 38.9652 139.2 22.5 5
2010 8 30 21 45 15.0136 38.8815 135.822 14.9 6
2010 8 30 21 45 15.0685 38.8583 135.791 4.5 6
2010 8 30 21 45 15.1108 38.8207 135.859 5.2 5
2010 8 30 21 46 6.16547 38.2901 135.332 20.9 7
2010 8 30 21 46 29.4048 38.8224 135.891 8.1 6
2010 8 30 21 46 29.6897 38.8167 135.877 7.2 5
2010 8 30 21 47 30.1402 37.1442 132.355 14 8
2010 8 30 21 48 19.839 38.8017 135.739 23.7 9
2010 8 30 21 48 34.9232 38.2652 135.39 20.2 5
2010 8 30 21 48 35.207 38.3402 135.408 9.2 5
2010 8 30 21 49 16.3206 37.3465 132.092 4.4 5
2010 8 30 21 49 27.7141 38.8158 135.79 24.6 6
2010 8 30 21 49 27.9328 38.801 135.819 4.2 5
2010 8 30 21 50 7.02164 39.2019 136.101 18.7 5
2010 8 30 21 50 47.707 38.8532 135.821 16.7 8
2010 8 30 21 51 24.7335 38.8519 135.782 20.5 5
2010 8 30 21 51 47.3752 38.9999 139.198 12.1 6
2010 8 30 21 51 51.6986 38.5788 134.927 20.5 5
2010 8 30 21 51 52.3021 38.3477 135.408 8.1 6
2010 8 30 21 52 33.3116 38.4868 135.212 2.9 5
2010 8 30 21 53 3.49418 37.1716 132.462 12 6
2010 8 30 21 53 6.6286 38.3237 135.442 19.2 5
2010 8 30 21 54 35.3734 38.8007 135.819 7.1 5
2010 8 30 21 54 35.4731 38.8275 135.807 23.1 5
2010 8 30 21 55 29.06 37.1476 132.497 18.6 5
2010 8 30 21 56 18.7921 38.246 135.404 28.3 5
2010 8 30 21 56 19.086 38.2829 135.492 21.2 7
2010 8 30 21 56 48.3254 38.8166 135.837 2.4 5
2010 8 30 21 57 26.3802 38.8722 135.804 18.9 7
2010 8 30 21 57 28.8185 38.3865 135.515 16.3 5
2010 8 30 21 57 31.3349 37.1291 132.444 8.5 5
2010 8 30 21 57 31.5675 37.202 132.413 17 5
2010 8 30 21 57 47.015 39.0018 135.558 28.4 6
2010 8 30 21 57 47.0503 38.9201 135.54 8 5
2010 8 30 21 58 23.027 38.8743 139.16 19.8 5
2010 8 30 21 58 23.1428 38.8506 139.136 6.2 5
2010 8 30 21 58 30.126 38.8881 135.797 16.6 8
2010 8 30 21 58 30.2366 38.9342 135.849 3.6 5
2010 8 30 21 59 10.2226 38.8888 139.18 18.3 5
2010 8 30 21 59 24.6624 37.1766 131.975 3.5 5
2010 8 30 21 59 53.1901 38.2999 135.41 2.7 5
2010 8 30 21 59 53.2499 38.2984 135.412 4.2 5
2010 8 30 22 0 16.3951 38.8496 135.831 10.5 6
2010 8 30 22 0 29.9319 37.1584 132.408 29.2 7
2010 8 30 22 0 53.1943 38.2839 135.505 27.6 12
2010 8 30 22 0 53.3177 38.3847 135.503 10.5 5
2010 8 30 22 0 58.5877 38.8925 135.842 17.7 8
2010 8 30 22 1 19.6416 38.8575 139.185 3.1 5
2010 8 30 22 2 0.341491 38.877 139.189 17.2 6
2010 8 30 22 2 38.1328 38.8269 135.901 1.9 5
2010 8 30 22 3 2.9391 38.832 139.25 9 7
2010 8 30 22 3 6.38276 38.9314 135.575 11.6 6
2010 8 30 22 3 16.4005 37.2313 132.433 12.9 7
2010 8 30 22 3 20.6599 38.8332 135.862 9.5 7
2010 8 30 22 3 56.3413 38.8359 139.165 14.3 5
2010 8 30 22 4 44.6052 37.1407 132.453 10.6 5
2010 8 30 22 5 0.565018 38.8799 139.241 18.7 5
2010 8 30 22 5 12.8761 38.2898 135.433 28.1 8
2010 8 30 22 5 12.9262 38.3125 135.439 18 8
2010 8 30 22 5 24.6164 39.2642 136.278 9.8 5
2010 8 30 22 5 28.1791 38.9577 135.684 14.7 5
2010 8 30 22 5 33.8564 36.0024 130.687 17.9 6
2010 8 30 22 5 56.6805 35.9841 130.56 16 7
2010 8 30 22 6 38.8697 37.1842 132.34 3.3 5
2010 8 30 22 7 14.8096 38.8425 139.244 9.6 6
2010 8 30 22 7 29.5134 37.138 132.258 14 5
2010 8 30 22 7 29.579 37.0886 132.286 17.8 6
2010 8 30 22 7 44.4085 38.8766 139.187 8.2 5
2010 8 30 22 7 47.8995 36.2062 131.001 7.2 6
2010 8 30 22 8 11.0787 38.8456 139.248 20.6 7
2010 8 30 22 8 24.4831 38.8404 139.215 29.5 6
2010 8 30 22 8 59.2452 35.9737 130.742 27.5 5
2010 8 30 22 9 46.1156 38.8591 139.216 11.5 8
2010 8 30 22 9 46.1995 38.8281 139.277 6.5 6
2010 8 30 22 9 55.563 38.8858 139.23 23.8 5
2010 8 30 22 9 55.7581 38.8325 139.241 7.8 5
2010 8 30 22 10 5.77689 37.1735 132.358 16.1 8
2010 8 30 22 10 10.1363 35.9719 130.728 6.8 5
2010 8 30 22 10 26.683 38.9657 135.79 5.4 6
2010 8 30 22 10 43.4754 38.8621 139.157 8.7 5
2010 8 30 22 11 5.10057 37.218 132.409 18.3 7
2010 8 30 22 11 5.77302 38.8584 139.257 19.7 6
2010 8 30 22 11 20.1438 38.8382 139.299 8.3 5
2010 8 30 22 11 23.3419 37.0027 132.205 26 8
2010 8 30 22 11 42.386 38.8731 139.167 7.4 5
2010 8 30 22 11 56.0535 38.8618 139.159 9.8 6
2010 8 30 22 12 1.5227 36.0189 130.723 17.3 7
2010 8 30 22 12 20.4187 39.1438 136.306 7.6 6
2010 8 30 22 13 1.30206 38.9124 135.845 2.9 5
2010 8 30 22 13 23.7657 36.0297 130.704 15.5 6
2010 8 30 22 13 36.3643 38.8792 139.265 18.1 6
2010 8 30 22 13 52.1415 36.2585 131.141 24.5 9
2010 8 30 22 13 55.072 37.1188 132.208 14.2 6
2010 8 30 22 14 13.7736 38.8423 139.329 17.9 5
2010 8 30 22 14 37.9102 38.9168 135.879 6.4 6
2010 8 30 22 14 58.2777 36.0455 130.695 4 5
2010 8 30 22 15 0.011553 38.8284 139.273 9.3 5
2010 8 30 22 15 13.5177 38.8575 139.274 7.1 5
2010 8 30 22 15 16.5654 38.8571 139.3 6.4 5
2010 8 30 22 15 23.5602 38.8771 139.194 22 5
2010 8 30 22 15 57.2984 38.8038 139.229 6.5 5
2010 8 30 22 16 2.72093 39.2033 136.264 16.2 7
2010 8 30 22 16 2.80303 39.1402 136.313 5.9 5
2010 8 30 22 16 3.02388 39.1519 136.3 3.1 5
2010 8 30 22 16 20.0457 38.8753 139.301 29 6
2010 8 30 22 16 20.3033 38.8289 139.278 8.3 5
2010 8 30 22 16 31.5919 37.2261 132.429 22.7 5
2010 8 30 22 16 31.6357 37.2496 132.53 13 5
2010 8 30 22 16 32.3829 37.2419 132.424 18.9 5
2010 8 30 22 16 50.8786 38.8939 139.282 20.2 5
2010 8 30 22 16 51.1502 38.8849 139.254 17.3 7
2010 8 30 22 17 53.4489 38.8942 139.223 19.3 6
2010 8 30 22 18 4.68717 38.8084 139.288 5.7 7
2010 8 30 22 18 7.68391 39.9925 139.527 21.3 5
2010 8 30 22 18 12.5412 38.8625 139.21 20.5 6
2010 8 30 22 18 22.3666 38.825 139.393 23.6 6
2010 8 30 22 18 36.006 38.855 139.144 3.6 5
2010 8 30 22 18 42.4667 38.8037 139.297 12.8 5
2010 8 30 22 18 46.7639 37.2164 132.4 16.6 6
2010 8 30 22 18 55.388 36.2936 131.125 3.2 5
2010 8 30 22 18 55.4123 36.2891 131.115 0.5 6
2010 8 30 22 19 1.28072 38.8593 139.175 22.2 5
2010 8 30 22 19 11.9225 38.8139 139.246 10.1 5
2010 8 30 22 19 18.4717 38.8872 139.246 20.3 6
2010 8 30 22 19 18.9328 39.9958 139.523 23 5
2010 8 30 22 19 25.8487 37.167 132.353 22.2 7
2010 8 30 22 19 27.7869 38.8691 139.202 4.9 5
2010 8 30 22 19 37.3319 38.8605 139.229 17.3 7
2010 8 30 22 19 44.5131 38.8678 139.24 15.9 9
2010 8 30 22 19 52.9836 38.8432 139.168 4.6 5
2010 8 30 22 19 58.696 37.2054 132.67 15 5
2010 8 30 22 20 4.36141 38.824 139.193 19 6
2010 8 30 22 20 12.9489 39.1364 136.047 18 7
2010 8 30 22 20 20.1663 38.8309 139.318 11.1 5
2010 8 30 22 20 28.6386 38.8974 139.321 18.5 6
2010 8 30 22 20 28.7573 38.8303 139.253 8 5
2010 8 30 22 20 39.1081 38.8494 139.349 8.6 6
2010 8 30 22 20 50.7055 39.0876 136.109 12.3 5
2010 8 30 22 20 58.1866 38.8333 139.219 7.1 5
2010 8 30 22 20 58.8246 38.8388 139.209 25.6 7
2010 8 30 22 21 6.37221 37.2175 132.412 26.4 8
2010 8 30 22 21 6.68651 37.2143 132.42 17.3 6
2010 8 30 22 21 8.72936 38.8285 139.196 11.6 5
2010 8 30 22 21 13.9096 39.9119 137.317 20.8 7
2010 8 30 22 21 22.8409 38.8588 139.247 18 8
2010 8 30 22 21 25.7706 38.8585 139.291 12.5 5
2010 8 30 22 21 28.3024 39.0276 139.099 0.7 5
2010 8 30 22 21 28.6091 38.8403 139.196 5.7 5
2010 8 30 22 21 28.8926 38.8174 139.282 6 5
2010 8 30 22 21 56.4389 37.2206 132.388 3.1 6
2010 8 30 22 22 10.5146 38.8243 139.274 5.2 5
2010 8 30 22 22 10.598 38.819 139.277 6.6 5
2010 8 30 22 22 24.2418 39.1464 136.181 27.4 7
2010 8 30 22 22 38.3566 38.8944 139.395 18.5 5
2010 8 30 22 22 45.7 38.8052 139.241 3.6 5
2010 8 30 22 22 51.6192 38.8579 139.269 23 5
2010 8 30 22 22 51.7456 38.8051 139.253 6.9 6
2010 8 30 22 22 52.092 38.811 139.285 4.6 6
2010 8 30 22 23 1.60993 38.8526 139.168 28.2 5
2010 8 30 22 23 2.07577 38.9443 139.23 15.4 6
2010 8 30 22 23 5.93731 38.4069 134.408 9.7 5
2010 8 30 22 23 6.20488 38.168 134.776 20.3 7
2010 8 30 22 23 8.62554 38.6331 135.01 18.3 5
2010 8 30 22 23 19.1292 39.5423 133.078 25.5 5
2010 8 30 22 23 28.8047 38.8839 139.255 17.3 5
2010 8 30 22 23 37.1798 36.5512 130.704 27 5
2010 8 30 22 23 41.6088 39.0936 136.025 25.6 7
2010 8 30 22 23 49.9313 38.9516 139.262 6.2 5
2010 8 30 22 23 50.0364 38.8111 139.227 6.1 5
2010 8 30 22 23 55.9602 38.8847 139.221 16.2 5
2010 8 30 22 23 55.9885 38.8589 139.289 21 6
2010 8 30 22 23 57.7625 39.0901 136.089 4.1 6
2010 8 30 22 24 1.31442 38.8681 139.261 18.3 8
2010 8 30 22 24 15.7348 38.8355 139.313 2.6 5
2010 8 30 22 24 22.9269 38.8857 139.26 13 6
2010 8 30 22 24 33.6122 38.8725 139.293 11.5 5
2010 8 30 22 24 40.2269 38.8222 139.261 7.9 5
2010 8 30 22 24 47.1296 37.4587 132.076 15 5
2010 8 30 22 24 51.5529 38.8498 139.238 17.4 9
2010 8 30 22 24 51.7216 38.899 139.255 20.5 7
2010 8 30 22 24 55.5994 38.1756 134.811 16.7 6
2010 8 30 22 25 18.921 37.0272 132.204 7.1 5
2010 8 30 22 25 25.1756 38.8298 139.25 18.2 6
2010 8 30 22 25 25.2801 38.8764 139.26 21.3 6
2010 8 30 22 25 25.5897 38.8215 139.262 3.6 5
2010 8 30 22 25 36.1122 37.3357 132.622 16.8 6
2010 8 30 22 25 39.0728 38.8101 139.331 7.8 7
2010 8 30 22 25 39.1146 38.8563 139.308 17.5 8
2010 8 30 22 25 39.1951 38.8509 139.327 20.3 5
2010 8 30 22 25 41.7306 36.3917 131.195 13.9 6
2010 8 30 22 26 15.0876 38.8816 139.291 16.8 7
2010 8 30 22 26 15.1887 38.8541 139.314 4.9 7
2010 8 30 22 26 15.5006 38.8444 139.317 2.9 5
2010 8 30 22 26 28.8517 38.9953 139.279 6.9 5
2010 8 30 22 26 30.9047 39.1933 136.127 3.3 5
2010 8 30 22 26 33.2694 36.3395 131.216 7.2 6
2010 8 30 22 26 36.205 37.0604 132.192 4 6
2010 8 30 22 26 41.3735 38.8919 139.267 3.7 5
2010 8 30 22 27 11.6147 36.3476 131.248 15.6 9
2010 8 30 22 27 37.7852 39.125 136.095 21.5 6
2010 8 30 22 27 40.5708 38.7911 139.111 28.1 6
2010 8 30 22 27 40.6215 38.8002 139.3 5.1 5
2010 8 30 22 27 41.1037 38.8295 139.242 13.8 6
2010 8 30 22 27 51.9919 36.3358 131.225 17.9 6
2010 8 30 22 27 59.2192 36.9824 132.278 5.5 5
2010 8 30 22 28 23.5275 38.8136 139.363 9.1 6
2010 8 30 22 28 35.0893 39.1232 136.122 3.4 5
2010 8 30 22 28 41.6719 38.8094 139.296 18.4 5
2010 8 30 22 29 10.355 38.7447 139.291 21.2 5
2010 8 30 22 29 10.8449 38.897 139.25 16.4 8
2010 8 30 22 29 19.7698 36.7683 130.631 19.8 5
2010 8 30 22 29 24.9041 38.8742 139.281 17.6 8
2010 8 30 22 29 31.9716 38.8218 139.292 14.5 5
2010 8 30 22 29 36.7072 37.0562 132.24 10.6 7
2010 8 30 22 29 52.7612 36.3413 131.261 14.6 6
2010 8 30 22 30 1.87918 38.8486 139.316 10.7 6
2010 8 30 22 30 44.8946 39.0977 136.127 4.1 6
2010 8 30 22 30 53.8798 38.8434 139.352 9.9 6
2010 8 30 22 30 53.9658 37.0415 132.242 2.4 6
2010 8 30 22 31 6.02753 39.1462 133.89 15.9 5
2010 8 30 22 31 12.2939 36.4903 131.094 7.9 5
2010 8 30 22 31 12.3517 36.3584 131.274 12.9 5
2010 8 30 22 31 39.6141 38.1536 134.748 26.3 6
2010 8 30 22 31 55.5079 37.0398 132.246 17 5
2010 8 30 22 32 9.48992 36.4333 131.271 7.2 6
2010 8 30 22 32 9.56683 36.4493 131.309 11.7 6
2010 8 30 22 32 26.2541 38.8505 139.283 7.1 5
2010 8 30 22 32 26.8908 38.8762 139.239 4.9 7
2010 8 30 22 32 28.7466 38.842 139.274 4.7 5
2010 8 30 22 32 31.6222 37.0593 132.259 19.6 5
2010 8 30 22 32 33.1883 39.0691 136.59 6.5 5
2010 8 30 22 32 34.1258 36.0947 130.872 12.1 6
2010 8 30 22 32 38.7131 37.0738 132.252 15.7 5
2010 8 30 22 32 55.6097 39.0129 135.96 7.7 5
2010 8 30 22 33 5.28019 36.879 130.587 16.7 5
2010 8 30 22 33 5.35095 36.3526 131.302 14.3 7
2010 8 30 22 33 5.42813 36.3422 131.329 28 5
2010 8 30 22 33 26.6817 38.8513 139.322 11.2 6
2010 8 30 22 33 28.6032 39.1303 136.074 21.2 6
2010 8 30 22 33 58.949 38.8857 139.326 20 7
2010 8 30 22 33 59.0902 38.8435 139.289 26.5 8
2010 8 30 22 34 4.78674 37.0691 132.273 22.4 6
2010 8 30 22 34 6.12227 38.9043 139.383 22.5 6
2010 8 30 22 34 8.27684 36.1065 130.876 19.3 6
2010 8 30 22 35 17.6734 38.8447 139.338 15.6 6
2010 8 30 22 35 34.4351 38.8583 139.303 22 5
2010 8 30 22 35 34.4773 38.8791 139.308 18 8
2010 8 30 22 35 34.681 38.8238 139.268 18.3 7
2010 8 30 22 35 38.5456 38.8403 139.392 12.1 6
2010 8 30 22 35 53.7938 38.7985 139.264 13.2 6
2010 8 30 22 35 54.5307 38.8049 139.298 28.9 7
2010 8 30 22 36 20.3638 37.2612 132.498 18.9 11
2010 8 30 22 36 20.41 37.2296 132.52 4 5
2010 8 30 22 36 39.1351 37.7354 133.042 11.3 5
2010 8 30 22 36 52.5443 36.342 131.243 19.2 5
2010 8 30 22 36 59.3218 37.0419 132.174 18.8 5
2010 8 30 22 36 59.3492 37.042 132.294 29.8 9
2010 8 30 22 36 59.3761 37.0768 132.288 16 7
2010 8 30 22 36 59.4319 37.0578 132.264 7.7 7
2010 8 30 22 37 41.5061 36.074 130.883 25.2 6
2010 8 30 22 37 52.8424 38.8966 139.408 19.6 5
2010 8 30 22 37 56.06 38.8765 139.352 21.3 5
2010 8 30 22 37 56.1061 38.9012 139.314 2.3 5
2010 8 30 22 37 56.1926 38.8154 139.299 26.1 5
2010 8 30 22 37 56.26 38.8331 139.293 17.6 7
2010 8 30 22 38 8.2145 38.2074 134.422 28.5 5
2010 8 30 22 38 16.7415 36.3193 131.18 16.2 6
2010 8 30 22 38 16.8822 36.3051 131.184 18.4 6
2010 8 30 22 38 37.8321 36.0677 130.865 9.9 5
2010 8 30 22 38 37.9971 36.1421 131.028 24.1 7
2010 8 30 22 39 4.12001 37.0833 132.27 18.2 6
2010 8 30 22 39 7.53886 38.863 139.314 20.1 5
2010 8 30 22 39 7.75059 39.4574 138.607 14 5
2010 8 30 22 39 7.75085 38.8354 139.342 6.4 7
2010 8 30 22 39 7.81504 38.8292 139.351 5 5
2010 8 30 22 39 8.21789 38.8814 139.323 17.6 7
2010 8 30 22 39 32.0757 38.8655 139.454 26.6 6
2010 8 30 22 39 38.6502 39.1288 136.164 5.2 6
2010 8 30 22 39 46.1896 38.1218 134.879 10.1 5
2010 8 30 22 39 57.6769 37.0345 132.223 25.3 7
2010 8 30 22 39 57.8975 37.0935 132.271 18.4 7
2010 8 30 22 40 19.7187 38.8559 139.279 7 5
2010 8 30 22 40 21.6978 37.1102 132.355 28.7 5
2010 8 30 22 40 26.5328 37.7475 133.083 12.6 5
2010 8 30 22 40 26.6027 37.7914 133.155 14.6 5
2010 8 30 22 40 29.7259 38.8998 139.304 17.2 8
2010 8 30 22 40 43.4326 38.8564 139.28 16.1 9
2010 8 30 22 40 51.4631 37.1072 132.247 18.3 6
2010 8 30 22 40 51.6082 37.1337 132.377 15.8 6
2010 8 30 22 40 53.1293 38.8086 139.31 17.2 8
2010 8 30 22 40 53.431 38.856 139.299 16.3 8
2010 8 30 22 41 0.823177 38.8315 139.254 17.1 6
2010 8 30 22 41 0.958707 38.8334 139.269 14.6 8
2010 8 30 22 41 5.52477 37.0916 132.268 2.3 5
2010 8 30 22 41 5.61467 38.9315 139.351 17.4 5
2010 8 30 22 41 11.6627 37.886 133.051 8.3 5
2010 8 30 22 41 13.089 38.8013 139.31 3.4 5
2010 8 30 22 41 17.6527 36.4043 131.327 17.5 7
2010 8 30 22 41 26.8988 38.828 139.252 13.3 5
2010 8 30 22 41 32.2441 38.8204 139.307 5.7 6
2010 8 30 22 41 44.8558 38.9079 139.318 9.8 6
2010 8 30 22 41 50.4271 38.8207 139.309 26 6
2010 8 30 22 42 21.992 37.7602 133.032 6.1 7
2010 8 30 22 42 26.4062 37.1917 132.164 1.2 5
2010 8 30 22 42 26.7168 37.0662 132.244 6.3 5
2010 8 30 22 42 54.5544 37.2238 132.487 15.5 6
2010 8 30 22 42 54.9028 38.8389 139.462 21.6 6
2010 8 30 22 43 2.43297 37.0749 132.308 17.3 6
2010 8 30 22 43 35.7374 39.1877 133.891 16.1 6
2010 8 30 22 43 37.5877 38.262 135.539 12 6
2010 8 30 22 43 52.2672 37.0318 132.208 5.9 6
2010 8 30 22 44 30.4928 38.8734 139.315 19.9 7
2010 8 30 22 44 35.1074 37.1135 132.35 13.2 6
2010 8 30 22 44 57.7205 39.1517 136.064 4.2 5
2010 8 30 22 45 5.36801 39.1853 136.304 15.7 7
2010 8 30 22 45 27.6231 38.2621 135.569 18.5 5
2010 8 30 22 45 27.6912 38.3026 135.539 16 7
2010 8 30 22 45 31.7169 37.3383 132.509 16.2 5
2010 8 30 22 45 45.3022 38.8201 139.33 18.8 5
2010 8 30 22 45 45.4118 38.7932 139.288 10.4 5
2010 8 30 22 45 50.935 37.1613 132.311 16.7 5
2010 8 30 22 46 10.6694 37.2253 132.547 14.8 5
2010 8 30 22 46 34.7122 38.8343 139.456 10.1 5
2010 8 30 22 46 50.3065 37.2136 132.644 25.3 5
2010 8 30 22 46 55.3386 37.3916 131.718 23.4 5
2010 8 30 22 47 2.68838 38.9019 139.442 20.9 6
2010 8 30 22 47 14.1223 37.1234 132.329 22.3 6
2010 8 30 22 47 14.2189 37.0869 132.326 8.2 5
2010 8 30 22 47 15.1956 38.741 131.397 3.4 5
2010 8 30 22 47 37.2199 37.2457 132.512 6.1 6
2010 8 30 22 47 37.2589 37.2554 132.542 13.8 7
2010 8 30 22 47 37.297 37.2533 132.531 11.7 5
2010 8 30 22 47 40.8326 36.1871 130.935 14.1 7
2010 8 30 22 47 49.5518 38.8757 139.391 9.8 5
2010 8 30 22 47 53.3167 37.7719 133.155 7.1 5
2010 8 30 22 47 57.0472 38.8702 139.384 9.5 5
2010 8 30 22 48 1.79915 38.8218 139.376 4.7 6
2010 8 30 22 48 2.06249 38.8451 139.394 6.9 5
2010 8 30 22 48 4.95473 38.9114 139.43 10.2 6
2010 8 30 22 48 12.3853 37.8206 133.171 7.1 5
2010 8 30 22 48 13.1727 37.0636 132.27 23.9 10
2010 8 30 22 48 19.9559 38.5634 135.087 1.8 5
2010 8 30 22 48 27.2272 37.2477 132.508 6.5 6
2010 8 30 22 48 27.2921 38.8404 139.349 4.4 6
2010 8 30 22 48 27.3171 37.2616 132.528 13.5 8
2010 8 30 22 48 27.3589 37.2477 132.533 15 7
2010 8 30 22 48 27.6515 37.2652 132.541 17.1 5
2010 8 30 22 48 50.4609 38.8837 139.433 11.1 6
2010 8 30 22 48 55.1935 38.9019 139.345 25 5
2010 8 30 22 49 23.1532 38.8803 139.359 17.9 5
2010 8 30 22 49 29.8604 38.5814 135.102 2.3 5
2010 8 30 22 49 37.2121 38.9779 139.32 7.9 5
2010 8 30 22 49 55.127 39.1423 136.158 4.7 5
2010 8 30 22 49 56.0456 38.9006 139.347 16.3 7
2010 8 30 22 49 56.1615 38.8562 139.349 17.5 7
2010 8 30 22 49 56.23 38.8899 139.347 15.3 8
2010 8 30 22 49 56.2842 38.8517 139.365 6.4 5
2010 8 30 22 50 23.1548 36.3782 130.626 5.6 5
2010 8 30 22 50 35.6446 38.5724 135.109 3.7 5
2010 8 30 22 51 11.3082 37.7661 133.073 16 5
2010 8 30 22 51 28.605 37.1765 132.5 8.4 5
2010 8 30 22 51 35.96 35.8 131.178 16.8 6
2010 8 30 22 52 9.73823 37.1404 132.392 11.7 7
2010 8 30 22 52 9.91478 37.1053 132.378 5.8 5
2010 8 30 22 52 11.4792 39.3096 135.754 21.3 6
2010 8 30 22 52 14.192 37.2104 132.59 6.9 5
2010 8 30 22 52 14.2812 37.2066 132.626 3 6
2010 8 30 22 52 23.7053 35.7659 131.161 15.6 6
2010 8 30 22 52 26.014 38.9981 139.278 7 5
2010 8 30 22 52 32.21 37.8048 133.269 10 6
2010 8 30 22 52 34.7721 38.8564 139.419 10.2 5
2010 8 30 22 52 46.3064 37.2786 132.573 15.8 6
2010 8 30 22 52 46.3632 37.2782 132.583 20.1 5
2010 8 30 22 52 49.1146 37.2195 132.424 11.5 5
2010 8 30 22 53 11.6173 38.8775 139.339 6.1 6
2010 8 30 22 53 11.7505 38.8602 139.453 3.8 5
2010 8 30 22 53 11.8114 38.9007 139.363 18.7 6
2010 8 30 22 53 12.0461 38.9134 139.361 16.3 8
2010 8 30 22 53 19.5704 35.8476 131.162 6.8 5
2010 8 30 22 53 39.3656 37.2282 132.516 28.6 6
2010 8 30 22 54 3.26932 37.1339 132.327 14.2 7
2010 8 30 22 54 6.91788 35.7305 131.174 2.7 5
2010 8 30 22 54 7.11622 35.7822 131.183 19.5 5
2010 8 30 22 54 49.9029 38.7887 139.377 0.4 5
2010 8 30 22 54 49.9949 38.8461 139.387 2.7 5
2010 8 30 22 55 7.51645 37.2269 132.639 1.4 5
2010 8 30 22 55 9.65919 37.1265 132.454 5 5
2010 8 30 22 55 10.2455 37.0601 132.287 5.1 7
2010 8 30 22 55 10.6798 36.0284 130.753 12 5
2010 8 30 22 55 10.8209 35.7611 131.151 27.4 8
2010 8 30 22 55 12.0275 37.7635 133.13 24 8
2010 8 30 22 55 12.0593 36.3375 131.289 16.8 7
2010 8 30 22 55 12.77 36.6875 130.839 15.3 5
2010 8 30 22 55 44.0312 38.5221 135.034 3.9 5
2010 8 30 22 55 51.0656 37.0038 132.223 3.3 6
2010 8 30 22 55 51.1895 37.0029 132.268 23.7 7
2010 8 30 22 55 52.6439 36.1888 130.991 22.2 11
2010 8 30 22 56 30.9821 37.7533 133.113 27.9 6
2010 8 30 22 56 37.2769 37.2737 132.697 28.9 8
2010 8 30 22 56 41.8358 37.1902 132.462 15.5 8
2010 8 30 22 57 38.9162 38.8852 139.46 17.3 7
2010 8 30 22 57 45.0512 37.2589 132.56 17.6 6
2010 8 30 22 57 47.1965 36.5506 131.007 6.3 5
2010 8 30 22 57 50.782 37.0804 132.295 14 6
2010 8 30 22 58 14.4928 38.5845 135.025 14.4 6
2010 8 30 22 58 29.9349 38.8696 139.353 1.1 5
2010 8 30 22 58 30.2741 38.8401 139.414 4.2 5
2010 8 30 22 58 45.8055 37.1432 132.413 3.2 6
2010 8 30 22 59 3.44197 39.1996 136.351 4.4 5
2010 8 30 22 59 14.4997 38.9321 134.55 22.3 5
2010 8 30 22 59 21.4714 37.2515 132.061 3.7 5
2010 8 30 22 59 32.7527 38.8738 139.377 13.9 7
2010 8 30 22 59 52.4134 35.7749 131.182 15 6
2010 8 30 23 0 0.545156 37.0952 132.355 15.4 7
2010 8 30 23 0 5.27637 37.0842 132.306 20 6
2010 8 30 23 0 17.9028 37.1755 132.42 6.1 5
2010 8 30 23 0 20.5197 38.9063 139.457 18.6 9
2010 8 30 23 0 20.5662 38.8661 139.508 5.7 6
2010 8 30 23 0 20.6448 38.8932 139.487 27.5 7
2010 8 30 23 0 30.4339 39.1307 136.384 20.2 6
2010 8 30 23 0 39.9393 37.2862 132.592 16.3 6
2010 8 30 23 0 39.985 37.2711 132.535 2.7 5
2010 8 30 23 0 47.7567 37.6281 132.994 28.4 5
2010 8 30 23 0 47.881 37.8291 133.186 8.8 7
2010 8 30 23 0 47.8981 37.7945 133.084 3 5
2010 8 30 23 0 56.6936 37.8779 133.379 26.8 6
2010 8 30 23 0 56.8203 37.9149 133.277 17.8 7
2010 8 30 23 0 56.9189 37.8236 133.31 6.2 5
2010 8 30 23 1 32.0187 38.7517 139.201 5 5
2010 8 30 23 1 36.3581 37.9068 133.213 11.1 5
2010 8 30 23 1 59.8972 37.032 132.303 18.7 7
2010 8 30 23 2 4.12115 38.8368 139.509 1.7 5
2010 8 30 23 2 48.1462 37.0418 132.301 26.2 7
2010 8 30 23 2 48.2877 37.3681 131.831 25.9 6
2010 8 30 23 2 48.3411 37.0703 132.355 9.1 6
2010 8 30 23 2 59.1365 37.8815 133.294 2.2 5
2010 8 30 23 3 4.3569 37.0921 132.296 12.8 5
2010 8 30 23 3 5.24163 36.4657 131.482 28.4 7
2010 8 30 23 3 13.3906 39.0229 139.411 14.5 5
2010 8 30 23 3 30.2305 37.4377 131.971 20.2 5
2010 8 30 23 3 30.2307 37.0903 132.461 5.9 6
2010 8 30 23 3 36.3451 37.1224 132.355 16.4 5
2010 8 30 23 3 40.1061 38.8776 139.494 17.5 7
2010 8 30 23 3 40.1714 38.5167 135.119 24.8 8
2010 8 30 23 3 40.9583 38.9201 139.503 22 5
2010 8 30 23 4 1.58548 36.3432 131.048 21.1 5
2010 8 30 23 4 1.58861 36.2887 131.044 8.5 5
2010 8 30 23 4 25.3982 37.143 132.414 2.2 5
2010 8 30 23 4 34.7653 36.1696 130.794 19.9 5
2010 8 30 23 4 49.1011 37.4102 132.03 17.5 6
2010 8 30 23 4 49.1842 37.4394 131.955 16.4 6
2010 8 30 23 4 57.4438 37.9189 133.274 15.3 6
2010 8 30 23 5 1.852 37.2492 132.62 17.2 7
2010 8 30 23 5 14.7936 39.1153 136.367 28.2 7
2010 8 30 23 5 25.9424 37.9054 133.291 16.7 7
2010 8 30 23 5 47.7616 39.1307 136.373 20.5 5
2010 8 30 23 5 56.3393 37.1019 132.404 4.1 6
2010 8 30 23 5 56.5347 37.1044 132.4 4.3 5
2010 8 30 23 6 8.73056 38.837 139.492 15.5 6
2010 8 30 23 6 8.8017 38.928 139.515 7.1 5
2010 8 30 23 6 19.5644 39.1613 136.4 23.4 5
2010 8 30 23 6 19.6118 39.1574 136.385 18.2 6
2010 8 30 23 6 24.2216 37.1042 132.472 28.9 6
2010 8 30 23 6 24.3474 37.1843 132.509 10.9 7
2010 8 30 23 6 31.4917 37.1424 132.437 4.2 5
2010 8 30 23 6 45.6564 37.9636 133.32 18.5 6
2010 8 30 23 6 45.6696 37.1793 132.502 16.4 5
2010 8 30 23 6 45.8766 37.946 133.305 11.7 9
2010 8 30 23 6 49.0519 38.8688 131.488 5.2 5
2010 8 30 23 6 55.3734 39.1434 136.355 28.9 9
2010 8 30 23 6 59.4607 37.2484 132.599 25.6 6
2010 8 30 23 6 59.5197 37.2622 132.684 19.7 7
2010 8 30 23 7 4.48952 38.6427 139.283 4.2 5
2010 8 30 23 7 10.2658 39.0704 136.415 5.6 5
2010 8 30 23 7 13.1979 35.8723 131.266 23.8 7
2010 8 30 23 7 23.1445 38.7976 139.375 6.3 5
2010 8 30 23 7 39.531 40.5927 139.55 20.4 5
2010 8 30 23 7 46.3021 36.2894 131.081 26.8 8
2010 8 30 23 7 47.8277 39.1293 136.425 24.4 5
2010 8 30 23 7 53.9383 37.2372 132.697 12.3 6
2010 8 30 23 8 14.3784 37.8791 133.327 13.3 5
2010 8 30 23 8 14.9035 35.7569 131.171 24.5 8
2010 8 30 23 8 29.8736 39.132 136.365 23.8 6
2010 8 30 23 8 33.4177 37.1491 132.477 28.6 8
2010 8 30 23 8 45.837 37.1089 132.423 5.2 7
2010 8 30 23 8 45.9147 37.1255 132.414 8.9 5
2010 8 30 23 8 45.9671 37.1273 132.417 9.8 5
2010 8 30 23 8 46.0307 37.1503 132.418 12.9 9
2010 8 30 23 8 46.1817 37.1496 132.418 15.7 7
2010 8 30 23 8 47.5971 37.8668 133.309 18.9 5
2010 8 30 23 8 47.9114 37.8214 133.091 4.1 5
2010 8 30 23 9 9.86819 39.1486 136.392 15.1 7
2010 8 30 23 9 41.5747 37.1107 132.335 3.8 6
2010 8 30 23 9 41.6691 37.0888 132.387 25.5 5
2010 8 30 23 9 42.1782 37.1015 132.407 8.1 5
2010 8 30 23 9 50.1586 37.2604 132.622 6.9 6
2010 8 30 23 10 3.94831 37.8701 133.251 24.6 6
2010 8 30 23 10 23.5278 35.7239 131.155 25.5 5
2010 8 30 23 10 23.6345 35.8277 131.211 13.2 5
2010 8 30 23 10 32.4546 37.2559 132.594 24 5
2010 8 30 23 10 32.5098 37.2538 132.547 9.1 5
2010 8 30 23 10 38.1257 36.1834 131.124 3.7 5
2010 8 30 23 11 2.99912 37.1745 132.506 21.7 5
2010 8 30 23 11 3.14125 37.1783 132.476 17.1 6
2010 8 30 23 11 3.20757 37.1713 132.483 19.9 5
2010 8 30 23 11 3.31961 37.1835 132.486 15.6 7
2010 8 30 23 11 39.546 36.5227 131.543 18.7 5
2010 8 30 23 12 29.535 37.3283 132.336 2.9 5
2010 8 30 23 12 29.7166 37.1814 132.533 14.4 6
2010 8 30 23 12 46.8698 36.2162 131.108 24.5 8
2010 8 30 23 12 47.1847 36.2383 131.118 24.4 9
2010 8 30 23 12 56.5228 37.071 132.506 5 5
2010 8 30 23 13 16.7519 37.5038 131.874 20.7 5
2010 8 30 23 13 33.2176 36.308 131.176 15.7 5
2010 8 30 23 13 33.2484 36.2987 131.155 5.8 6
2010 8 30 23 13 33.2803 36.2999 131.15 3.5 6
2010 8 30 23 13 33.3317 36.3117 131.19 21.4 6
2010 8 30 23 13 34.7025 35.7702 131.158 25.7 7
2010 8 30 23 13 47.6005 36.8135 130.967 24.6 5
2010 8 30 23 13 53.4075 37.2664 132.621 23.3 5
2010 8 30 23 13 53.4595 37.269 132.621 13.3 7
2010 8 30 23 13 53.7484 37.1308 132.513 19.5 5
2010 8 30 23 13 53.8128 37.2581 132.584 4.3 5
2010 8 30 23 13 53.9239 37.2504 132.591 8.2 5
2010 8 30 23 14 10.9815 39.4095 136.005 5 5
2010 8 30 23 14 18.1791 36.2985 131.143 2.6 5
2010 8 30 23 14 18.8739 38.4553 135.299 28.8 5
2010 8 30 23 14 18.9014 38.5423 135.136 3.8 5
2010 8 30 23 14 18.9529 38.6234 135.113 21.4 6
2010 8 30 23 14 35.0013 36.1704 130.465 29.7 5
2010 8 30 23 14 35.1255 35.7777 131.198 29.3 7
2010 8 30 23 14 35.2352 35.7854 131.157 3.7 6
2010 8 30 23 14 35.5383 37.1692 132.522 14.1 5
2010 8 30 23 14 35.6241 37.4404 132.01 22.7 5
2010 8 30 23 15 18.4503 37.4755 131.92 27.3 5
2010 8 30 23 15 18.4934 37.1783 132.472 2.7 5
2010 8 30 23 15 30.1723 35.6708 131.144 22.4 5
2010 8 30 23 15 30.3629 35.8304 131.24 15.8 7
2010 8 30 23 15 30.7227 35.8492 131.228 19.2 6
2010 8 30 23 15 45.7176 38.8159 139.552 3.3 5
2010 8 30 23 15 52.8788 36.2743 131.16 17.8 5
2010 8 30 23 15 58.6136 39.0817 136.406 4.1 5
2010 8 30 23 16 11.475 37.2089 132.575 17.9 5
2010 8 30 23 16 35.4944 38.8374 139.473 25.3 8
2010 8 30 23 17 13.3786 39.1515 136.402 23.3 8
2010 8 30 23 17 23.7876 38.9226 139.017 3.8 5
2010 8 30 23 17 24.9702 38.8338 139.51 22.8 6
2010 8 30 23 17 25.0794 38.6867 139.269 5 5
2010 8 30 23 17 25.1943 35.801 131.237 24.4 5
2010 8 30 23 17 27.2314 36.2117 131.175 29.2 6
2010 8 30 23 17 54.8229 37.2041 132.556 19.5 6
2010 8 30 23 18 20.4323 38.6661 139.255 19.6 7
2010 8 30 23 18 24.5531 36.1275 130.701 27 5
2010 8 30 23 18 24.886 35.8632 131.264 16.2 7
2010 8 30 23 18 37.8991 37.2744 132.556 13.4 8
2010 8 30 23 18 43.7348 38.8161 139.528 14 9
2010 8 30 23 18 43.802 38.8474 139.482 5.3 6
2010 8 30 23 18 43.8323 38.8181 139.581 5.8 5
2010 8 30 23 19 11.8924 37.1237 132.466 24.1 7
2010 8 30 23 19 19.2891 37.1823 132.486 6.5 6
2010 8 30 23 19 29.2002 37.2417 132.59 16.8 8
2010 8 30 23 19 29.4491 37.2224 132.561 6.9 5
2010 8 30 23 19 48.7057 37.128 132.477 23.9 8
2010 8 30 23 20 12.8742 39.2002 136.366 6 6
2010 8 30 23 20 13.781 37.2031 132.552 13.2 9
2010 8 30 23 20 23.9513 37.2355 132.598 14.7 6
2010 8 30 23 20 44.7771 37.2424 132.606 17.8 6
2010 8 30 23 20 52.9532 37.1529 132.529 15.1 5
2010 8 30 23 21 0.586569 37.1728 132.531 4.7 5
2010 8 30 23 21 8.29503 37.9043 133.531 17.9 7
2010 8 30 23 21 17.5617 37.3643 132.451 12.9 5
2010 8 30 23 21 27.847 36.3925 130.446 21.2 5
2010 8 30 23 21 28.0031 35.8159 131.219 14.4 5
2010 8 30 23 21 29.8732 39.1682 136.428 17.4 5
2010 8 30 23 21 37.2415 37.2971 132.587 18.1 5
2010 8 30 23 21 56.6848 37.1656 132.572 27.5 6
2010 8 30 23 21 59.7037 37.2413 132.57 4.8 5
2010 8 30 23 22 7.05291 38.879 139.503 16.1 7
2010 8 30 23 22 23.457 38.7601 139.218 10.9 6
2010 8 30 23 22 29.0885 37.348 132.107 13 5
2010 8 30 23 22 34.3532 37.21 132.561 6.6 5
2010 8 30 23 22 38.9339 37.9341 133.568 18.4 6
2010 8 30 23 22 46.0469 37.2558 132.581 12.6 7
2010 8 30 23 23 9.51244 37.2196 132.654 25.9 6
2010 8 30 23 23 9.63235 37.515 132.143 15.9 5
2010 8 30 23 23 9.81638 37.2755 132.632 17 7
2010 8 30 23 23 27.4964 38.8781 139.494 11.3 7
2010 8 30 23 23 30.7872 38.7447 139.249 19.8 6
2010 8 30 23 23 30.9383 38.7245 139.21 8.8 6
2010 8 30 23 23 31.0715 38.6913 139.265 2.2 5
2010 8 30 23 23 45.9147 37.079 132.531 6 5
2010 8 30 23 23 46.3713 37.1538 132.468 16 7
2010 8 30 23 23 52.4798 35.8811 131.24 10.4 7
2010 8 30 23 23 52.5473 35.8476 131.2 5.7 5
2010 8 30 23 23 57.445 39.1687 136.43 19.8 5
2010 8 30 23 23 57.4936 39.1466 136.475 5.2 6
2010 8 30 23 23 57.521 39.1465 136.424 20 6
2010 8 30 23 24 15.909 37.9166 133.358 28.4 5
2010 8 30 23 24 16.3227 37.9802 133.374 17.3 8
2010 8 30 23 24 34.4484 37.2665 132.619 7.3 8
2010 8 30 23 24 34.5918 37.2695 132.607 6.3 6
2010 8 30 23 24 34.8419 37.2883 132.651 22.2 6
2010 8 30 23 24 54.1688 37.1308 132.534 29.6 5
2010 8 30 23 24 57.7217 38.7632 139.259 14 5
2010 8 30 23 24 58.055 38.745 139.193 5.4 6
2010 8 30 23 25 9.06821 37.6065 132.031 18.1 5
2010 8 30 23 25 49.0867 37.1927 132.556 21.4 5
2010 8 30 23 25 49.4185 37.2509 132.57 4.9 5
2010 8 30 23 25 54.6873 37.1587 132.575 5.2 5
2010 8 30 23 26 11.6226 39.1883 136.523 22.7 8
2010 8 30 23 26 11.7292 39.2051 136.545 22.3 5
2010 8 30 23 26 33.208 38.7681 139.206 6 5
2010 8 30 23 26 52.7936 37.8964 133.424 4.2 5
2010 8 30 23 27 7.31634 37.1893 132.615 16 7
2010 8 30 23 27 26.8049 37.1676 132.753 13.8 5
2010 8 30 23 27 44.5405 36.5186 133.542 26.9 5
2010 8 30 23 28 15.7376 37.1236 132.466 6.6 6
2010 8 30 23 28 39.5065 36.3114 131.251 28.6 9
2010 8 30 23 28 39.6092 36.3089 131.232 13.4 5
2010 8 30 23 28 41.0814 38.7526 139.221 29.9 8
2010 8 30 23 28 41.7405 37.1998 132.644 5.9 5
2010 8 30 23 28 41.8461 37.265 132.593 6.8 5
2010 8 30 23 28 42.5383 37.245 132.613 23.4 10
2010 8 30 23 28 42.6491 37.2332 132.63 15.6 5
2010 8 30 23 28 55.7717 37.9727 133.441 13.3 6
2010 8 30 23 29 4.06174 37.9367 133.531 8.7 5
2010 8 30 23 29 12.9826 36.0887 130.662 17.7 5
2010 8 30 23 29 13.0549 35.761 131.235 14.5 5
2010 8 30 23 29 44.9996 37.2942 132.657 18.4 7
2010 8 30 23 29 45.0428 37.3666 132.691 17.1 5
2010 8 30 23 29 45.1053 37.2802 132.615 4.5 6
2010 8 30 23 29 45.1288 37.2858 132.631 8.3 7
2010 8 30 23 29 45.2243 37.1848 132.732 27.8 6
2010 8 30 23 29 45.2944 37.2839 132.616 5.2 7
2010 8 30 23 30 39.3517 37.1885 132.519 11.1 6
2010 8 30 23 30 39.5267 37.1343 132.473 3.3 5
2010 8 30 23 30 46.0794 38.7571 139.187 3.1 5
2010 8 30 23 30 46.1629 38.7382 139.176 12.3 7
2010 8 30 23 30 46.1987 38.7432 139.209 19.1 10
2010 8 30 23 31 3.2403 37.5406 132.196 20.3 5
2010 8 30 23 31 3.33609 37.2856 132.623 24.1 8
2010 8 30 23 31 39.415 35.8218 131.293 22 9
2010 8 30 23 31 39.4565 35.8333 131.231 6.2 5
2010 8 30 23 31 39.4838 35.8321 131.226 5.2 5
2010 8 30 23 31 56.9636 37.1394 132.506 20.1 8
2010 8 30 23 31 57.6418 37.1751 132.544 22.7 5
2010 8 30 23 32 26.7686 37.1756 132.566 16.2 5
2010 8 30 23 32 26.8664 37.2085 132.56 19.8 8
2010 8 30 23 32 58.2767 37.1829 132.536 8.8 5
2010 8 30 23 32 58.3113 37.1749 132.579 11.6 5
2010 8 30 23 33 33.8152 38.8455 139.275 11.7 7
2010 8 30 23 33 33.9233 38.746 139.311 4.6 6
2010 8 30 23 33 34.4279 38.778 139.211 5.3 5
2010 8 30 23 33 34.5619 38.7777 139.265 4.3 5
2010 8 30 23 34 6.51049 38.7967 139.393 7.4 6
2010 8 30 23 34 12.3574 39.3932 134.495 15.1 6
2010 8 30 23 34 14.7576 39.1548 136.565 0.9 5
2010 8 30 23 34 14.8775 39.1598 136.564 1.6 5
2010 8 30 23 34 33.4669 35.8504 131.27 14.3 6
2010 8 30 23 34 34.0645 37.1604 132.539 24.1 7
2010 8 30 23 34 57.6803 37.249 132.726 4.1 6
2010 8 30 23 35 43.2205 38.0153 133.61 7.2 6
2010 8 30 23 35 44.5341 37.2395 132.594 28.9 5
2010 8 30 23 35 58.0337 38.753 139.306 15 6
2010 8 30 23 35 58.0833 38.7207 139.317 2.1 5
2010 8 30 23 36 31.6163 37.2778 132.623 7.1 5
2010 8 30 23 36 32.255 37.2857 132.629 8.7 5
2010 8 30 23 37 4.37727 38.7437 139.308 26 5
2010 8 30 23 37 4.46794 38.8269 139.287 20.7 6
2010 8 30 23 37 4.53272 38.7528 139.301 3.5 6
2010 8 30 23 37 31.5651 38.0081 133.559 10.6 6
2010 8 30 23 37 31.9888 37.9776 133.396 19 5
2010 8 30 23 37 32.0003 37.8928 133.333 21 5
2010 8 30 23 37 32.178 37.9789 133.406 5.8 5
2010 8 30 23 37 33.6151 37.1834 132.691 27.1 8
2010 8 30 23 37 33.6808 37.2554 132.549 10.9 5
2010 8 30 23 37 38.2483 36.2881 131.604 20.2 5
2010 8 30 23 37 38.2852 36.4413 131.177 18.1 5
2010 8 30 23 37 55.0407 38.7891 139.278 2.5 5
2010 8 30 23 37 55.2191 38.8066 139.324 20.5 7
2010 8 30 23 37 55.5319 38.7907 139.268 9.1 7
2010 8 30 23 37 57.2133 35.7598 131.224 25.3 6
2010 8 30 23 37 57.3933 35.8146 131.258 17.6 8
2010 8 30 23 37 57.4199 35.8037 131.25 19.6 8
2010 8 30 23 38 11.7183 38.7689 139.359 1.7 5
2010 8 30 23 39 45.5566 37.9855 133.56 17.4 6
2010 8 30 23 39 49.4969 39.2093 136.576 21.2 6
2010 8 30 23 40 8.5795 38.7076 139.426 5.8 5
2010 8 30 23 40 8.6285 38.7586 139.467 5.5 6
2010 8 30 23 40 8.69761 38.7518 139.464 6.5 6
2010 8 30 23 40 10.0904 38.4759 132.877 22.6 5
2010 8 30 23 40 10.2947 37.9769 133.518 5.4 5
2010 8 30 23 40 35.3552 37.9798 133.537 14.6 5
2010 8 30 23 40 35.4526 37.9753 133.494 6.6 5
2010 8 30 23 40 35.6684 37.9163 133.578 6.2 6
2010 8 30 23 40 44.3039 39.1907 136.639 2.2 6
2010 8 30 23 40 44.3527 39.1777 136.525 15.7 6
2010 8 30 23 40 47.5919 38.8043 139.293 4.2 6
2010 8 30 23 40 47.811 38.7146 139.35 6.3 5
2010 8 30 23 40 50.4486 37.9619 133.572 17.2 6
2010 8 30 23 41 19.6117 37.9147 133.546 29.2 7
2010 8 30 23 41 20.418 37.9563 133.452 24 7
2010 8 30 23 41 29.8366 37.2595 132.69 25.3 7
2010 8 30 23 41 29.8669 37.2822 132.713 26 8
2010 8 30 23 41 34.1392 35.8018 131.222 9.3 5
2010 8 30 23 41 38.7285 37.9698 133.571 23.3 5
2010 8 30 23 42 28.7124 37.988 133.75 20.8 6
2010 8 30 23 42 37.1885 38.0082 133.599 15.2 6
2010 8 30 23 42 55.5202 40.1903 138.692 23.8 5
2010 8 30 23 42 59.2966 38.0138 133.57 11.4 6
2010 8 30 23 43 42.1314 38.8676 139.289 1.4 5
2010 8 30 23 43 58.7117 39.3198 136.577 21.9 5
2010 8 30 23 44 35.1054 38.7764 139.405 15.8 6
2010 8 30 23 44 42.2413 37.496 132.946 6.4 5
2010 8 30 23 45 9.73812 38.0317 133.624 18.1 7
2010 8 30 23 45 35.0269 37.9258 133.493 9.9 7
2010 8 30 23 45 35.0269 37.8856 133.438 16.5 6
2010 8 30 23 46 0.156524 38.0077 133.557 5 5
2010 8 30 23 46 0.266963 38.0156 133.616 15.2 8
2010 8 30 23 46 0.949183 37.9492 133.654 1.6 5
2010 8 30 23 46 45.6418 36.4869 131.71 7.9 5
2010 8 30 23 46 58.5025 37.9977 133.596 28.8 5
2010 8 30 23 47 10.2855 36.4967 131.714 12.7 8
2010 8 30 23 47 16.3176 38.0331 133.602 16.9 8
2010 8 30 23 47 16.4013 38.2236 133.215 14.1 5
2010 8 30 23 47 16.4657 37.9855 133.601 4.9 5
2010 8 30 23 47 41.0263 38.1274 133.8 20.8 5
2010 8 30 23 48 28.2052 38.0092 133.656 27.2 6
2010 8 30 23 48 28.2784 38.0077 133.732 18.5 5
2010 8 30 23 48 28.4447 37.9778 133.597 26.9 8
2010 8 30 23 48 47.7235 36.5505 131.732 17.4 5
2010 8 30 23 49 8.6002 37.5185 132.971 23.7 10
2010 8 30 23 49 23.3555 38.2564 133.145 18 6
2010 8 30 23 49 40.7238 36.5386 131.731 25.7 7
2010 8 30 23 49 40.9955 38.3769 133.119 19.1 5
2010 8 30 23 49 41.0431 38.0237 133.693 2.8 6
2010 8 30 23 49 43.8169 39.2114 136.638 21.3 5
2010 8 30 23 49 47.3705 38.7231 139.398 28.4 6
2010 8 30 23 50 37.0178 37.6892 132.889 5.2 5
2010 8 30 23 50 48.7592 36.5258 131.698 12.3 6
2010 8 30 23 51 4.68434 38.0321 133.681 20.5 6
2010 8 30 23 51 25.1396 38.0568 133.499 8.9 5
2010 8 30 23 51 40.4468 36.5308 131.759 21.4 5
2010 8 30 23 51 48.3063 37.1395 133.078 27.7 6
2010 8 30 23 51 48.3362 37.1969 133.03 8 5
2010 8 30 23 51 50.8917 40.1125 138.85 14.6 6
2010 8 30 23 51 58.5442 38.0812 133.627 12.4 6
2010 8 30 23 52 13.2544 37.4107 133.328 16.4 6
2010 8 30 23 52 35.4418 36.5314 131.769 10.1 6
2010 8 30 23 52 35.7754 36.564 131.747 19.9 5
2010 8 30 23 52 37.9554 36.3551 131.327 11.4 6
2010 8 30 23 53 25.479 36.5261 131.75 19 5
2010 8 30 23 53 25.5621 36.5168 131.774 16.4 6
2010 8 30 23 53 25.8549 38.0711 133.643 22.5 7
2010 8 30 23 53 52.1313 37.3569 133.367 2.9 5
2010 8 30 23 54 7.2395 40.168 138.91 15.4 5
2010 8 30 23 54 16.3157 38.0494 133.685 21.2 5
2010 8 30 23 55 12.7621 38.0615 133.577 15.4 7
2010 8 30 23 55 25.4383 38.8215 139.273 7.8 5
2010 8 30 23 55 25.4752 38.7171 139.32 19.4 8
2010 8 30 23 55 25.544 38.6974 139.345 20.5 7
2010 8 30 23 55 51.1509 36.4451 131.645 27.2 5
2010 8 30 23 56 3.32152 38.0743 133.63 12.5 7
2010 8 30 23 56 14.1051 36.2791 131.305 29.2 8
2010 8 30 23 56 14.189 36.3382 131.371 12.4 5
2010 8 30 23 56 14.2767 36.3762 131.348 23.5 5
2010 8 30 23 56 41.1259 38.0491 133.636 20 6
2010 8 30 23 56 41.2839 38.0453 133.63 21.4 7
2010 8 30 23 57 2.92803 40.1552 138.937 17.8 5
2010 8 30 23 57 25.333 36.9013 132.688 14.4 7
2010 8 30 23 57 29.3549 38.0535 133.708 26.8 9
2010 8 30 23 57 50.5601 37.2714 133.232 21.7 5
2010 8 30 23 58 20.8857 36.6113 131.811 15.5 7
2010 8 30 23 58 31.3889 38.6811 139.304 9.4 7
2010 8 30 23 58 32.2848 38.7779 139.436 26.5 9
2010 8 30 23 58 54.5249 38.0426 133.648 21.7 12
2010 8 30 23 58 54.7016 38.0901 133.679 18.7 6
2010 8 30 23 58 54.9297 38.0274 133.652 23.9 6
2010 8 30 23 59 16.1721 37.4278 133.345 15.2 6
2010 8 30 23 59 16.2226 37.4354 133.351 21.2 5
2010 8 30 23 59 16.2536 37.4298 133.336 13 8
2010 8 30 23 59 16.4331 37.4193 133.32 11 5
2010 8 30 23 59 16.7509 38.881 132.846 4.4 5
2010 8 30 23 59 39.3679 37.4734 133.02 16.4 6
2010 8 30 23 59 49.5321 38.6743 139.323 1.2 5
2010 8 30 23 59 50.9823 37.997 133.796 27.4 5
2010 8 30 23 59 56.911 36.8678 132.774 15.1 5
2010 8 30 23 59 56.9991 36.9212 132.712 14.7 6
2010 8 30 23 59 57.3814 37.5278 133.027 0.4 5
2010 8 31 0 0 16.4381 38.0644 133.646 15.8 8
2010 8 31 0 0 16.47 38.0282 133.609 9.5 5
2010 8 31 0 0 16.5313 38.0536 133.649 18.3 5
2010 8 31 0 0 17.2749 37.508 133.032 16.8 7
2010 8 31 0 0 42.7525 36.9499 132.837 10.5 5
2010 8 31 0 0 45.8032 37.5055 133.007 4.4 5
2010 8 31 0 0 53.4136 38.0485 133.614 25.6 8
2010 8 31 0 0 56.742 36.8112 131.355 20.7 5
2010 8 31 0 0 56.7421 36.4935 131.814 9 5
2010 8 31 0 0 56.8218 36.5869 131.821 16.4 6
2010 8 31 0 1 0.411598 36.4291 131.583 24.1 8
2010 8 31 0 1 0.547074 36.4271 131.69 3.5 5
2010 8 31 0 1 0.62589 36.4525 131.583 10.9 6
2010 8 31 0 1 0.667791 36.4725 131.625 12 7
2010 8 31 0 1 13.0811 37.1939 132.224 28.9 5
2010 8 31 0 1 26.1299 36.6026 131.847 16.3 5
2010 8 31 0 1 26.1632 36.6169 131.849 15.3 7
2010 8 31 0 1 28.8382 38.6813 139.339 22 10
2010 8 31 0 1 28.8981 38.6941 139.325 17.8 8
2010 8 31 0 1 29.1744 38.6479 139.365 8.5 7
2010 8 31 0 1 50.8261 36.5953 131.874 21.8 6
2010 8 31 0 2 5.26197 36.7938 131.643 4.4 5
2010 8 31 0 2 12.7118 37.491 133.085 8.5 5
2010 8 31 0 3 22.4678 36.4489 131.686 9 7
2010 8 31 0 3 37.0042 38.674 139.325 13.5 5
2010 8 31 0 4 3.03605 36.5897 131.869 15.2 8
2010 8 31 0 4 3.20811 36.6058 131.83 17.5 6
2010 8 31 0 4 3.45745 36.5863 131.788 6.1 6
2010 8 31 0 4 41.9262 38.7468 139.412 13.4 7
2010 8 31 0 4 49.6771 36.9091 132.737 21 8
2010 8 31 0 4 49.7151 36.9398 132.721 16.3 6
2010 8 31 0 4 49.7605 36.9258 132.752 14.5 6
2010 8 31 0 4 52.2336 36.5786 131.841 5.2 6
2010 8 31 0 5 8.06157 36.7647 131.132 14.2 5
2010 8 31 0 5 21.0372 36.1669 131.679 12.5 7
2010 8 31 0 5 25.0165 37.5581 133.114 5.3 6
2010 8 31 0 5 25.0595 37.5276 133.069 24.9 7
2010 8 31 0 5 25.4345 37.5689 133.074 7.1 5
2010 8 31 0 5 25.5865 37.575 133.079 9.2 5
2010 8 31 0 5 25.7169 36.5745 131.855 24.3 8
2010 8 31 0 5 25.8065 36.6025 131.866 15.6 9
2010 8 31 0 5 40.2612 36.6016 131.827 4.9 6
2010 8 31 0 5 56.521 36.5922 131.827 9.5 5
2010 8 31 0 6 39.2356 36.6151 131.834 16.5 5
2010 8 31 0 6 39.3363 36.6059 131.839 12.9 6
2010 8 31 0 6 56.3046 37.9671 133.811 7 5
2010 8 31 0 6 56.3372 38.0512 133.674 24.1 8
2010 8 31 0 6 56.3928 38.0521 133.665 6.9 6
2010 8 31 0 6 58.109 36.5909 131.847 28.5 8
2010 8 31 0 7 5.18394 38.7237 139.332 15.3 7
2010 8 31 0 7 5.21456 39.0952 130.971 18.4 5
2010 8 31 0 7 5.2299 38.6999 139.285 5.9 5
2010 8 31 0 7 30.3644 36.6313 131.852 14.1 7
2010 8 31 0 7 43.4368 38.7433 139.374 16.3 5
2010 8 31 0 7 52.5245 36.6437 131.898 24.1 5
2010 8 31 0 8 7.11958 38.0102 133.685 2.2 5
2010 8 31 0 8 7.18465 38.2763 133.325 4.1 5
2010 8 31 0 8 28.853 36.312 131.74 28.8 5
2010 8 31 0 8 39.8545 38.7116 139.322 8.3 6
2010 8 31 0 8 42.305 36.9054 131.488 17 5
2010 8 31 0 8 51.4137 38.0534 133.697 22.8 6
2010 8 31 0 8 51.449 38.0865 133.68 21.2 6
2010 8 31 0 9 26.591 36.5426 131.923 5.4 5
2010 8 31 0 9 31.3978 39.1086 136.581 7.2 7
2010 8 31 0 9 31.617 38.9451 136.626 23.8 5
2010 8 31 0 9 37.0688 36.6151 131.927 14.7 6
2010 8 31 0 10 8.43899 36.4825 131.721 18.7 6
2010 8 31 0 10 21.2178 36.9462 132.767 17.5 6
2010 8 31 0 10 21.2719 36.9673 132.777 14.9 7
2010 8 31 0 10 42.993 40.0269 139.298 20.4 5
2010 8 31 0 11 2.25231 36.6263 131.865 6.9 5
2010 8 31 0 11 2.30852 36.653 131.885 14.8 6
2010 8 31 0 11 41.8159 36.9437 132.718 4.4 5
2010 8 31 0 11 41.8499 36.9177 132.745 5.5 5
2010 8 31 0 11 41.946 37.0385 132.85 11.4 6
2010 8 31 0 12 26.1909 38.7439 139.406 8.2 7
2010 8 31 0 12 45.0354 36.6147 131.883 18.3 10
2010 8 31 0 13 14.4851 36.6447 131.95 19 7
2010 8 31 0 13 26.6503 38.7279 139.414 23 9
2010 8 31 0 13 27.1018 38.671 139.414 1.4 5
2010 8 31 0 13 31.5639 36.6298 131.712 25.1 6
2010 8 31 0 13 31.7606 36.5318 131.743 18.3 5
2010 8 31 0 13 53.3492 38.0832 133.672 19.2 13
2010 8 31 0 13 59.1353 36.6014 131.871 23.9 6
2010 8 31 0 14 14.1784 36.955 132.734 17.8 6
2010 8 31 0 14 24.911 38.7215 139.399 22.9 7
2010 8 31 0 14 24.9213 38.7196 139.425 20 5
2010 8 31 0 14 27.8944 36.6659 131.887 13 7
2010 8 31 0 14 42.3138 39.1624 133.842 8.4 5
2010 8 31 0 14 52.2328 36.5177 131.72 7.3 5
2010 8 31 0 15 25.9079 36.7922 131.956 19 7
2010 8 31 0 15 26.0307 36.8243 131.982 8.8 5
2010 8 31 0 15 26.2306 36.8118 131.982 6 6
2010 8 31 0 15 48.6094 37.4615 133.123 13.2 5
2010 8 31 0 15 49.1161 37.9997 133.724 27.1 5
2010 8 31 0 16 13.7544 36.9932 131.47 13.2 5
2010 8 31 0 16 37.8726 36.9412 132.715 16.6 5
2010 8 31 0 16 38.0152 37.2753 132.267 21.2 5
2010 8 31 0 16 48.7285 38.6285 139.443 3.9 6
2010 8 31 0 16 49.1437 38.6871 139.397 12.2 6
2010 8 31 0 17 1.70359 36.6421 131.955 15.3 7
2010 8 31 0 17 18.162 36.808 132.055 14.6 5
2010 8 31 0 17 18.162 36.8072 132.033 10.4 5
2010 8 31 0 17 18.3755 36.821 132.03 16.2 6
2010 8 31 0 17 18.7068 37.6638 133.117 11.5 5
2010 8 31 0 17 18.7068 37.7789 132.933 21.3 5
2010 8 31 0 17 18.796 37.7505 133.031 2.9 6
2010 8 31 0 17 47.5709 36.6656 131.971 12.4 5
2010 8 31 0 17 47.8367 36.6846 131.951 13.8 5
2010 8 31 0 17 58.8414 38.0503 133.435 21.8 5
2010 8 31 0 18 8.18935 36.9769 132.821 19.3 7
2010 8 31 0 18 16.0208 36.4757 131.791 14.5 6
2010 8 31 0 19 8.07367 36.7174 131.956 20.7 7
2010 8 31 0 19 8.10537 36.6786 131.961 17.2 6
2010 8 31 0 19 8.18 36.6669 131.947 14.4 5
2010 8 31 0 19 16.4685 38.6201 139.365 20 6
2010 8 31 0 19 16.63 38.63 139.414 5.9 6
2010 8 31 0 20 0.287186 37.9418 133.278 18.4 5
2010 8 31 0 20 4.87643 37.4091 133.162 9.2 6
2010 8 31 0 20 17.1441 38.6746 139.367 16.9 9
2010 8 31 0 20 28.9445 37.5457 133.347 7.4 5
2010 8 31 0 20 29.0223 37.5697 133.326 19.9 6
2010 8 31 0 20 44.4876 38.0846 133.748 10.6 6
2010 8 31 0 20 50.4335 36.7145 131.944 13.1 7
2010 8 31 0 20 57.0856 38.632 139.433 6.6 5
2010 8 31 0 20 57.7 38.59 139.404 5.4 6
2010 8 31 0 21 31.4622 38.6691 139.446 16.4 8
2010 8 31 0 21 56.7892 38.7066 139.421 13.2 6
2010 8 31 0 21 56.9414 38.6497 139.443 1.5 5
2010 8 31 0 22 0.625518 36.5467 131.797 13.5 7
2010 8 31 0 22 10.8977 36.6978 131.93 12.6 6
2010 8 31 0 22 10.9248 36.6979 131.941 18.3 5
2010 8 31 0 22 10.9628 36.6486 131.956 7.5 5
2010 8 31 0 22 13.6572 37.5803 133.349 20.9 5
2010 8 31 0 22 33.3002 38.7177 139.484 25.7 6
2010 8 31 0 22 33.3442 38.8438 139.431 10.5 5
2010 8 31 0 22 35.1066 36.6196 131.877 9.7 6
2010 8 31 0 22 49.9365 37.2115 133.042 14.5 6
2010 8 31 0 22 59.4939 36.7254 131.94 14.1 7
2010 8 31 0 23 5.51213 38.6768 139.42 16.7 7
2010 8 31 0 23 5.79144 38.6947 139.472 15.8 6
2010 8 31 0 23 41.8042 36.6949 131.961 7 5
2010 8 31 0 24 5.96254 38.0412 133.833 2.2 5
2010 8 31 0 24 15.6009 38.6606 139.447 16.2 5
2010 8 31 0 24 16.4523 36.4276 131.889 13.1 5
2010 8 31 0 24 19.6301 36.5848 132.078 26.3 6
2010 8 31 0 24 19.7642 36.5106 131.945 15.2 5
2010 8 31 0 24 19.7905 36.6046 131.973 15.5 5
2010 8 31 0 24 57.3011 38.7016 139.471 14.5 6
2010 8 31 0 25 9.87639 36.5431 131.883 18.7 7
2010 8 31 0 25 23.3366 39.1408 133.762 22.1 7
2010 8 31 0 25 28.7818 38.6604 139.451 22.8 6
2010 8 31 0 25 30.2489 37.242 133.131 8.3 5
2010 8 31 0 25 37.0614 36.9459 131.28 22 5
2010 8 31 0 25 37.1416 36.6272 131.956 18.6 7
2010 8 31 0 25 52.3737 37.9821 133.393 5.2 5
2010 8 31 0 25 57.4532 36.4018 131.819 15.2 6
2010 8 31 0 26 9.74778 36.6887 132.013 20.9 8
2010 8 31 0 26 9.8446 36.6982 131.989 14.3 5
2010 8 31 0 26 30.0142 38.033 133.735 17.2 5
2010 8 31 0 26 34.2035 36.4043 131.804 8.8 5
2010 8 31 0 27 6.9806 37.8312 132.66 19.1 6
2010 8 31 0 27 24.8817 38.1088 133.832 17.6 7
2010 8 31 0 27 34.0818 36.5973 131.89 15.2 7
2010 8 31 0 27 34.1081 36.6101 131.887 5.7 7
2010 8 31 0 27 34.1946 36.5519 131.945 4.4 5
2010 8 31 0 28 10.9924 38.9066 134.449 16.3 5
2010 8 31 0 28 15.0629 36.648 131.928 16.4 6
2010 8 31 0 28 15.2261 36.6601 131.923 16.3 5
2010 8 31 0 28 15.4074 36.6381 131.897 7.6 5
2010 8 31 0 28 57.4306 36.9633 131.56 18 6
2010 8 31 0 28 57.6083 36.73 132.018 16.1 5
2010 8 31 0 28 59.7723 36.6532 131.898 13.7 5
2010 8 31 0 29 24.4608 38.1394 133.876 21.2 5
2010 8 31 0 29 35.0007 39.1383 134.541 21.1 6
2010 8 31 0 29 42.8265 36.6308 131.963 16.7 5
2010 8 31 0 29 42.8871 36.6537 131.944 14.6 8
2010 8 31 0 29 42.9481 36.9114 131.443 20.8 5
2010 8 31 0 30 3.95156 36.5306 131.861 12.8 5
2010 8 31 0 30 16.6889 36.6011 131.862 12.9 7
2010 8 31 0 30 16.7818 36.5771 131.882 10.7 6
2010 8 31 0 30 17.262 36.5773 131.842 5.3 5
2010 8 31 0 30 27.4258 36.6782 131.962 12.5 7
2010 8 31 0 30 36.1766 38.6168 139.451 23 5
2010 8 31 0 30 52.6117 36.4305 131.851 7 8
2010 8 31 0 30 52.6589 36.4422 131.861 18.9 6
2010 8 31 0 30 52.691 36.4382 131.863 15 6
2010 8 31 0 30 54.1153 36.5952 131.88 18.3 5
2010 8 31 0 30 54.2154 36.6142 131.875 11.1 5
2010 8 31 0 31 3.73748 38.1221 133.879 25.6 6
2010 8 31 0 31 7.45079 36.5717 131.892 20.6 8
2010 8 31 0 31 7.71594 36.5741 131.922 15.7 6
2010 8 31 0 31 19.5364 36.557 131.885 28.7 7
2010 8 31 0 31 19.6956 36.4994 131.94 22.3 5
2010 8 31 0 31 41.8463 36.6594 131.99 21.2 6
2010 8 31 0 31 42.0257 36.6447 131.898 2.8 5
2010 8 31 0 31 54.3541 36.5502 131.908 20.9 7
2010 8 31 0 32 23.619 36.5501 131.915 3 5
2010 8 31 0 32 23.6659 36.6056 131.911 15.9 7
2010 8 31 0 32 25.4154 37.056 131.519 21.4 5
2010 8 31 0 32 25.4523 36.7587 132.022 15.7 9
2010 8 31 0 32 25.4947 36.7149 132.074 2.2 5
2010 8 31 0 32 25.5471 36.7518 132.054 15.4 7
2010 8 31 0 32 25.7648 37.0251 131.438 19.1 5
2010 8 31 0 32 25.8508 36.743 132.057 15.3 8
2010 8 31 0 32 45.4549 36.4316 131.871 13.7 6
2010 8 31 0 32 50.2085 38.9623 139.014 27.5 5
2010 8 31 0 32 51.5081 37.2719 133.158 19.5 5
2010 8 31 0 32 51.6486 37.1687 133.063 28.2 7
2010 8 31 0 32 51.713 37.2517 133.107 18.2 5
2010 8 31 0 33 23.211 36.644 131.895 13.8 8
2010 8 31 0 33 23.2889 36.6023 131.892 20.2 5
2010 8 31 0 33 31.7502 36.4071 131.906 6.8 5
2010 8 31 0 33 34.1477 36.6641 131.96 18.1 6
2010 8 31 0 34 28.0013 36.6845 132.139 22.6 5
2010 8 31 0 34 29.1809 36.4537 131.911 14.7 7
2010 8 31 0 34 29.3398 36.4506 131.895 18.4 6
2010 8 31 0 34 35.1475 37.3304 133.07 20 6
2010 8 31 0 35 12.6668 36.6979 131.483 6.4 5
2010 8 31 0 35 33.6681 36.6687 132.046 21.3 5
2010 8 31 0 35 33.7243 36.6382 131.945 22 6
2010 8 31 0 35 34.6272 36.5791 131.917 29.4 6
2010 8 31 0 35 56.3256 37.369 133.112 12.4 7
2010 8 31 0 36 17.2513 36.7318 132.071 3.3 5
2010 8 31 0 36 19.7367 37.6073 133.338 8.1 6
2010 8 31 0 36 20.5165 36.7139 131.433 28.3 5
2010 8 31 0 36 28.7534 36.9053 132.7 8.3 6
2010 8 31 0 36 38.4317 36.5173 131.841 20.6 7
2010 8 31 0 36 38.6789 36.5715 131.924 25.3 6
2010 8 31 0 36 38.7503 36.6085 131.936 12 5
2010 8 31 0 36 38.9202 36.6271 131.938 15.9 8
2010 8 31 0 36 47.0636 38.7865 139.53 12.2 5
2010 8 31 0 37 25.8352 36.8931 132.121 7 5
2010 8 31 0 37 30.3048 36.549 131.688 16.4 5
2010 8 31 0 37 30.3589 36.4727 131.928 21.3 5
2010 8 31 0 37 48.8981 36.9144 132.801 28.7 9
2010 8 31 0 37 49.077 36.9413 132.78 20.4 6
2010 8 31 0 38 13.0156 36.5774 131.929 11.8 5
2010 8 31 0 38 47.7793 36.6002 131.931 13.7 7
2010 8 31 0 38 48.1039 36.6096 131.903 21.2 7
2010 8 31 0 39 15.531 36.4437 131.919 17.4 7
2010 8 31 0 39 15.5481 36.6402 131.91 8.9 5
2010 8 31 0 39 25.6544 36.7518 131.785 3 5
2010 8 31 0 39 38.2865 36.7385 132.04 28.3 8
2010 8 31 0 39 38.357 36.7213 132.052 5.7 5
2010 8 31 0 39 55.5372 36.6299 131.929 9.8 5
2010 8 31 0 40 2.34102 37.2659 133.155 17.6 6
2010 8 31 0 40 17.498 36.6134 131.974 23.3 8
2010 8 31 0 40 17.6745 36.6342 131.95 5.2 7
2010 8 31 0 40 27.342 37.5833 133.425 1.3 5
2010 8 31 0 40 27.3868 37.6036 133.388 6.9 5
2010 8 31 0 40 27.5026 37.5749 133.442 14.8 5
2010 8 31 0 41 0.573621 36.6883 131.833 27.2 6
2010 8 31 0 41 33.1119 36.5444 131.981 9.2 5
2010 8 31 0 41 33.2411 36.6074 131.97 12.5 7
2010 8 31 0 41 33.3107 36.6369 131.957 13.9 7
2010 8 31 0 42 21.9304 36.5842 131.95 25 7
2010 8 31 0 42 22.0464 36.6093 131.914 6.9 5
2010 8 31 0 42 36.9966 36.4758 131.954 14.6 5
2010 8 31 0 42 40.0739 37.0798 132.742 25.4 6
2010 8 31 0 42 42.4994 36.6023 132.03 3.8 5
2010 8 31 0 42 45.6179 37.5603 133.421 3.9 5
2010 8 31 0 42 45.7177 37.6222 133.406 14.5 6
2010 8 31 0 43 27.3047 37.582 133.394 6.3 6
2010 8 31 0 43 27.6135 37.6516 133.422 21.1 5
2010 8 31 0 44 6.97102 36.9499 131.459 7.1 6
2010 8 31 0 44 19.8472 36.788 132.101 15.1 8
2010 8 31 0 44 19.8646 37.2835 133.126 18.5 7
2010 8 31 0 44 20.0897 36.7654 132.11 12.8 7
2010 8 31 0 44 20.2479 39.0186 132.587 2.9 5
2010 8 31 0 44 23.1369 36.747 132.652 11.4 5
2010 8 31 0 44 23.137 36.8531 132.612 19.9 5
2010 8 31 0 44 23.3344 36.8365 132.73 18.5 5
2010 8 31 0 44 27.4755 36.6179 131.938 22.1 10
2010 8 31 0 44 27.5587 36.6722 131.994 17.6 7
2010 8 31 0 44 27.7746 36.6431 131.964 16.4 7
2010 8 31 0 45 1.14841 36.651 131.984 15.9 5
2010 8 31 0 45 1.25403 36.632 131.957 16.5 8
2010 8 31 0 45 42.7977 36.8524 132.102 13.8 5
2010 8 31 0 45 42.9244 36.8004 132.082 23.8 6
2010 8 31 0 46 20.5311 37.6084 133.414 19.1 6
2010 8 31 0 46 28.2119 39.084 132.649 14.4 5
2010 8 31 0 46 34.8845 36.4889 131.941 5.6 5
2010 8 31 0 46 35.1237 36.5132 131.937 11.3 7
2010 8 31 0 46 39.8902 36.9308 132.764 23.6 8
2010 8 31 0 46 39.9237 36.9334 132.764 20.3 5
2010 8 31 0 46 40.1028 36.9715 132.774 22.6 6
2010 8 31 0 47 0.702153 36.8053 132.111 21.7 7
2010 8 31 0 47 0.732951 37.6316 133.378 6.2 5
2010 8 31 0 47 11.217 37.1491 132.99 22.2 6
2010 8 31 0 47 45.5902 37.9131 132.927 17.5 5
2010 8 31 0 47 46.732 39.033 132.562 20 6
2010 8 31 0 47 47.0742 38.9986 132.737 2.4 5
2010 8 31 0 47 58.4382 36.6259 131.974 17.1 5
2010 8 31 0 47 58.4648 36.6763 132.013 11.7 5
2010 8 31 0 47 58.5301 36.6126 131.981 12.7 6
2010 8 31 0 48 2.8294 36.9094 132.766 4.5 5
2010 8 31 0 48 2.8791 36.8924 132.714 6.8 7
2010 8 31 0 48 2.93924 36.9511 132.821 3.3 5
2010 8 31 0 48 5.23192 37.7063 133.359 24.2 7
2010 8 31 0 48 18.5792 37.6951 133.37 6.8 5
2010 8 31 0 48 35.2458 36.652 131.97 19.2 8
2010 8 31 0 48 35.7812 36.5935 131.924 28.7 5
2010 8 31 0 48 36.7305 36.5153 131.979 16.6 7
2010 8 31 0 48 41.1179 37.6618 133.375 18.3 6
2010 8 31 0 48 48.6071 38.3042 132.394 19.8 5
2010 8 31 0 48 49.0023 37.5218 133.198 19.3 7
2010 8 31 0 48 52.3793 39.0136 132.682 21.6 7
2010 8 31 0 49 0.794457 37.307 132.942 5.4 5
2010 8 31 0 49 11.1223 37.6756 133.433 7.6 7
2010 8 31 0 49 11.3969 37.6823 133.448 27.1 7
2010 8 31 0 49 11.4341 39.0752 133.029 11.6 6
2010 8 31 0 49 15.5977 36.4188 131.973 20.3 8
2010 8 31 0 49 32.3617 37.6322 133.407 27.1 8
2010 8 31 0 49 32.6618 37.6572 133.396 14.2 6
2010 8 31 0 50 6.43428 36.6674 131.953 25.5 8
2010 8 31 0 50 6.46619 36.6627 131.992 10.5 5
2010 8 31 0 50 16.6644 39.0218 132.649 20.1 6
2010 8 31 0 50 32.2123 37.6139 133.409 6.5 5
2010 8 31 0 50 50.3015 37.6783 133.425 7.3 5
2010 8 31 0 50 55.8527 37.2103 133.103 28.9 7
2010 8 31 0 51 10.8485 39.9382 139.299 9.9 5
2010 8 31 0 51 17.1489 36.6754 132.024 18.1 6
2010 8 31 0 51 17.1934 36.6614 132.032 18.4 5
2010 8 31 0 51 18.2014 36.6888 132.002 15.8 6
2010 8 31 0 51 18.4744 36.6183 131.981 14.9 7
2010 8 31 0 51 22.4916 37.697 133.412 15.2 9
2010 8 31 0 51 33.8323 37.5194 133.527 5.6 5
2010 8 31 0 51 33.8936 37.4489 133.584 11.6 5
2010 8 31 0 51 39.6696 37.9871 132.858 20.3 6
2010 8 31 0 51 44.443 37.5775 132.511 25.9 5
2010 8 31 0 51 45.0973 37.2361 133.103 12.1 6
2010 8 31 0 52 12.7366 37.719 133.43 12.2 5
2010 8 31 0 52 13.5367 37.7232 133.381 19.8 5
2010 8 31 0 52 28.2452 37.6348 133.425 3.7 5
2010 8 31 0 52 28.3197 37.667 133.364 5.8 8
2010 8 31 0 52 28.5286 37.6787 133.402 18.4 6
2010 8 31 0 52 49.9999 36.6485 131.993 7.2 7
2010 8 31 0 52 57.8102 37.6557 133.388 16.7 6
2010 8 31 0 52 58.064 37.9406 132.957 16.2 6
2010 8 31 0 52 58.1487 37.6546 133.379 10 5
2010 8 31 0 52 58.2647 37.6667 133.407 15.6 6
2010 8 31 0 53 12.4975 39.164 134.679 4.8 5
2010 8 31 0 53 22.0756 37.1383 132.724 2.1 5
2010 8 31 0 53 26.4989 37.8275 133.231 11.3 6
2010 8 31 0 53 26.599 37.6277 133.452 2.1 5
2010 8 31 0 53 26.7108 37.6575 133.42 17.7 6
2010 8 31 0 53 26.7716 37.6306 133.437 4.2 5
2010 8 31 0 53 26.8287 37.6631 133.394 10 5
2010 8 31 0 53 37.2248 36.4386 131.953 4.3 5
2010 8 31 0 54 0.433295 36.7113 132.044 16.9 5
2010 8 31 0 54 0.508977 36.6482 131.972 6.3 5
2010 8 31 0 54 9.70439 37.6554 133.38 20.9 9
2010 8 31 0 54 9.85861 37.7534 133.442 19.3 5
2010 8 31 0 54 10.1878 37.6858 133.405 19.9 7
2010 8 31 0 54 18.779 37.1842 133.089 6.8 5
2010 8 31 0 54 18.8643 37.2435 133.115 12.3 6
2010 8 31 0 54 34.4571 36.3497 132.062 15.2 6
2010 8 31 0 54 41.7287 36.9554 132.805 13.4 5
2010 8 31 0 54 41.7835 36.961 132.792 17.9 6
2010 8 31 0 54 49.9045 37.7065 133.508 29.7 9
2010 8 31 0 54 49.934 37.6535 133.53 1 5
2010 8 31 0 54 52.4423 39.0417 132.727 2.6 6
2010 8 31 0 54 54.9101 39.0633 133.051 22.1 6
2010 8 31 0 54 55.0389 39.079 133.081 3.1 5
2010 8 31 0 55 15.53 36.4682 132.008 13.7 8
2010 8 31 0 55 16.5662 37.798 133.095 27.6 5
2010 8 31 0 55 18.3157 37.6357 133.507 17.7 5
2010 8 31 0 55 35.1829 36.6605 132 11.7 8
2010 8 31 0 55 35.2296 36.6638 132.039 16.4 8
2010 8 31 0 55 35.283 36.6922 131.996 12.6 8
2010 8 31 0 55 35.3361 36.6806 131.996 16.1 6
2010 8 31 0 55 46.2973 38.1167 134.029 11.1 5
2010 8 31 0 55 54.4716 36.8013 131.341 25 5
2010 8 31 0 56 4.51327 36.8965 132.765 17.6 6
2010 8 31 0 56 22.3536 38.0849 134.066 3.5 6
2010 8 31 0 56 22.6286 38.3716 133.784 18.3 6
2010 8 31 0 56 50.3238 36.7782 131.543 19.1 5
2010 8 31 0 56 50.386 36.5297 131.999 18.4 7
2010 8 31 0 56 50.41 36.5088 132.003 14.9 8
2010 8 31 0 57 21.9748 36.7117 132.041 17.7 7
2010 8 31 0 57 22.0247 36.8141 131.877 13.6 5
2010 8 31 0 57 23.6358 37.6496 133.476 5.4 5
2010 8 31 0 57 23.6907 37.6908 133.394 8.6 5
2010 8 31 0 57 23.7462 37.6379 133.478 1.7 6
2010 8 31 0 57 23.8985 37.5896 133.567 5.9 5
2010 8 31 0 57 32.8479 36.4649 131.975 11.3 6
2010 8 31 0 57 32.9419 36.4745 131.962 16.6 6
2010 8 31 0 58 23.6257 37.5068 133.611 4.9 5
2010 8 31 0 58 30.4032 37.5949 133.472 23 5
2010 8 31 0 58 30.4423 37.6579 133.436 2.2 5
2010 8 31 0 58 31.1129 38.9182 132.57 10.9 5
2010 8 31 0 58 51.578 37.5969 133.554 23.8 8
2010 8 31 0 59 12.6282 36.8088 132.068 8.9 6
2010 8 31 0 59 29.4091 37.4494 133.42 25.1 8
2010 8 31 0 59 38.2713 37.8394 133.056 21.2 5
2010 8 31 0 59 38.843 37.5452 133.534 8.8 7
2010 8 31 0 59 44.1408 36.4554 132.029 22.5 6
2010 8 31 0 59 44.4567 36.4931 132.041 17.8 5
2010 8 31 1 0 16.5747 37.5792 133.598 14.2 7
2010 8 31 1 0 16.6004 37.5578 133.637 27.6 6
2010 8 31 1 0 16.6778 37.5798 133.609 14.9 7
2010 8 31 1 0 16.7122 37.5546 133.575 13.8 5
2010 8 31 1 0 16.8973 37.5212 133.635 3.4 5
2010 8 31 1 0 19.9859 39.0744 132.625 9 5
2010 8 31 1 0 20.2213 39.0684 132.693 22.9 6
2010 8 31 1 0 20.3322 39.0192 132.648 15.8 7
2010 8 31 1 0 45.4145 37.6681 133.43 27.7 6
2010 8 31 1 0 45.4832 37.682 133.435 21.9 10
2010 8 31 1 0 45.5046 37.7494 133.441 14.6 6
2010 8 31 1 0 45.5248 37.6508 133.425 6.5 5
2010 8 31 1 0 58.1144 37.5127 133.601 28.1 8
2010 8 31 1 0 58.2631 37.6002 133.522 1.4 5
2010 8 31 1 1 10.1048 38.1046 134.098 29.7 7
2010 8 31 1 1 10.204 38.0856 134.035 2.7 5
2010 8 31 1 1 13.7415 39.0496 132.682 22.3 8
2010 8 31 1 1 13.8521 39.0658 132.683 15.6 7
2010 8 31 1 1 32.5097 37.6022 133.529 17.2 7
2010 8 31 1 1 32.5957 37.5832 133.518 19.4 7
2010 8 31 1 1 32.8035 37.5356 133.56 1.9 5
2010 8 31 1 1 32.8763 37.6037 133.53 16.9 9
2010 8 31 1 1 33.9415 36.8884 132.863 17.2 7
2010 8 31 1 1 33.9415 36.911 132.886 18.2 7
2010 8 31 1 1 34.0135 37.0138 132.849 14.1 6
2010 8 31 1 1 42.2084 36.5219 132.016 16.7 7
2010 8 31 1 1 58.3256 39.0737 132.701 23.9 5
2010 8 31 1 1 58.4297 39.036 132.607 16.9 6
2010 8 31 1 2 17.3637 36.5075 132.021 15 5
2010 8 31 1 2 17.5187 36.5257 132.163 15.4 5
2010 8 31 1 2 23.4712 38.0987 134.034 24.5 8
2010 8 31 1 2 23.5039 38.0783 134.085 9.8 5
2010 8 31 1 2 27.5532 37.5634 133.551 10.2 7
2010 8 31 1 2 27.7249 37.5185 133.556 0.9 5
2010 8 31 1 2 27.7844 37.5817 133.604 28.9 7
2010 8 31 1 2 50.3257 36.9438 132.831 13.9 8
2010 8 31 1 3 2.15555 37.158 133.145 16.8 5
2010 8 31 1 3 9.61025 36.8009 131.695 14.9 5
2010 8 31 1 3 10.1121 36.4727 132.027 27 6
2010 8 31 1 3 12.9287 39.061 132.615 4.9 7
2010 8 31 1 3 12.9661 39.0713 132.673 16 5
2010 8 31 1 3 13.0315 39.0778 132.666 14.9 7
2010 8 31 1 3 49.9733 37.5768 133.551 5.5 5
2010 8 31 1 4 30.4589 39.1367 132.717 5.2 5
2010 8 31 1 4 30.863 39.0646 132.685 18 6
2010 8 31 1 4 30.9252 38.9993 132.72 23.9 10
2010 8 31 1 4 47.3621 36.5317 132.063 14.5 7
2010 8 31 1 4 47.4471 36.5589 132.032 16.6 8
2010 8 31 1 4 58.6583 37.0795 133.217 6.3 6
2010 8 31 1 5 26.3829 37.1318 131.643 9.7 5
2010 8 31 1 6 1.76139 37.5501 133.602 11.4 5
2010 8 31 1 6 1.87205 37.5238 133.665 2.7 5
2010 8 31 1 6 1.95743 37.5503 133.629 6.2 5
2010 8 31 1 7 18.6488 37.5632 133.642 6.7 5
2010 8 31 1 7 48.2556 39.1241 133.014 1.2 5
2010 8 31 1 8 25.8345 37.4804 133.403 4.1 5
2010 8 31 1 9 33.6518 38.125 133.304 21 7
2010 8 31 1 9 47.8063 37.5982 133.415 28.3 6
2010 8 31 1 9 49.597 38.0926 134.119 29.1 8
2010 8 31 1 10 25.9449 40.1074 139.499 8.2 5
2010 8 31 1 10 26.7145 39.5169 133.063 21.2 6
2010 8 31 1 11 17.2329 39.2766 133.833 6.1 5
2010 8 31 1 11 17.3087 39.2712 133.884 12.3 6
2010 8 31 1 11 28.3472 37.1253 133.236 29.8 10
2010 8 31 1 11 46.431 39.1884 133.001 9.2 5
2010 8 31 1 12 7.73189 40.132 139.485 12.7 5
2010 8 31 1 12 7.8789 40.1111 139.527 8 6
2010 8 31 1 12 8.08971 40.141 139.447 5.3 5
2010 8 31 1 12 8.16178 40.124 139.53 7.9 5
2010 8 31 1 12 21.9681 39.1601 133.004 24.1 5
2010 8 31 1 12 24.0062 36.3637 132.384 16.7 6
2010 8 31 1 12 30.7553 37.5822 133.438 3.1 5
2010 8 31 1 12 33.2488 37.855 132.59 19.6 5
2010 8 31 1 13 7.87991 39.1757 133.006 20 6
2010 8 31 1 13 8.0454 39.1568 132.995 13.2 6
2010 8 31 1 13 8.32987 39.153 133.011 8.3 6
2010 8 31 1 13 12.5267 40.1066 139.538 9.4 6
2010 8 31 1 13 12.7339 40.1196 139.515 23.2 7
2010 8 31 1 13 12.9122 40.1055 139.412 4.5 5
2010 8 31 1 13 40.2863 39.2223 133.005 17.9 6
2010 8 31 1 13 47.0154 40.1276 139.495 11.4 6
2010 8 31 1 13 56.1503 37.5336 133.645 18 8
2010 8 31 1 13 56.1746 37.6523 133.662 24.9 5
2010 8 31 1 13 58.962 37.5632 133.553 13.4 6
2010 8 31 1 14 16.4078 40.1212 139.528 18.9 5
2010 8 31 1 14 20.8054 39.0142 132.638 6.7 6
2010 8 31 1 14 23.8584 39.1781 133.01 11.3 5
2010 8 31 1 14 25.8033 37.1389 133.255 27 8
2010 8 31 1 14 39.567 37.5003 133.476 12.7 5
2010 8 31 1 14 39.6404 37.4882 133.588 18.4 6
2010 8 31 1 14 46.4531 39.1687 133.008 17.2 5
2010 8 31 1 14 46.7155 39.1339 133.007 3.1 7
2010 8 31 1 15 23.6508 39.1152 133.074 7.6 5
2010 8 31 1 15 50.5708 36.313 132.492 13.3 5
2010 8 31 1 16 2.47413 40.1545 139.48 18.6 5
2010 8 31 1 16 2.52667 40.0879 139.532 6.1 5
2010 8 31 1 16 9.82125 39.1954 133.026 18.4 6
2010 8 31 1 16 29.3626 37.3634 133.553 17.3 5
2010 8 31 1 16 55.4899 37.443 133.596 13.6 6
2010 8 31 1 16 58.301 37.4524 133.577 24.3 11
2010 8 31 1 16 59.7709 37.6306 133.547 21 7
2010 8 31 1 17 2.2981 37.2401 133.208 17.8 8
2010 8 31 1 17 2.93301 39.2398 133.041 18.6 7
2010 8 31 1 17 7.75568 39.5769 133.093 15.6 8
2010 8 31 1 17 10.1294 36.3808 132.423 21.8 6
2010 8 31 1 17 10.3079 36.3284 132.416 4 5
2010 8 31 1 17 16.0379 39.1409 133.047 3 6
2010 8 31 1 17 16.1264 39.1758 133.08 7 5
2010 8 31 1 17 17.4814 40.1267 139.529 15.3 5
2010 8 31 1 17 17.5164 40.1576 139.506 17.9 5
2010 8 31 1 17 17.5652 40.1636 139.534 19.5 6
2010 8 31 1 17 57.3183 38.1485 133.358 16.3 6
2010 8 31 1 18 17.4927 39.1576 133.079 20.4 5
2010 8 31 1 18 17.5958 39.1823 133.09 7.3 5
2010 8 31 1 18 17.6215 39.1344 133.152 6.6 5
2010 8 31 1 18 17.6756 39.1593 133.113 4.6 5
2010 8 31 1 18 28.7133 37.4536 132.688 21.1 5
2010 8 31 1 18 34.025 37.6113 133.49 6.6 6
2010 8 31 1 18 34.8605 37.7273 133.536 20 9
2010 8 31 1 18 34.9334 37.7438 133.51 16.6 6
2010 8 31 1 18 39.6341 40.1363 139.536 12.9 6
2010 8 31 1 18 39.7134 40.1013 139.534 8.9 5
2010 8 31 1 18 42.1368 37.7924 133.519 4.9 5
2010 8 31 1 18 42.2348 37.493 133.623 11.1 6
2010 8 31 1 18 42.3299 37.4963 133.636 4.9 6
2010 8 31 1 18 42.4157 37.536 133.533 6.4 5
2010 8 31 1 19 17.6081 40.1315 139.539 7.9 5
2010 8 31 1 19 17.75 40.0764 139.554 27.8 7
2010 8 31 1 19 32.8563 37.4975 133.549 18.7 8
2010 8 31 1 19 36.7152 38.1478 134.189 23 7
2010 8 31 1 19 36.7293 38.0862 134.13 25.3 7
2010 8 31 1 19 37.4312 37.1226 133.58 23.8 5
2010 8 31 1 19 51.3749 38.0513 133.456 13.5 5
2010 8 31 1 19 51.6222 38.0112 133.431 14.2 5
2010 8 31 1 20 7.29604 40.1295 139.538 13.7 7
2010 8 31 1 20 7.37597 40.1583 139.543 20.8 5
2010 8 31 1 20 9.44238 37.6162 133.486 8.1 6
2010 8 31 1 20 9.44498 37.6674 133.46 10.1 5
2010 8 31 1 20 9.61609 37.655 133.446 5 6
2010 8 31 1 20 12.5892 37.4548 133.671 24.4 5
2010 8 31 1 20 12.66 37.5423 133.643 25.3 5
2010 8 31 1 20 12.7472 37.5321 133.603 4.9 5
2010 8 31 1 20 29.1415 37.308 133.549 9.1 5
2010 8 31 1 20 57.6076 39.6209 133.217 11.9 7
2010 8 31 1 21 9.84769 37.338 133.6 3.8 5
2010 8 31 1 21 17.669 40.1547 139.518 18.8 6
2010 8 31 1 21 17.701 40.1167 139.559 7 5
2010 8 31 1 21 17.7565 40.1516 139.542 24.8 8
2010 8 31 1 21 30.3373 37.4092 133.619 16.4 6
2010 8 31 1 21 40.0197 37.6129 133.517 26.5 11
2010 8 31 1 21 40.1904 37.6422 133.513 10.9 7
2010 8 31 1 21 52.9972 37.0034 132.535 14.5 6
2010 8 31 1 22 6.19613 37.4134 133.581 18.8 6
2010 8 31 1 22 6.25147 37.3933 133.607 5.7 5
2010 8 31 1 22 13.7064 37.3304 133.632 3.4 5
2010 8 31 1 22 22.1807 37.3576 133.589 3.2 5
2010 8 31 1 22 31.414 37.5739 133.837 4.1 6
2010 8 31 1 22 36.3886 39.2522 133.063 18 7
2010 8 31 1 22 40.8945 37.5601 133.481 10.1 5
2010 8 31 1 22 40.9147 37.6452 133.429 6.8 6
2010 8 31 1 22 53.8314 40.1393 139.479 18.3 6
2010 8 31 1 22 58.4108 39.5952 133.299 3.9 5
2010 8 31 1 22 59.5612 37.3753 133.552 8.2 6
2010 8 31 1 23 0.741238 37.3986 133.484 3.6 5
2010 8 31 1 23 18.161 36.4577 132.445 12.6 6
2010 8 31 1 23 35.5767 38.0152 133.39 1 5
2010 8 31 1 23 38.1248 37.3014 133.126 3.9 5
2010 8 31 1 23 41.9467 39.2204 133.134 27.5 6
2010 8 31 1 23 52.0672 37.3473 133.618 9.7 7
2010 8 31 1 24 1.17357 37.5206 133.621 17.5 8
2010 8 31 1 24 1.47037 37.4697 133.642 2.8 6
2010 8 31 1 24 27.1474 40.0719 139.541 15.5 8
2010 8 31 1 24 34.8558 37.5953 133.235 13.9 5
2010 8 31 1 24 34.8687 37.4287 133.585 15.3 7
2010 8 31 1 24 34.9027 37.4378 133.598 17.3 7
2010 8 31 1 24 37.0923 36.4546 132.402 17.4 8
2010 8 31 1 24 39.126 37.073 133.25 9.1 9
2010 8 31 1 24 41.784 37.5111 133.874 5.7 5
2010 8 31 1 24 52.7623 39.2103 133.1 4.5 5
2010 8 31 1 25 13.5052 37.9575 133.464 4 5
2010 8 31 1 25 13.5906 37.9978 133.466 4.6 5
2010 8 31 1 25 13.5927 38.0736 133.465 21.4 6
2010 8 31 1 25 13.6188 38.0478 133.445 17.5 7
2010 8 31 1 25 21.7762 40.2537 139.541 8.5 5
2010 8 31 1 25 21.9109 40.174 139.57 23.6 9
2010 8 31 1 25 42.5597 39.6305 133.276 22.2 10
2010 8 31 1 25 50.3586 36.3654 132.445 11.9 5
2010 8 31 1 25 54.4207 37.6229 133.511 7.9 5
2010 8 31 1 25 54.4207 37.6773 133.361 26.3 7
2010 8 31 1 26 3.95355 39.3412 133.161 19.9 5
2010 8 31 1 26 23.65 37.5654 133.863 28.9 5
2010 8 31 1 26 23.7037 37.6688 133.829 12.8 6
2010 8 31 1 26 37.1447 38.09 133.493 12.9 7
2010 8 31 1 26 37.1467 37.4658 133.647 10 5
2010 8 31 1 26 37.1992 38.0881 133.512 21.3 6
2010 8 31 1 26 37.2812 37.5076 133.647 15.9 5
2010 8 31 1 26 48.3763 40.1914 139.564 16.2 5
2010 8 31 1 26 59.9717 39.2274 133.087 17.2 5
2010 8 31 1 27 9.30594 37.5066 133.695 6.8 5
2010 8 31 1 27 9.49412 37.536 133.673 16.9 8
2010 8 31 1 27 22.4285 37.9871 133.45 13.4 6
2010 8 31 1 27 31.4413 37.5249 133.509 20.4 6
2010 8 31 1 27 31.5967 37.5017 133.689 9.4 5
2010 8 31 1 27 31.8193 37.4562 133.684 28.9 7
2010 8 31 1 27 37.8149 37.0261 132.516 10.6 8
2010 8 31 1 27 40.2976 39.605 133.209 3.6 5
2010 8 31 1 27 43.3203 37.4458 133.643 18.1 6
2010 8 31 1 27 53.0946 37.6392 133.596 22.9 5
2010 8 31 1 27 53.0946 37.5319 133.764 12.9 5
2010 8 31 1 27 54.4361 39.2869 133.251 17.5 5
2010 8 31 1 27 54.5694 39.2277 133.029 6 6
2010 8 31 1 28 15.8819 37.4704 133.691 2.8 6
2010 8 31 1 28 29.3972 37.9949 133.436 24.9 7
2010 8 31 1 28 29.4897 38.0387 133.431 11.8 9
2010 8 31 1 28 29.5494 38.0334 133.484 23.7 6
2010 8 31 1 28 31.7868 37.7373 133.506 9.4 5
2010 8 31 1 28 48.3605 39.2187 133.09 21.7 5
2010 8 31 1 28 48.4058 39.2423 133.027 5.8 6
2010 8 31 1 28 48.4807 39.2445 133.083 15.4 6
2010 8 31 1 28 48.5143 39.1861 133.089 5.4 7
2010 8 31 1 28 52.1757 37.4953 133.624 19 9
2010 8 31 1 28 52.2432 37.31 133.729 26.9 5
2010 8 31 1 28 52.3395 37.5571 133.683 10.6 6
2010 8 31 1 29 11.3409 36.9943 132.499 12.8 5
2010 8 31 1 29 12.3393 37.4906 133.658 27.4 7
2010 8 31 1 29 12.4291 37.4788 133.709 3.2 6
2010 8 31 1 29 12.44 37.4372 133.706 3.9 5
2010 8 31 1 29 12.8145 37.6565 133.496 5.5 5
2010 8 31 1 29 15.1374 37.4918 133.631 19.5 7
2010 8 31 1 29 33.7212 37.6557 133.765 1.8 5
2010 8 31 1 29 38.6891 38.0561 133.435 10.7 6
2010 8 31 1 30 11.4253 37.4146 133.615 16.1 8
2010 8 31 1 30 11.5144 37.4634 133.617 13 5
2010 8 31 1 30 11.5631 37.4066 133.59 15.5 6
2010 8 31 1 30 11.6122 37.2834 133.603 8.5 5
2010 8 31 1 30 23.2662 37.5643 133.626 5.3 5
2010 8 31 1 30 23.3402 37.4654 133.713 5 5
2010 8 31 1 30 43.0187 39.3757 133.838 10.9 5
2010 8 31 1 30 46.4593 37.4073 133.587 25.4 6
2010 8 31 1 30 46.5187 37.4206 133.585 13.7 7
2010 8 31 1 30 52.4988 37.4079 133.605 12.7 6
2010 8 31 1 30 55.9294 37.6342 133.768 7.8 6
2010 8 31 1 30 58.8193 39.626 133.261 11.8 7
2010 8 31 1 31 9.38261 37.4965 133.701 21.7 7
2010 8 31 1 31 9.4183 38.4586 132.972 24.9 5
2010 8 31 1 31 9.49002 37.595 133.687 18.8 6
2010 8 31 1 31 9.8258 37.8476 133.114 26.2 5
2010 8 31 1 31 20.7167 37.5279 133.668 15.5 7
2010 8 31 1 31 20.7669 37.5347 133.676 16.9 8
2010 8 31 1 31 20.8653 37.4625 133.684 4.7 5
2010 8 31 1 31 22.007 37.3849 133.572 19.7 7
2010 8 31 1 31 38.095 39.2121 133.033 12.8 5
2010 8 31 1 31 48.3449 37.9415 133.702 5.5 7
2010 8 31 1 31 48.4894 40.1429 139.608 6.2 5
2010 8 31 1 32 7.57304 37.6383 133.773 13.2 8
2010 8 31 1 32 7.76326 37.3876 133.576 6.7 8
2010 8 31 1 32 42.3582 40.1227 139.536 16.3 6
2010 8 31 1 32 42.4476 40.1237 139.506 16.4 7
2010 8 31 1 32 52.1813 37.3699 133.621 21.7 6
2010 8 31 1 32 52.2683 37.366 133.644 6.6 5
2010 8 31 1 32 52.3671 37.4177 133.617 19.4 5
2010 8 31 1 32 52.4555 37.4243 133.57 8.9 6
2010 8 31 1 33 27.8722 39.7293 133.49 10.9 5
2010 8 31 1 33 27.9452 39.6198 133.327 16 6
2010 8 31 1 33 28.6319 39.2885 132.921 28.1 6
2010 8 31 1 33 28.7557 39.2326 133.074 14.4 6
2010 8 31 1 33 47.9977 37.7882 133.186 28.4 5
2010 8 31 1 34 15.0267 37.4122 133.656 14.5 6
2010 8 31 1 34 35.0277 37.6391 133.775 21.5 10
2010 8 31 1 34 55.5387 37.4416 133.769 3.4 5
2010 8 31 1 34 56.3978 37.5014 133.741 24.2 8
2010 8 31 1 34 59.4493 39.5607 133.559 29.7 5
2010 8 31 1 35 13.0439 37.6139 133.816 15.8 5
2010 8 31 1 35 13.1939 37.6267 133.764 18.4 5
2010 8 31 1 35 46.7213 40.201 139.692 12.4 5
2010 8 31 1 35 46.756 40.192 139.653 3 6
2010 8 31 1 35 46.8136 40.332 139.71 1.8 5
2010 8 31 1 35 58.9117 37.434 133.646 18.3 7
2010 8 31 1 36 1.35138 38.2179 138.637 11.6 6
2010 8 31 1 36 8.8065 37.6001 133.819 13.2 6
2010 8 31 1 36 19.61 37.5893 133.83 16.3 7
2010 8 31 1 36 57.9879 38.2376 138.655 7.5 5
2010 8 31 1 36 57.9879 38.3281 138.494 25.7 7
2010 8 31 1 37 3.74016 37.4707 133.72 23.8 9
2010 8 31 1 37 3.78455 37.4353 133.785 4.1 5
2010 8 31 1 37 3.8597 37.5252 133.751 18.4 8
2010 8 31 1 37 3.89296 37.5148 133.767 28.1 6
2010 8 31 1 37 3.91893 37.4944 133.742 18.4 6
2010 8 31 1 37 4.35162 37.4548 133.778 4.5 5
2010 8 31 1 37 9.55551 37.6015 133.845 20.9 6
2010 8 31 1 37 23.5187 39.6381 133.429 21.4 8
2010 8 31 1 37 23.5688 39.7967 133.34 7.4 5
2010 8 31 1 37 24.764 37.4831 133.674 13.1 7
2010 8 31 1 37 24.8818 37.4986 133.617 5.6 5
2010 8 31 1 37 25.0755 39.3173 133.241 26.4 5
2010 8 31 1 37 48.04 37.0551 132.611 25.9 12
2010 8 31 1 37 57.0556 37.5514 133.878 5.3 5
2010 8 31 1 37 57.2358 37.5653 133.881 3.5 5
2010 8 31 1 38 1.56991 37.4787 133.779 3.4 5
2010 8 31 1 38 22.2117 37.5199 133.781 2.6 5
2010 8 31 1 38 40.8473 37.5636 133.692 4.8 6
2010 8 31 1 38 58.9406 37.5437 133.87 6.8 5
2010 8 31 1 38 59.447 37.4793 133.664 20.6 6
2010 8 31 1 39 5.55221 37.9724 133.81 20.8 5
2010 8 31 1 39 26.5284 38.2589 138.561 27.1 6
2010 8 31 1 39 38.3724 37.5575 133.837 29.2 8
2010 8 31 1 39 47.2517 37.6028 133.806 3.8 5
2010 8 31 1 39 52.0838 37.5479 133.69 6.6 5
2010 8 31 1 39 59.4644 37.403 133.593 7.6 5
2010 8 31 1 40 24.528 39.5918 133.238 7.2 5
2010 8 31 1 40 24.6025 39.6188 133.193 5.8 5
2010 8 31 1 40 25.0754 39.6069 133.205 17.4 6
2010 8 31 1 40 27.149 37.8205 134.013 28.4 6
2010 8 31 1 40 27.8591 37.8693 133.218 29.7 6
2010 8 31 1 40 27.8593 37.485 133.848 10.3 5
2010 8 31 1 40 41.4018 37.3206 133.57 24.4 5
2010 8 31 1 40 43.8315 37.5517 133.738 12.5 6
2010 8 31 1 40 53.6874 37.6365 133.853 8.8 5
2010 8 31 1 40 57.7972 38.2687 138.579 20.5 10
2010 8 31 1 41 4.68094 37.5637 133.744 14.3 7
2010 8 31 1 41 5.02442 37.5761 133.775 16.2 6
2010 8 31 1 41 19.6077 37.4894 133.826 12.2 5
2010 8 31 1 41 26.4057 37.5805 133.769 13.7 7
2010 8 31 1 41 28.1084 37.6642 133.814 27.4 6
2010 8 31 1 41 28.5521 37.6985 133.805 5.2 5
2010 8 31 1 41 50.528 37.5728 133.761 16.1 6
2010 8 31 1 41 57.9391 37.4229 133.673 22.9 5
2010 8 31 1 41 58.3895 37.3989 133.619 9.8 7
2010 8 31 1 42 11.0526 37.688 133.824 17.5 5
2010 8 31 1 42 11.2883 37.6187 133.863 5.4 6
2010 8 31 1 42 26.608 37.5544 133.743 8.8 5
2010 8 31 1 42 52.2383 37.479 133.849 10.9 5
2010 8 31 1 42 56.7457 39.6345 133.333 26.7 7
2010 8 31 1 42 58.9437 37.2188 133.447 8.8 7
2010 8 31 1 42 58.9937 37.6312 133.803 7.1 6
2010 8 31 1 42 59.1648 37.643 133.851 12.8 7
2010 8 31 1 42 59.6896 37.6141 133.827 3.9 5
2010 8 31 1 43 2.1254 39.6281 133.137 10 6
2010 8 31 1 43 4.00716 37.5686 133.74 12.5 8
2010 8 31 1 43 4.12845 38.2835 135.183 21.4 6
2010 8 31 1 43 4.42269 37.5693 133.719 18.3 7
2010 8 31 1 43 13.2654 37.5155 133.737 3.6 6
2010 8 31 1 43 21.2491 37.6889 133.816 4 5
2010 8 31 1 43 28.7793 37.4386 133.908 20.9 7
2010 8 31 1 43 32.518 37.5615 133.743 14.5 5
2010 8 31 1 43 32.8276 37.5861 133.759 18.8 6
2010 8 31 1 43 48.4884 37.7093 133.838 10.3 6
2010 8 31 1 43 55.5051 37.545 133.702 7.7 5
2010 8 31 1 43 55.6078 37.4706 133.829 4.4 5
2010 8 31 1 44 7.02185 37.3521 133.686 4.8 5
2010 8 31 1 44 7.08667 37.3995 133.658 15.8 6
2010 8 31 1 44 7.21314 37.4031 133.638 4.9 6
2010 8 31 1 44 10.0102 37.5439 133.832 12.8 5
2010 8 31 1 44 10.1842 37.6237 133.805 18 5
2010 8 31 1 44 10.2702 37.5407 133.726 7.4 5
2010 8 31 1 44 18.605 37.4087 133.629 17.1 6
2010 8 31 1 44 23.5554 37.7288 133.825 15.2 5
2010 8 31 1 44 23.6763 37.6869 133.814 23.6 5
2010 8 31 1 44 23.7332 37.6355 133.758 5.6 5
2010 8 31 1 44 24.3867 37.5629 133.76 14.9 6
2010 8 31 1 44 30.4087 37.5086 133.713 17.7 6
2010 8 31 1 45 0.995999 37.4301 133.666 17.6 7
2010 8 31 1 45 9.08813 38.2849 138.626 8.5 9
2010 8 31 1 45 12.2771 37.6779 133.886 3.3 5
2010 8 31 1 45 19.8269 37.5142 133.771 7.6 5
2010 8 31 1 45 27.8366 37.3772 133.639 7.6 5
2010 8 31 1 45 34.0849 37.5651 133.775 26.4 8
2010 8 31 1 45 43.8698 37.7248 133.792 3.2 5
2010 8 31 1 45 44.0279 37.7758 133.832 9.1 7
2010 8 31 1 45 44.0715 37.7175 133.831 10.9 6
2010 8 31 1 45 44.371 37.7048 133.826 4 5
2010 8 31 1 45 44.4955 37.7221 133.815 18.4 6
2010 8 31 1 45 59.0562 37.5735 133.743 4 5
2010 8 31 1 46 8.85389 37.5209 133.8 4.9 6
2010 8 31 1 46 19.303 37.741 133.832 15.7 6
2010 8 31 1 46 30.202 37.594 133.752 5.2 6
2010 8 31 1 46 30.3549 37.5742 133.874 24.5 8
2010 8 31 1 46 39.7142 38.1353 133.629 1.3 5
2010 8 31 1 46 40.0217 37.734 133.838 15.8 6
2010 8 31 1 46 40.3839 37.7283 133.788 13.4 6
2010 8 31 1 46 40.8589 37.5919 133.746 5.5 5
2010 8 31 1 46 58.4547 37.6442 133.887 15.4 8
2010 8 31 1 46 58.6621 37.6237 133.896 11.6 6
2010 8 31 1 46 58.7063 37.5991 133.905 9.5 5
2010 8 31 1 47 3.42167 37.7626 133.833 16.1 8
2010 8 31 1 47 3.48276 37.9143 133.655 1.8 5
2010 8 31 1 47 6.46412 37.454 133.696 14 5
2010 8 31 1 47 6.51886 37.6211 133.81 11.1 5
2010 8 31 1 47 6.84019 37.5666 133.821 2.9 5
2010 8 31 1 47 27.6036 37.7614 133.828 6.4 5
2010 8 31 1 47 41.0876 37.562 133.783 23.6 9
2010 8 31 1 47 41.0992 37.6249 133.815 7.5 7
2010 8 31 1 47 50.6726 37.7618 133.857 17.5 8
2010 8 31 1 47 55.6676 37.5678 133.802 27.4 7
2010 8 31 1 47 55.8643 37.6206 133.803 7.6 5
2010 8 31 1 48 3.23288 37.7667 133.855 19.3 7
2010 8 31 1 48 5.6221 37.6711 133.826 1 6
2010 8 31 1 48 14.2649 37.5426 133.747 10 6
2010 8 31 1 48 15.7003 37.5989 133.835 25.4 6
2010 8 31 1 48 15.7362 37.6201 133.856 15.3 5
2010 8 31 1 48 16.2627 37.6275 133.833 14.4 7
2010 8 31 1 48 19.9022 37.9606 133.196 28 5
2010 8 31 1 48 27.996 37.6269 133.798 12.5 8
2010 8 31 1 48 28.1032 37.598 133.867 7.1 5
2010 8 31 1 48 40.1211 37.7206 133.895 23.1 9
2010 8 31 1 48 44.629 38.2954 138.717 16.1 8
2010 8 31 1 49 5.98184 37.5636 133.814 0.2 5
2010 8 31 1 49 10.0626 37.6832 133.854 29.6 7
2010 8 31 1 49 16.0871 37.5366 133.862 6.2 5
2010 8 31 1 49 27.1805 37.8046 133.836 13 7
2010 8 31 1 49 27.2429 37.7199 133.827 27.4 8
2010 8 31 1 49 44.7214 37.8457 133.871 17.4 6
2010 8 31 1 50 0.64942 37.6774 133.59 11.5 7
2010 8 31 1 50 4.35665 38.0254 133.73 19 7
2010 8 31 1 50 6.27363 37.5146 133.678 10.5 6
2010 8 31 1 50 13.5815 37.7602 133.883 23.9 7
2010 8 31 1 50 21.8241 37.6449 133.892 15.2 9
2010 8 31 1 50 21.9593 37.6235 133.896 20.6 6
2010 8 31 1 50 26.4889 37.759 133.855 18.3 7
2010 8 31 1 50 26.6684 37.7842 133.839 18.4 9
2010 8 31 1 50 33.5576 37.5561 133.786 4.8 6
2010 8 31 1 50 39.2134 41.3229 139.035 29.1 5
2010 8 31 1 50 39.4181 41.1462 139.546 16.3 5
2010 8 31 1 50 42.7825 37.7723 133.846 8.4 5
2010 8 31 1 50 42.8802 37.7076 133.882 2.4 5
2010 8 31 1 51 5.34318 37.5927 133.934 20.6 8
2010 8 31 1 51 11.7558 37.3445 133.696 12.8 6
2010 8 31 1 51 14.6234 37.6281 133.842 6 5
2010 8 31 1 51 15.0628 37.6342 133.893 21 5
2010 8 31 1 51 15.7022 37.6172 133.875 15.6 7
2010 8 31 1 51 21.7975 37.585 133.725 8.6 5
2010 8 31 1 51 23.7896 37.829 133.824 18.8 8
2010 8 31 1 51 23.8749 37.7047 133.937 1.5 5
2010 8 31 1 51 45.6964 37.5658 133.805 23.8 7
2010 8 31 1 51 45.7956 37.6262 133.875 25.4 7
2010 8 31 1 51 51.6822 37.6996 133.887 11 6
2010 8 31 1 51 51.7392 37.7103 133.835 6.8 6
2010 8 31 1 51 51.7706 37.5843 133.842 11.9 6
2010 8 31 1 51 58.0079 37.48 133.787 5.4 6
2010 8 31 1 52 4.38018 37.6086 133.906 14.4 7
2010 8 31 1 52 5.99397 37.4019 133.722 15.5 5
2010 8 31 1 52 9.42732 37.3765 133.718 10.6 5
2010 8 31 1 52 19.7238 37.6907 133.783 13.5 6
2010 8 31 1 52 19.8144 37.5976 133.849 14.8 6
2010 8 31 1 52 24.1872 37.7667 133.855 22.2 6
2010 8 31 1 52 24.2616 37.6515 133.93 4.2 5
2010 8 31 1 52 36.8578 37.8546 133.866 19.9 5
2010 8 31 1 52 37.4455 37.5961 133.902 2.4 5
2010 8 31 1 52 37.5734 37.6221 133.849 6.3 5
2010 8 31 1 52 37.7039 37.6799 133.877 13.4 5
2010 8 31 1 52 37.8711 37.8116 133.59 20.8 6
2010 8 31 1 52 48.0223 37.7427 133.823 7.5 7
2010 8 31 1 52 48.0908 37.7313 133.846 24.9 7
2010 8 31 1 52 48.2595 37.7379 133.83 2.5 5
2010 8 31 1 52 48.4339 37.9746 133.854 29.5 10
2010 8 31 1 52 51.4177 37.1935 133.513 7 5
2010 8 31 1 52 51.4177 37.0819 133.672 17 5
2010 8 31 1 52 51.4325 37.5946 133.873 15.7 5
2010 8 31 1 52 54.6996 37.3551 133.717 11.4 6
2010 8 31 1 53 9.43888 37.6266 133.815 7.6 6
2010 8 31 1 53 9.55201 37.6475 133.768 8.7 5
2010 8 31 1 53 9.62885 37.6082 133.817 6.7 5
2010 8 31 1 53 23.4794 37.7419 133.898 6 5
2010 8 31 1 53 23.7628 37.7937 133.956 15 6
2010 8 31 1 53 23.9303 37.7544 133.872 7 5
2010 8 31 1 53 30.7989 37.6275 133.859 5.8 5
2010 8 31 1 53 33.3964 37.8625 133.92 9.3 6
2010 8 31 1 53 36.1854 37.7095 133.902 6.4 6
2010 8 31 1 53 36.8654 37.7515 133.874 25.4 9
2010 8 31 1 53 37.0242 37.4247 133.712 14.3 7
2010 8 31 1 53 37.1939 37.3935 133.768 18.5 7
2010 8 31 1 53 37.3036 37.319 133.708 12.6 5
2010 8 31 1 53 43.3996 37.58 133.918 6 6
2010 8 31 1 53 43.5342 37.6341 133.897 18 6
2010 8 31 1 53 43.6426 37.6233 133.864 4 5
2010 8 31 1 53 45.3749 37.8304 133.874 18.9 7
2010 8 31 1 53 49.8324 38.1694 133.809 3.2 6
2010 8 31 1 53 55.5504 37.6577 133.91 17.6 6
2010 8 31 1 53 55.6829 37.2625 133.698 7.4 6
2010 8 31 1 53 55.7901 37.2232 133.75 1.3 5
2010 8 31 1 54 11.3786 37.6163 133.831 24.8 8
2010 8 31 1 54 11.7375 37.6339 133.89 23.2 6
2010 8 31 1 54 16.9488 37.7352 133.856 16.5 6
2010 8 31 1 54 26.2481 37.5992 133.886 10.1 6
2010 8 31 1 54 26.866 37.5566 133.921 2.2 5
2010 8 31 1 54 31.0014 37.6434 133.723 22.5 7
2010 8 31 1 54 50.6185 37.4305 133.754 14.7 8
2010 8 31 1 54 50.8164 37.3733 133.681 8.5 7
2010 8 31 1 54 52.903 37.6289 133.918 6.7 6
2010 8 31 1 55 2.67241 37.8805 133.899 25 12
2010 8 31 1 55 2.82203 38.5583 132.951 17.6 5
2010 8 31 1 55 2.82235 37.7823 133.965 15 6
2010 8 31 1 55 3.40091 37.8659 133.869 11.1 7
2010 8 31 1 55 4.66126 37.609 133.923 8.2 8
2010 8 31 1 55 5.61112 37.6066 133.866 7.5 5
2010 8 31 1 55 14.2572 37.4214 133.687 7.4 5
2010 8 31 1 55 14.7691 37.617 133.87 4.2 5
2010 8 31 1 55 25.2078 38.0299 133.86 26 6
2010 8 31 1 55 25.2981 37.9839 133.847 4.4 5
2010 8 31 1 55 26.4079 37.4477 133.736 11.4 6
2010 8 31 1 55 28.0682 37.841 133.946 3.6 6
2010 8 31 1 55 31.8356 38.1055 133.996 20.2 5
2010 8 31 1 55 32.0572 38.1375 133.742 15 8
2010 8 31 1 55 32.0842 38.0916 133.717 5.4 5
2010 8 31 1 55 35.8802 37.5719 133.933 4.9 5
2010 8 31 1 55 37.0696 37.5956 133.928 8.6 6
2010 8 31 1 55 45.7496 37.7152 133.952 12.7 6
2010 8 31 1 55 49.4221 37.4147 133.715 4.2 5
2010 8 31 1 55 53.0401 37.5963 133.919 13.6 6
2010 8 31 1 56 3.68089 37.598 133.908 22.8 7
2010 8 31 1 56 3.72498 37.6365 133.915 19.7 5
2010 8 31 1 56 3.76964 37.6276 133.934 14.6 8
2010 8 31 1 56 4.19891 37.6361 133.934 17.5 7
2010 8 31 1 56 4.50718 37.5866 133.931 27 7
2010 8 31 1 56 22.1155 38.4629 133.147 20.2 5
2010 8 31 1 56 27.574 37.6021 133.868 2.9 5
2010 8 31 1 56 39.3283 37.5519 133.762 16.2 6
2010 8 31 1 56 41.7997 37.6186 133.789 6.6 7
2010 8 31 1 56 42.7821 37.4152 133.789 24.2 6
2010 8 31 1 56 42.8583 37.4024 133.756 15.4 8
2010 8 31 1 56 44.312 37.9304 133.885 14.6 6
2010 8 31 1 56 44.4188 38.0277 133.872 20 5
2010 8 31 1 56 52.9415 37.5981 133.888 4.5 5
2010 8 31 1 57 9.5233 37.6664 133.853 5.8 5
2010 8 31 1 57 11.7417 37.247 133.818 5.4 6
2010 8 31 1 57 11.7934 37.2337 133.772 3.8 6
2010 8 31 1 57 13.7205 38.1753 133.803 23.7 5
2010 8 31 1 57 13.7205 38.1426 133.841 8.8 5
2010 8 31 1 57 19.5007 37.6123 133.855 28.1 7
2010 8 31 1 57 19.6816 37.5986 133.852 25.4 6
2010 8 31 1 57 28.6514 39.4761 133.562 23.5 8
2010 8 31 1 57 39.2151 37.625 133.949 18.5 6
2010 8 31 1 57 47.7906 37.6274 133.886 30 9
2010 8 31 1 57 49.9041 37.4153 133.754 20.2 6
2010 8 31 1 57 56.9305 37.5788 134.008 2.4 5
2010 8 31 1 57 57.245 38.0826 133.828 5 6
2010 8 31 1 58 8.60751 37.7304 133.945 8.2 6
2010 8 31 1 58 10.7959 37.2828 133.799 12.4 5
2010 8 31 1 58 10.824 37.3656 133.805 29.2 8
2010 8 31 1 58 10.9583 37.4071 133.784 16.5 7
2010 8 31 1 58 12.5459 37.5854 133.925 1.6 5
2010 8 31 1 58 12.6889 37.6395 133.929 16.7 7
2010 8 31 1 58 21.131 37.9081 133.861 13.8 7
2010 8 31 1 58 25.5036 39.5241 133.543 14.7 6
2010 8 31 1 58 27.9917 37.8515 133.713 4.2 5
2010 8 31 1 58 28.0635 37.6116 133.948 2.2 5
2010 8 31 1 58 33.0351 37.3587 133.837 8.1 5
2010 8 31 1 58 33.4235 37.4301 133.792 15.7 7
2010 8 31 1 58 33.5233 37.4182 133.79 17.4 5
2010 8 31 1 58 33.6106 37.4064 133.79 12.2 7
2010 8 31 1 58 41.476 37.7128 133.932 6.8 6
2010 8 31 1 58 41.5402 37.8084 133.895 14.7 5
2010 8 31 1 58 45.961 37.6696 133.928 18.7 8
2010 8 31 1 58 57.7991 37.7203 133.939 3.7 6
2010 8 31 1 59 7.22206 37.3563 133.762 1 5
2010 8 31 1 59 7.62261 37.7172 134.019 17.7 6
2010 8 31 1 59 10.2225 37.6632 133.913 18.5 6
2010 8 31 1 59 15.1322 37.426 133.78 21 6
2010 8 31 1 59 15.7416 37.4451 133.77 23.9 6
2010 8 31 1 59 35.3785 37.4358 133.774 16 8
2010 8 31 1 59 52.7315 37.822 133.894 8.3 5
2010 8 31 1 59 54.5748 37.6253 133.929 11.2 6
2010 8 31 2 0 1.36108 37.7862 133.9 22.6 9
2010 8 31 2 0 14.1758 37.64 133.85 7.4 5
2010 8 31 2 0 14.2222 37.6498 133.849 4.8 6
2010 8 31 2 0 16.4723 38.1414 133.804 15.2 7
2010 8 31 2 0 16.595 38.1317 133.765 8.2 6
2010 8 31 2 0 16.6592 38.1546 133.824 20.8 6
2010 8 31 2 0 16.8934 38.1441 133.808 18 7
2010 8 31 2 0 20.7404 37.1837 133.812 21.7 7
2010 8 31 2 0 20.7936 37.3058 133.757 18 6
2010 8 31 2 0 20.8365 37.249 133.776 12.4 5
2010 8 31 2 0 20.9353 37.2765 133.76 6.7 5
2010 8 31 2 0 21.7812 37.6715 133.904 18.9 6
2010 8 31 2 0 30.6931 37.6417 133.836 21.2 7
2010 8 31 2 0 30.7833 37.658 133.799 20.7 5
2010 8 31 2 0 34.7927 37.5477 133.941 28.8 6
2010 8 31 2 0 35.3439 37.749 133.919 20.6 6
2010 8 31 2 0 35.953 37.6924 133.928 5.3 6
2010 8 31 2 0 41.8998 37.566 133.889 4.7 6
2010 8 31 2 0 50.5793 37.7391 133.916 6.6 8
2010 8 31 2 0 55.081 37.6666 133.893 19.1 6
2010 8 31 2 0 55.2737 37.6028 133.98 28.6 8
2010 8 31 2 0 55.3595 37.5407 134.012 5.1 5
2010 8 31 2 0 58.1684 37.3406 133.865 20.7 5
2010 8 31 2 1 11.9613 37.6321 133.929 29 6
2010 8 31 2 1 12.2846 37.4223 133.78 3.4 6
2010 8 31 2 1 21.338 37.5569 133.965 7.5 6
2010 8 31 2 1 21.338 37.6272 133.846 25.6 5
2010 8 31 2 1 21.5321 37.5696 133.94 4.8 6
2010 8 31 2 1 21.6737 37.5727 133.888 25.1 6
2010 8 31 2 1 22.8197 37.432 133.805 15.7 9
2010 8 31 2 1 26.4123 37.7427 133.937 5.2 7
2010 8 31 2 1 31.7421 37.8862 133.922 5.1 6
2010 8 31 2 1 31.8729 37.9457 133.883 8.8 5
2010 8 31 2 1 39.5331 36.977 133.834 22.4 5
2010 8 31 2 1 39.5921 37.3279 133.806 20 5
2010 8 31 2 1 39.6894 37.1882 133.799 20.6 5
2010 8 31 2 1 53.3651 37.471 133.785 11.8 6
2010 8 31 2 1 53.4054 37.3324 133.807 10.4 5
2010 8 31 2 1 53.4054 37.417 133.819 29.4 5
2010 8 31 2 1 53.9804 37.6401 133.906 15.2 6
2010 8 31 2 2 0.285072 38.1906 133.808 12.3 6
2010 8 31 2 2 2.97274 37.6415 133.922 8.5 6
2010 8 31 2 2 13.3924 37.569 133.872 4.6 5
2010 8 31 2 2 27.0029 37.8013 133.924 17.8 5
2010 8 31 2 2 27.5918 37.814 133.929 14.3 6
2010 8 31 2 2 35.4901 37.6087 133.875 21.9 9
2010 8 31 2 2 36.078 37.6 133.895 19.6 5
2010 8 31 2 3 13.4374 37.6401 133.872 22.5 10
2010 8 31 2 3 13.5286 37.6503 133.876 16.4 8
2010 8 31 2 3 13.6378 37.5914 133.936 29 10
2010 8 31 2 3 13.9502 37.6255 133.854 2.8 5
2010 8 31 2 3 31.3732 37.6196 133.868 23.3 8
2010 8 31 2 3 33.5578 37.719 133.968 13.5 6
2010 8 31 2 3 33.8067 37.695 133.963 10.7 6
2010 8 31 2 3 36.9566 38.0049 133.953 16 6
2010 8 31 2 3 38.4454 37.4612 133.823 11.7 5
2010 8 31 2 3 39.1343 37.4608 133.822 19.7 7
2010 8 31 2 3 40.2658 37.7379 133.942 8.9 5
2010 8 31 2 3 51.1717 37.3174 133.796 21.6 5
2010 8 31 2 3 51.2102 37.3259 133.775 10.3 6
2010 8 31 2 3 54.7982 38.4358 132.827 20.6 5
2010 8 31 2 3 54.7985 37.5782 133.905 1.2 5
2010 8 31 2 3 55.4473 37.6276 133.928 19.6 6
2010 8 31 2 3 56.1717 37.9112 133.935 8.5 5
2010 8 31 2 4 2.47843 37.9009 133.535 15.3 6
2010 8 31 2 4 4.82918 37.7411 133.967 5.3 5
2010 8 31 2 4 5.04306 37.7938 133.907 17 6
2010 8 31 2 4 5.16236 37.7485 133.931 22.8 6
2010 8 31 2 4 17.5189 37.9498 133.945 11.1 6
2010 8 31 2 4 31.8942 37.5629 133.896 14.1 5
2010 8 31 2 4 36.6058 37.7381 133.955 7.8 6
2010 8 31 2 4 37.2043 37.7903 133.944 15 8
2010 8 31 2 4 38.8442 38.1108 133.882 24.6 9
2010 8 31 2 4 50.3555 37.9435 133.523 16.8 6
2010 8 31 2 4 55.4024 37.5851 133.857 12.9 6
2010 8 31 2 4 56.9385 37.7372 133.999 1.2 6
2010 8 31 2 4 57.0829 37.8494 133.963 9.2 5
2010 8 31 2 4 57.1882 37.7791 133.96 15.9 5
2010 8 31 2 4 57.6168 37.8023 133.968 19.5 5
2010 8 31 2 4 59.9624 37.3011 133.818 29.5 10
2010 8 31 2 5 1.91428 37.5807 133.925 23.3 7
2010 8 31 2 5 1.995 37.6096 133.91 14.8 5
2010 8 31 2 5 17.5298 37.6824 133.939 17.4 7
2010 8 31 2 5 35.3471 37.5764 134.06 7.9 5
2010 8 31 2 5 35.4387 37.6703 133.947 14.8 8
2010 8 31 2 5 41.0172 38.1609 133.824 13 6
2010 8 31 2 5 42.0072 37.5116 133.821 14.3 5
2010 8 31 2 5 44.9657 37.6077 133.92 17.6 6
2010 8 31 2 5 45.0261 37.6038 133.905 13.4 5
2010 8 31 2 5 45.1046 37.6096 133.88 2.5 5
2010 8 31 2 5 45.1772 37.6181 133.913 14.6 7
2010 8 31 2 5 52.6123 37.5997 133.924 27.1 6
2010 8 31 2 5 55.8856 39.4272 133.501 11.6 5
2010 8 31 2 6 21.9354 37.9426 134.001 8.3 7
2010 8 31 2 6 22.137 38.2981 133.375 22.8 5
2010 8 31 2 6 32.8927 37.5726 134.014 8 5
2010 8 31 2 6 32.8927 37.6814 133.898 22.1 7
2010 8 31 2 6 42.0051 37.76 133.909 20 7
2010 8 31 2 6 52.1156 37.7722 133.887 7.7 6
2010 8 31 2 6 52.4529 37.6794 134.005 2.7 5
2010 8 31 2 6 53.8871 39.7913 133.151 21.1 5
2010 8 31 2 6 53.8914 39.4913 133.798 14.4 5
2010 8 31 2 6 54.4956 39.1234 133.291 23.7 9
2010 8 31 2 6 55.5705 37.9169 133.956 3.7 5
2010 8 31 2 6 55.6496 37.964 133.887 15.4 8
2010 8 31 2 7 9.14462 39.4336 134.044 12.7 6
2010 8 31 2 7 24.3579 37.9635 134.074 16.4 5
2010 8 31 2 7 27.6148 37.7966 133.966 9.6 7
2010 8 31 2 7 30.3003 37.5764 133.975 2.2 5
2010 8 31 2 7 30.3351 37.6308 133.952 21.5 5
2010 8 31 2 7 47.2091 38.3203 133.328 27 5
2010 8 31 2 7 47.2464 37.6084 133.983 3 5
2010 8 31 2 7 47.2992 37.6705 133.98 12.8 6
2010 8 31 2 7 47.673 37.5696 133.984 7.8 5
2010 8 31 2 7 58.411 37.6705 133.891 5.5 5
2010 8 31 2 8 4.57576 37.9796 133.957 22.2 6
2010 8 31 2 8 4.67512 37.8457 133.955 5.4 5
2010 8 31 2 8 4.67517 37.8606 133.897 21 5
2010 8 31 2 8 5.13213 38.1597 133.831 15.1 5
2010 8 31 2 8 5.33512 37.9339 133.908 6.4 5
2010 8 31 2 8 7.51795 37.6613 134.106 20.1 7
2010 8 31 2 8 13.3077 39.109 133.311 18 7
2010 8 31 2 8 13.4006 39.0634 133.287 4 5
2010 8 31 2 8 15.1595 37.7018 133.95 10.4 6
2010 8 31 2 8 15.3503 37.6325 133.929 18.4 7
2010 8 31 2 8 17.6561 37.9906 133.931 7.6 5
2010 8 31 2 8 29.6702 37.5565 133.875 17.3 6
2010 8 31 2 8 32.3265 37.6162 133.96 17.8 6
2010 8 31 2 8 32.4325 37.5642 133.983 5.9 6
2010 8 31 2 8 32.7171 37.6105 133.993 14.4 6
2010 8 31 2 8 45.9651 37.9183 134.03 6.1 5
2010 8 31 2 8 46.0983 37.986 133.921 12.9 7
2010 8 31 2 8 52.7637 37.6648 134.026 1.7 5
2010 8 31 2 8 52.8119 37.6416 133.838 10.2 5
2010 8 31 2 9 4.19014 37.6914 133.949 13.3 9
2010 8 31 2 9 12.1316 37.9625 133.913 12.4 7
2010 8 31 2 9 12.3531 37.9793 133.974 10.7 5
2010 8 31 2 9 12.4781 37.9024 133.979 2.6 6
2010 8 31 2 9 19.62 38.1408 133.888 7.7 6
2010 8 31 2 9 19.6757 38.2502 133.932 15.3 5
2010 8 31 2 9 23.4236 37.6489 133.927 17 7
2010 8 31 2 9 31.813 37.9635 134.037 6.6 6
2010 8 31 2 9 35.2222 37.5759 133.829 5.7 5
2010 8 31 2 9 35.3173 37.7773 134.011 25.6 8
2010 8 31 2 9 45.0625 37.6933 134.025 4.7 5
2010 8 31 2 9 45.5902 37.5551 133.874 16.3 6
2010 8 31 2 9 53.4991 37.6602 133.981 4.5 6
2010 8 31 2 10 1.5198 38.0078 133.954 23.5 8
2010 8 31 2 10 3.17603 37.3584 133.626 24.2 7
2010 8 31 2 10 5.671 37.6003 133.931 1.9 5
2010 8 31 2 10 5.84111 37.8729 133.673 4.8 5
2010 8 31 2 10 17.568 37.7658 134.047 3 5
2010 8 31 2 10 21.2813 37.9952 134.002 15.3 7
2010 8 31 2 10 21.7198 37.9895 134.006 16.5 6
2010 8 31 2 10 21.7738 37.972 133.978 7 5
2010 8 31 2 10 28.5117 37.8866 134.048 13.4 5
2010 8 31 2 10 30.7756 37.5912 133.902 24.9 6
2010 8 31 2 10 39.887 37.6758 133.975 18.8 8
2010 8 31 2 10 39.9653 37.6529 133.984 13.8 6
2010 8 31 2 10 50.6259 37.6638 133.925 18.7 7
2010 8 31 2 10 50.7048 37.6558 133.934 16.6 6
2010 8 31 2 10 50.8277 37.6706 133.926 19 8
2010 8 31 2 10 52.5572 38.0577 134.184 14.7 5
2010 8 31 2 10 59.1818 37.5674 133.881 19 6
2010 8 31 2 10 59.7432 37.9115 134.011 5.1 5
2010 8 31 2 11 5.05227 37.8208 133.989 6.6 6
2010 8 31 2 11 5.10989 37.868 133.94 16 7
2010 8 31 2 11 15.5416 37.6005 133.346 19.8 5
2010 8 31 2 11 16.9519 37.8056 133.443 22.2 5
2010 8 31 2 11 17.0856 37.5209 133.885 19.6 7
2010 8 31 2 11 17.3768 37.5332 133.874 19.7 5
2010 8 31 2 11 28.4502 37.7078 134.01 13 7
2010 8 31 2 11 28.6879 37.7486 133.941 17.1 7
2010 8 31 2 11 45.8016 38.0139 134.046 18.2 6
2010 8 31 2 11 51.6427 37.597 133.977 5.8 5
2010 8 31 2 12 7.38268 38.0018 134.017 21.1 7
2010 8 31 2 12 7.4407 38.1413 133.741 24.8 5
2010 8 31 2 12 11.578 37.9212 134.018 19.6 6
2010 8 31 2 12 18.6152 37.4874 133.748 16.8 8
2010 8 31 2 12 21.27 38.0186 134.024 17.9 6
2010 8 31 2 12 21.866 39.0699 133.341 9.6 6
2010 8 31 2 12 36.6035 37.4572 133.806 18.8 5
2010 8 31 2 12 36.8132 37.4641 133.805 8.2 6
2010 8 31 2 12 39.4853 38.0451 133.986 3.8 6
2010 8 31 2 12 55.5131 37.7593 133.992 21.8 5
2010 8 31 2 12 55.5742 37.9978 133.992 8.2 5
2010 8 31 2 13 10.945 37.6789 134.093 23 6
2010 8 31 2 13 11.9191 37.8784 133.936 8.2 5
2010 8 31 2 13 12.1127 37.9233 134.062 3.6 5
2010 8 31 2 13 13.6252 37.5139 133.922 4.1 5
2010 8 31 2 13 23.1369 38.0902 134.164 9.5 5
2010 8 31 2 13 45.2928 37.3147 133.724 16.2 7
2010 8 31 2 13 45.3573 37.3655 133.733 15.1 5
2010 8 31 2 14 49.5917 38.0711 134.144 17.1 6
2010 8 31 2 14 50.2586 37.9948 134.052 16 5
2010 8 31 2 14 50.3962 38.0066 134.053 19.3 7
2010 8 31 2 15 17.3824 37.6396 133.958 7 6
2010 8 31 2 15 27.8684 37.6211 133.82 13.4 5
2010 8 31 2 15 30.4693 37.9482 134.034 23.6 8
2010 8 31 2 15 30.6587 38.026 134.08 2.9 5
2010 8 31 2 15 37.1648 37.5542 133.901 28.1 7
2010 8 31 2 15 37.6624 37.6005 133.941 13.8 7
2010 8 31 2 15 37.9174 37.5302 133.956 3.2 5
2010 8 31 2 15 48.7042 37.6069 133.9 4.9 6
2010 8 31 2 15 50.7491 37.3306 133.74 14.9 5
2010 8 31 2 15 51.0887 37.3356 133.744 10.9 6
2010 8 31 2 16 12.8728 37.9908 134.006 22.8 9
2010 8 31 2 16 12.9662 37.9377 134.009 9.1 5
2010 8 31 2 16 25.9329 37.9256 133.763 9 5
2010 8 31 2 16 41.0878 38.0232 134.143 6.4 6
2010 8 31 2 16 54.9407 38.0009 134.03 16.9 7
2010 8 31 2 17 12.2586 39.099 133.353 17.6 5
2010 8 31 2 17 13.0642 37.9895 134.033 19 8
2010 8 31 2 17 13.135 37.981 133.988 16.9 6
2010 8 31 2 17 29.2682 37.7524 134.089 13.3 8
2010 8 31 2 17 34.9328 38.4028 133.57 12.1 5
2010 8 31 2 17 46.3678 37.6299 133.927 16 7
2010 8 31 2 17 46.6394 37.6098 134.147 29 5
2010 8 31 2 17 54.8723 37.9701 133.969 19 8
2010 8 31 2 17 55.0593 37.9983 134.068 18.4 7
2010 8 31 2 18 1.08748 37.5866 133.931 5.8 5
2010 8 31 2 18 14.0764 37.9962 134.185 4.3 6
2010 8 31 2 18 18.77 38.0032 134.013 15.2 6
2010 8 31 2 18 43.2839 38.0397 133.972 5.6 5
2010 8 31 2 18 51.0189 37.5997 133.957 3.7 6
2010 8 31 2 18 51.6153 37.6138 133.92 12.9 8
2010 8 31 2 18 52.568 39.0345 133.373 8.5 6
2010 8 31 2 19 3.73077 38.0654 134.232 13.7 5
2010 8 31 2 19 3.85564 38.0551 134.137 5 5
2010 8 31 2 19 19.4498 38.0086 134.057 26 9
2010 8 31 2 19 19.4775 38.0443 134.081 11.3 7
2010 8 31 2 19 19.5216 37.9989 134.08 22.5 8
2010 8 31 2 19 28.4295 37.5697 134.023 4.1 5
2010 8 31 2 20 10.2682 38.0305 133.988 19 8
2010 8 31 2 20 22.4735 37.5678 134.024 3.3 5
2010 8 31 2 20 26.7364 37.9679 134.094 4.2 5
2010 8 31 2 20 52.4594 37.9935 134.056 7.6 5
2010 8 31 2 20 52.5452 37.9171 134.063 14.4 7
2010 8 31 2 20 55.9037 39.1321 133.444 28.9 5
2010 8 31 2 20 55.9486 39.1457 133.401 5.4 5
2010 8 31 2 20 57.425 37.6443 134.018 14.9 5
2010 8 31 2 20 57.5403 37.5253 134.019 1 5
2010 8 31 2 20 58.315 37.5993 133.998 17.6 6
2010 8 31 2 21 2.66029 38.0102 134.106 21 5
2010 8 31 2 21 34.3245 37.5446 133.985 4.1 5
2010 8 31 2 21 36.5743 38.0341 134.095 16.9 8
2010 8 31 2 21 36.6277 38.0444 134.023 13.6 5
2010 8 31 2 21 44.0724 39.1141 133.438 17.3 6
2010 8 31 2 21 50.7705 38.0259 134.103 6.2 5
2010 8 31 2 22 6.30268 38.0028 134.038 14.2 6
2010 8 31 2 22 6.76603 37.9734 134.163 21.2 6
2010 8 31 2 22 17.8806 37.6137 133.987 17.2 6
2010 8 31 2 22 18.5105 37.6359 134.003 12.4 5
2010 8 31 2 22 23.5742 39.5743 133.652 1.1 5
2010 8 31 2 22 36.1311 37.5816 133.946 16 7
2010 8 31 2 22 44.0586 37.9953 134.12 4.5 5
2010 8 31 2 22 49.7794 37.5781 133.995 29.2 5
2010 8 31 2 23 3.03443 38.0371 134.066 15.3 5
2010 8 31 2 23 10.9189 38.0063 134.093 18.9 7
2010 8 31 2 23 13.4564 37.5848 133.954 23 7
2010 8 31 2 23 14.223 37.5845 133.966 22.4 6
2010 8 31 2 23 14.2407 39.0742 133.403 23.6 7
2010 8 31 2 23 14.517 39.1137 133.432 21.5 5
2010 8 31 2 23 20.2957 38.0456 134.017 16.1 8
2010 8 31 2 23 20.4519 37.9921 134.128 4.2 5
2010 8 31 2 23 26.3687 35.6361 130.459 26.3 5
2010 8 31 2 23 26.3736 35.6605 130.448 18 6
2010 8 31 2 23 32.2465 38.0414 134.11 16.6 5
2010 8 31 2 23 34.4436 37.6706 134.039 6.6 6
2010 8 31 2 23 34.6017 37.7298 134.017 15.9 8
2010 8 31 2 23 34.6997 37.736 134.06 11 7
2010 8 31 2 23 40.549 37.5879 133.938 7.9 7
2010 8 31 2 23 45.7785 39.0968 133.384 16.3 5
2010 8 31 2 23 55.9711 37.589 133.938 7.6 5
2010 8 31 2 23 56.4688 37.3469 133.763 16.3 6
2010 8 31 2 24 1.19027 38.09 134.108 19 8
2010 8 31 2 24 5.11297 38.002 134.075 8.3 6
2010 8 31 2 24 8.5946 39.5994 132.752 6.4 5
2010 8 31 2 24 11.6891 38.1196 134.137 11.4 5
2010 8 31 2 24 12.1174 37.5374 134.066 17.3 5
2010 8 31 2 24 12.1954 37.6468 133.982 5.6 5
2010 8 31 2 24 12.2714 37.6893 134.032 17 8
2010 8 31 2 24 12.3243 37.7245 134.022 9.5 7
2010 8 31 2 24 12.4347 37.6386 134.059 28.5 9
2010 8 31 2 24 12.5927 37.6687 133.996 6.8 7
2010 8 31 2 24 12.6745 37.6734 134.028 17.3 7
2010 8 31 2 24 24.7078 37.651 133.979 15.5 5
2010 8 31 2 24 31.7989 37.5505 134.087 17.5 5
2010 8 31 2 24 32.2976 39.1074 133.386 12.3 7
2010 8 31 2 24 40.4976 38.0061 134.047 8.5 5
2010 8 31 2 24 53.77 37.5736 134.072 3 5
2010 8 31 2 24 53.7724 37.618 134.046 18.8 5
2010 8 31 2 25 1.28416 39.0428 133.43 19.3 6
2010 8 31 2 25 1.40805 39.0338 133.462 1.1 5
2010 8 31 2 25 3.05244 37.5403 134.016 5.9 6
2010 8 31 2 25 9.11727 38.3206 133.519 15.9 5
2010 8 31 2 25 9.25621 38.0843 134.048 14.9 7
2010 8 31 2 25 23.5859 37.6538 133.974 21.3 7
2010 8 31 2 25 23.8175 37.5636 134.072 16.4 6
2010 8 31 2 25 29.2697 35.576 130.601 14.8 5
2010 8 31 2 25 29.2698 35.6215 130.508 29.8 6
2010 8 31 2 25 42.8794 39.0933 133.366 4.7 5
2010 8 31 2 25 46.3032 38.022 134.146 2.4 5
2010 8 31 2 25 46.3885 38.075 134.141 17.5 6
2010 8 31 2 25 46.8867 37.9994 134.243 5.5 6
2010 8 31 2 26 8.88589 37.9886 134.108 17.5 7
2010 8 31 2 26 20.6794 37.5894 133.962 24.3 10
2010 8 31 2 26 21.1957 38.0248 134.141 4.6 6
2010 8 31 2 26 21.4987 37.5836 134.044 28.7 7
2010 8 31 2 26 39.045 37.6848 134.044 5.2 6
2010 8 31 2 26 39.1221 37.7366 134.003 21.1 7
2010 8 31 2 26 39.1794 37.7336 134.078 15.5 5
2010 8 31 2 26 39.475 38.0327 133.445 28 5
2010 8 31 2 26 41.0453 39.103 133.497 3.5 5
2010 8 31 2 27 12.5108 38.0157 133.949 3.1 5
2010 8 31 2 27 12.6662 38.0381 134.021 10 5
2010 8 31 2 27 19.6196 37.8422 133.796 3.4 5
2010 8 31 2 27 19.6826 37.7133 134.043 23.7 8
2010 8 31 2 27 19.8783 37.6135 134.052 5.2 6
2010 8 31 2 27 26.3689 35.6271 130.481 16.2 7
2010 8 31 2 27 36.6915 37.5284 133.992 3.6 5
2010 8 31 2 27 37.6111 38.0883 134.231 20.7 5
2010 8 31 2 27 46.702 37.998 134.113 7.6 6
2010 8 31 2 27 46.7664 37.9548 134.163 4.8 5
2010 8 31 2 27 47.1268 38.0206 134.115 17.1 6
2010 8 31 2 28 2.2612 38.1027 134.079 14.4 7
2010 8 31 2 28 2.34712 38.124 134.105 14.5 6
2010 8 31 2 28 9.92167 38.0907 134.012 11.2 7
2010 8 31 2 28 15.4554 39.0087 133.591 22 5
2010 8 31 2 28 15.5636 39.1274 133.526 25.5 6
2010 8 31 2 28 19.5558 38.1173 134.113 15.9 8
2010 8 31 2 28 20.5885 37.7023 133.98 7.6 6
2010 8 31 2 28 21.56 37.2209 134.031 8.2 5
2010 8 31 2 28 31.2427 38.0779 133.993 6.3 5
2010 8 31 2 28 31.3093 38.0426 134.052 18.1 6
2010 8 31 2 28 33.0834 37.4465 133.944 16.5 6
2010 8 31 2 28 33.248 37.3129 134.012 22.2 5
2010 8 31 2 28 34.6825 37.957 134.144 9.4 5
2010 8 31 2 28 49.7339 37.6321 134.048 25.3 11
2010 8 31 2 28 49.9344 38.0454 133.468 27 6
2010 8 31 2 28 54.9929 38.1106 134.107 18.8 5
2010 8 31 2 28 55.1606 38.0845 133.988 4.4 5
2010 8 31 2 29 12.6424 37.9668 134.081 17.9 7
2010 8 31 2 29 18.7209 37.6176 134.074 6 5
2010 8 31 2 29 31.8114 37.1886 133.668 18.6 6
2010 8 31 2 29 41.1981 39.0344 133.398 25.6 5
2010 8 31 2 29 41.2658 39.293 133.323 1.3 5
2010 8 31 2 29 52.7861 37.6927 133.999 13.7 5
2010 8 31 2 30 4.06084 37.498 134.015 1.1 5
2010 8 31 2 30 11.7571 38.0651 134.145 5.6 6
2010 8 31 2 30 18.4685 37.7234 134.077 14.4 5
2010 8 31 2 30 18.6541 37.6608 134.059 17.3 9
2010 8 31 2 30 18.8053 37.6473 134.034 6.9 5
2010 8 31 2 30 23.6928 38.1036 134.121 11.9 6
2010 8 31 2 30 23.8265 37.9712 134.123 5 5
2010 8 31 2 30 33.0417 38.0921 134.051 12.4 9
2010 8 31 2 30 33.1585 37.6922 134.016 24.7 7
2010 8 31 2 30 35.3392 38.0973 134.331 27.7 5
2010 8 31 2 31 8.55846 38.0367 134.055 25.3 6
2010 8 31 2 31 21.8194 38.3192 133.346 24.7 5
2010 8 31 2 31 22.6624 39.2348 133.317 20.3 5
2010 8 31 2 31 22.7364 39.1123 133.519 4.1 5
2010 8 31 2 31 22.7529 39.118 133.64 28.7 5
2010 8 31 2 31 22.878 39.1173 133.535 4.9 6
2010 8 31 2 31 23.0117 39.15 133.492 4.6 6
2010 8 31 2 31 24.237 37.3676 133.82 27.6 7
2010 8 31 2 31 30.6046 37.4982 134.038 6.3 5
2010 8 31 2 31 49.7232 39.0187 133.186 2.6 5
2010 8 31 2 31 52.0023 37.5387 133.999 26.8 8
2010 8 31 2 32 9.10845 37.6811 134.072 18 6
2010 8 31 2 32 10.9951 37.2928 133.976 16.8 5
2010 8 31 2 32 49.1617 37.6629 134.043 21.6 7
2010 8 31 2 32 54.0562 37.5479 134.012 15.7 5
2010 8 31 2 32 54.845 38.0692 134.124 22 5
2010 8 31 2 32 54.9465 38.0436 134.107 28.2 5
2010 8 31 2 33 3.28541 37.3809 133.795 16.7 6
2010 8 31 2 33 5.95251 38.0588 134.241 28 6
2010 8 31 2 33 14.6652 37.1378 133.665 20.2 7
2010 8 31 2 33 20.6985 37.6187 134.099 11.9 7
2010 8 31 2 33 20.742 37.6251 134.086 15.4 6
2010 8 31 2 33 20.7647 37.6124 134.062 12 8
2010 8 31 2 33 20.818 37.6769 134.125 10.2 5
2010 8 31 2 33 23.5801 38.0991 134.002 25.3 6
2010 8 31 2 33 23.5801 37.8893 134.261 5.5 5
2010 8 31 2 33 23.6271 38.0412 133.968 3.5 5
2010 8 31 2 33 23.9 38.0183 134.158 13.8 6
2010 8 31 2 33 25.7418 39.5318 133.496 24.2 6
2010 8 31 2 33 26.2089 37.3835 133.82 9.6 7
2010 8 31 2 33 26.3151 37.5245 133.957 11.2 7
2010 8 31 2 33 44.4876 37.4334 133.903 15.9 6
2010 8 31 2 34 5.78949 37.5 133.987 14.1 7
2010 8 31 2 34 5.9721 37.5067 134.103 1.1 5
2010 8 31 2 34 6.43996 39.1098 133.22 18.7 8
2010 8 31 2 34 8.23182 38.0868 134.18 18.1 5
2010 8 31 2 34 8.33185 38.079 134.168 4.4 5
2010 8 31 2 34 8.53827 38.0861 134.15 8.7 5
2010 8 31 2 34 8.70709 38.0865 134.193 14.4 8
2010 8 31 2 34 12.5 37.364 133.796 2.2 6
2010 8 31 2 34 12.6855 37.59 133.597 2.8 5
2010 8 31 2 34 23.8705 37.6762 134.064 24.7 8
2010 8 31 2 34 23.9371 37.6612 134.083 1.3 6
2010 8 31 2 34 32.9803 37.5541 134.026 14.2 5
2010 8 31 2 34 36.297 37.4875 133.92 10.3 7
2010 8 31 2 34 38.5547 38.0555 134.144 10.9 5
2010 8 31 2 34 40.0483 37.5066 134.053 3.2 6
2010 8 31 2 34 40.35 37.4668 134.035 3.1 6
2010 8 31 2 35 4.28176 37.4479 133.841 13.9 5
2010 8 31 2 35 5.75427 38.0736 134.176 4.2 5
2010 8 31 2 35 15.6554 38.0754 134.181 2.5 5
2010 8 31 2 35 16.6725 37.6528 134.087 5 6
2010 8 31 2 35 41.0602 37.4918 133.967 17.2 7
2010 8 31 2 35 41.2148 37.466 133.969 16.1 6
2010 8 31 2 35 41.329 37.405 133.991 3.6 5
2010 8 31 2 36 7.23614 37.6004 134.059 6.1 6
2010 8 31 2 36 7.32179 37.5451 134.139 12.2 6
2010 8 31 2 36 7.39589 37.6645 134.05 26.1 5
2010 8 31 2 36 7.49049 37.6454 134.081 15.9 6
2010 8 31 2 36 20.7149 37.5756 134.051 16.7 7
2010 8 31 2 36 21.2619 38.1349 134.096 5.6 5
2010 8 31 2 36 21.764 38.1457 134.152 15 7
2010 8 31 2 36 26.5416 39.0836 133.228 26.6 8
2010 8 31 2 36 26.6256 39.043 133.287 2.4 5
2010 8 31 2 36 32.0413 37.5899 134.023 17.6 8
2010 8 31 2 36 32.205 37.5877 134.056 14.5 5
2010 8 31 2 36 41.4144 38.0921 134.149 5.2 5
2010 8 31 2 36 41.5944 38.0929 134.208 17.4 6
2010 8 31 2 36 46.1856 37.676 134.085 15.8 7
2010 8 31 2 36 46.2669 37.6601 134.107 20 7
2010 8 31 2 36 46.3961 37.6505 134.09 25.6 8
2010 8 31 2 36 46.6063 37.697 134.111 23.9 7
2010 8 31 2 36 51.6403 37.6461 134.147 16 5
2010 8 31 2 36 55.0515 38.1118 134.066 19.5 7
2010 8 31 2 36 55.2535 37.3796 133.853 14.4 6
2010 8 31 2 36 55.2965 37.3502 133.879 1.3 5
2010 8 31 2 36 55.3324 37.3966 133.87 20.2 7
2010 8 31 2 36 55.4275 37.3604 133.872 1.6 5
2010 8 31 2 37 4.74504 38.1596 134.169 27.4 6
2010 8 31 2 37 4.83119 38.0572 134.158 13.4 7
2010 8 31 2 37 19.1581 37.5737 134.067 10 5
2010 8 31 2 37 19.4263 38.0983 134.207 19.5 6
2010 8 31 2 37 19.9155 38.1212 134.189 15.6 7
2010 8 31 2 37 21.031 37.5168 134.042 3.1 5
2010 8 31 2 37 28.8543 37.5366 134.03 14.2 5
2010 8 31 2 37 29.4483 37.5637 134.026 5.7 6
2010 8 31 2 37 29.5913 37.5768 134.056 14.6 7
2010 8 31 2 37 43.12 37.541 134.032 5.2 5
2010 8 31 2 37 45.4159 39.0533 133.271 26.5 7
2010 8 31 2 38 2.48829 38.0224 134.276 19.2 5
2010 8 31 2 38 2.54849 38.3962 133.587 22.7 5
2010 8 31 2 38 2.54867 38.0816 134.197 9.6 5
2010 8 31 2 38 2.71237 37.7999 134.143 25.7 5
2010 8 31 2 38 2.76983 38.0517 134.224 1.3 5
2010 8 31 2 38 6.34075 37.4722 133.951 23.3 8
2010 8 31 2 38 14.7205 37.4526 133.998 5.3 5
2010 8 31 2 38 20.6937 37.5925 134.056 10.9 8
2010 8 31 2 38 42.5664 38.0968 134.21 17.3 6
2010 8 31 2 39 4.08537 37.6693 133.948 22 5
2010 8 31 2 39 8.09728 38.0733 134.166 9.3 6
2010 8 31 2 39 15.9634 39.1285 133.183 21.5 7
2010 8 31 2 39 23.1951 37.5043 133.958 5 6
2010 8 31 2 39 23.2675 37.5316 134.004 16.8 8
2010 8 31 2 39 49.2781 38.1018 134.199 21.7 10
2010 8 31 2 39 49.3458 38.148 134.238 15.8 6
2010 8 31 2 39 49.4046 38.1649 134.202 19.4 5
2010 8 31 2 40 0.203828 37.6964 134.093 16.6 7
2010 8 31 2 40 20.0292 37.5563 133.996 12.1 5
2010 8 31 2 40 20.1007 37.5238 133.946 16.8 6
2010 8 31 2 40 33.52 38.0725 134.2 22.6 5
2010 8 31 2 40 33.52 38.0646 134.196 11 5
2010 8 31 2 40 33.5471 38.0585 134.28 3.1 5
2010 8 31 2 40 33.5936 38.0704 134.155 5.6 5
2010 8 31 2 40 33.6553 38.0498 134.216 22.4 8
2010 8 31 2 40 33.8085 38.0569 134.256 4.4 5
2010 8 31 2 40 47.1539 37.4039 133.987 4.9 5
2010 8 31 2 40 54.7423 37.4772 134.052 3.9 5
2010 8 31 2 40 55.2927 37.5305 134.025 17.3 6
2010 8 31 2 40 55.6676 37.5225 134.018 15.3 7
2010 8 31 2 40 56.7943 37.3795 133.887 1.1 5
2010 8 31 2 41 3.15859 37.5484 134.089 6.3 5
2010 8 31 2 41 9.11205 38.7215 133.445 21.8 5
2010 8 31 2 41 9.15277 38.099 134.21 29.4 9
2010 8 31 2 41 9.17939 38.104 134.186 5.4 5
2010 8 31 2 41 17.7719 37.4189 133.886 10.2 7
2010 8 31 2 41 24.4263 37.4835 133.964 18.1 6
2010 8 31 2 41 24.6712 37.5149 133.987 15 8
2010 8 31 2 41 25.0808 37.5409 134.001 21.5 8
2010 8 31 2 41 32.4442 39.0761 133.542 2 5
2010 8 31 2 41 36.5092 39.5662 133.799 7.2 5
2010 8 31 2 41 36.729 40.0742 134.008 5.3 5
2010 8 31 2 41 37.0423 39.6507 133.741 27.8 6
2010 8 31 2 41 44.4618 39.3698 133.841 20.1 5
2010 8 31 2 42 2.10307 37.5074 134.083 13.7 7
2010 8 31 2 42 10.7256 37.6008 134.068 21.7 9
2010 8 31 2 42 10.9473 37.5815 134.124 6.4 5
2010 8 31 2 42 11.6413 37.5499 134.098 2.3 6
2010 8 31 2 42 19.1153 37.3057 133.971 3.7 5
2010 8 31 2 42 19.3784 37.3943 133.867 6.3 6
2010 8 31 2 42 22.7693 38.046 134.183 26.2 11
2010 8 31 2 42 22.9199 38.0512 134.278 3.4 5
2010 8 31 2 42 29.5225 37.5357 133.959 28 7
2010 8 31 2 42 29.7912 37.5023 133.934 14.1 6
2010 8 31 2 42 36.8801 37.4796 133.97 3.4 5
2010 8 31 2 42 45.4679 37.5729 134.044 5.9 5
2010 8 31 2 42 45.5457 37.6306 134.08 13.4 6
2010 8 31 2 42 45.7538 37.5227 134.077 26.3 7
2010 8 31 2 42 54.1676 37.2305 133.875 3.6 5
2010 8 31 2 42 54.241 37.1233 133.868 16.9 5
2010 8 31 2 43 24.9299 39.1182 133.554 5 5
2010 8 31 2 43 25.8266 37.5094 134.053 21.2 8
2010 8 31 2 43 25.8544 37.5878 134.083 27.2 7
2010 8 31 2 43 26.1258 39.3767 133.866 17.7 7
2010 8 31 2 43 26.8054 39.5496 133.793 4 6
2010 8 31 2 43 41.4405 37.5094 133.983 18.6 7
2010 8 31 2 43 55.1616 37.5599 134.073 21.8 8
2010 8 31 2 43 55.2349 37.6818 134.134 16.2 5
2010 8 31 2 43 59.4137 37.4517 134.047 3.6 5
2010 8 31 2 44 1.4396 38.1034 134.257 24.7 5
2010 8 31 2 44 1.77666 38.191 134.303 5.2 6
2010 8 31 2 44 16.9269 37.4767 133.953 21.5 7
2010 8 31 2 44 16.9642 37.4585 134.03 1.6 5
2010 8 31 2 44 17.0188 37.5356 133.969 9 5
2010 8 31 2 44 17.1349 37.4811 134.009 7.9 7
2010 8 31 2 44 17.1366 37.4688 134.043 15.4 5
2010 8 31 2 44 32.7073 37.473 134.132 0.7 5
2010 8 31 2 44 33.4548 37.6201 134.137 12.9 5
2010 8 31 2 44 53.7682 38.1723 134.155 22.4 5
2010 8 31 2 45 15.5065 37.5124 133.998 4.4 5
2010 8 31 2 45 16.0595 37.4856 134.043 2.3 5
2010 8 31 2 45 16.3398 37.4724 134.059 3.7 5
2010 8 31 2 45 16.5976 37.3289 133.838 18.3 7
2010 8 31 2 45 42.2317 38.1305 134.235 18.6 7
2010 8 31 2 45 42.3824 38.092 134.257 9.9 6
2010 8 31 2 45 42.5143 38.1482 134.241 14.5 6
2010 8 31 2 45 51.4812 37.4633 134.157 17.9 5
2010 8 31 2 45 51.8847 37.567 134.114 22.9 5
2010 8 31 2 45 52.4419 37.5212 134.134 1.7 5
2010 8 31 2 45 52.4752 37.6349 134.09 3.7 6
2010 8 31 2 46 11.828 39.5056 133.858 14.9 7
2010 8 31 2 46 11.9011 39.5513 133.849 8.7 5
2010 8 31 2 46 20.463 37.6033 134.078 26.7 5
2010 8 31 2 46 20.481 37.5293 134.18 5.4 5
2010 8 31 2 46 20.4961 37.7151 134.131 21.4 5
2010 8 31 2 46 20.568 37.5366 134.186 12.8 6
2010 8 31 2 46 20.583 37.5808 134.106 17.7 6
2010 8 31 2 46 20.632 37.5752 134.144 15.4 7
2010 8 31 2 46 32.5763 37.3321 133.857 14.8 5
2010 8 31 2 46 39.46 37.7426 133.64 18.4 5
2010 8 31 2 46 39.6702 37.5344 134.036 17.9 7
2010 8 31 2 46 39.8172 37.499 133.993 19 5
2010 8 31 2 46 39.9234 37.5479 133.982 12.6 8
2010 8 31 2 46 44.3472 39.1088 133.57 3.6 6
2010 8 31 2 46 48.1452 38.1443 134.218 15.3 7
2010 8 31 2 46 48.1616 38.0977 134.269 8.4 5
2010 8 31 2 46 53.965 37.5772 134.089 20.3 6
2010 8 31 2 46 54.2436 37.5532 134.092 21.7 9
2010 8 31 2 46 54.3732 37.5923 134.108 15.6 8
2010 8 31 2 46 54.6112 37.5114 134.1 5.3 6
2010 8 31 2 47 28.6681 37.2859 133.845 18.4 8
2010 8 31 2 47 47.1287 37.6128 134.107 1.7 5
2010 8 31 2 47 47.2295 37.546 134.141 1.8 5
2010 8 31 2 47 47.7116 37.4812 134.146 1.8 5
2010 8 31 2 48 22.8879 39.4174 133.897 22.1 6
2010 8 31 2 48 24.3698 37.5294 134.179 4.5 5
2010 8 31 2 48 24.9468 37.6239 134.122 7.3 5
2010 8 31 2 48 37.4701 38.176 134.226 29.1 6
2010 8 31 2 48 37.7311 38.033 134.357 18.5 5
2010 8 31 2 48 37.8322 38.1858 134.258 17.6 6
2010 8 31 2 49 7.6686 37.6209 134.278 20 8
2010 8 31 2 49 7.80335 37.5256 134.156 3.4 5
2010 8 31 2 49 7.99871 37.5756 134.131 23.7 7
2010 8 31 2 49 13.4911 37.3451 133.815 5.6 6
2010 8 31 2 49 48.503 37.5174 134.002 9.5 5
2010 8 31 2 49 48.9921 37.5652 134.07 17.5 5
2010 8 31 2 50 1.4994 37.5712 134.113 28.5 9
2010 8 31 2 50 1.55261 37.5974 134.111 16.9 7
2010 8 31 2 50 1.58227 37.6073 134.067 9.5 5
2010 8 31 2 50 1.64635 37.5941 134.056 9.7 5
2010 8 31 2 50 9.82017 37.2509 133.958 24.7 5
2010 8 31 2 50 25.3864 37.6086 134.201 4.6 5
2010 8 31 2 50 45.3204 37.9296 133.625 22.8 5
2010 8 31 2 51 18.3794 37.6166 134.166 12 7
2010 8 31 2 51 18.4755 38.0717 134.291 2.9 5
2010 8 31 2 51 30.9522 37.2987 133.917 4.8 5
2010 8 31 2 51 34.7521 37.5761 134.137 18.2 8
2010 8 31 2 51 35.1713 37.5514 134.215 8.2 6
2010 8 31 2 51 56.1305 37.524 134.051 3.1 5
2010 8 31 2 51 56.2177 37.5631 134.203 26.8 8
2010 8 31 2 51 56.368 37.5841 134.15 25.4 10
2010 8 31 2 51 56.4778 37.5719 134.133 11.1 6
2010 8 31 2 52 14.2753 37.5093 134.106 0.7 6
2010 8 31 2 52 14.4164 37.58 134.03 4.5 5
2010 8 31 2 52 14.5528 37.5807 134.05 28.7 5
2010 8 31 2 52 23.7103 37.6315 134.173 17.4 5
2010 8 31 2 52 37.3944 38.111 134.282 27.7 8
2010 8 31 2 52 42.3259 37.59 134.148 18.8 7
2010 8 31 2 52 42.3504 37.5902 134.108 5.6 5
2010 8 31 2 52 42.4136 37.8936 133.65 20.1 5
2010 8 31 2 52 42.4546 37.5902 134.131 7.1 6
2010 8 31 2 52 42.5537 37.5799 134.152 25 9
2010 8 31 2 53 9.41469 37.5646 134.185 1.8 5
2010 8 31 2 53 37.2208 37.3827 133.877 13.3 6
2010 8 31 2 53 37.2783 37.3156 133.859 15.9 6
2010 8 31 2 53 37.3418 37.3112 133.904 2.7 6
2010 8 31 2 53 45.8005 39.7139 133.446 11.2 5
2010 8 31 2 53 55.7094 37.5417 134.211 2.4 6
2010 8 31 2 54 11.3337 35.734 131.03 20.4 5
2010 8 31 2 54 13.5806 38.1256 134.324 29.5 9
2010 8 31 2 54 13.5985 38.0903 134.309 0.9 5
2010 8 31 2 54 22.8841 37.5465 134.189 3.9 5
2010 8 31 2 54 22.9934 37.536 134.185 5.1 5
2010 8 31 2 54 23.0691 37.5558 134.079 17 6
2010 8 31 2 54 23.1848 37.577 134.112 24.8 9
2010 8 31 2 54 23.2733 37.6083 134.149 14.9 6
2010 8 31 2 54 23.346 37.545 134.167 2.2 5
2010 8 31 2 54 59.5642 37.6235 134.257 17.8 5
2010 8 31 2 55 0.067584 37.5856 134.196 18.6 6
2010 8 31 2 55 12.9034 37.3635 133.895 17.5 6
2010 8 31 2 55 28.2541 37.6457 134.209 26.5 9
2010 8 31 2 55 28.3301 37.7037 134.212 11.8 6
2010 8 31 2 55 28.3646 37.6728 134.217 17.4 7
2010 8 31 2 55 29.0274 37.6014 134.195 10 5
2010 8 31 2 55 47.6206 38.0885 134.266 13 7
2010 8 31 2 56 5.82482 37.5886 134.135 18.6 7
2010 8 31 2 57 4.93447 37.4308 134.006 15.7 6
2010 8 31 2 57 5.0123 37.4204 133.991 16.5 7
2010 8 31 2 57 5.37005 37.3815 133.958 7.4 6
2010 8 31 2 57 5.56845 37.3848 133.99 26.3 9
2010 8 31 2 57 5.70814 37.6115 134.222 19.7 6
2010 8 31 2 57 5.73566 37.6335 134.184 7.7 6
2010 8 31 2 57 14.3152 37.2928 133.927 2.2 5
2010 8 31 2 57 42.3474 37.7132 134.25 15.7 5
2010 8 31 2 58 3.70839 37.3224 133.913 17.1 6
2010 8 31 2 58 3.78912 39.4985 134.038 15.1 7
2010 8 31 2 58 13.1656 37.6087 134.165 17.8 8
2010 8 31 2 58 13.3848 37.5304 134.19 2.6 5
2010 8 31 2 58 13.4541 37.5865 134.131 9 6
2010 8 31 2 58 21.003 37.3331 133.929 4.9 5
2010 8 31 2 58 21.1886 35.5429 130.517 28.5 6
2010 8 31 2 58 30.2025 38.0878 134.328 25.2 7
2010 8 31 2 58 35.4605 37.6342 134.224 20.4 5
2010 8 31 2 58 39.1426 37.577 134.268 24.6 8
2010 8 31 2 58 47.4865 37.2376 133.901 9.4 5
2010 8 31 2 58 50.6592 37.3992 134.004 18 7
2010 8 31 2 59 7.62971 37.6061 134.362 19.5 5
2010 8 31 2 59 45.7165 39.1064 133.361 8.3 6
2010 8 31 3 0 6.69893 39.0896 133.679 11.7 6
2010 8 31 3 0 8.01713 37.598 134.152 14.9 6
2010 8 31 3 0 27.5077 39.0425 133.319 5.9 5
2010 8 31 3 0 49.2802 37.6151 134.214 15.2 8
2010 8 31 3 0 51.6589 37.5508 134.082 20.5 5
2010 8 31 3 0 51.6893 37.4108 133.991 5.8 5
2010 8 31 3 0 56.5597 39.3617 133.809 26.5 8
2010 8 31 3 1 4.6292 39.4754 134.101 7.3 5
2010 8 31 3 1 4.71942 39.5078 134.149 7.1 5
2010 8 31 3 1 25.7145 35.4743 130.351 26.8 6
2010 8 31 3 2 33.9303 37.5828 134.204 13.2 6
2010 8 31 3 2 33.9947 37.5579 134.218 23.9 7
2010 8 31 3 2 34.2437 37.5884 134.156 12.9 6
2010 8 31 3 2 52.6212 37.495 134.041 12.6 6
2010 8 31 3 3 16.1304 35.5007 130.365 21.1 10
2010 8 31 3 3 16.2571 35.4946 130.394 20.7 5
2010 8 31 3 3 37.9683 35.5503 130.429 23.9 8
2010 8 31 3 3 38.1789 35.5332 130.415 2.6 5
2010 8 31 3 3 44.9842 37.903 133.704 20.6 6
2010 8 31 3 3 50.716 37.3093 133.955 13.3 5
2010 8 31 3 3 56.0364 35.7385 129.951 19.7 5
2010 8 31 3 4 16.6673 39.4346 133.921 28.6 7
2010 8 31 3 4 16.9478 39.4184 133.932 12.3 5
2010 8 31 3 4 18.7639 37.5091 134.238 14.5 10
2010 8 31 3 4 36.86 35.5308 130.387 27.1 5
2010 8 31 3 4 54.8458 39.2307 133.528 22.1 6
2010 8 31 3 4 55.0032 40.0338 132.672 25.7 5
2010 8 31 3 4 55.0036 39.1434 133.409 15.6 6
2010 8 31 3 5 0.536041 37.3993 134.006 23.1 10
2010 8 31 3 5 0.91497 37.405 133.943 6 5
2010 8 31 3 5 11.8783 37.5942 134.229 19.4 9
2010 8 31 3 5 48.716 37.5938 134.157 17.7 7
2010 8 31 3 5 49.6424 37.5512 134.295 3.5 5
2010 8 31 3 6 5.58171 35.5439 130.328 17.2 7
2010 8 31 3 6 15.5727 37.1763 134.037 12.5 6
2010 8 31 3 6 20.067 37.5961 134.166 24.5 12
2010 8 31 3 6 21.6648 39.0923 133.335 5.3 5
2010 8 31 3 6 49.7225 37.3239 133.951 28.1 10
2010 8 31 3 6 50.3284 37.6234 134.203 15.2 7
2010 8 31 3 7 16.2393 35.5248 130.387 29.8 7
2010 8 31 3 7 37.0224 37.5747 134.224 1.4 5
2010 8 31 3 7 37.1527 37.5784 134.224 2.9 5
2010 8 31 3 7 45.1089 37.636 134.206 5.6 5
2010 8 31 3 7 45.595 37.6595 134.242 15.7 7
2010 8 31 3 7 45.6918 37.6631 134.233 14.7 7
2010 8 31 3 7 57.2032 39.1255 133.4 20.2 8
2010 8 31 3 7 59.0439 37.6101 134.18 16.6 7
2010 8 31 3 8 34.6136 37.6337 134.207 12.4 5
2010 8 31 3 8 34.7326 37.6777 134.199 14.7 5
2010 8 31 3 8 34.7765 37.6278 134.186 15.8 6
2010 8 31 3 8 35.4508 37.4984 134.103 29.9 5
2010 8 31 3 8 44.3088 38.979 134.107 10 6
2010 8 31 3 9 0.345205 35.5803 130.397 18.7 7
2010 8 31 3 9 4.03249 38.3843 135.148 16.1 8
2010 8 31 3 9 11.4325 37.3037 134.035 18.1 7
2010 8 31 3 9 12.513 39.1029 133.384 5.8 6
2010 8 31 3 9 12.5599 37.5987 134.19 20.1 10
2010 8 31 3 9 12.5939 37.6168 134.192 16.9 7
2010 8 31 3 9 12.6369 37.615 134.211 24.7 6
2010 8 31 3 9 23.9013 39.3603 133.89 27.6 5
2010 8 31 3 9 45.3384 35.5534 130.388 17.5 6
2010 8 31 3 9 45.3967 35.543 130.328 5.3 6
2010 8 31 3 10 53.6387 39.1617 133.409 26.4 8
2010 8 31 3 10 55.5169 37.2895 133.962 12.8 5
2010 8 31 3 11 30.7943 37.6541 134.242 17.3 5
2010 8 31 3 11 30.889 37.7668 134.15 6.4 5
2010 8 31 3 11 56.0654 37.3071 133.963 4.3 5
2010 8 31 3 11 56.1835 37.1343 133.996 23.6 5
2010 8 31 3 11 56.3421 35.5377 130.397 2.5 5
2010 8 31 3 12 9.66484 39.1675 133.372 8.2 6
2010 8 31 3 12 9.72345 39.1896 133.409 15.5 6
2010 8 31 3 12 26.6518 37.6094 134.1 26.2 6
2010 8 31 3 12 26.7339 37.5096 134.163 23.1 7
2010 8 31 3 12 43.8597 35.5618 130.44 15.1 7
2010 8 31 3 12 43.8931 35.5583 130.417 11.6 8
2010 8 31 3 12 43.9609 35.5813 130.45 17.5 6
2010 8 31 3 12 48.6829 37.6141 134.267 17 6
2010 8 31 3 13 7.18786 39.0024 134.261 18 6
2010 8 31 3 13 18.9736 39.1441 133.353 12 7
2010 8 31 3 13 19.2047 39.1382 133.346 8.3 5
2010 8 31 3 13 19.3328 39.1436 133.357 14.2 5
2010 8 31 3 13 23.1393 37.3867 133.992 15.9 8
2010 8 31 3 13 23.2425 37.2876 134.009 2.7 6
2010 8 31 3 13 46.8287 36.314 130.143 19.8 5
2010 8 31 3 13 55.6642 38.388 135.129 8.8 5
2010 8 31 3 14 19.4011 39.1038 133.424 4.6 5
2010 8 31 3 14 23.6289 39.267 133.304 5 5
2010 8 31 3 14 23.6649 39.3199 133.132 1.2 5
2010 8 31 3 14 38.9983 37.6663 133.429 26.3 5
2010 8 31 3 14 39.4774 37.3833 134.003 18.4 5
2010 8 31 3 14 54.8899 38.9827 134.282 26.3 8
2010 8 31 3 14 55.0271 38.9308 134.214 5.1 5
2010 8 31 3 14 59.8439 35.4737 130.391 2.3 5
2010 8 31 3 15 20.5749 39.1559 133.414 17.7 7
2010 8 31 3 15 38.2291 37.674 134.255 11.8 5
2010 8 31 3 16 12.0079 39.1651 133.369 7.8 5
2010 8 31 3 16 12.2014 39.1241 133.434 3.5 5
2010 8 31 3 16 16.0996 37.6302 134.339 29.2 9
2010 8 31 3 16 38.8187 39.093 133.39 2.5 5
2010 8 31 3 16 54.0397 38.9834 134.27 12.8 6
2010 8 31 3 16 54.2163 38.9696 134.2 28 6
2010 8 31 3 16 57.1699 39.0746 133.712 3.3 5
2010 8 31 3 17 35.2591 38.3297 135.149 26.5 7
2010 8 31 3 17 41.8208 39.5071 134.178 14.4 5
2010 8 31 3 18 0.075982 37.6405 134.247 5.9 5
2010 8 31 3 18 25.1784 37.2422 134.149 15.6 5
2010 8 31 3 18 25.1784 37.3606 134.091 20 7
2010 8 31 3 18 37.3204 39.1933 133.484 16.5 8
2010 8 31 3 18 47.3689 35.6389 130.46 13.5 7
2010 8 31 3 19 24.0421 38.3723 135.171 16.7 6
2010 8 31 3 19 45.0481 38.9503 134.322 14.7 6
2010 8 31 3 19 48.8487 37.6179 134.333 3.3 5
2010 8 31 3 19 48.8585 37.6917 134.281 18.2 6
2010 8 31 3 20 16.3514 37.4064 134.092 9 5
2010 8 31 3 20 25.3461 38.9687 134.328 1.9 5
2010 8 31 3 20 25.7847 35.514 130.453 14.3 6
2010 8 31 3 20 59.3035 39.4187 134.053 11 5
2010 8 31 3 20 59.6522 37.51 134.096 28.8 5
2010 8 31 3 20 59.8008 37.4791 134.098 12.8 9
2010 8 31 3 21 0.32523 37.4825 134.065 9.2 5
2010 8 31 3 21 0.882097 37.5766 134.335 14.6 5
2010 8 31 3 21 21.3172 37.4562 134.167 14.9 5
2010 8 31 3 21 21.4312 37.3271 134.186 1 5
2010 8 31 3 21 47.2822 39.1489 133.455 3.8 5
2010 8 31 3 21 48.5481 35.5995 130.457 15.9 5
2010 8 31 3 21 50.6522 38.9635 134.346 15.5 8
2010 8 31 3 21 50.7994 39.0056 134.328 16 8
2010 8 31 3 22 22.9657 37.4338 134.096 8.2 5
2010 8 31 3 23 3.08823 37.4244 134.184 15.7 9
2010 8 31 3 23 56.2117 37.4329 134.311 28.4 6
2010 8 31 3 23 56.4264 37.4683 134.146 19.4 8
2010 8 31 3 24 5.36233 39.5264 134.186 23.7 8
2010 8 31 3 24 16.9273 39.1695 133.537 17.1 5
2010 8 31 3 24 47.6681 37.3462 134.217 7.1 6
2010 8 31 3 25 4.84626 38.2008 134.392 21.4 5
2010 8 31 3 25 20.6313 38.5798 134.864 22.5 5
2010 8 31 3 25 23.9811 37.4238 134.18 14.1 7
2010 8 31 3 25 27.2717 39.1904 133.567 15.8 8
2010 8 31 3 26 13.874 35.5613 130.479 2.6 5
2010 8 31 3 26 26.4552 39.13 133.458 14.3 6
2010 8 31 3 26 26.5312 39.1165 133.383 4.9 5
2010 8 31 3 26 26.5693 39.0971 133.472 2.4 5
2010 8 31 3 26 27.0453 39.1247 133.452 1.6 5
2010 8 31 3 26 32.6407 37.4374 134.166 13.7 8
2010 8 31 3 26 32.7486 37.576 134.051 4.1 5
2010 8 31 3 26 47.0633 37.7116 134.458 19.1 8
2010 8 31 3 26 58.4636 37.4567 134.279 16.2 7
2010 8 31 3 26 58.8998 39.0833 134.357 18.2 7
2010 8 31 3 27 32.3615 38.1729 134.597 23.6 5
2010 8 31 3 27 50.3178 37.6686 134.542 28.6 9
2010 8 31 3 27 50.322 37.7122 134.464 19.6 5
2010 8 31 3 28 14.939 39.1012 133.487 6.1 6
2010 8 31 3 28 38.1202 38.3771 135.183 13.6 10
2010 8 31 3 28 46.551 37.7476 134.495 28.1 7
2010 8 31 3 28 46.553 37.783 134.482 13.3 6
2010 8 31 3 29 7.70625 35.5182 130.579 15.6 6
2010 8 31 3 29 51.4191 37.4653 134.182 5.7 6
2010 8 31 3 30 58.2036 40.0488 133.435 16.5 5
2010 8 31 3 31 1.88553 39.1091 133.513 10.7 7
2010 8 31 3 32 11.7296 39.5001 134.112 19.1 5
2010 8 31 3 32 13.6938 37.5918 134.439 0.7 5
2010 8 31 3 32 13.7628 37.6438 134.367 15.4 7
2010 8 31 3 32 27.1524 37.3871 134.226 6.3 5
2010 8 31 3 33 34.1381 37.5764 134.204 6.2 5
2010 8 31 3 34 18.1563 35.6089 130.496 26.9 8
2010 8 31 3 34 28.8321 39.5087 133.996 13.9 5
2010 8 31 3 34 38.7874 37.7087 134.628 3 5
2010 8 31 3 34 39.0307 37.735 134.35 10.4 5
2010 8 31 3 35 27.4383 39.4812 133.988 27.8 7
2010 8 31 3 35 28.2019 39.4799 133.998 14.7 6
2010 8 31 3 35 46.1593 38.3582 135.255 20.4 13
2010 8 31 3 37 0.015105 37.4337 134.246 13.7 8
2010 8 31 3 37 0.099157 37.494 134.244 22.8 7
2010 8 31 3 37 0.109451 37.3841 134.252 12.2 6
2010 8 31 3 37 0.360293 37.4635 134.206 16.6 5
2010 8 31 3 38 10.1771 37.8051 133.962 20.7 5
2010 8 31 3 38 10.1771 37.4985 134.313 25.5 9
2010 8 31 3 38 10.396 37.6047 134.24 18.2 8
2010 8 31 3 39 30.679 39.6503 133.935 6.4 5
2010 8 31 3 39 33.0715 39.0575 133.776 18.6 7
2010 8 31 3 39 33.1165 39.0129 133.768 16.2 6
2010 8 31 3 41 1.65627 39.1327 134.432 18 5
2010 8 31 3 41 10.3309 39.5945 134.277 28 6
2010 8 31 3 42 17.1956 39.1607 134.284 17.3 7
2010 8 31 3 42 41.208 38.1982 134.742 17.8 8
2010 8 31 3 42 41.2499 38.1409 134.703 8.1 7
2010 8 31 3 42 41.3696 38.1592 134.685 15.2 6
2010 8 31 3 43 13.8013 37.5305 134.321 14.6 7
2010 8 31 3 43 52.3937 38.3494 135.221 10.6 5
2010 8 31 3 44 21.1695 39.5764 134.3 17.2 7
2010 8 31 3 44 21.3004 39.5671 134.329 28.3 7
2010 8 31 3 44 21.9057 39.1906 134.359 15.7 5
2010 8 31 3 44 35.9329 38.2503 135.334 4.8 5
2010 8 31 3 45 34.0306 38.3353 135.306 29.9 9
2010 8 31 3 45 34.1016 38.3835 135.215 11.8 6
2010 8 31 3 45 36.8823 38.1826 134.675 27.1 6
2010 8 31 3 45 58.357 39.2564 134.364 8.1 5
2010 8 31 3 46 7.60534 39.5187 134.149 29 6
2010 8 31 3 46 31.9161 38.3125 135.246 20.5 10
2010 8 31 3 46 59.2248 37.4931 134.442 20.1 5
2010 8 31 3 46 59.2248 37.5882 134.137 24.3 8
2010 8 31 3 47 23.857 39.5438 134.156 21.6 5
2010 8 31 3 47 25.7764 38.3562 135.3 16.2 7
2010 8 31 3 49 19.0748 38.3755 135.157 15.1 5
2010 8 31 3 49 19.1002 38.3426 135.154 17.5 6
2010 8 31 3 49 20.6491 39.5222 134.222 7.2 5
2010 8 31 3 50 5.64661 37.9114 134.726 9.8 6
2010 8 31 3 50 5.64662 38.0002 134.403 23.3 6
2010 8 31 3 50 25.7834 39.4482 134.24 9.1 5
2010 8 31 3 50 36.4785 38.3249 135.218 20.1 7
2010 8 31 3 50 41.6187 39.5896 134.28 9.9 5
2010 8 31 3 51 42.5415 37.4673 134.327 18.3 5
2010 8 31 3 51 42.7352 37.5217 134.268 4.6 5
2010 8 31 3 52 24.3828 39.2231 133.863 18.7 7
2010 8 31 3 52 24.4492 39.5072 133.266 21.4 5
2010 8 31 3 52 39.1844 39.181 134.374 16.7 8
2010 8 31 3 52 42.666 37.9004 134.184 26.8 5
2010 8 31 3 52 42.6661 37.4303 134.301 12.7 6
2010 8 31 3 52 42.7563 37.4295 134.384 7.6 6
2010 8 31 3 52 42.9984 37.4267 134.301 20.3 5
2010 8 31 3 53 22.7235 39.5552 134.257 25.6 7
2010 8 31 3 53 22.7816 39.5348 134.228 15.8 5
2010 8 31 3 53 46.1223 39.7032 133.506 28.2 5
2010 8 31 3 53 46.6249 38.3766 135.382 21.5 5
2010 8 31 3 54 9.68619 38.0219 134.042 24.3 5
2010 8 31 3 54 9.84626 37.7179 134.645 18.8 6
2010 8 31 3 54 50.0752 37.4513 134.397 16.4 6
2010 8 31 3 54 50.16 37.4195 134.362 20.8 9
2010 8 31 3 55 8.50904 39.5491 134.232 17.9 7
2010 8 31 3 56 37.4707 37.7105 134.699 11.9 6
2010 8 31 3 56 47.5974 37.4753 134.353 16.8 7
2010 8 31 3 56 56.4875 39.5635 134.325 15.3 6
2010 8 31 3 57 21.8457 37.6596 134.796 23.3 8
2010 8 31 3 57 23.1626 39.4951 134.263 5.7 5
2010 8 31 3 58 1.51859 38.3144 135.327 4.8 5
2010 8 31 3 58 15.2933 39.4988 134.276 22.1 5
2010 8 31 3 58 22.2439 39.4923 134.297 2.7 5
2010 8 31 3 58 22.3704 39.4728 134.299 4.5 5
2010 8 31 3 58 22.8882 39.5116 134.441 9 6
2010 8 31 3 58 28.1563 39.2772 134.348 11.1 6
2010 8 31 3 59 6.48075 39.5207 134.24 20.8 9
2010 8 31 3 59 6.53935 39.5712 134.239 9.8 5
2010 8 31 3 59 23.6418 37.7087 134.475 6.9 5
2010 8 31 3 59 23.7634 38.0574 134.791 4.6 6
2010 8 31 3 59 24.067 37.7127 134.521 20 7
2010 8 31 3 59 42.8814 38.3359 135.318 17.3 6
2010 8 31 3 59 42.9502 38.2778 135.351 1.1 5
2010 8 31 3 59 51.1515 39.5612 134.306 14.6 6
2010 8 31 3 59 51.8587 39.5648 134.261 11.7 5
2010 8 31 4 0 23.535 39.2418 134.373 8.7 6
2010 8 31 4 0 43.8425 39.5474 134.294 15.2 6
2010 8 31 4 0 43.8764 39.5468 134.309 17.6 5
2010 8 31 4 0 44.4418 39.5302 134.371 6.9 5
2010 8 31 4 1 14.0743 39.232 134.386 8.5 6
2010 8 31 4 1 31.328 39.2048 133.835 8.2 5
2010 8 31 4 1 52.2721 37.3086 134.572 23.5 11
2010 8 31 4 2 37.425 39.4919 134.311 17.7 5
2010 8 31 4 3 7.30097 39.5107 134.267 18.7 7
2010 8 31 4 3 7.46649 39.5008 134.253 15.1 5
2010 8 31 4 3 8.474 39.1286 133.708 19.9 5
2010 8 31 4 3 41.1976 39.4969 134.264 9.9 5
2010 8 31 4 3 41.2688 39.4893 134.253 17.2 6
2010 8 31 4 3 51.2038 39.6091 134.317 12.7 6
2010 8 31 4 4 15.2225 39.4637 134.267 5 5
2010 8 31 4 4 15.2648 39.4856 134.286 14.4 6
2010 8 31 4 4 40.3652 39.5005 134.287 21.1 7
2010 8 31 4 4 40.3992 39.4976 134.279 18.4 7
2010 8 31 4 4 40.4455 39.4871 134.295 18.9 6
2010 8 31 4 4 41.3624 39.419 134.204 11 6
2010 8 31 4 4 43.9072 38.3367 135.329 25.6 12
2010 8 31 4 4 43.9976 38.3286 135.302 19.1 7
2010 8 31 4 4 44.0507 38.4207 135.372 10.4 5
2010 8 31 4 4 44.1022 38.6115 134.983 19.4 5
2010 8 31 4 5 9.8491 39.2157 134.414 27.8 6
2010 8 31 4 5 9.87664 39.2455 134.441 18.5 6
2010 8 31 4 5 11.8907 37.6998 134.798 5 6
2010 8 31 4 5 46.6325 39.2754 133.805 11.2 5
2010 8 31 4 7 7.29324 38.3268 135.404 10.2 9
2010 8 31 4 7 7.35059 38.3687 135.381 23 10
2010 8 31 4 7 7.40664 38.3278 135.419 2.5 5
2010 8 31 4 7 7.49507 38.3653 135.447 1.4 5
2010 8 31 4 7 8.44425 39.5391 134.303 25.8 7
2010 8 31 4 7 33.6557 39.5153 134.389 16.3 7
2010 8 31 4 8 3.3079 39.5482 134.39 29.9 5
2010 8 31 4 8 9.0339 39.4738 134.315 11.5 6
2010 8 31 4 8 9.16329 39.5321 134.308 17.9 5
2010 8 31 4 8 24.0864 39.4828 134.309 18.6 5
2010 8 31 4 9 15.9848 39.5115 134.272 8.8 5
2010 8 31 4 9 33.1597 39.4946 134.313 16.4 5
2010 8 31 4 9 33.2235 39.4644 134.311 13.1 5
2010 8 31 4 9 33.3637 39.4802 134.312 17.7 5
2010 8 31 4 10 21.6761 38.3663 135.41 25.8 6
2010 8 31 4 10 25.4397 39.5001 134.311 10.1 6
2010 8 31 4 10 29.8327 39.49 134.283 13.6 5
2010 8 31 4 10 46.7768 39.5298 134.341 12 6
2010 8 31 4 10 54.8781 39.4973 134.428 7.7 5
2010 8 31 4 10 55.0383 39.6996 134.437 19.1 6
2010 8 31 4 10 55.1616 39.6675 134.431 17.1 6
2010 8 31 4 11 28.8168 39.5187 134.336 15.6 5
2010 8 31 4 11 29.0796 39.5126 134.291 2.7 5
2010 8 31 4 11 29.2053 39.4788 134.326 1.9 5
2010 8 31 4 12 11.2373 38.3747 135.376 5.6 5
2010 8 31 4 12 12.897 39.465 134.323 3.4 5
2010 8 31 4 12 13.4739 39.4971 134.378 8 6
2010 8 31 4 12 20.6565 39.08 133.952 15.5 6
2010 8 31 4 12 32.1655 39.4949 134.349 20.1 7
2010 8 31 4 13 4.41834 39.5107 134.348 19.7 5
2010 8 31 4 14 2.90309 39.5119 134.354 19.7 7
2010 8 31 4 14 3.00008 39.52 134.339 18.2 6
2010 8 31 4 14 17.8641 37.799 134.755 4.9 5
2010 8 31 4 14 17.8641 37.6272 134.844 2.9 5
2010 8 31 4 14 28.4422 39.5279 134.332 18.2 7
2010 8 31 4 14 28.5514 39.527 134.33 16.1 7
2010 8 31 4 15 9.88296 39.5304 134.347 21.1 6
2010 8 31 4 15 10.0166 39.5443 134.416 9.6 6
2010 8 31 4 15 10.1927 39.5173 134.323 16.2 6
2010 8 31 4 15 35.6203 38.3644 135.458 12.3 6
2010 8 31 4 16 28.9445 39.5353 134.379 20.2 6
2010 8 31 4 16 57.6349 38.3705 135.429 9.3 6
2010 8 31 4 17 4.26814 39.5915 134.338 26.5 7
2010 8 31 4 17 4.52174 39.4778 134.371 20.7 5
2010 8 31 4 17 55.4872 39.1087 133.942 23.9 7
2010 8 31 4 19 25.3288 39.5044 134.385 25.6 9
2010 8 31 4 19 39.9647 39.4416 134.333 11.5 5
2010 8 31 4 19 40.203 39.4504 134.299 11.4 6
2010 8 31 4 20 4.56313 39.5104 134.461 24.5 8
2010 8 31 4 20 4.713 39.4849 134.463 6.8 6
2010 8 31 4 20 34.6448 38.7238 136.019 16.1 5
2010 8 31 4 20 40.0607 39.5498 134.37 15.4 5
2010 8 31 4 20 43.8131 41.0993 138.787 19.8 5
2010 8 31 4 20 54.37 39.4476 134.346 28.3 8
2010 8 31 4 21 18.205 38.4396 135.407 25.3 7
2010 8 31 4 21 18.8845 38.4032 135.436 7.9 7
2010 8 31 4 22 6.17261 38.4062 135.433 15.9 6
2010 8 31 4 22 6.70619 39.5791 134.467 24.5 5
2010 8 31 4 22 6.74738 39.6127 134.454 21.3 7
2010 8 31 4 22 6.78751 39.5309 134.477 3.6 5
2010 8 31 4 22 6.83245 39.5848 134.456 18.5 5
2010 8 31 4 22 7.53283 39.5721 134.474 21.6 5
2010 8 31 4 22 13.502 39.4811 134.368 13.6 5
2010 8 31 4 22 13.5578 39.4771 134.361 10.6 6
2010 8 31 4 22 13.7858 39.4559 134.368 8.7 5
2010 8 31 4 23 1.40196 39.4718 134.384 17.4 6
2010 8 31 4 23 25.2819 39.4819 134.418 16.6 7
2010 8 31 4 23 35.2664 39.4911 134.398 17.8 5
2010 8 31 4 23 35.3928 39.5118 134.426 16.7 5
2010 8 31 4 24 8.39762 39.4933 134.353 7.5 5
2010 8 31 4 24 8.47287 39.4792 134.384 5 6
2010 8 31 4 24 22.3734 39.5935 134.418 7.8 5
2010 8 31 4 24 22.463 39.5064 134.368 19.2 6
2010 8 31 4 24 22.6917 39.5119 134.385 18.9 6
2010 8 31 4 24 23.0057 39.2796 134.111 23.2 5
2010 8 31 4 24 49.3644 39.5538 134.418 9.1 5
2010 8 31 4 25 13.6481 39.5407 134.525 19.7 5
2010 8 31 4 25 14.6857 39.5015 134.386 20.8 7
2010 8 31 4 25 52.9841 39.7016 134.145 6.2 5
2010 8 31 4 25 53.1456 39.4738 134.403 11.6 5
2010 8 31 4 25 53.2975 39.4926 134.389 17.4 5
2010 8 31 4 25 53.5904 39.5058 134.38 21.7 5
2010 8 31 4 25 53.876 39.467 134.407 8.9 5
2010 8 31 4 26 22.7962 39.5246 134.424 12.7 6
2010 8 31 4 26 46.2597 40.6596 133.279 23.3 5
2010 8 31 4 26 46.4555 39.4944 134.389 15.3 6
2010 8 31 4 26 46.6944 39.5325 134.404 16.7 6
2010 8 31 4 27 7.01982 38.3996 135.458 16.3 6
2010 8 31 4 27 8.92129 38.735 134.814 27.4 6
2010 8 31 4 27 8.9214 38.4526 135.151 14.3 7
2010 8 31 4 27 9.10578 38.3245 135.042 26.8 10
2010 8 31 4 27 10.2317 39.5672 134.228 17.8 5
2010 8 31 4 27 16.8969 39.7942 133.978 19 5
2010 8 31 4 28 22.139 39.4471 134.843 8.5 6
2010 8 31 4 28 24.1575 39.4786 134.432 16.9 5
2010 8 31 4 28 24.2055 39.541 134.451 19.9 6
2010 8 31 4 28 24.2632 39.4835 134.429 20 7
2010 8 31 4 28 28.3808 38.4153 135.47 14.4 8
2010 8 31 4 28 28.5441 38.4442 135.478 15.2 7
2010 8 31 4 28 41.2011 39.5101 134.378 10.8 5
2010 8 31 4 29 8.50854 39.4814 134.532 28.5 9
2010 8 31 4 29 8.60858 39.4604 134.384 25.8 6
2010 8 31 4 29 31.1882 39.5252 134.436 16 5
2010 8 31 4 29 31.3193 39.5115 134.421 22 5
2010 8 31 4 29 31.4711 39.4863 134.45 27.3 7
2010 8 31 4 29 31.9181 39.4912 134.399 23.5 5
2010 8 31 4 30 11.5297 39.4962 134.41 17.5 5
2010 8 31 4 30 16.2823 40.6453 137.667 19.7 6
2010 8 31 4 30 18.517 38.3603 135.404 9.4 6
2010 8 31 4 30 39.2323 39.545 134.449 26.2 8
2010 8 31 4 30 39.3982 39.7365 134.166 24 7
2010 8 31 4 31 10.9462 39.5078 134.571 28.9 6
2010 8 31 4 31 11.0121 39.5422 134.426 24.8 6
2010 8 31 4 31 11.081 39.9147 133.826 21.2 5
2010 8 31 4 31 11.3403 39.521 134.351 22.6 6
2010 8 31 4 31 45.6644 39.5255 134.421 19.8 8
2010 8 31 4 31 45.712 39.5019 134.402 9.7 5
2010 8 31 4 31 45.8257 39.5016 134.467 13.6 6
2010 8 31 4 32 9.74316 39.4871 134.434 19.7 5
2010 8 31 4 33 52.7653 39.6227 134.476 20.3 8
2010 8 31 4 34 8.98677 38.4861 135.534 14.2 6
2010 8 31 4 34 9.85978 38.697 135.103 20.1 6
2010 8 31 4 34 9.85988 38.333 135.614 5 5
2010 8 31 4 34 9.9955 38.4234 135.518 20.2 5
2010 8 31 4 34 32.364 40.3549 133.517 29 5
2010 8 31 4 34 32.4187 39.5567 134.523 28.2 6
2010 8 31 4 34 57.4942 39.5103 134.437 13.6 6
2010 8 31 4 34 59.23 39.551 134.919 20.3 5
2010 8 31 4 35 8.07068 39.5698 134.585 18.2 7
2010 8 31 4 35 38.659 39.5998 134.389 29.5 6
2010 8 31 4 35 38.7234 39.5446 134.565 12.8 6
2010 8 31 4 35 39.234 39.5065 134.454 10.3 5
2010 8 31 4 36 6.47687 38.3964 135.481 10.3 6
2010 8 31 4 36 6.56272 38.4141 135.477 6.8 7
2010 8 31 4 36 20.5236 39.2353 134.502 21.4 5
2010 8 31 4 36 43.3265 39.5356 134.489 4.5 5
2010 8 31 4 36 43.9725 39.5852 134.486 8.3 5
2010 8 31 4 37 34.5365 39.0871 133.946 24.3 6
2010 8 31 4 38 47.9515 39.5577 134.487 20.1 7
2010 8 31 4 39 28.7411 39.5661 134.495 16.9 6
2010 8 31 4 41 12.0302 39.5625 134.515 17.3 6
2010 8 31 4 41 15.0385 38.3631 135.576 13.9 9
2010 8 31 4 41 15.1889 38.3221 135.654 6 5
2010 8 31 4 41 30.2783 39.1619 133.939 21 6
2010 8 31 4 42 9.34642 39.6016 134.506 7.8 5
2010 8 31 4 42 9.40782 39.64 134.529 17.4 7
2010 8 31 4 42 9.46471 39.5763 134.492 8.9 5
2010 8 31 4 42 25.0062 39.1208 133.898 3.3 5
2010 8 31 4 43 28.4743 39.506 134.583 26.8 8
2010 8 31 4 43 48.8155 39.6163 134.918 25.4 7
2010 8 31 4 43 58.5515 38.4187 135.548 27 9
2010 8 31 4 44 13.1519 40.8021 138.257 19 6
2010 8 31 4 46 30.5231 39.1292 133.964 4.6 5
2010 8 31 4 46 30.5231 39.2185 133.941 5.2 5
2010 8 31 4 46 30.585 39.1861 133.94 17.9 7
2010 8 31 4 46 30.7067 39.1447 133.964 6.2 5
2010 8 31 4 46 30.9439 39.6525 134.565 20.1 6
2010 8 31 4 46 31.071 39.624 134.523 19.5 7
2010 8 31 4 46 31.1829 39.6495 134.492 4.1 5
2010 8 31 4 46 31.1829 39.5879 134.508 17.1 5
2010 8 31 4 46 59.7744 39.199 133.974 17.2 6
2010 8 31 4 46 59.9625 39.1327 133.946 16.9 5
2010 8 31 4 48 5.28602 39.7249 134.997 7.6 5
2010 8 31 4 48 46.3319 39.1965 133.984 18.1 7
2010 8 31 4 48 46.7069 39.1084 134.05 14.2 5
2010 8 31 4 49 4.84468 39.7647 133.919 25.8 6
2010 8 31 4 49 5.47847 39.282 134.207 20.5 7
2010 8 31 4 49 19.2641 39.1528 133.946 21.5 8
2010 8 31 4 49 41.5689 39.1867 133.984 19 6
2010 8 31 4 49 41.8517 39.2098 133.986 22 6
2010 8 31 4 50 12.723 39.1885 133.927 18.9 8
2010 8 31 4 50 16.0754 35.7279 129.498 17.3 5
2010 8 31 4 50 25.6121 39.4842 134.65 19.4 5
2010 8 31 4 51 1.00753 39.0914 134.256 21.4 5
2010 8 31 4 51 1.10989 39.3607 133.855 3 5
2010 8 31 4 51 34.2429 39.2255 133.956 20.1 7
2010 8 31 4 51 34.2591 39.1737 133.989 9.6 5
2010 8 31 4 51 38.9056 40.4997 136.104 15.9 5
2010 8 31 4 52 0.797549 39.2416 134.024 18.7 6
2010 8 31 4 52 9.24763 39.1926 134.035 7.9 5
2010 8 31 4 52 9.3364 39.1838 133.954 4.3 5
2010 8 31 4 54 43.1074 39.1748 134.085 25.7 5
2010 8 31 4 56 45.3036 39.1906 134.096 22.5 7
2010 8 31 5 4 53.4819 39.7105 134.593 21 7
2010 8 31 5 4 54.7432 39.173 134.123 24.1 7
2010 8 31 5 5 34.9403 39.1733 134.105 14 5
2010 8 31 5 7 16.6363 39.4684 133.645 19.4 5
2010 8 31 5 9 15.7757 39.2652 134.153 24.9 13
2010 8 31 5 10 55.331 39.1915 134.178 25.6 10
2010 8 31 5 12 28.315 35.8534 129.471 14.2 6
2010 8 31 5 13 18.605 39.2057 134.284 27 8
2010 8 31 5 15 1.48927 39.2066 134.181 24.1 5
2010 8 31 5 15 1.6853 39.1847 134.212 20 7
2010 8 31 5 16 42.7028 39.2049 134.193 26.8 8
2010 8 31 5 18 20.5881 39.2519 134.05 27.9 6
2010 8 31 5 18 20.678 39.2337 134.263 22.9 6
2010 8 31 5 18 20.7115 39.225 134.267 14.1 6
2010 8 31 5 20 16.3142 39.2506 134.23 23 8
2010 8 31 5 20 16.4063 39.2699 134.008 26.4 5
2010 8 31 5 20 53.0013 39.2391 134.262 23.6 11
2010 8 31 5 21 22.7652 35.7072 129.544 9.4 6
2010 8 31 5 21 22.9995 35.7158 129.48 5.3 5
2010 8 31 5 21 28.4528 39.286 134.17 19.6 6
2010 8 31 5 24 12.4809 39.3316 134.329 19.2 5
2010 8 31 5 24 12.5479 39.263 134.278 11.6 5
2010 8 31 5 26 16.9589 35.8119 129.527 1.9 5
2010 8 31 5 26 47.0885 39.2506 134.347 29.4 9
2010 8 31 5 26 47.0885 39.205 134.365 5.7 5
2010 8 31 5 28 53.1013 39.4186 134.059 19.8 6
2010 8 31 5 28 53.1452 39.4376 134.255 9.8 5
2010 8 31 5 39 14.6499 39.6911 134.602 7.5 5
2010 8 31 5 41 45.1315 35.9516 129.622 6.8 5
2010 8 31 5 55 19.1094 35.9541 129.448 12.7 6
2010 8 31 5 55 34.1706 39.0383 133.804 9 5
2010 8 31 5 59 21.5093 39.2986 133.87 7.5 5
2010 8 31 6 1 51.392 39.2539 133.865 25.4 7
2010 8 31 6 3 46.6536 35.6731 129.873 10 5
2010 8 31 6 6 39.0002 39.4619 133.649 16.7 5
2010 8 31 6 8 55.4436 39.2411 134.047 15.8 8
2010 8 31 6 8 55.445 39.2536 134.129 15.2 6
2010 8 31 6 13 42.0734 39.2639 134.048 22.7 8
2010 8 31 6 24 13.139 39.2797 134.168 22.1 11
2010 8 31 6 37 59.9104 36.1862 129.47 14 5
2010 8 31 6 38 59.3729 39.222 134.21 22.1 5
2010 8 31 6 40 34.962 37.7407 136.916 17.5 5
2010 8 31 6 41 17.4122 39.4864 133.971 7 5
2010 8 31 6 41 58.266 39.256 134.224 21.4 13
2010 8 31 6 43 41.9781 36.1463 129.45 6 5
2010 8 31 6 43 54.9775 39.2701 134.283 29.6 6
2010 8 31 6 45 26.4645 39.1798 133.74 15.9 6
2010 8 31 6 45 26.4645 39.1361 134.008 22.5 14
2010 8 31 6 45 26.5664 39.1277 133.977 19.7 6
2010 8 31 6 45 34.2209 39.3071 134.405 15 6
2010 8 31 6 49 22.7781 39.3126 134.391 17.8 6
2010 8 31 6 49 22.8475 39.259 134.277 9.2 6
2010 8 31 6 49 22.9953 39.3136 134.305 19.1 5
2010 8 31 6 49 23.0897 39.283 134.332 19.3 6
2010 8 31 6 49 58.7629 39.3315 134.356 17.8 5
2010 8 31 6 50 39.3973 39.3104 134.315 20.2 5
2010 8 31 6 51 27.3467 39.3101 134.355 26.2 5
2010 8 31 6 52 1.16876 39.3643 134.363 16.3 5
2010 8 31 6 52 1.23201 39.3048 134.318 14.6 5
2010 8 31 6 52 40.2309 39.3285 134.325 23.3 14
2010 8 31 6 52 40.428 39.348 134.368 14.9 6
2010 8 31 6 55 8.62185 39.5077 134.525 21 7
2010 8 31 6 55 8.62188 39.3783 134.755 27.8 5
2010 8 31 6 55 14.1005 39.2718 134.294 8.5 5
2010 8 31 6 55 54.8963 37.956 138.964 15.5 5
2010 8 31 6 56 8.72057 39.2891 134.402 20.6 8
2010 8 31 6 56 43.303 39.4168 134.56 12.9 5
2010 8 31 6 57 40.889 39.4732 134.293 23.9 6
2010 8 31 6 59 34.4704 39.3569 134.42 27.6 14
2010 8 31 7 0 42.5121 39.5871 134.309 15.7 5
2010 8 31 7 0 42.5122 39.3456 134.43 26 7
2010 8 31 7 1 53.542 39.2953 134.392 21.4 6
2010 8 31 7 1 53.591 39.3659 134.433 18.9 7
2010 8 31 7 3 32.1579 39.3982 134.374 24.6 11
2010 8 31 7 3 32.158 39.2123 134.331 21.9 6
2010 8 31 7 3 32.734 39.3649 134.421 27.2 7
2010 8 31 7 3 33.3268 39.394 134.444 14.6 5
2010 8 31 7 6 0.706059 39.3998 134.183 22.7 6
2010 8 31 7 6 0.706074 39.2633 134.465 13.4 7
2010 8 31 7 6 0.811276 39.2931 134.405 15.1 5
2010 8 31 7 6 0.887119 39.3373 134.396 22.6 12
2010 8 31 7 7 19.8055 39.367 134.417 20.5 12
2010 8 31 7 8 35.4809 39.3029 134.394 28.4 10
2010 8 31 7 10 9.58153 39.2994 134.507 19.2 8
2010 8 31 7 10 9.58153 39.3906 134.255 18.6 7
2010 8 31 7 10 9.68103 39.3768 134.54 20.2 6
2010 8 31 7 11 7.57693 39.3426 134.394 19.7 6
2010 8 31 7 11 7.57708 38.9568 134.427 29.4 5
2010 8 31 7 14 6.11334 39.3851 134.478 27 12
2010 8 31 7 14 6.11336 39.4372 134.467 20.1 5
2010 8 31 7 14 37.1334 39.439 134.165 25.2 6
2010 8 31 7 14 37.1335 39.3576 134.465 7.1 9
2010 8 31 7 14 37.1795 39.3899 134.545 20.9 6
2010 8 31 7 14 37.2179 39.4057 134.352 3.1 5
2010 8 31 7 16 19.2731 39.4056 134.397 23 6
2010 8 31 7 16 19.2731 39.3442 134.425 21.9 6
2010 8 31 7 16 19.3801 39.4075 134.498 17.7 8
2010 8 31 7 17 31.6984 39.3472 134.426 22.8 9
2010 8 31 7 18 12.3515 39.4194 134.511 20.2 6
2010 8 31 7 18 12.6422 39.4202 134.502 16 5
2010 8 31 7 18 12.7587 39.3824 134.473 21.7 5
2010 8 31 7 18 38.3863 39.3702 134.511 30 8
2010 8 31 7 18 38.444 39.3773 134.462 11.4 5
2010 8 31 7 18 38.9461 39.3907 134.534 8.7 5
2010 8 31 7 19 8.60515 39.3572 134.519 22.3 7
2010 8 31 7 19 8.67262 39.3964 134.48 14.9 9
2010 8 31 7 20 0.391787 39.3926 134.522 11.9 6
2010 8 31 7 21 26.184 39.5921 134.227 20 5
2010 8 31 7 21 27.1961 39.3897 134.561 15.9 6
2010 8 31 7 21 27.1961 39.3661 134.534 26.2 6
2010 8 31 7 21 27.2546 39.3829 134.508 16.1 5
2010 8 31 7 21 27.3418 39.643 134.106 8.3 5
2010 8 31 7 22 4.30595 39.351 134.532 21.8 5
2010 8 31 7 22 52.9124 39.3847 134.533 19.8 6
2010 8 31 7 22 53.1262 39.6001 134.903 24.2 5
2010 8 31 7 22 53.2126 39.3744 134.528 23.2 5
2010 8 31 7 23 50.1959 39.3638 134.474 19.1 8
2010 8 31 7 25 27.1342 39.3841 134.538 22.1 11
2010 8 31 7 26 8.88411 39.353 134.504 21.1 7
2010 8 31 7 27 22.8298 39.3378 134.526 21.8 7
2010 8 31 7 27 22.8649 39.307 134.544 6.9 6
2010 8 31 7 29 16.38 39.3783 134.621 28.1 11
2010 8 31 7 30 42.919 39.393 134.632 20.5 6
2010 8 31 7 30 42.9585 39.4088 134.856 20.2 5
2010 8 31 7 32 23.543 39.4122 134.368 18.7 6
2010 8 31 7 32 23.6635 39.3627 134.569 19.4 8
2010 8 31 7 52 2.73713 38.2382 139.249 10.8 5
2010 8 31 10 17 37.2523 40.3861 137.869 28.3 5
2010 8 31 10 19 1.50093 40.4594 137.846 15.5 5
2010 8 31 10 20 2.28919 40.3873 137.917 12 5
2010 8 31 11 12 44.8086 41.328 139.906 14.7 6
2010 8 31 11 23 28.8005 41.3921 139.935 23.7 6
2010 8 31 12 23 11.4737 41.3247 139.904 17 8
2010 8 31 15 49 39.8973 40.9619 139.969 17.9 5
2010 8 31 15 59 34.6418 41.1069 140.048 5.2 6
2010 8 31 15 59 34.7383 41.0405 140.065 26.3 9
2010 8 31 16 1 1.28142 41.1858 140.076 17.1 9
2010 8 31 16 5 39.4531 41.1533 140.1 22.1 7
2010 8 31 16 7 39.6998 41.0796 140.071 28.6 6
2010 8 31 16 53 12.25 41.5346 139.881 25.7 6
2010 8 31 18 22 34.6575 40.9433 139.926 23.4 9
2010 8 31 18 26 11.0417 41.4719 139.59 15.8 5
2010 8 31 18 26 11.0419 40.8896 139.931 14.5 6
2010 8 31 18 26 11.1233 41.0142 139.953 29.8 9
2010 8 31 18 26 11.1837 40.9579 139.991 16.1 6
2010 8 31 18 26 57.9265 40.9261 140.055 22.5 6
2010 8 31 18 29 21.1269 41.021 140.1 24.4 9
2010 8 31 18 29 21.2621 41.0269 140.046 20.8 5
2010 8 31 18 29 57.4952 40.953 140.046 22.8 9
2010 8 31 18 30 15.4753 41.0449 140.017 27.4 6
2010 8 31 18 30 15.5613 41.1523 140.006 19.9 5
2010 8 31 18 31 0.412112 40.9305 140.091 10.8 5
2010 8 31 18 33 4.87118 40.9987 140.082 29.4 9
2010 8 31 18 33 38.1705 41.0327 140.053 24.4 9
2010 8 31 18 33 38.2763 41.0564 140.043 23.1 7
2010 8 31 18 33 38.774 41.0789 140.023 26.9 8
2010 8 31 18 34 4.71237 41.0257 140.075 20.8 6
2010 8 31 18 34 54.7597 41.041 140.056 25.4 9
2010 8 31 18 35 26.2906 40.9846 139.901 15.4 5
2010 8 31 18 35 33.964 41.004 140.095 22.2 12
2010 8 31 18 36 8.30433 40.894 139.959 8.3 5
2010 8 31 18 36 16.1173 41.0913 140.069 5.4 5
2010 8 31 18 36 46.2812 41.0022 140.071 22.9 9
2010 8 31 18 37 59.7257 41.0003 140.052 20.3 5
2010 8 31 18 38 0.845572 40.9635 140.013 27.5 9
2010 8 31 18 39 30.9081 40.9231 140.016 18.8 9
2010 8 31 18 41 11.1992 40.9684 140.083 12.8 5
2010 8 31 18 43 32.0526 40.9805 140.005 15.5 8
2010 8 31 18 49 9.10906 40.9278 140.019 19.2 5
2010 8 31 19 1 32.9178 40.9935 140.078 18.9 6
2010 8 31 19 2 5.37029 41.0125 140.095 17.2 10
2010 8 31 19 2 5.68044 40.978 139.976 15 5
2010 8 31 19 2 38.3627 40.933 140.072 8.5 5
2010 8 31 19 2 38.7715 41.027 140.088 15.9 5
2010 8 31 19 2 51.8124 40.9471 140.097 20.1 6
2010 8 31 19 3 35.6873 40.9796 140.099 12.5 5
2010 8 31 19 8 5.3052 40.9625 140.071 17.5 5
2010 8 31 19 8 5.43801 41.039 140.09 20.3 5
2010 8 31 19 8 5.61262 40.9677 140.019 18.4 5
2010 8 31 19 10 2.77966 41.0095 140.015 14.5 9
2010 8 31 19 10 2.90786 40.9968 140.086 16.9 5
2010 8 31 19 10 3.05841 41.0222 140.082 26.2 6
2010 8 31 19 58 42.3637 40.9854 139.969 5.3 5
2010 8 31 19 58 42.3637 40.9855 140.023 11 5
2010 8 31 19 58 42.4159 40.979 140.032 11.7 5
2010 8 31 20 1 33.0407 40.9684 140.041 9.8 6
2010 8 31 20 2 26.3895 41.0203 140.099 11.6 5
2010 8 31 20 14 33.0273 40.973 140.1 16.2 5
2010 8 31 20 22 30.5565 40.9871 140.091 9.4 5
2010 8 31 20 53 32.2988 40.1296 137.064 24.2 5
2010 8 31 20 55 59.428 40.1329 137.107 11.7 5
2010 8 31 20 55 59.5725 40.0845 137.112 8 5
2010 8 31 20 59 34.6432 40.1583 137.117 14.9 9
2010 8 31 20 59 34.7021 40.1457 137.111 21.5 7
2010 8 31 21 0 52.5546 40.1592 137.113 11.1 7
2010 8 31 21 0 52.6385 40.147 137.173 8.1 5
2010 8 31 22 30 29.7303 40.9219 140.072 27.7 6
