2010 9 1 0 28 26.0856 46.0903 139.38 7.5 5
2010 9 1 1 27 5.03836 50.0236 141.754 11.9 6
2010 9 1 1 28 40.0751 50.6463 140.626 11.4 7
2010 9 1 1 28 40.0995 50.6901 140.624 15.8 7
2010 9 1 1 59 45.1662 50.6449 140.883 11.3 5
2010 9 1 2 26 54.6461 51.2054 141.057 9.2 5
2010 9 1 3 31 14.5438 50.0675 141.801 7.1 6
2010 9 1 3 36 38.9626 50.307 141.722 14.6 8
2010 9 1 3 47 39.2043 50.0208 141.873 10.8 6
2010 9 1 3 49 8.06387 50.0414 141.882 13.6 8
2010 9 1 3 49 40.1539 50.0438 141.924 7.4 6
2010 9 1 3 49 57.7419 50.1926 141.952 2.5 5
2010 9 1 3 51 23.6293 50.0398 141.88 5.6 5
2010 9 1 3 51 23.6665 50.0157 141.919 13.9 6
2010 9 1 3 51 23.7134 50.0509 141.998 6.9 5
2010 9 1 3 53 0.718482 51.832 141.433 1.6 5
2010 9 1 3 53 0.765388 51.8108 141.466 20.4 5
2010 9 1 3 56 26.0768 51.7944 141.4 14.5 9
2010 9 1 3 56 26.1233 51.7829 141.383 6.4 5
2010 9 1 4 8 42.7621 51.8422 141.539 14.1 8
2010 9 1 4 19 33.0467 51.0105 141.028 4.9 5
2010 9 1 4 23 16.1444 50.9294 140.929 4 5
2010 9 1 4 40 2.32782 51.0916 141.276 3.6 5
2010 9 1 4 45 27.535 50.9913 141.223 14.8 8
2010 9 1 5 34 38.8788 45.653 140.616 14.6 5
2010 9 1 14 37 40.9316 39.1243 129.089 20.3 6
2010 9 1 15 9 2.99172 39.2044 129.132 17.2 7
2010 9 1 15 9 3.04189 39.1688 129.105 15 5
2010 9 1 15 9 3.09195 39.1894 129.114 15.5 6
2010 9 1 15 24 4.11226 39.2551 129.384 9 5
2010 9 1 15 27 6.55962 39.2122 129.164 15.5 7
2010 9 1 15 29 58.3413 39.212 129.188 22 6
2010 9 1 15 29 58.5614 39.2771 129.133 19.5 10
2010 9 1 15 39 3.34016 39.3064 129.141 9.8 8
2010 9 1 15 39 3.51741 39.2989 129.244 17.7 5
2010 9 1 15 42 2.89996 39.3117 129.058 19.9 5
2010 9 1 15 44 53.2385 39.3694 129.148 12.9 6
2010 9 1 15 47 23.4167 39.2502 129.124 20.5 7
2010 9 1 15 49 56.2241 39.3004 129.104 8.5 6
2010 9 1 15 50 36.5346 39.3101 129.242 14.5 5
2010 9 1 15 54 2.22304 39.312 129.11 21.4 8
2010 9 1 15 55 37.5656 39.3212 129.149 15.9 5
2010 9 1 15 56 24.9334 39.3936 129.183 13.3 6
2010 9 1 15 59 24.96 39.3628 129.206 11.3 7
2010 9 1 15 59 25.3143 39.3305 129.152 18.2 5
2010 9 1 15 59 56.4745 39.0647 129.076 16.8 7
2010 9 1 16 0 14.6999 39.4213 129.188 15.7 5
2010 9 1 16 0 14.7262 39.3276 129.255 21.6 5
2010 9 1 16 0 14.7927 39.4147 129.212 17.7 7
2010 9 1 16 0 14.847 39.435 129.256 9.3 6
2010 9 1 16 2 13.9175 39.4301 129.199 19 13
2010 9 1 16 2 14.1261 39.5232 129.074 7.1 5
2010 9 1 16 3 9.11154 39.4396 129.193 14.2 5
2010 9 1 16 3 56.0867 39.2769 129.205 20.6 5
2010 9 1 16 4 14.6035 39.3776 129.201 16.4 8
2010 9 1 16 4 14.7428 39.411 129.243 19.5 5
2010 9 1 16 4 14.9415 39.3772 129.2 5.7 6
2010 9 1 16 4 47.1531 39.4366 129.329 11.4 6
2010 9 1 16 6 36.7687 39.3289 129.138 18.5 11
2010 9 1 16 7 9.37999 39.3625 129.173 12.5 6
2010 9 1 16 8 31.6713 39.3788 129.142 14 8
2010 9 1 16 8 38.6596 39.5397 128.966 8.4 5
2010 9 1 16 8 38.9963 39.3521 129.16 19.1 7
2010 9 1 16 9 21.0341 39.3759 129.198 21.6 5
2010 9 1 16 9 21.2504 39.3128 129.253 16.7 5
2010 9 1 16 10 1.3445 39.3946 129.153 17.8 7
2010 9 1 16 10 12.6713 39.1245 129.115 19.4 5
2010 9 1 16 11 10.3609 39.3209 129.186 26.9 7
2010 9 1 16 13 16.7584 39.4386 129.36 10.1 5
2010 9 1 16 13 16.7584 39.2813 129.109 14 5
2010 9 1 16 13 16.8308 39.4256 129.188 20.8 6
2010 9 1 16 13 16.9204 39.403 129.192 24.8 5
2010 9 1 16 13 37.1984 39.4191 129.234 13.7 7
2010 9 1 16 14 6.63513 39.127 129.043 21.3 7
2010 9 1 16 15 30.2227 39.1339 129.145 19.5 6
2010 9 1 16 16 21.8347 39.3226 129.18 9.6 7
2010 9 1 16 16 22.3183 39.3725 129.23 27.6 8
2010 9 1 16 17 42.1789 39.3736 129.189 23.7 10
2010 9 1 16 20 23.7492 39.5583 129.308 24.4 12
2010 9 1 16 20 23.8146 39.5998 129.934 23.4 5
2010 9 1 16 20 23.8608 39.5467 129.475 18.3 6
2010 9 1 16 20 23.9346 39.5466 129.352 15.2 7
2010 9 1 16 20 24.1014 39.5447 129.33 19.4 5
2010 9 1 16 21 27.1731 39.2153 129.299 24.9 6
2010 9 1 16 22 6.02755 39.1699 129.112 20.2 6
2010 9 1 16 24 8.21744 39.1059 129.189 17.8 5
2010 9 1 16 26 15.0926 39.2017 129.157 17.5 5
2010 9 1 16 27 9.58343 39.2674 129.195 19.8 6
2010 9 1 16 28 9.98336 39.2231 129.512 13.4 5
2010 9 1 16 31 20.5205 39.2394 129.224 14.5 8
2010 9 1 16 31 43.4128 39.4658 129.326 15.8 6
2010 9 1 16 32 55.6747 39.3932 129.269 20.2 6
2010 9 1 16 34 32.713 39.5989 129.293 24 10
2010 9 1 16 34 32.7637 39.5399 129.619 16.9 5
2010 9 1 16 34 32.8073 39.5723 129.283 21.3 7
2010 9 1 16 41 6.56726 39.2785 129.113 22.3 7
2010 9 1 16 41 6.67146 39.3237 129.156 22.7 5
2010 9 1 16 41 55.5257 39.4815 129.252 21.1 10
2010 9 1 16 41 55.975 39.3797 129.287 18.5 5
2010 9 1 16 46 9.83956 39.3157 129.24 26.9 8
2010 9 1 16 46 10.004 39.3189 129.303 27.9 6
2010 9 1 16 47 27.7434 39.568 129.231 18.3 8
2010 9 1 17 7 29.1837 39.2986 129.209 18.4 5
2010 9 1 17 24 26.4245 39.4624 129.326 21.1 6
2010 9 1 17 24 26.538 39.4417 129.328 28 5
2010 9 1 17 31 52.5658 39.7765 129.475 23.7 12
2010 9 1 17 33 6.66874 40.2892 129.362 13.6 7
2010 9 1 17 51 14.6716 40.3328 128.838 5.2 5
2010 9 1 17 51 14.6718 39.7761 129.428 19.6 5
2010 9 1 18 2 48.4044 39.7293 129.285 19.3 11
2010 9 1 18 4 11.8921 39.5732 129.273 21.1 8
2010 9 1 18 6 4.93124 39.604 129.206 14.1 6
2010 9 1 18 6 9.35505 39.6068 129.236 19.6 10
2010 9 1 18 7 7.52141 39.5796 129.239 18.1 7
2010 9 1 18 7 41.0592 39.4493 129.293 22.6 6
2010 9 1 18 9 37.0235 39.6326 129.291 19 9
2010 9 1 18 9 37.1441 39.6477 129.312 20 6
2010 9 1 18 10 22.2168 39.6272 129.365 15.5 6
2010 9 1 18 10 22.3839 39.6238 129.239 22.9 10
2010 9 1 18 11 41.2444 39.1023 129.46 27.2 5
2010 9 1 18 13 6.33854 39.6006 129.338 18.9 5
2010 9 1 18 35 34.9869 40.4781 130.618 12.7 7
2010 9 1 18 39 23.9739 40.4502 132.025 12.3 5
2010 9 1 18 47 18.371 39.2359 129.615 20.2 5
2010 9 1 18 49 5.95282 39.3463 129.502 1.7 5
2010 9 1 18 54 39.2419 40.4618 130.595 21.6 10
2010 9 1 18 56 32.1868 40.5632 132.269 16.7 9
2010 9 1 19 5 14.3069 39.6867 129.329 21.7 11
2010 9 1 19 13 33.4296 40.5587 130.758 12.5 9
2010 9 1 19 16 2.94991 39.3825 129.46 21 5
2010 9 1 19 16 46.7995 40.5959 130.842 16.4 5
2010 9 1 19 17 50.4809 39.4108 129.527 15.7 6
2010 9 1 19 20 43.6808 40.7666 132.325 13.3 7
2010 9 1 19 22 33.4346 40.7051 133.273 17.3 9
2010 9 1 19 30 59.6756 40.6924 130.776 18.8 6
2010 9 1 19 32 46.0262 40.7871 132.401 16.1 5
2010 9 1 19 33 58.5676 40.8528 132.839 10.5 5
2010 9 1 19 39 29.6565 39.5782 129.591 20.1 5
2010 9 1 19 44 47.3839 41.0121 132.579 23.5 7
2010 9 1 20 14 25.9483 40.0363 129.647 9.9 5
2010 9 1 20 17 55.8683 40.9345 133.535 3.5 5
2010 9 1 20 20 30.5465 39.7098 129.599 22.3 5
2010 9 1 20 21 54.5333 39.7773 129.6 15.6 5
2010 9 1 20 23 1.11865 39.7736 129.615 18.8 6
2010 9 1 20 48 5.4363 40.9184 130.875 7.4 5
2010 9 1 21 56 5.92297 40.4609 132.272 15.4 5
2010 9 1 22 12 24.1845 40.464 132.326 6.3 5
2010 9 1 22 12 24.3383 40.552 132.285 11.3 5
2010 9 1 22 17 42.8185 40.4727 132.263 18.8 5
2010 9 1 22 18 44.0055 40.472 132.31 7.8 5
2010 9 1 22 18 44.0876 40.4732 132.291 4 5
2010 9 1 22 20 26.3909 40.4496 132.335 8.5 5
2010 9 1 22 20 54.0327 41.744 132.753 20.2 6
2010 9 1 22 21 10.5104 40.587 132.134 4.1 5
2010 9 1 22 21 13.1626 40.4731 132.295 20.2 5
2010 9 1 22 22 6.62947 40.4577 132.325 8.2 5
2010 9 1 22 22 39.4735 40.4815 132.306 15.7 5
2010 9 1 22 22 39.6669 40.4687 132.258 19.7 5
2010 9 1 22 23 27.8608 40.5128 132.301 19.9 6
2010 9 1 22 24 7.90561 40.5619 131.801 9.4 5
2010 9 1 22 25 31.9656 40.5405 132.372 16.5 5
2010 9 1 22 26 54.9049 40.4748 131.85 8.2 5
2010 9 1 22 28 29.0586 40.516 132.333 12.8 5
2010 9 1 22 28 29.3197 40.5389 132.326 13.8 6
2010 9 1 22 28 42.5159 41.8553 132.87 6.8 5
2010 9 1 22 30 9.28711 40.5 132.318 5.1 5
2010 9 1 22 30 57.3998 40.5251 132.306 4.3 5
2010 9 1 22 33 23.9264 40.512 132.358 11.5 5
2010 9 1 22 33 34.5622 41.8099 132.812 15 6
2010 9 1 22 34 32.1301 40.5498 132.327 16.6 5
2010 9 1 22 36 35.7753 40.547 132.329 15.5 7
2010 9 1 22 38 24.2721 40.5651 132.4 8 5
2010 9 1 22 39 30.2633 40.5841 132.39 7.4 5
2010 9 1 22 39 30.3736 40.5873 132.361 17.4 6
2010 9 1 22 39 30.6092 40.5616 132.39 8.2 5
2010 9 1 22 39 30.6877 40.5867 132.362 15 6
2010 9 1 22 41 6.94212 40.5871 132.436 9.9 6
2010 9 1 22 45 49.7817 40.5605 131.856 5.4 5
2010 9 1 22 48 0.716904 40.5923 131.911 9.5 5
2010 9 1 22 49 25.2787 41.6802 131.773 18.8 6
2010 9 1 22 49 25.4068 41.669 131.824 6.8 6
2010 9 1 22 52 17.0864 40.5943 131.868 10.8 5
2010 9 1 22 52 17.1104 40.5728 131.852 8.1 5
2010 9 1 23 0 2.89079 41.5949 132.246 18.9 5
2010 9 1 23 3 7.74746 40.5898 131.866 12.5 5
2010 9 1 23 16 52.8064 35.5972 129.81 16 6
2010 9 1 23 18 4.58477 40.9392 132.121 8.2 6
2010 9 1 23 18 20.6767 35.6397 129.834 11.9 5
2010 9 1 23 21 11.1019 35.5968 129.801 6.3 5
2010 9 1 23 22 26.1642 35.656 129.879 13.1 5
2010 9 1 23 23 57.7314 40.8731 132.096 15.3 9
2010 9 1 23 26 43.79 41.2098 131.571 12.6 5
2010 9 1 23 28 47.4663 41.0412 131.793 16 6
2010 9 1 23 32 9.31417 40.8799 132.209 16.2 5
2010 9 1 23 32 9.49472 40.9802 132.152 4.1 5
2010 9 1 23 38 36.7869 40.8351 132.513 9.8 5
2010 9 1 23 42 41.9457 40.9279 132.827 16.5 5
2010 9 1 23 42 45.1786 40.922 131.508 16.4 5
2010 9 1 23 46 23.1227 40.9626 132.858 28.7 8
2010 9 1 23 52 24.1355 41.5518 134.613 11.2 5
2010 9 1 23 52 24.4958 41.6917 134.545 17.2 6
2010 9 1 23 52 24.8096 41.7754 134.61 28.8 6
2010 9 1 23 52 33.2959 35.1043 129.48 20.1 6
2010 9 1 23 59 18.4485 41.5424 134.604 10.9 5
2010 9 2 0 2 19.0164 40.8763 132.488 2.3 5
2010 9 2 0 2 33.757 41.566 134.62 16.9 7
2010 9 2 0 3 8.6601 41.5812 134.711 10.6 5
2010 9 2 0 3 36.1386 41.5401 134.7 4.7 5
2010 9 2 0 3 55.6451 41.5725 134.634 11.2 6
2010 9 2 0 5 51.8192 41.4859 134.694 6.7 5
2010 9 2 0 6 54.1707 41.5395 134.662 19.8 5
2010 9 2 0 9 1.91188 41.5505 134.748 7.8 5
2010 9 2 0 10 59.9995 41.2949 132.854 11.6 5
2010 9 2 0 11 8.43437 41.5494 134.709 2.6 5
2010 9 2 0 11 8.56709 41.5483 134.731 11.9 6
2010 9 2 0 12 18.657 41.5976 134.722 18.3 6
2010 9 2 0 13 22.2726 41.5432 134.745 15.9 6
2010 9 2 0 13 22.3406 41.5762 134.731 16.1 6
2010 9 2 0 13 22.4297 41.5814 134.728 16.9 7
2010 9 2 0 16 11.5164 35.1347 129.654 23.9 5
2010 9 2 0 20 15.3999 41.8312 133.346 7 6
2010 9 2 0 21 48.887 41.8699 133.483 7.1 5
2010 9 2 0 24 56.3607 41.5994 134.783 17.3 6
2010 9 2 0 27 29.1952 41.7086 134.716 16 9
2010 9 2 0 27 46.8554 41.933 133.364 17.6 6
2010 9 2 0 33 55.9966 41.8308 133.171 17.7 5
2010 9 2 0 37 0.818152 41.8551 133.147 19.7 6
2010 9 2 0 37 13.3216 42.0376 133.5 19.2 6
2010 9 2 0 37 26.2494 40.9666 132.524 3.9 5
2010 9 2 0 40 12.2976 41.2382 132.824 8 5
2010 9 2 0 44 12.3151 41.2906 132.806 7.3 5
2010 9 2 0 46 37.7722 41.2562 132.867 6.9 5
2010 9 2 0 46 54.9587 41.0603 132.581 9.3 6
2010 9 2 0 48 10.2071 41.2462 132.809 8.4 5
2010 9 2 0 48 10.2344 41.2936 132.713 4 5
2010 9 2 0 48 10.295 41.2866 132.764 25.7 8
2010 9 2 0 49 51.6501 41.068 132.707 27.7 7
2010 9 2 0 49 51.6863 41.0863 132.696 9.9 6
2010 9 2 0 52 38.6914 41.9019 135.033 17.1 6
2010 9 2 1 0 2.77055 41.2608 132.807 14.7 6
2010 9 2 1 4 2.29262 41.8376 133.311 2.8 5
2010 9 2 1 4 4.84814 41.2365 132.812 15.6 5
2010 9 2 1 5 59.5242 41.2924 132.798 11.3 5
2010 9 2 1 6 29.4374 41.2904 132.779 14.4 6
2010 9 2 1 9 18.4623 42.1863 133.648 20 6
2010 9 2 1 9 40.8095 41.0856 132.635 8.5 5
2010 9 2 1 10 6.28321 41.3165 132.807 15.8 5
2010 9 2 1 12 22.7129 41.3378 132.808 11 5
2010 9 2 1 12 36.8361 41.149 132.665 15.2 6
2010 9 2 1 12 36.9033 41.1173 132.676 11 6
2010 9 2 1 12 41.4967 41.3797 132.868 17.5 5
2010 9 2 1 14 30.4052 41.3108 132.74 17.6 5
2010 9 2 1 18 6.58878 41.3162 132.833 6.3 5
2010 9 2 1 18 24.7518 41.3296 132.782 9.9 5
2010 9 2 1 19 5.55447 41.3509 132.824 17 6
2010 9 2 1 19 7.01217 42.0071 135.262 17.8 6
2010 9 2 1 19 45.4497 41.5166 132.91 5.9 5
2010 9 2 1 20 26.548 41.342 132.833 7.2 5
2010 9 2 1 21 40.5538 41.3225 132.818 7.9 6
2010 9 2 1 21 40.6502 41.3332 132.797 9.3 6
2010 9 2 1 23 30.4543 41.3699 132.836 6.2 5
2010 9 2 1 27 41.3253 41.1883 132.704 10.5 6
2010 9 2 1 28 24.4197 41.3386 132.816 9.3 6
2010 9 2 1 40 5.92701 42.3264 134.002 15.5 5
2010 9 2 1 41 48.9705 41.3173 132.85 9.4 6
2010 9 2 1 45 0.243481 42.273 133.922 12 5
2010 9 2 2 2 47.5419 41.4323 132.855 14.8 6
2010 9 2 2 5 56.1479 41.4115 132.875 8.4 5
2010 9 2 2 7 28.4602 41.4275 132.899 17.9 5
2010 9 2 2 8 15.4229 41.4537 132.913 14.3 5
2010 9 2 2 8 39.5919 41.4789 132.887 17.5 5
2010 9 2 2 8 44.1241 41.4444 132.9 7.8 6
2010 9 2 2 9 22.3059 41.5076 132.83 19.4 5
2010 9 2 2 9 42.1147 41.4576 132.917 16.7 5
2010 9 2 2 9 58.2305 41.472 132.904 26.8 5
2010 9 2 2 10 14.2162 41.4588 132.856 4.6 5
2010 9 2 2 10 42.4552 41.4856 132.912 18.9 6
2010 9 2 2 10 57.349 41.4386 132.935 10.1 5
2010 9 2 2 11 9.19228 41.4693 132.901 4.1 5
2010 9 2 2 11 35.3128 41.516 132.889 13.8 5
2010 9 2 2 11 57.3961 41.4992 132.891 10 5
2010 9 2 2 12 4.03874 42.4656 134.151 12.9 8
2010 9 2 2 12 25.6397 41.4781 132.917 10.7 6
2010 9 2 2 12 41.8289 41.4851 132.915 18.7 7
2010 9 2 2 12 55.3464 41.5069 132.916 15.7 5
2010 9 2 2 12 56.3007 41.6881 132.904 18.4 5
2010 9 2 2 13 14.2412 41.4281 132.939 11.7 5
2010 9 2 2 14 40.1318 42.6233 134.196 8.6 5
2010 9 2 2 15 4.75828 41.5128 132.91 6 5
2010 9 2 2 15 58.0889 41.4784 132.937 25.9 6
2010 9 2 2 16 13.1101 41.4233 132.942 10.6 5
2010 9 2 2 17 42.5891 41.5075 132.888 16.8 7
2010 9 2 2 17 56.1798 41.5032 132.909 13.9 6
2010 9 2 2 18 14.098 41.5158 132.956 21.6 5
2010 9 2 2 18 14.2011 41.3853 133.16 22.2 5
2010 9 2 2 18 14.211 41.5057 132.933 20.8 5
2010 9 2 2 18 31.5943 41.5286 132.926 16 6
2010 9 2 2 18 31.731 41.5329 132.93 17.8 6
2010 9 2 2 18 41.3174 41.6511 132.884 4.2 5
2010 9 2 2 18 41.4156 41.6548 132.891 4 5
2010 9 2 2 18 52.891 41.5223 132.982 22.9 8
2010 9 2 2 19 15.8644 41.4687 132.982 3.1 5
2010 9 2 2 19 29.2886 41.4635 133.042 24.7 6
2010 9 2 2 19 43.8394 41.4799 133.052 10.5 5
2010 9 2 2 20 17.4534 41.491 132.99 13 5
2010 9 2 2 20 17.9005 41.4869 132.981 14.3 6
2010 9 2 2 21 28.5137 41.5569 133.061 19.6 5
2010 9 2 2 21 58.6853 42.8973 134.34 29.5 5
2010 9 2 2 21 58.6853 42.6921 134.237 8.4 6
2010 9 2 2 22 17.0293 41.619 133.256 20 5
2010 9 2 2 23 15.5384 41.6871 132.399 11.3 6
2010 9 2 2 23 15.5766 41.4224 132.857 5.5 5
2010 9 2 2 23 51.3951 41.532 133.083 25.6 9
2010 9 2 2 23 51.4791 41.5244 133.056 10.8 5
2010 9 2 2 24 50.0963 41.5787 133.017 3 5
2010 9 2 2 25 8.57222 41.4204 132.846 7.2 6
2010 9 2 2 25 28.8983 41.5418 133.132 3.4 6
2010 9 2 2 25 29.1232 41.5471 133.151 9.1 6
2010 9 2 2 25 29.4277 41.5687 133.08 6.7 5
2010 9 2 2 26 49.8135 41.4838 132.939 25.2 5
2010 9 2 2 26 50.0843 41.4913 132.908 20.8 5
2010 9 2 2 28 28.8726 41.5209 132.973 14.1 5
2010 9 2 2 30 24.3137 41.575 133.086 7.5 5
2010 9 2 2 30 42.6186 41.5569 132.942 12.1 6
2010 9 2 2 30 43.4767 41.4227 132.897 5.1 5
2010 9 2 2 30 51.5061 41.5489 132.988 22 6
2010 9 2 2 31 4.7765 41.5405 132.969 9.4 6
2010 9 2 2 31 48.4849 41.4629 132.91 19.2 6
2010 9 2 2 31 49.7683 41.5297 132.997 11.3 6
2010 9 2 2 32 14.872 41.5415 133.004 9.4 5
2010 9 2 2 32 34.9266 41.5434 132.985 6.5 5
2010 9 2 2 32 44.3084 41.5811 132.995 28.3 6
2010 9 2 2 33 55.7964 41.5642 132.974 14.9 5
2010 9 2 2 34 20.8015 41.5563 132.991 21.6 5
2010 9 2 2 34 20.9891 41.5933 132.941 9.1 5
2010 9 2 2 34 43.8916 41.6021 133.046 9.8 5
2010 9 2 2 34 55.6921 41.5707 132.941 7.6 6
2010 9 2 2 35 16.6195 41.5446 133.123 27.6 5
2010 9 2 2 35 26.259 41.5485 132.987 12.1 6
2010 9 2 2 35 43.6815 41.5199 132.984 8.1 5
2010 9 2 2 35 43.8407 41.6583 132.951 18.8 6
2010 9 2 2 36 49.464 41.478 132.888 9.5 6
2010 9 2 2 37 49.7333 41.6188 133.023 25 8
2010 9 2 2 38 35.1524 41.6012 133.033 3.6 5
2010 9 2 2 38 35.1921 41.6334 132.973 16 5
2010 9 2 2 38 56.4206 41.5286 132.942 19.2 7
2010 9 2 2 39 11.7118 41.5841 132.999 14.2 5
2010 9 2 2 39 57.417 41.4728 132.946 9.7 5
2010 9 2 2 39 57.5696 41.4813 132.903 6.9 5
2010 9 2 2 40 0.625935 41.5984 133.105 10.4 6
2010 9 2 2 40 0.740888 41.5986 133.068 24.7 7
2010 9 2 2 40 17.6662 41.5952 132.986 10.8 6
2010 9 2 2 41 4.30187 41.5152 132.976 21 5
2010 9 2 2 41 7.79105 41.7086 133.085 17.4 8
2010 9 2 2 41 39.6922 41.6055 133.047 12.2 5
2010 9 2 2 42 37.2428 41.6367 133.024 7.6 6
2010 9 2 2 44 26.0458 41.4769 132.959 13.1 5
2010 9 2 2 50 25.1411 41.521 133.028 9.4 6
2010 9 2 2 51 52.6321 41.476 133.039 11.1 6
2010 9 2 2 53 2.9125 41.5414 132.961 15.8 7
2010 9 2 2 54 7.28585 41.4941 133.022 10.6 5
2010 9 2 2 54 37.8358 41.5492 133 16.5 6
2010 9 2 2 54 37.9488 41.5464 132.956 7.2 6
2010 9 2 2 54 52.7925 41.4999 133.089 15.5 5
2010 9 2 2 54 52.8747 41.4857 133.055 5.4 5
2010 9 2 2 55 4.7778 41.5507 132.995 19.8 6
2010 9 2 2 55 13.4277 41.5242 133.096 19.5 5
2010 9 2 2 56 17.1517 41.5463 133.041 14.9 5
2010 9 2 2 56 55.547 41.5628 133.073 20.7 5
2010 9 2 2 58 22.5606 41.5666 133.01 13.1 7
2010 9 2 2 58 47.0291 41.56 133.02 16.5 5
2010 9 2 2 58 50.1053 41.5834 132.996 14.3 7
2010 9 2 2 58 50.2019 41.5612 133.009 17.6 5
2010 9 2 2 58 57.5741 41.531 133.081 12.5 6
2010 9 2 2 59 32.6566 41.5558 133.038 13.4 6
2010 9 2 2 59 32.8201 41.977 132.367 25.6 5
2010 9 2 3 0 4.34586 41.5779 133.07 15.2 5
2010 9 2 3 0 47.2241 41.5792 133.034 4.4 5
2010 9 2 3 1 43.753 41.5623 133.026 4.2 5
2010 9 2 3 1 44.3195 41.5763 133.039 7 6
2010 9 2 3 2 49.1774 41.5934 133.1 4.7 5
2010 9 2 3 2 58.2186 41.6048 133 19 6
2010 9 2 3 3 30.282 41.57 132.978 21.8 5
2010 9 2 3 3 30.6779 41.5388 132.98 10.5 5
2010 9 2 3 3 52.7552 41.5755 133.1 20.8 5
2010 9 2 3 7 51.2743 41.6125 133.037 10.2 6
2010 9 2 3 7 51.3395 41.5991 133.055 9.6 6
2010 9 2 3 7 51.3972 41.6268 132.997 11.3 6
2010 9 2 3 8 57.6031 41.5801 133.195 7.2 5
2010 9 2 3 9 50.7269 41.644 133.138 26.8 9
2010 9 2 3 10 40.2405 41.6608 133.194 15.6 5
2010 9 2 3 10 40.4171 41.6356 133.216 17.2 5
2010 9 2 3 13 40.5113 41.5877 133.193 24.1 7
2010 9 2 3 15 24.3871 41.6927 132.932 25.3 5
2010 9 2 3 21 42.5969 41.7099 133.253 10.5 5
2010 9 2 3 27 55.8202 41.6529 133.169 4.5 5
2010 9 2 3 31 43.4809 41.6507 133.174 6.2 5
2010 9 2 3 34 17.8985 41.6859 133.214 5.6 5
2010 9 2 3 35 8.8858 41.667 133.156 8.1 6
2010 9 2 3 38 51.4452 41.7204 133.252 17.4 6
2010 9 2 3 38 51.8186 41.7154 133.247 13.7 5
2010 9 2 3 38 52.2434 41.7181 133.384 10.4 6
2010 9 2 3 40 5.11259 41.7011 133.238 8.4 5
2010 9 2 3 40 22.6865 41.6745 133.2 4.2 5
2010 9 2 3 41 26.6425 41.744 133.338 15.2 5
2010 9 2 3 41 52.3699 41.5973 133.178 15.8 6
2010 9 2 3 42 42.3404 41.5927 133.318 17.4 5
2010 9 2 3 43 25.7273 41.5994 133.277 18.8 6
2010 9 2 3 43 26.1388 41.5902 133.23 6.8 5
2010 9 2 3 45 16.5933 41.7286 133.257 15.3 5
2010 9 2 3 46 28.6466 41.5769 133.308 16.6 6
2010 9 2 3 46 32.5459 42.7428 134.377 7.6 6
2010 9 2 3 47 10.202 41.7703 133.263 6.8 5
2010 9 2 3 47 22.1976 41.6253 133.281 16.2 5
2010 9 2 3 48 51.9063 41.6495 133.299 9.1 5
2010 9 2 3 53 16.961 41.7896 133.452 25.2 5
2010 9 2 3 54 17.6166 41.6117 133.185 8.3 5
2010 9 2 3 54 35.6292 41.621 133.195 3.6 5
2010 9 2 3 55 51.7386 41.612 133.25 25.6 5
2010 9 2 3 57 40.6292 41.6858 133.341 18.2 6
2010 9 2 3 58 35.6147 41.6068 133.299 15.6 5
2010 9 2 3 58 52.3446 41.673 133.254 13.6 5
2010 9 2 3 59 28.5996 41.6351 133.301 12.3 6
2010 9 2 3 59 28.7054 41.6337 133.313 17 5
2010 9 2 3 59 46.1763 41.9125 133.489 11.5 5
2010 9 2 4 0 9.31668 41.6416 133.279 7.7 5
2010 9 2 4 0 17.7576 41.6554 133.301 18.3 6
2010 9 2 4 0 36.1249 41.6435 133.252 10.3 6
2010 9 2 4 0 46.9115 41.6646 133.256 6.9 5
2010 9 2 4 1 54.5991 41.6552 133.23 18.4 5
2010 9 2 4 1 54.7342 41.6469 133.259 15.3 5
2010 9 2 4 3 0.791084 41.6368 133.218 28.5 7
2010 9 2 4 3 19.0828 41.6933 133.252 1.8 5
2010 9 2 4 3 40.8372 41.6297 133.27 12 6
2010 9 2 4 3 50.9776 41.6903 133.273 5.7 5
2010 9 2 4 4 3.23681 41.77 133.244 2.5 5
2010 9 2 4 4 3.42058 41.7926 133.292 12.5 5
2010 9 2 4 4 40.9395 41.8474 133.454 12.9 6
2010 9 2 4 5 29.1498 41.6792 133.284 7.7 5
2010 9 2 4 5 42.8321 41.6902 133.263 21.2 5
2010 9 2 4 6 9.27407 41.6613 133.293 13.9 5
2010 9 2 4 6 36.8268 41.679 133.258 7.8 6
2010 9 2 4 7 9.04942 41.6787 133.297 14.7 6
2010 9 2 4 7 9.2719 41.7003 133.25 21.1 6
2010 9 2 4 7 37.7684 41.81 133.324 6.5 6
2010 9 2 4 7 37.8649 41.8165 133.237 19.3 5
2010 9 2 4 7 38.0991 41.6907 133.286 14.8 5
2010 9 2 4 8 27.0058 41.6389 133.279 10.8 5
2010 9 2 4 8 50.3314 41.6934 133.305 13.8 6
2010 9 2 4 9 19.1749 41.7149 133.329 21 5
2010 9 2 4 9 45.0442 41.6567 133.279 7.8 5
2010 9 2 4 10 10.0255 41.7079 133.321 17.7 5
2010 9 2 4 10 26.4587 41.6645 133.343 11.7 5
2010 9 2 4 11 5.09254 41.6748 133.329 12.6 6
2010 9 2 4 11 20.2152 41.7137 133.336 16.2 5
2010 9 2 4 11 41.675 41.7934 133.285 10.7 6
2010 9 2 4 13 54.7754 41.6949 133.442 7.3 5
2010 9 2 4 15 5.41137 41.7037 133.401 1.7 5
2010 9 2 4 15 5.58655 41.7472 133.374 13.1 6
2010 9 2 4 15 5.61993 41.7387 133.38 7.1 5
2010 9 2 4 15 6.01685 41.7397 133.397 10.5 5
2010 9 2 4 15 33.859 41.7273 133.426 14.5 5
2010 9 2 4 16 47.4829 41.7297 133.405 8.2 6
2010 9 2 4 16 47.6054 41.7337 133.427 13.5 6
2010 9 2 4 16 48.0273 41.7602 133.415 19.4 6
2010 9 2 4 17 42.2419 41.7595 133.589 5.1 6
2010 9 2 4 17 42.4322 41.7959 133.555 12.2 5
2010 9 2 4 17 42.4391 41.8083 133.54 8.8 6
2010 9 2 4 17 42.5913 41.8344 133.56 17.5 5
2010 9 2 4 21 19.6195 41.711 133.505 28.5 5
2010 9 2 4 21 19.6195 41.7277 133.531 27.8 8
2010 9 2 4 21 19.6449 41.74 133.517 17.5 5
2010 9 2 4 21 19.6619 41.7853 133.549 13.4 6
2010 9 2 4 21 47.9656 41.7424 133.475 3.6 5
2010 9 2 4 21 48.159 41.7782 133.462 15.9 6
2010 9 2 4 21 48.5967 41.7554 133.496 9.8 5
2010 9 2 4 23 40.1595 42.1972 132.805 24.8 5
2010 9 2 4 23 40.2174 41.8918 133.494 11 5
2010 9 2 4 29 10.8784 41.818 133.604 17.9 6
2010 9 2 4 29 10.8784 41.8018 133.566 27 6
2010 9 2 4 59 26.87 41.6703 134.154 29.5 5
2010 9 2 4 59 26.9207 41.6437 134.128 17.3 6
2010 9 2 4 59 27.3355 41.6493 134.133 17.2 5
2010 9 2 5 24 26.5214 41.9444 134.19 18.9 7
2010 9 2 7 28 50.1239 42.5777 135.691 20.1 6
2010 9 2 7 36 44.475 42.1375 133.408 13.4 8
2010 9 2 8 29 19.1094 42.162 133.801 27.6 8
2010 9 2 9 5 38.1102 42.5364 133.291 13.1 6
2010 9 2 9 5 38.1103 42.2973 134.103 16.7 7
2010 9 2 9 20 2.20046 38.622 137.857 12.6 5
2010 9 2 10 17 17.8035 42.3072 135.704 16.1 6
2010 9 2 16 14 14.5241 41.6636 135.753 15.7 5
2010 9 2 16 42 31.3721 41.7816 135.983 19.1 8
2010 9 2 16 48 24.9588 42.2304 136.018 16.2 6
2010 9 2 17 6 46.8526 42.2083 135.811 19 9
2010 9 2 17 28 2.22779 42.2631 136.161 16.7 9
2010 9 2 17 30 14.5742 42.2561 136.195 24.3 6
2010 9 2 17 33 4.1752 42.2274 136.085 17.3 8
2010 9 2 17 43 44.9855 42.1523 136.198 21.7 5
2010 9 2 17 46 48.1166 42.2625 136.417 20.6 8
2010 9 2 17 49 34.2019 42.1492 136.286 16.6 11
2010 9 2 17 51 39.2549 42.203 136.099 20.6 8
2010 9 2 17 57 13.0658 42.3335 136.285 24.5 5
2010 9 2 17 57 43.2501 42.283 136.452 16.3 10
2010 9 2 17 59 24.6195 42.349 136.536 20.8 5
2010 9 2 18 2 24.1128 42.2909 136.814 10.9 5
2010 9 2 18 11 39.0238 42.1887 136.249 19.8 10
2010 9 2 18 14 5.8136 42.2934 136.572 29.9 7
2010 9 2 18 21 7.84892 42.3328 136.351 18.1 9
2010 9 2 18 25 0.927474 42.333 136.677 15.7 6
2010 9 2 18 25 1.38614 42.3762 136.497 7.5 5
2010 9 2 18 25 22.9313 42.3684 136.384 6.8 6
2010 9 2 18 34 26.2465 42.3919 136.865 7.6 5
2010 9 2 18 38 2.11139 42.4642 136.69 23.7 10
2010 9 2 18 39 0.219211 42.0617 136.662 5.5 5
2010 9 2 18 47 1.13644 42.4338 136.714 20.3 5
2010 9 2 18 51 46.439 42.391 136.776 15.1 6
2010 9 2 19 16 0.114427 36.5182 134.768 17.4 6
2010 9 2 19 18 59.1542 36.5222 134.783 18.2 12
2010 9 2 19 18 59.2103 36.4672 134.852 13.6 5
2010 9 2 19 21 48.0889 36.5536 134.814 23.9 12
2010 9 2 19 23 39.5096 36.5606 134.879 27.4 6
2010 9 2 19 27 58.347 36.5163 135.038 13.9 5
2010 9 2 19 27 58.3517 36.5515 134.814 13.1 10
2010 9 2 19 29 5.98529 36.5286 134.813 17.8 12
2010 9 2 19 29 6.21281 36.6037 134.882 13.8 5
2010 9 2 19 36 17.7274 36.5519 134.971 18.4 6
2010 9 2 19 36 17.7275 36.5852 134.964 16 6
2010 9 2 19 37 40.082 36.5794 134.996 17.9 12
2010 9 2 19 44 7.20111 36.5544 134.998 18.2 10
2010 9 2 19 44 7.25447 36.5566 135.054 18 5
2010 9 2 19 45 24.153 36.7129 134.998 10.6 5
2010 9 2 19 58 57.4622 42.1035 137.353 15.9 6
2010 9 2 20 15 56.7766 42.1403 137.292 16 7
2010 9 2 20 15 56.819 42.1246 137.298 18.8 6
2010 9 2 20 15 56.9239 42.1387 137.332 19.3 6
2010 9 2 20 18 10.7676 42.0992 137.397 15 7
2010 9 2 20 23 5.19118 42.0689 137.537 12.6 5
2010 9 2 20 24 32.2643 41.9699 137.552 10.9 6
2010 9 2 20 29 36.944 42.1498 137.408 18.8 6
2010 9 2 20 31 39.827 42.0751 137.444 1.5 5
2010 9 2 20 34 32.682 42.0617 137.54 12.4 6
2010 9 2 20 35 49.1465 42.0501 137.66 18.2 6
2010 9 2 20 36 31.3336 42.0094 137.542 4.7 5
2010 9 2 20 37 4.65846 42.059 137.614 3.6 5
2010 9 2 20 40 35.7583 41.9477 137.63 11.2 6
2010 9 2 20 43 0.493115 41.9306 137.686 13.8 7
2010 9 2 20 43 8.12048 36.8444 136.071 18.5 7
2010 9 2 20 45 31.2085 42.0503 137.665 16.5 7
2010 9 2 20 45 31.2212 42.0402 137.635 13.5 5
2010 9 2 20 46 18.4731 41.9268 137.752 18.3 6
2010 9 2 20 48 10.8755 41.9408 137.863 13.2 7
2010 9 2 20 48 10.9005 41.9054 137.767 12.6 6
2010 9 2 20 49 27.1805 36.9465 136.272 5.9 5
2010 9 2 20 51 10.4234 36.8643 136.27 7.1 5
2010 9 2 20 52 44.1838 41.9489 137.778 9.1 10
2010 9 2 20 54 55.8739 41.9455 137.806 18.9 6
2010 9 2 20 56 28.8237 36.8972 136.215 23.4 6
2010 9 2 20 59 43.638 41.9189 137.856 17.5 9
2010 9 2 21 0 3.71259 36.8645 136.231 15 6
2010 9 2 21 1 24.5197 41.8969 137.983 15.9 6
2010 9 2 21 1 24.5762 41.8567 137.929 14.1 5
2010 9 2 21 1 24.7649 41.9155 137.907 17.8 6
2010 9 2 21 1 32.5329 36.8994 136.314 7.5 5
2010 9 2 21 1 32.5886 36.8658 136.203 12.3 6
2010 9 2 21 1 49.7686 41.865 137.982 13.1 7
2010 9 2 21 2 5.13614 41.8677 137.949 22.4 6
2010 9 2 21 2 21.2461 41.9184 137.929 13 5
2010 9 2 21 2 54.1159 36.9492 136.195 26.1 6
2010 9 2 21 2 54.2222 36.921 136.278 15.8 7
2010 9 2 21 3 18.3296 41.8772 137.938 17.1 6
2010 9 2 21 4 32.8839 41.8935 137.947 17.9 6
2010 9 2 21 4 37.497 36.91 136.319 12.8 5
2010 9 2 21 4 37.5532 36.9624 136.254 16.3 6
2010 9 2 21 4 38.049 36.9258 136.283 17.8 5
2010 9 2 21 5 26.6752 41.9156 137.971 15.2 5
2010 9 2 21 5 46.3239 41.8592 138.025 16.3 5
2010 9 2 21 5 46.3836 41.8844 137.995 23.4 6
2010 9 2 21 5 47.0778 41.8961 137.994 16.9 6
2010 9 2 21 5 58.7841 36.8582 136.29 5.7 5
2010 9 2 21 6 20.9974 41.9136 137.989 8.8 5
2010 9 2 21 6 21.0755 41.8958 137.974 19.7 5
2010 9 2 21 6 21.6875 41.9832 137.964 20.4 7
2010 9 2 21 6 41.1853 36.8572 136.296 4.8 5
2010 9 2 21 7 14.8949 41.9108 138.041 22.3 5
2010 9 2 21 7 15.2213 41.9334 138.028 16.3 5
2010 9 2 21 7 15.6201 41.899 138.033 15.7 7
2010 9 2 21 8 51.12 36.8843 136.362 4.8 5
2010 9 2 21 8 51.2894 36.9 136.334 11.1 5
2010 9 2 21 10 2.57476 36.9202 136.293 15.7 7
2010 9 2 21 10 37.8032 41.8996 138.057 11.6 6
2010 9 2 21 11 18.6249 36.8938 136.393 2.8 5
2010 9 2 21 15 6.88327 36.8375 136.306 14.5 5
2010 9 2 21 17 20.7598 36.8632 136.448 11.8 6
2010 9 2 21 17 43.4322 41.93 138.137 11.7 5
2010 9 2 21 17 43.7324 41.8827 138.115 9.1 5
2010 9 2 21 17 44.2661 41.9115 138.083 16.5 7
2010 9 2 21 18 43.0843 41.9399 138.119 14.8 6
2010 9 2 21 18 43.1503 41.9511 138.086 21.1 6
2010 9 2 21 18 43.8552 41.9671 138.136 16.1 7
2010 9 2 21 19 23.8594 41.8146 138.261 19.3 5
2010 9 2 21 19 44.7347 36.8335 136.201 16.7 5
2010 9 2 21 21 50.2925 41.9549 138.121 18.8 6
2010 9 2 21 21 51.2622 41.9558 137.999 7 5
2010 9 2 21 22 0.475955 36.8265 136.22 10.4 10
2010 9 2 21 22 0.931261 36.802 136.183 4.1 6
2010 9 2 21 22 37.1741 41.9338 138.174 9.6 5
2010 9 2 21 23 11.036 41.9836 138.21 11 6
2010 9 2 21 27 16.191 41.9026 138.28 1.2 5
2010 9 2 21 27 16.2328 41.9536 138.259 16.8 5
2010 9 2 21 27 16.2796 41.9642 138.236 19.8 6
2010 9 2 21 27 16.3563 41.9552 138.237 20.6 6
2010 9 2 21 29 28.8998 36.9679 136.505 5.9 6
2010 9 2 21 30 48.0432 41.9873 138.177 16.7 5
2010 9 2 21 30 48.1727 41.9927 138.123 22 5
2010 9 2 21 32 47.4193 41.9788 138.336 16.1 5
2010 9 2 21 35 55.5755 36.9782 136.585 17.9 7
2010 9 2 21 38 31.7277 42.0515 138.242 11.2 7
2010 9 2 21 38 31.9502 42.0299 138.269 18.4 6
2010 9 2 21 38 32.0377 42.0052 138.24 24.3 6
2010 9 2 21 38 32.0871 42.0362 138.243 19 7
2010 9 2 21 38 32.1554 41.99 138.287 9.3 5
2010 9 2 21 40 42.2408 41.9648 138.32 14.4 6
2010 9 2 21 41 59.4202 36.8495 136.428 7 5
2010 9 2 21 42 2.71169 41.923 138.254 7.1 6
2010 9 2 21 43 10.941 36.7395 136.11 5 5
2010 9 2 21 54 18.6388 41.6548 139.004 5.5 5
2010 9 2 22 3 34.8796 41.7747 139.081 13.2 5
2010 9 2 22 6 7.58443 41.7848 139.062 19.7 6
2010 9 2 22 14 50.9587 36.5991 136.176 19.3 6
2010 9 2 22 17 2.33298 36.8212 136.499 17.3 8
2010 9 2 22 24 23.9586 36.802 136.516 15.1 6
2010 9 2 22 26 43.0435 36.8159 136.558 19 12
2010 9 2 22 42 2.25907 41.8172 139.152 14.2 6
2010 9 2 22 48 27.3492 41.7632 139.272 10.6 5
2010 9 2 22 50 6.35393 41.801 139.289 4.4 6
2010 9 2 22 50 6.69612 41.8248 139.236 19.9 7
2010 9 2 22 55 57.5964 41.9034 139.621 14.9 7
2010 9 2 23 0 38.2941 41.8354 139.322 8.6 5
2010 9 2 23 2 54.2372 41.8296 139.298 14.1 6
2010 9 2 23 5 2.08279 41.8409 139.34 14.6 6
2010 9 2 23 5 2.12692 41.8309 139.336 17.8 6
2010 9 2 23 6 52.2553 36.1798 134.312 12.4 5
2010 9 2 23 45 53.1217 36.3429 135.094 17.6 5
2010 9 5 4 13 57.1135 40.1793 129.782 25.9 5
2010 9 5 4 29 46.8099 39.6118 127.54 20.3 5
2010 9 5 4 38 20.9092 39.5786 127.566 11.1 5
2010 9 5 5 2 32.0844 39.7475 127.871 18.2 6
2010 9 5 5 19 44.2276 38.021 128.839 14.2 7
2010 9 5 5 25 35.6491 38.5661 128.413 14.6 6
2010 9 5 5 31 44.5887 38.0829 128.824 10 6
2010 9 5 6 19 23.6534 38.6303 128.666 18.3 6
2010 9 5 6 19 40.635 44.0424 136.457 20.6 6
2010 9 5 6 22 30.0804 38.9468 128.201 20.5 6
2010 9 5 6 25 33.3837 38.6257 128.673 15 6
2010 9 5 6 36 55.8463 38.6023 128.733 4.7 5
2010 9 5 6 40 26.3867 44.1297 136.836 6.6 5
2010 9 5 6 41 22.4675 38.6458 128.771 10.9 6
2010 9 5 6 42 17.6759 38.6729 128.821 12.1 5
2010 9 5 6 43 39.6036 38.6344 128.788 22.6 6
2010 9 5 6 44 31.8582 38.614 128.837 6.4 5
2010 9 5 6 44 54.7369 38.7384 128.537 19.7 6
2010 9 5 6 45 43.5183 37.9366 128.946 2.8 5
2010 9 5 6 46 37.6568 38.5489 128.513 19.6 6
2010 9 5 6 47 14.9291 44.2006 136.922 16.6 9
2010 9 5 6 47 20.7624 37.9791 129.008 9.9 5
2010 9 5 6 47 20.8866 38.0264 129.019 18.3 5
2010 9 5 6 48 41.8002 38.5508 128.782 8.3 5
2010 9 5 6 49 39.0019 39.0242 128.25 15.2 5
2010 9 5 6 50 40.0046 38.5228 128.537 9 6
2010 9 5 6 55 45.7633 38.6502 128.848 16.9 8
2010 9 5 6 56 21.1829 38.6652 128.898 11.2 5
2010 9 5 6 56 21.8844 38.4391 128.791 16.1 5
2010 9 5 6 56 56.2115 38.3992 128.577 18.6 5
2010 9 5 6 57 18.9357 38.6811 128.869 19 7
2010 9 5 6 57 35.8195 38.6243 128.837 1.7 5
2010 9 5 6 58 34.4408 38.6609 128.741 4.4 5
2010 9 5 7 1 8.42098 44.1215 136.973 8 5
2010 9 5 7 2 14.4908 38.6635 128.918 12.2 5
2010 9 5 7 13 42.8854 39.0227 128.572 9.2 5
2010 9 5 7 14 58.7138 38.9785 128.565 11.9 5
2010 9 5 7 19 1.13108 38.9709 128.519 9.3 5
2010 9 5 7 19 1.23747 38.9954 128.517 14.7 5
2010 9 5 7 21 21.7498 39.0082 128.643 11.5 6
2010 9 5 7 22 44.1692 39.0186 128.599 21.1 5
2010 9 5 7 24 52.7581 38.7382 129.074 13.8 5
2010 9 5 7 24 52.915 39.0499 128.437 8 5
2010 9 5 7 27 33.4035 39.0151 128.69 12.1 5
2010 9 5 7 27 57.1695 39.3034 128.095 17 6
2010 9 5 7 30 33.9946 38.6445 128.674 9.6 6
2010 9 5 7 32 32.6968 38.9551 128.651 3.9 5
2010 9 5 7 33 49.4886 38.8505 128.498 16.7 5
2010 9 5 7 35 55.9091 38.8982 128.478 23.3 8
2010 9 5 7 42 19.1014 38.9576 128.571 27.9 8
2010 9 5 7 56 59.897 38.9579 128.721 11.7 5
2010 9 5 8 1 24.7943 39.0171 128.762 29.1 6
2010 9 5 8 6 48.1686 38.7169 128.728 22.9 7
2010 9 5 8 15 36.8219 38.6841 128.916 21.7 7
2010 9 5 8 20 34.7264 37.2384 129.489 14.2 5
2010 9 5 8 24 45.6596 38.6291 128.47 15.3 5
2010 9 5 8 24 45.7785 38.599 128.739 9.7 5
2010 9 5 8 29 54.4884 38.7758 128.347 9.2 5
2010 9 5 8 31 32.5952 38.6933 128.95 8 5
2010 9 5 8 35 56.3575 38.7738 128.987 18.3 7
2010 9 5 8 35 56.4904 38.7696 128.97 21.9 6
2010 9 5 8 41 42.135 38.7616 128.445 16.6 7
2010 9 5 8 44 28.5095 38.7946 129.035 24.6 5
2010 9 5 8 45 28.4051 38.6793 128.773 5.9 5
2010 9 5 8 47 51.1393 35.8447 135.194 1.9 5
2010 9 5 8 48 45.9844 38.6433 128.834 5.9 5
2010 9 5 8 48 46.4873 38.7914 128.355 14.2 5
2010 9 5 8 48 46.4874 38.7269 128.962 18.8 6
2010 9 5 8 48 46.5067 38.7789 128.616 16.8 7
2010 9 5 8 48 46.5067 38.7251 129.002 28.4 6
2010 9 5 8 52 3.16285 38.7227 128.303 27.2 10
2010 9 5 8 52 29.3896 36.0115 134.965 16.5 6
2010 9 5 8 53 6.09339 35.8781 135.311 12.4 6
2010 9 5 8 55 32.5227 37.0068 137.415 11.6 5
2010 9 5 9 2 43.2107 38.3546 128.62 18.4 7
2010 9 5 9 2 43.2107 38.3644 128.784 17.2 7
2010 9 5 9 6 56.8668 38.4919 128.552 22.1 8
2010 9 5 9 9 56.7735 38.6647 128.429 3.2 5
2010 9 5 9 9 56.9524 38.7655 128.359 28.1 5
2010 9 5 9 9 57.1089 39.2977 127.843 9.9 5
2010 9 5 9 10 6.44706 37.0371 137.24 9.1 6
2010 9 5 9 11 45.5389 36.9606 137.343 12.3 5
2010 9 5 9 14 8.12881 43.6418 135.668 25.8 11
2010 9 5 9 14 18.543 37.8401 129.094 14.5 5
2010 9 5 9 16 54.2625 37.2689 129.336 10.3 5
2010 9 5 9 18 28.007 35.7014 135.723 24.9 6
2010 9 5 9 19 9.72363 38.5616 128.427 17.4 5
2010 9 5 9 19 10.5782 39.0913 128.822 24.2 14
2010 9 5 9 21 22.0672 35.6623 135.679 24.9 7
2010 9 5 9 24 6.38616 43.5906 135.756 17.4 6
2010 9 5 9 25 26.2364 37.393 129.334 25.7 9
2010 9 5 9 25 59.1383 43.5994 135.738 23.2 6
2010 9 5 9 29 58.7637 37.3993 129.325 15.7 5
2010 9 5 9 30 4.95471 43.6229 135.706 17.9 6
2010 9 5 9 31 12.2256 37.4646 129.337 23.6 5
2010 9 5 9 36 26.8182 38.0545 128.882 17.4 6
2010 9 5 9 36 26.8182 37.9703 129.238 11.7 8
2010 9 5 9 37 20.2303 38.5023 128.667 20.3 5
2010 9 5 9 38 30.5883 37.3828 129.526 19.8 5
2010 9 5 9 38 30.8774 37.3264 129.472 13.3 5
2010 9 5 9 40 43.9312 37.2875 129.514 14.7 7
2010 9 5 9 40 51.2669 37.5507 129.287 23.6 9
2010 9 5 9 40 57.34 43.5343 135.91 24.5 6
2010 9 5 9 41 0.679533 37.4264 129.372 18.8 5
2010 9 5 9 42 19.7518 39.0081 128.955 25.9 11
2010 9 5 9 43 40.0387 37.312 129.367 22 5
2010 9 5 9 46 45.3465 43.7918 135.864 23.3 7
2010 9 5 9 46 45.387 43.6561 135.922 16.1 5
2010 9 5 9 46 45.4784 43.6334 136.132 27.8 6
2010 9 5 9 47 57.4808 38.6277 128.74 15.8 7
2010 9 5 9 48 36.2 37.3725 129.454 20.4 6
2010 9 5 9 48 52.6286 43.643 136.008 13.7 7
2010 9 5 9 48 52.8111 43.6411 136.008 19.4 7
2010 9 5 9 49 49.1315 37.5175 129.355 21.3 6
2010 9 5 9 52 38.0868 37.5294 129.314 11.9 8
2010 9 5 9 53 54.1158 37.5156 129.306 13.4 8
2010 9 5 9 53 54.1961 37.4964 129.32 20.8 8
2010 9 5 10 1 41.8354 37.3991 129.562 19.7 5
2010 9 5 10 2 29.1972 37.3195 129.544 15.2 7
2010 9 5 10 2 45.9225 37.563 129.31 15.8 5
2010 9 5 10 3 25.2927 37.5383 129.428 15.1 6
2010 9 5 10 6 1.3142 37.3541 129.546 17 9
2010 9 5 10 7 1.47105 37.3826 129.363 4.6 5
2010 9 5 10 7 51.6881 37.3541 129.595 18.8 6
2010 9 5 10 8 7.76535 37.402 129.356 20.1 5
2010 9 5 10 8 17.2725 37.6128 129.361 26.2 5
2010 9 5 10 8 38.1108 37.3693 129.387 28.9 6
2010 9 5 10 8 41.0085 37.3262 129.507 15.9 8
2010 9 5 10 8 41.1753 37.3474 129.542 22.2 5
2010 9 5 10 8 59.2744 37.3568 129.422 13.2 7
2010 9 5 10 8 59.3467 37.4035 129.385 8.6 5
2010 9 5 10 8 59.435 37.374 129.425 19.3 6
2010 9 5 10 9 50.5195 37.3418 129.409 21.4 9
2010 9 5 10 10 57.8641 37.3823 129.412 6.6 5
2010 9 5 10 11 0.927706 37.3679 129.576 12.3 5
2010 9 5 10 11 28.1128 37.3321 129.552 16.8 9
2010 9 5 10 11 54.6992 37.4092 129.613 17.4 5
2010 9 5 10 12 16.3373 37.3454 129.552 16.3 7
2010 9 5 10 13 25.5481 37.3663 129.571 11.2 6
2010 9 5 10 13 26.0243 37.4399 129.543 17.3 6
2010 9 5 10 13 35.8869 37.3087 129.617 21.1 6
2010 9 5 10 13 36.1994 37.6217 129.272 18.1 8
2010 9 5 10 13 48.6405 37.4062 129.392 5.6 5
2010 9 5 10 13 48.6405 37.4095 129.48 16.1 10
2010 9 5 10 13 49.0761 37.3733 129.509 9.8 8
2010 9 5 10 14 49.5646 37.3592 129.597 17.5 8
2010 9 5 10 15 40.7524 37.389 129.559 14.8 5
2010 9 5 10 16 41.9991 37.5958 129.368 10.7 5
2010 9 5 10 16 41.9991 37.6116 129.342 21.2 6
2010 9 5 10 16 50.7619 37.4063 129.489 11.7 9
2010 9 5 10 16 50.8759 37.3677 129.491 19 8
2010 9 5 10 16 51.2408 37.3852 129.492 15.5 5
2010 9 5 10 18 10.1306 37.3989 129.493 11.2 5
2010 9 5 10 18 10.2317 37.4067 129.49 5.1 5
2010 9 5 10 18 10.3759 37.4063 129.504 20 10
2010 9 5 10 19 9.17537 37.4135 129.476 14.2 7
2010 9 5 10 19 9.62217 37.6727 129.341 21.1 7
2010 9 5 10 19 9.84495 37.6784 129.328 17.4 8
2010 9 5 10 19 45.7066 37.723 129.375 12.2 5
2010 9 5 10 20 19.7446 37.5139 129.511 11 5
2010 9 5 10 22 26.8153 37.4049 129.52 28.8 8
2010 9 5 10 23 3.62949 37.5459 129.125 12.2 5
2010 9 5 10 23 36.0593 37.6836 129.329 9.3 5
2010 9 5 10 24 18.0197 37.4352 129.609 17.8 8
2010 9 5 10 24 18.2168 37.4283 129.618 17.8 7
2010 9 5 10 26 4.56996 37.3506 129.478 16.7 8
2010 9 5 10 27 0.491566 37.4504 129.594 17.3 5
2010 9 5 10 27 10.3053 42.4369 131.05 24.9 6
2010 9 5 10 28 24.4034 37.4425 129.499 28.6 5
2010 9 5 10 28 24.514 42.546 130.954 22.3 5
2010 9 5 10 30 19.1597 37.591 129.243 14.5 5
2010 9 5 10 33 36.5072 37.4374 129.615 12 5
2010 9 5 10 35 32.4039 42.4326 131.052 15.6 9
2010 9 5 10 36 5.67186 37.4374 129.443 22.2 8
2010 9 5 10 36 5.71856 37.4275 129.614 11.9 6
2010 9 5 10 36 5.77152 37.4095 129.573 8.7 6
2010 9 5 10 36 25.0306 37.449 129.49 11.9 5
2010 9 5 10 37 26.8748 37.4193 129.613 10.3 5
2010 9 5 10 37 37.1136 37.3947 129.574 8.8 7
2010 9 5 10 37 37.185 37.3493 129.627 10.5 5
2010 9 5 10 38 44.4208 37.4297 129.583 11.6 6
2010 9 5 10 39 56.5363 37.4194 129.569 15.3 7
2010 9 5 10 42 6.83885 37.4418 129.591 20.6 6
2010 9 5 10 42 42.4171 37.4423 129.408 20.1 5
2010 9 5 10 42 50.5287 37.3527 129.602 9.5 6
2010 9 5 10 44 48.1788 42.4646 131.169 19.8 8
2010 9 5 10 46 1.87655 37.7864 129.577 13.2 5
2010 9 5 10 46 47.8183 37.2985 129.451 14.6 6
2010 9 5 10 47 11.136 42.3916 131.199 12.8 6
2010 9 5 10 48 34.7999 37.3674 129.452 16.6 6
2010 9 5 10 49 29.4178 42.4207 131.258 25 6
2010 9 5 10 55 24.4817 37.299 129.357 22.8 5
2010 9 5 10 55 26.3451 37.257 129.363 12.9 6
2010 9 5 10 57 4.76095 37.3914 129.562 18.7 7
2010 9 5 10 57 20.0459 37.4165 129.555 20.1 8
2010 9 5 10 57 41.1172 42.4158 131.338 25.6 5
2010 9 5 10 57 41.1683 42.3416 131.398 13.8 5
2010 9 5 10 59 55.028 37.3084 129.498 19.2 5
2010 9 5 11 0 51.6665 37.2529 129.336 25.6 7
2010 9 5 11 0 51.7574 37.2874 129.379 28.5 8
2010 9 5 11 1 0.576643 37.2766 129.484 20.1 5
2010 9 5 11 1 5.54752 37.4768 129.553 14 6
2010 9 5 11 1 5.61351 37.4096 129.597 16.1 6
2010 9 5 11 1 5.66092 37.5239 129.492 17.2 6
2010 9 5 11 1 13.0892 37.3429 129.492 12.7 6
2010 9 5 11 2 12.5317 37.4844 129.635 11.6 6
2010 9 5 11 2 29.5618 37.366 129.401 18.5 8
2010 9 5 11 2 56.6025 37.3498 129.511 19.3 5
2010 9 5 11 2 56.6838 37.3584 129.397 14.8 6
2010 9 5 11 3 27.0826 37.4072 129.578 16 5
2010 9 5 11 3 29.4314 42.4276 131.134 28.6 8
2010 9 5 11 3 36.3781 37.4125 129.507 22.7 7
2010 9 5 11 4 5.66473 37.3702 129.493 25.2 7
2010 9 5 11 4 7.601 37.8097 128.985 9 5
2010 9 5 11 4 7.60109 37.7137 129.564 24.1 9
2010 9 5 11 4 16.9275 37.3861 129.524 15.2 5
2010 9 5 11 5 38.0668 37.3775 129.492 8.7 5
2010 9 5 11 6 23.5524 37.5085 129.519 21 10
2010 9 5 11 6 48.4978 37.5056 129.535 20.6 8
2010 9 5 11 6 48.5694 37.5248 129.515 21.3 7
2010 9 5 11 6 48.633 37.5542 129.513 20 5
2010 9 5 11 7 3.5467 42.5495 131.193 9 6
2010 9 5 11 7 46.287 37.3642 129.426 11.9 5
2010 9 5 11 7 46.3804 37.3851 129.377 26.7 8
2010 9 5 11 7 46.6013 37.3511 129.459 17.1 8
2010 9 5 11 8 6.79515 37.2662 129.368 19.2 5
2010 9 5 11 8 6.87722 37.2752 129.415 11.7 6
2010 9 5 11 8 46.6689 42.4666 131.407 19.8 6
2010 9 5 11 9 52.8356 42.4375 131.163 18.4 5
2010 9 5 11 10 17.977 37.4097 129.533 12.5 6
2010 9 5 11 10 22.115 37.5109 129.591 26.5 8
2010 9 5 11 10 34.4363 42.6164 131.262 10.8 6
2010 9 5 11 11 32.6655 37.553 129.112 17 5
2010 9 5 11 11 46.7079 42.5123 131.393 26.8 9
2010 9 5 11 11 46.756 42.5113 131.541 24.5 6
2010 9 5 11 12 38.121 37.3955 129.478 10.4 5
2010 9 5 11 14 23.9814 37.4289 129.532 26.5 5
2010 9 5 11 14 24.1095 37.3838 129.494 20.9 6
2010 9 5 11 14 35.4647 37.4464 129.295 27.8 7
2010 9 5 11 15 55.7114 37.2848 129.38 12.6 5
2010 9 5 11 20 3.41662 37.3243 129.477 13 9
2010 9 5 11 22 25.156 37.3704 129.535 14.7 6
2010 9 5 11 22 33.8054 37.3738 129.462 23.2 8
2010 9 5 11 24 14.547 37.3178 129.556 19.8 5
2010 9 5 11 25 12.9667 37.3296 129.505 22.8 7
2010 9 5 11 26 42.4767 37.3301 129.49 19.5 5
2010 9 5 11 28 24.266 37.3268 129.466 21 8
2010 9 5 11 30 0.579279 37.5006 129.488 20.1 8
2010 9 5 11 30 31.8451 37.3864 129.494 14 5
2010 9 5 11 34 51.7407 37.2552 129.512 16.2 5
2010 9 5 11 37 50.7736 37.4339 129.564 18.8 6
2010 9 5 11 38 18.2342 37.4133 129.452 19 7
2010 9 5 11 38 18.3028 37.3788 129.486 17.1 6
2010 9 5 11 38 35.4358 37.3201 129.521 28.1 5
2010 9 5 11 38 58.1538 37.473 129.522 29.7 5
2010 9 5 11 39 38.3264 37.5065 129.403 29.3 6
2010 9 5 11 40 14.5299 37.3561 129.528 24.6 9
2010 9 5 11 42 15.1848 37.4043 129.396 13.9 5
2010 9 5 11 43 53.1079 37.4486 129.417 25.7 7
2010 9 5 11 43 53.3201 37.4486 129.441 25.1 7
2010 9 5 11 44 28.3819 37.4464 129.579 17 5
2010 9 5 11 44 52.4 37.4784 129.475 22.9 7
2010 9 5 11 44 53.9702 37.409 129.508 13.2 5
2010 9 5 11 46 14.1597 37.4899 129.482 27.1 10
2010 9 5 11 46 14.2778 37.4283 129.498 27.8 6
2010 9 5 11 46 53.7653 37.4011 129.513 25.9 5
2010 9 5 11 47 8.55902 37.388 129.538 16.9 6
2010 9 5 11 47 8.59421 37.4287 129.487 19.4 7
2010 9 5 11 47 8.64343 37.3839 129.52 20.5 9
2010 9 5 11 47 8.81434 37.391 129.617 18.5 5
2010 9 5 11 47 22.751 37.4943 129.482 12.2 5
2010 9 5 11 47 36.8378 37.4321 129.44 24.5 10
2010 9 5 11 48 11.2284 37.447 129.474 17.2 6
2010 9 5 11 48 18.9329 37.4649 129.437 23.4 8
2010 9 5 11 48 53.793 37.4633 129.59 19.2 5
2010 9 5 11 49 17.0533 37.4317 129.481 20 6
2010 9 5 11 49 17.1857 37.4135 129.518 17.6 5
2010 9 5 11 54 29.7379 37.416 129.505 20.8 5
2010 9 5 11 54 47.0052 37.4696 129.533 28.4 5
2010 9 5 11 56 40.6058 37.4844 129.571 22.4 8
2010 9 5 11 59 20.3209 37.4838 129.213 16.5 5
2010 9 5 11 59 44.3742 37.4247 129.572 17.9 7
2010 9 5 12 0 20.2229 37.455 129.553 19.7 5
2010 9 5 12 1 34.3687 37.4377 129.532 19.5 8
2010 9 5 12 1 34.4238 37.4775 129.513 22.7 6
2010 9 5 12 1 34.5268 37.4684 129.487 22.9 6
2010 9 5 12 1 34.6327 37.4705 129.511 21.6 5
2010 9 5 12 2 25.8797 37.5441 129.225 14.3 6
2010 9 5 12 2 37.1264 37.5203 129.533 27.4 8
2010 9 5 12 4 37.4694 37.4744 129.568 20.3 9
2010 9 5 12 4 56.6552 37.5015 129.477 11.1 5
2010 9 5 12 4 56.7723 37.5227 129.601 21.1 7
2010 9 5 12 5 31.1227 37.4883 129.544 20.2 8
2010 9 5 12 6 4.90179 37.5179 129.537 24.4 6
2010 9 5 12 25 34.1399 37.384 129.406 26.4 6
2010 9 5 12 44 53.1762 37.3004 129.414 21.8 5
2010 9 5 12 59 27.6625 37.4279 129.479 18 5
2010 9 5 13 6 7.49276 37.5824 129.412 25 6
2010 9 5 13 6 7.66984 37.2424 129.41 20.2 7
2010 9 5 13 34 57.7269 36.6161 134.012 25 9
2010 9 5 14 1 58.0068 44.7664 141.526 7.5 7
2010 9 5 14 1 58.0192 44.7921 141.567 2.2 5
2010 9 5 14 1 58.1508 44.7128 141.514 11.7 5
2010 9 5 14 11 47.5487 44.7235 141.564 19.1 6
2010 9 5 14 11 47.5887 44.7206 141.546 14.7 7
2010 9 5 14 11 47.6466 44.723 141.59 20.4 11
2010 9 5 14 11 47.7427 44.7466 141.614 18 5
2010 9 5 14 13 47.8355 44.7184 141.613 27.1 7
2010 9 5 14 15 28.1192 44.693 141.636 20.6 6
2010 9 5 14 49 30.0896 35.0135 129.723 9.6 5
2010 9 5 14 52 53.0395 35.0939 129.659 20.4 5
2010 9 5 14 53 40.1637 35.0577 129.651 16.3 6
2010 9 5 15 16 53.4646 35.0611 129.538 18.2 7
2010 9 5 15 29 59.5138 35.1103 129.526 21.8 5
2010 9 5 15 38 30.4669 35.0809 129.543 20.8 7
2010 9 5 15 38 52.533 35.1486 129.513 18.5 6
2010 9 5 15 42 23.221 35.1522 129.518 7.8 5
2010 9 5 15 43 26.7439 35.1702 129.566 21.7 5
2010 9 5 15 43 57.8132 35.1837 129.565 22.1 7
2010 9 5 15 43 57.8978 35.2028 129.712 17.7 5
2010 9 5 15 43 57.9771 35.1771 129.537 18.4 6
2010 9 5 15 44 50.6275 35.1646 129.561 23.3 10
2010 9 5 15 44 50.7835 35.1785 129.586 19.8 5
2010 9 5 15 46 40.7996 35.1865 129.613 16.1 5
2010 9 5 15 46 41.1623 35.1846 129.57 18.4 6
2010 9 5 15 48 36.5904 35.1855 129.559 20.5 10
2010 9 5 15 48 36.8104 35.2105 129.606 16 5
2010 9 5 15 49 50.5182 35.1758 129.529 12.7 7
2010 9 5 15 53 29.1571 35.1769 129.511 17.1 7
2010 9 5 15 54 22.883 35.2168 129.607 24.9 8
2010 9 5 15 54 23.4129 35.1598 129.589 18 6
2010 9 5 15 55 44.3279 35.1943 129.606 18.5 7
2010 9 5 15 55 44.3279 35.2095 129.624 15.3 5
2010 9 5 15 55 44.4053 35.2285 129.781 15.6 6
2010 9 5 15 55 44.7163 35.2148 129.577 16.4 8
2010 9 5 15 56 36.1804 35.1767 129.68 20.7 7
2010 9 5 15 58 20.6758 35.1633 129.746 7.2 5
2010 9 5 15 58 20.7997 35.2755 129.561 24.8 6
2010 9 5 16 0 15.8428 35.1693 129.663 19.8 8
2010 9 5 16 23 35.7778 37.0097 131.071 12.3 5
2010 9 5 16 25 30.7781 37.1409 131.077 8.7 6
2010 9 5 16 25 30.8557 37.0357 131.084 19 6
2010 9 5 16 26 6.04109 37.0912 131.053 19.9 8
2010 9 5 16 27 44.9097 37.0464 131.141 28.6 8
2010 9 5 16 27 45.005 37.019 131.117 14.8 9
2010 9 5 16 29 38.2182 35.0061 129.211 6.3 5
2010 9 5 16 30 27.174 35.0552 129.181 16.6 8
2010 9 5 16 30 27.2285 35.0917 129.148 19.2 9
2010 9 5 16 30 41.9494 37.0996 131.193 6.8 6
2010 9 5 16 31 0.513837 35.0314 129.141 19.9 8
2010 9 5 16 33 20.8012 37.1929 131.013 14.8 5
2010 9 5 16 33 20.9261 37.0312 131.214 17.5 6
2010 9 5 16 36 10.0288 37.127 131.22 8.8 7
2010 9 5 16 36 20.0588 36.4396 130.488 11.7 5
2010 9 5 16 37 14.5099 35.0699 129.103 21 8
2010 9 5 16 37 55.3519 35.0473 129.368 22.2 5
2010 9 5 16 37 56.5801 36.4666 130.159 23 9
2010 9 5 16 38 12.938 35.0043 129.528 17.5 5
2010 9 5 16 39 48.9331 35.0458 129.732 27.6 7
2010 9 5 16 42 13.3618 35.0207 129.109 16.1 5
2010 9 5 16 42 37.3454 35.0376 129.608 25.7 5
2010 9 5 16 43 59.9256 35.1208 129.213 15.3 5
2010 9 5 16 47 47.1806 35.0127 129.61 19.8 7
2010 9 5 16 51 46.2643 43.9026 141.257 25.4 7
2010 9 5 16 51 46.3073 43.8684 141.203 19.7 9
2010 9 5 16 53 58.302 43.8932 141.284 24.3 8
2010 9 5 16 57 39.2075 43.8906 141.331 24.4 6
2010 9 5 17 3 37.9404 41.5307 135.378 23.4 8
2010 9 5 17 4 31.4454 35.4337 130.061 15.3 6
2010 9 5 17 4 44.3318 43.9197 141.526 27.3 5
2010 9 5 17 4 44.3331 43.9469 141.491 23.2 9
2010 9 5 17 6 13.8144 35.4737 129.881 27 6
2010 9 5 17 6 13.8738 35.4767 129.869 26.3 8
2010 9 5 17 7 47.7014 43.9331 141.413 21.7 8
2010 9 5 17 9 45.1435 43.9347 141.424 24.4 8
2010 9 5 17 10 10.0959 35.4329 129.832 19.9 8
2010 9 5 17 10 24.1864 43.9226 141.429 28.1 6
2010 9 5 17 11 24.1095 35.4835 129.853 24.1 6
2010 9 5 17 11 24.2072 35.4589 130.289 11 5
2010 9 5 17 11 51.7701 35.5491 129.573 22.3 7
2010 9 5 17 11 51.8302 35.5642 129.57 18 7
2010 9 5 17 12 9.04226 36.5742 130.32 11.8 5
2010 9 5 17 12 44.5294 35.5671 129.61 25.2 7
2010 9 5 17 12 44.6952 35.5517 129.511 25 8
2010 9 5 17 12 47.9142 35.4545 129.786 22.5 9
2010 9 5 17 13 3.96973 43.9433 141.485 22.6 5
2010 9 5 17 13 4.16178 43.9166 141.427 9.1 5
2010 9 5 17 13 36.3086 43.9526 141.509 21.2 9
2010 9 5 17 13 57.9276 43.9349 141.481 22.9 7
2010 9 5 17 14 6.00082 36.1589 130.023 17.7 5
2010 9 5 17 14 26.6362 35.5883 129.602 29 6
2010 9 5 17 14 34.7196 43.9274 141.494 21.4 8
2010 9 5 17 14 34.7675 43.9105 141.514 21.6 7
2010 9 5 17 14 34.8348 43.9475 141.53 19.4 6
2010 9 5 17 14 43.9533 36.5617 130.408 8.9 6
2010 9 5 17 14 56.971 35.5622 129.54 23.1 6
2010 9 5 17 16 17.4585 35.547 129.513 22.6 9
2010 9 5 17 16 17.5134 35.7219 129.57 19 6
2010 9 5 17 16 18.5722 36.5975 130.216 26.1 5
2010 9 5 17 17 19.2192 35.4664 130.071 15 7
2010 9 5 17 17 27.1455 35.5038 129.744 14.8 6
2010 9 5 17 17 27.2326 35.5696 129.495 21.9 5
2010 9 5 17 18 2.29153 43.9209 141.546 15.1 5
2010 9 5 17 18 15.559 35.4536 130.123 13.1 5
2010 9 5 17 18 31.7503 35.4789 129.824 21.2 8
2010 9 5 17 18 31.8328 35.4666 130.098 15 7
2010 9 5 17 19 22.539 35.5333 129.829 11.2 5
2010 9 5 17 19 49.0082 35.4896 129.798 25.4 5
2010 9 5 17 19 57.6567 35.3577 129.773 19 5
2010 9 5 17 20 12.89 35.4629 129.508 14.6 6
2010 9 5 17 20 23.8019 35.5024 129.898 15.4 6
2010 9 5 17 20 23.8679 35.5637 129.844 27.6 9
2010 9 5 17 20 35.8036 35.4931 129.859 5.2 5
2010 9 5 17 21 1.90531 35.4436 130.113 14.4 5
2010 9 5 17 21 2.05271 35.5113 129.841 23.5 8
2010 9 5 17 21 21.2548 35.5196 129.759 13.5 5
2010 9 5 17 22 18.038 35.339 129.815 15.8 5
2010 9 5 17 22 40.3621 35.4775 129.746 23.2 7
2010 9 5 17 22 51.3603 35.5488 129.806 24.1 5
2010 9 5 17 23 24.8035 35.5339 129.906 21.6 5
2010 9 5 17 24 12.8881 35.4778 129.497 25.2 5
2010 9 5 17 24 54.0885 43.9609 141.495 23.5 7
2010 9 5 17 24 54.1301 43.9588 141.503 22.1 6
2010 9 5 17 24 54.1933 43.9403 141.495 21.7 8
2010 9 5 17 25 49.0974 35.481 129.854 27.5 8
2010 9 5 17 26 9.90093 35.4594 129.992 12.7 5
2010 9 5 17 26 26.3428 35.4651 129.86 25.5 7
2010 9 5 17 26 28.6676 35.5012 129.843 26.8 6
2010 9 5 17 26 28.9981 35.3991 129.841 20.5 7
2010 9 5 17 27 7.16995 35.518 129.915 25.5 8
2010 9 5 17 27 7.29097 35.4442 129.852 22.7 5
2010 9 5 17 27 7.88934 35.5717 129.855 7.9 5
2010 9 5 17 27 34.1697 43.9604 141.54 23.1 6
2010 9 5 17 27 44.8306 35.4954 129.707 29.5 8
2010 9 5 17 28 16.0927 35.4676 129.824 22.3 8
2010 9 5 17 28 47.6493 35.4924 129.812 22 7
2010 9 5 17 29 25.2874 43.9478 141.563 27.6 6
2010 9 5 17 30 52.1392 35.5256 129.874 24.2 7
2010 9 5 17 32 5.23458 35.5828 129.647 27.7 10
2010 9 5 17 32 5.40049 35.4826 129.738 15.8 5
2010 9 5 17 32 5.54581 35.514 129.609 19 6
2010 9 5 17 32 12.3015 35.5008 130.202 19.5 6
2010 9 5 17 33 29.2341 35.5605 129.867 26.7 6
2010 9 5 17 33 29.3712 35.508 129.918 25.2 7
2010 9 5 17 34 2.81182 35.469 129.867 21.2 5
2010 9 5 17 34 18.919 35.5267 129.828 18.4 5
2010 9 5 17 35 12.424 35.5198 129.88 13.8 5
2010 9 5 17 35 12.4879 35.6776 129.86 18.1 6
2010 9 5 17 35 12.582 35.5914 129.809 25.8 10
2010 9 5 17 35 47.4396 35.6078 129.643 24.4 5
2010 9 5 17 35 47.5394 35.5621 129.861 16.1 5
2010 9 5 17 36 35.8754 35.5721 129.846 24.4 7
2010 9 5 17 36 35.9195 35.5703 129.836 22.9 8
2010 9 5 17 36 36.0014 35.622 129.95 19.8 6
2010 9 5 17 36 36.1503 35.5097 129.862 22.1 7
2010 9 5 17 36 45.4165 44.0235 141.539 17.4 5
2010 9 5 17 38 12.8257 35.6201 129.815 26.6 8
2010 9 5 17 38 52.7679 35.5101 129.793 16.5 5
2010 9 5 17 38 52.8555 35.5362 129.53 21.2 7
2010 9 5 17 39 8.84167 35.5333 129.807 19.5 6
2010 9 5 17 39 18.3006 36.7319 130.356 22.7 5
2010 9 5 17 40 32.7652 35.5371 129.578 27 7
2010 9 5 17 40 33.0802 35.5224 129.522 25.5 7
2010 9 5 17 41 17.8346 35.5628 129.906 28.2 8
2010 9 5 17 41 51.3714 35.6814 129.574 30 5
2010 9 5 17 42 31.1936 35.5598 129.932 29.7 7
2010 9 5 17 42 31.6685 35.5818 129.957 25.1 8
2010 9 5 17 43 29.3868 35.5075 130.006 22.6 6
2010 9 5 17 46 39.3362 35.5372 129.808 18.5 5
2010 9 5 17 46 47.8421 36.6928 130.348 22.3 8
2010 9 5 17 46 55.0723 35.6304 129.828 28.6 5
2010 9 5 17 46 55.2448 35.6133 129.752 28.2 8
2010 9 5 17 47 46.1136 35.6272 129.801 20.1 6
2010 9 5 17 48 25.4895 35.6437 129.87 18.6 6
2010 9 5 17 49 10.1299 35.6564 129.845 24.8 8
2010 9 5 17 49 10.3241 35.6441 129.782 23.5 9
2010 9 5 17 52 39.2104 35.3244 129.558 22.1 6
2010 9 5 17 53 18.5689 36.6078 130.485 15.2 5
2010 9 5 17 53 18.9173 36.7956 130.411 10.1 6
2010 9 5 17 53 44.1092 36.5575 130.52 29.8 6
2010 9 5 17 57 53.5714 35.7655 129.484 22.2 7
2010 9 5 17 57 53.5994 35.7933 129.474 22.5 7
2010 9 5 17 57 55.8379 36.6846 130.383 23.2 6
2010 9 5 17 59 22.7865 36.616 130.358 25.5 6
2010 9 5 17 59 46.7992 35.6121 129.898 17.1 5
2010 9 5 18 4 18.9274 36.6833 130.621 10.4 5
2010 9 5 18 4 18.956 36.689 130.401 21.5 8
2010 9 5 18 4 19.0292 36.7048 130.386 14.7 8
2010 9 5 18 4 19.1029 36.6916 130.42 15.6 6
2010 9 5 18 5 3.88204 36.6712 130.407 22.9 11
2010 9 5 18 5 3.99269 36.7088 130.604 11.7 7
2010 9 5 18 6 20.4892 36.7134 130.435 13.5 5
2010 9 5 18 6 28.3441 36.6026 130.438 20.1 5
2010 9 5 18 6 28.3945 36.6455 130.461 10.5 5
2010 9 5 18 7 50.9782 36.6436 130.508 18 8
2010 9 5 18 7 51.1089 36.6798 130.488 21.2 9
2010 9 5 18 7 51.1992 36.6345 130.51 10.3 5
2010 9 5 18 9 43.5854 36.6743 130.512 18.6 7
2010 9 5 18 10 34.3622 36.6665 130.502 22.1 7
2010 9 5 18 10 34.4128 36.7045 130.534 17.9 6
2010 9 5 18 13 41.919 35.4945 129.688 2.9 5
2010 9 5 18 13 42.0423 35.4442 130.18 12.7 5
2010 9 5 18 16 35.042 36.7586 130.484 19.9 9
2010 9 5 18 17 37.0624 36.5899 130.537 15.1 7
2010 9 5 18 17 41.8172 36.7965 130.549 19.9 6
2010 9 5 18 17 41.9843 36.7211 130.755 7.4 5
2010 9 5 18 19 21.2814 36.7058 130.587 13.4 6
2010 9 5 18 19 21.9753 36.7133 130.644 2.4 5
2010 9 5 18 19 46.8255 35.5396 129.62 5.2 5
2010 9 5 18 19 46.9294 35.4719 129.721 20.9 8
2010 9 5 18 20 21.8639 36.8841 130.33 17.6 5
2010 9 5 18 22 41.9641 36.7198 130.511 17.3 6
2010 9 5 18 23 13.7967 36.73 130.432 6.8 5
2010 9 5 18 23 20.0216 35.4806 129.617 5.2 5
2010 9 5 18 23 32.089 36.7405 130.476 21.4 10
2010 9 5 18 23 32.1421 36.7873 130.509 21.3 8
2010 9 5 18 24 0.757853 43.4232 140.802 22.2 5
2010 9 5 18 25 24.7892 36.6986 130.466 26 9
2010 9 5 18 25 26.4582 36.8167 130.595 18.9 8
2010 9 5 18 26 1.24458 36.7301 130.472 18.3 10
2010 9 5 18 26 1.33576 36.7244 130.652 8.7 6
2010 9 5 18 26 1.46525 36.7981 130.538 21.1 7
2010 9 5 18 26 25.0623 35.4271 129.601 16.1 7
2010 9 5 18 28 3.56649 36.6646 130.618 20.7 8
2010 9 5 18 28 33.4273 35.8465 129.861 21.2 6
2010 9 5 18 29 7.23426 35.4733 129.713 18.4 8
2010 9 5 18 29 7.29176 35.4782 129.897 5.1 5
2010 9 5 18 29 7.36492 35.599 129.602 12.5 5
2010 9 5 18 29 42.8447 36.7153 130.702 12.2 6
2010 9 5 18 29 42.943 36.7793 130.547 26.2 9
2010 9 5 18 29 43.246 36.8522 130.464 11.3 5
2010 9 5 18 30 40.8647 43.4698 140.748 21 8
2010 9 5 18 32 34.1441 36.7858 130.54 18.2 8
2010 9 5 18 32 34.2032 36.7672 130.568 22.4 6
2010 9 5 18 33 56.3016 35.5868 129.671 5.9 6
2010 9 5 18 34 15.6028 35.8921 129.744 22.6 7
2010 9 5 18 35 11.6111 36.8214 130.562 29.6 12
2010 9 5 18 35 11.6583 36.7781 130.564 24.2 11
2010 9 5 18 35 11.7105 36.6786 130.445 23.9 5
2010 9 5 18 35 11.7105 36.7854 130.767 6.8 5
2010 9 5 18 35 11.732 36.8008 130.564 23.1 10
2010 9 5 18 35 11.7798 36.8001 130.52 18.8 9
2010 9 5 18 35 33.3372 35.908 129.757 22 7
2010 9 5 18 35 46.2459 43.3561 140.892 17.6 9
2010 9 5 18 36 13.0103 36.7861 130.618 23.2 7
2010 9 5 18 36 29.201 35.8852 129.82 14.1 7
2010 9 5 18 36 41.0926 35.4747 129.673 19.5 9
2010 9 5 18 37 15.8034 36.8016 130.527 15.4 10
2010 9 5 18 37 15.8337 36.7941 130.581 16.3 11
2010 9 5 18 37 15.8803 36.7874 130.593 19.9 8
2010 9 5 18 37 15.9294 36.7597 130.587 6.2 5
2010 9 5 18 37 15.9941 36.8262 130.581 22.6 6
2010 9 5 18 37 28.6878 35.8577 129.808 17.6 8
2010 9 5 18 37 28.7596 35.8341 129.806 21.3 5
2010 9 5 18 38 11.1455 35.9047 129.698 18.3 5
2010 9 5 18 38 20.293 36.8159 130.45 19.3 7
2010 9 5 18 38 41.484 36.9375 130.55 6.9 5
2010 9 5 18 39 30.2468 43.4337 140.953 15.4 5
2010 9 5 18 39 30.423 43.3765 140.985 17.3 5
2010 9 5 18 39 30.5295 35.9155 129.838 5.7 5
2010 9 5 18 39 30.808 35.4632 129.626 20.8 5
2010 9 5 18 39 31.0547 35.5194 129.662 15.6 5
2010 9 5 18 40 16.5119 36.0086 129.65 0.7 5
2010 9 5 18 40 35.9974 35.4979 129.647 16.9 6
2010 9 5 18 40 36.0826 35.5004 129.623 21.5 6
2010 9 5 18 40 36.1168 35.4928 129.659 19.7 7
2010 9 5 18 40 47.4984 35.9229 129.808 19.6 7
2010 9 5 18 40 47.7681 35.8638 129.758 17.6 5
2010 9 5 18 41 7.62934 35.859 129.858 16.2 8
2010 9 5 18 41 34.0019 36.7588 130.723 17 7
2010 9 5 18 42 29.0595 35.9498 129.721 18.9 7
2010 9 5 18 42 33.6263 35.9324 129.864 3.9 5
2010 9 5 18 42 33.8282 35.9196 129.839 22.4 8
2010 9 5 18 43 18.2021 35.9118 129.908 16 5
2010 9 5 18 43 58.3381 43.4946 140.916 22.1 11
2010 9 5 18 43 58.5518 43.5198 140.927 23.8 11
2010 9 5 18 43 58.6015 35.9185 129.893 20.8 8
2010 9 5 18 44 10.2881 35.5518 129.665 21.7 8
2010 9 5 18 44 29.3768 35.9564 129.738 11.9 7
2010 9 5 18 44 29.4316 35.9856 129.732 14.3 7
2010 9 5 18 44 44.3323 35.8843 130.095 9.9 5
2010 9 5 18 44 44.5039 35.9375 129.936 21.1 7
2010 9 5 18 45 30.2708 35.8608 129.836 9.3 5
2010 9 5 18 45 33.6939 36.8423 130.533 14.6 5
2010 9 5 18 45 58.6826 35.8777 129.879 19.1 7
2010 9 5 18 46 16.2725 35.9412 129.931 18.8 7
2010 9 5 18 46 38.219 35.8919 129.857 21.1 10
2010 9 5 18 46 57.2119 35.9329 129.847 20.7 6
2010 9 5 18 47 22.7612 35.9588 129.921 23.7 5
2010 9 5 18 47 22.8513 35.9902 129.894 7.7 6
2010 9 5 18 47 23.0037 35.9331 129.921 26.2 7
2010 9 5 18 47 30.2498 43.5013 140.909 24.6 11
2010 9 5 18 47 35.6746 35.9822 129.897 9 6
2010 9 5 18 47 58.3449 36.095 129.664 18.5 5
2010 9 5 18 47 58.3449 35.8963 129.854 6.5 5
2010 9 5 18 48 27.4568 36.136 131.113 28.6 5
2010 9 5 18 48 50.0334 35.8831 129.915 7.9 5
2010 9 5 18 49 1.13168 35.8695 129.843 18.1 5
2010 9 5 18 49 1.21225 35.8953 129.839 15.7 6
2010 9 5 18 49 22.4135 35.9191 129.893 22.7 6
2010 9 5 18 49 34.0948 35.914 130.053 10.1 5
2010 9 5 18 49 34.2787 35.972 129.909 24.9 5
2010 9 5 18 49 34.4716 36.0707 129.718 12.7 6
2010 9 5 18 49 49.9008 36.0173 129.892 25 5
2010 9 5 18 49 59.7234 35.977 129.91 21.4 7
2010 9 5 18 50 13.4472 36.5397 130.686 26.6 6
2010 9 5 18 50 20.991 36.1065 129.667 17.4 6
2010 9 5 18 50 41.7361 36.0184 129.904 23.9 6
2010 9 5 18 51 5.52337 35.9322 129.856 28.1 8
2010 9 5 18 51 5.62465 35.9757 129.88 17.7 6
2010 9 5 18 51 5.75853 36.0991 129.692 12.1 5
2010 9 5 18 51 5.80916 35.952 129.856 20 7
2010 9 5 18 51 5.85864 35.9948 129.882 24.6 7
2010 9 5 18 51 7.88832 36.5656 130.713 25.4 6
2010 9 5 18 51 10.7969 35.6178 129.788 17.1 7
2010 9 5 18 51 29.376 36.0525 129.876 10.2 5
2010 9 5 18 51 29.4701 35.8627 129.841 15.4 6
2010 9 5 18 51 29.5943 35.9425 129.881 22.3 5
2010 9 5 18 52 15.0313 35.9451 129.842 19.7 8
2010 9 5 18 52 43.1191 35.9337 129.846 22.4 11
2010 9 5 18 52 43.1843 35.9566 129.89 22.8 8
2010 9 5 18 52 43.3847 35.9422 129.833 19.2 10
2010 9 5 18 52 53.3385 36.0015 129.892 6.8 5
2010 9 5 18 53 15.4002 36.3307 129.512 19.7 5
2010 9 5 18 53 15.5004 35.954 129.997 22.5 5
2010 9 5 18 53 38.8272 35.9689 129.895 22 7
2010 9 5 18 53 38.9058 35.991 129.898 17.9 8
2010 9 5 18 53 39.0044 35.9445 129.837 17.4 9
2010 9 5 18 54 4.01132 37.4058 135.045 17.5 9
2010 9 5 18 54 17.1436 35.9535 129.826 18.6 10
2010 9 5 18 54 17.3279 43.5084 141.025 17.3 7
2010 9 5 18 54 58.5406 35.9622 130.078 15.5 6
2010 9 5 18 54 58.5942 35.948 129.939 17.7 7
2010 9 5 18 54 59.1096 36.0155 129.969 22.5 5
2010 9 5 18 55 32.3162 36.0461 129.967 20.6 5
2010 9 5 18 55 45.6439 36.0035 129.922 20.9 8
2010 9 5 18 55 45.7441 36.0295 129.925 14.9 7
2010 9 5 18 58 32.9486 36.9892 130.519 9.6 6
2010 9 5 18 58 58.6849 37.4796 135.215 16.7 7
2010 9 5 18 59 8.6779 35.9593 129.81 20.8 6
2010 9 5 18 59 23.9202 37.4658 135.142 21.8 8
2010 9 5 18 59 41.9303 35.9934 129.892 20.1 8
2010 9 5 18 59 42.1178 36.1128 129.93 9.2 5
2010 9 5 18 59 54.0236 37.5026 135.159 8.4 5
2010 9 5 19 0 12.9453 37.4169 135.164 19.3 5
2010 9 5 19 0 41.1684 37.4661 135.15 25 6
2010 9 5 19 0 41.491 37.4339 135.171 7.6 6
2010 9 5 19 0 41.618 37.4618 135.183 7.3 6
2010 9 5 19 1 22.2566 35.7186 129.723 12.1 5
2010 9 5 19 2 41.6008 36.1351 129.714 10.7 6
2010 9 5 19 3 20.0953 37.4556 135.224 14.9 8
2010 9 5 19 3 20.1757 37.4391 135.29 3.2 5
2010 9 5 19 3 42.5705 36.0438 129.955 17.4 6
2010 9 5 19 3 42.7025 36.0119 129.919 16.9 5
2010 9 5 19 3 42.8025 36.0519 130.013 13 6
2010 9 5 19 3 43.1158 36.0667 130.02 2 5
2010 9 5 19 3 47.0594 37.488 135.214 18.5 7
2010 9 5 19 4 28.9923 37.4313 135.137 14.1 7
2010 9 5 19 5 24.6988 36.0314 129.826 16.5 8
2010 9 5 19 6 27.537 36.0527 129.845 18.4 9
2010 9 5 19 6 34.6576 36.5583 130.62 20.8 11
2010 9 5 19 6 34.7016 36.6172 130.676 19.4 8
2010 9 5 19 6 34.7443 36.6824 130.531 17.2 6
2010 9 5 19 6 34.7444 36.5603 130.598 10 5
2010 9 5 19 6 34.8035 36.6016 130.657 17.1 6
2010 9 5 19 6 59.2278 36.1225 129.839 9.6 6
2010 9 5 19 7 18.3892 36.0422 129.821 19.2 11
2010 9 5 19 7 28.6943 36.5895 130.654 7.6 5
2010 9 5 19 7 40.0814 36.0434 129.781 20.4 9
2010 9 5 19 7 40.2753 36.0544 129.81 7.7 5
2010 9 5 19 8 3.24773 36.001 129.782 17.6 6
2010 9 5 19 8 3.30502 36.0616 129.82 18.7 9
2010 9 5 19 8 3.35753 36.0547 129.78 18.2 9
2010 9 5 19 8 21.8332 36.0284 129.81 21.4 9
2010 9 5 19 8 21.9993 36.0583 129.908 8.2 5
2010 9 5 19 8 34.9547 36.0469 129.818 23.1 7
2010 9 5 19 8 35.031 36.1031 129.808 12 5
2010 9 5 19 8 53.0631 36.0433 129.924 20.9 11
2010 9 5 19 8 55.0588 36.1255 129.876 15.9 5
2010 9 5 19 8 58.2405 37.4982 135.206 9.7 5
2010 9 5 19 8 58.2678 37.4648 135.151 20.6 8
2010 9 5 19 9 39.0102 36.124 129.867 6.2 5
2010 9 5 19 9 39.1336 36.0519 129.85 15.4 6
2010 9 5 19 9 40.5511 37.4686 135.244 11.8 5
2010 9 5 19 9 52.7989 36.0414 129.878 9.8 5
2010 9 5 19 9 53.037 36.0181 129.729 17.5 5
2010 9 5 19 10 9.61699 36.0656 129.842 10.9 5
2010 9 5 19 10 16.7226 36.0752 129.791 11.4 6
2010 9 5 19 10 49.7065 36.1178 129.872 16.1 7
2010 9 5 19 11 33.1583 36.1189 129.864 21.8 6
2010 9 5 19 11 33.2445 36.0856 129.817 20.9 5
2010 9 5 19 11 55.7665 36.1831 129.683 17.6 6
2010 9 5 19 12 28.0957 36.0732 129.835 18 9
2010 9 5 19 13 3.85042 36.0836 129.826 24.2 7
2010 9 5 19 13 3.92643 36.0638 129.827 12.8 5
2010 9 5 19 13 58.1484 36.1018 129.872 13.3 5
2010 9 5 19 14 47.3718 37.4635 135.21 12 7
2010 9 5 19 15 5.65881 36.0532 130.069 12.5 7
2010 9 5 19 15 5.72239 36.0166 129.805 17.3 6
2010 9 5 19 15 5.72239 36.1219 129.836 10.9 6
2010 9 5 19 15 5.83785 36.1162 129.888 22.3 5
2010 9 5 19 15 6.0516 36.0555 129.964 17.5 7
2010 9 5 19 16 15.0114 36.0874 129.882 11.7 6
2010 9 5 19 16 31.1114 37.4088 135.091 14.6 7
2010 9 5 19 17 14.7663 36.0609 129.778 20.5 9
2010 9 5 19 17 14.8828 36.1133 129.813 16.7 9
2010 9 5 19 17 14.9396 36.1814 129.827 13.9 5
2010 9 5 19 18 15.0967 36.0163 129.865 18.8 5
2010 9 5 19 18 15.1303 36.22 129.756 11.9 5
2010 9 5 19 18 15.1615 36.1158 129.835 14.2 8
2010 9 5 19 18 15.2112 36.1413 129.869 15 7
2010 9 5 19 18 56.8461 36.5883 130.611 16.4 11
2010 9 5 19 19 17.6165 36.1725 129.711 19.1 11
2010 9 5 19 21 17.7399 36.0943 129.851 15.6 5
2010 9 5 19 22 46.8904 36.1182 129.84 20.1 8
2010 9 5 19 22 46.9573 36.1355 129.837 7.9 5
2010 9 5 19 22 47.0138 36.1765 129.91 16.7 9
2010 9 5 19 23 11.2869 37.5139 135.318 16.3 6
2010 9 5 19 24 6.81914 36.145 129.867 15.9 8
2010 9 5 19 24 6.9404 36.1629 129.865 17.9 5
2010 9 5 19 25 18.1929 37.5083 135.284 22 7
2010 9 5 19 27 24.7163 36.1705 129.783 12.7 6
2010 9 5 19 27 24.8236 36.2077 129.827 19.5 8
2010 9 5 19 29 6.52146 36.1749 129.915 22.5 9
2010 9 5 19 30 2.06118 36.0968 129.864 13.9 5
2010 9 5 19 30 2.09712 36.1799 129.847 4.3 5
2010 9 5 19 31 57.3111 36.1617 129.912 16.8 6
2010 9 5 19 32 35.3474 36.2451 129.729 3 5
2010 9 5 19 35 44.2212 37.4718 135.223 13 5
2010 9 5 19 35 47.4638 36.2165 129.991 16.9 5
2010 9 5 19 35 47.5773 36.167 130.006 13 7
2010 9 5 19 36 3.6149 36.1907 129.963 22.3 5
2010 9 5 19 36 33.1249 36.1506 129.925 23.9 6
2010 9 5 19 36 33.2179 36.163 129.882 17.4 8
2010 9 5 19 37 28.442 36.1609 129.935 11.5 8
2010 9 5 19 38 34.7404 36.1889 129.964 10.9 7
2010 9 5 19 38 34.8163 36.1648 129.932 17.4 8
2010 9 5 19 38 35.1127 36.1534 129.877 15.8 6
2010 9 5 19 39 31.165 36.1224 129.895 21.7 9
2010 9 5 19 39 38.212 37.4805 135.171 13.8 7
2010 9 5 19 39 47.6165 36.1865 129.925 21 9
2010 9 5 19 39 47.9115 36.1408 129.913 14.2 5
2010 9 5 19 40 25.8608 36.1466 130.057 19.6 5
2010 9 5 19 41 3.75104 36.0816 129.875 20.3 6
2010 9 5 19 41 42.2812 36.1478 129.924 24.5 5
2010 9 5 19 41 50.1687 37.484 135.169 15.4 5
2010 9 5 19 42 0.27721 36.0863 129.99 16 8
2010 9 5 19 42 35.6428 36.1448 129.891 3.9 5
2010 9 5 19 42 35.7514 36.2205 129.905 13.8 6
2010 9 5 19 42 35.8228 36.2192 129.941 13.2 5
2010 9 5 19 43 0.718983 36.1709 129.99 12.6 6
2010 9 5 19 44 37.1358 36.1825 129.937 17 8
2010 9 5 19 44 37.3754 36.179 129.985 19.1 6
2010 9 5 19 45 2.38368 37.4717 135.187 16.6 5
2010 9 5 19 45 36.3695 36.2116 130.015 16 6
2010 9 5 19 46 37.4386 36.1433 130.015 14.3 6
2010 9 5 19 46 37.5259 36.5507 129.634 23.3 5
2010 9 5 19 46 37.6104 36.2266 129.993 21.1 5
2010 9 5 19 48 12.7138 36.2086 129.943 18.7 8
2010 9 5 19 50 6.73679 36.1797 129.924 18.8 12
2010 9 5 19 50 6.78458 36.2491 129.995 13.6 7
2010 9 5 19 50 6.82227 36.2033 129.956 17.4 9
2010 9 5 19 50 6.89878 36.3296 129.843 12 5
2010 9 5 19 50 57.5427 36.1823 129.943 24 8
2010 9 5 19 50 57.6174 36.2258 129.983 12.7 7
2010 9 5 19 50 57.6836 36.1716 129.935 13 8
2010 9 5 19 52 45.1536 36.1811 129.888 7.6 5
2010 9 5 19 52 45.1536 36.2343 130.008 12.9 5
2010 9 5 19 55 15.1336 36.324 130.189 16.2 5
2010 9 5 19 55 15.2196 36.2702 130.036 16.8 9
2010 9 5 19 55 15.3167 36.3184 130.022 13.4 7
2010 9 5 19 56 50.9034 36.2012 129.982 11.5 10
2010 9 5 20 6 12.4673 37.6698 135.73 17.9 5
2010 9 5 20 22 54.294 36.3685 130.155 15.5 10
2010 9 5 20 28 40.5773 37.742 135.893 17.5 6
2010 9 5 20 44 29.3953 41.8926 137.597 19.6 5
2010 9 5 20 50 8.51611 41.7951 137.684 13.9 11
2010 9 5 20 55 5.49672 37.7531 136.141 4.2 5
2010 9 5 20 58 26.5765 37.8459 136.161 18.1 6
2010 9 5 20 59 3.94125 36.9699 130.93 15.1 6
2010 9 5 20 59 6.49609 41.948 139.827 15.8 6
2010 9 5 21 0 2.35626 36.9905 130.899 13.9 5
2010 9 5 21 12 41.4644 41.9751 138.387 11.6 6
2010 9 5 21 14 50.7632 37.0203 130.926 16.6 5
2010 9 5 21 16 28.8129 36.9978 130.959 11.2 6
2010 9 5 21 24 9.02703 37.0288 130.966 18 5
2010 9 5 21 24 9.02705 36.9967 130.938 4 5
2010 9 5 21 31 43.7086 41.9305 139.925 10.3 5
2010 9 5 21 34 32.5534 41.8563 139.791 12.1 8
2010 9 5 21 38 48.7862 42.2783 139.589 19.1 5
2010 9 5 21 45 5.85247 37.1605 130.633 2.9 5
2010 9 5 21 45 23.3877 42.5045 139.77 28.2 5
2010 9 5 21 55 7.87998 41.8207 139.985 18 8
2010 9 5 22 2 4.17907 42.1106 139.558 15.2 5
2010 9 5 22 2 4.7651 37.0336 130.937 13.9 5
2010 9 5 22 5 21.4395 37.0326 130.92 14.3 6
2010 9 5 22 6 32.6282 37.1032 130.906 7.1 5
2010 9 5 22 8 53.0174 37.1085 130.977 14.8 7
2010 9 5 22 21 14.6088 38.4244 130.051 16.2 5
2010 9 5 22 21 28.9089 41.9471 138.892 9.2 5
2010 9 5 22 23 6.66788 37.6443 135.469 29.6 5
2010 9 5 22 24 56.2867 38.3553 130.109 7.9 5
2010 9 5 22 36 44.4914 42.5726 139.625 26.9 5
2010 9 5 22 48 42.8797 35.9659 129.868 4.5 5
2010 9 5 22 49 36.4462 39.2511 130.227 15.9 5
2010 9 5 22 49 36.5884 39.1938 130.195 10.8 5
2010 9 6 0 20 4.42054 37.017 130.627 10.2 6
2010 9 6 0 22 5.6418 36.7423 130.923 15.5 7
2010 9 6 0 26 42.3448 36.8792 130.907 5.1 5
2010 9 6 0 27 37.0311 36.9716 130.973 17 6
2010 9 6 0 28 6.63996 36.8971 130.918 14.6 5
2010 9 6 0 28 37.4523 37.0422 130.762 4.5 5
2010 9 6 0 29 5.90933 36.9037 130.935 7.5 5
2010 9 6 0 31 44.8702 41.6706 137.204 15.6 5
2010 9 6 0 31 44.9045 41.6924 137.214 13 6
2010 9 6 0 36 5.30799 37.199 131.393 13.3 5
2010 9 6 0 36 38.792 37.2119 131.374 16.8 5
2010 9 6 0 38 4.18128 37.1466 131.381 14.2 6
2010 9 6 0 38 17.9047 37.1947 131.365 11.1 6
2010 9 6 0 40 13.427 37.5264 130.722 27 5
2010 9 6 0 40 13.6236 37.2323 131.378 15.8 5
2010 9 6 0 40 35.1621 37.1873 131.4 11.7 5
2010 9 6 0 42 8.53446 37.2309 131.395 19.9 6
2010 9 6 0 42 43.3047 37.2419 131.376 13.8 7
2010 9 6 0 42 53.8753 37.2021 131.388 14.5 7
2010 9 6 0 43 54.4801 37.1797 131.447 7.2 5
2010 9 6 0 45 17.4412 37.5181 132.985 29.8 7
2010 9 6 0 45 17.8508 37.7133 133.103 15.5 6
2010 9 6 0 45 44.7695 37.3941 131.171 9.3 5
2010 9 6 0 46 16.8898 37.2365 131.395 14.2 6
2010 9 6 0 46 45.0793 37.2627 131.433 13.8 6
2010 9 6 0 47 6.59281 37.159 131.339 3.5 5
2010 9 6 0 47 34.5486 37.2407 131.368 10.7 7
2010 9 6 0 47 34.6352 37.2078 131.349 7.6 6
2010 9 6 0 50 5.74071 37.2591 131.461 20.3 8
2010 9 6 0 50 5.8349 37.2819 131.459 16.3 5
2010 9 6 0 50 6.10536 37.2799 131.464 15.5 5
2010 9 6 0 53 1.22381 37.3742 131.38 4.4 5
2010 9 6 0 53 3.94528 38.18 132.729 7.9 5
2010 9 6 0 56 35.9374 37.3085 131.396 11.3 6
2010 9 6 1 0 52.134 37.3021 131.406 9.2 5
2010 9 6 1 24 51.1588 38.0885 133.109 2.8 5
2010 9 6 1 25 42.4785 41.4603 139.078 15.8 5
2010 9 6 1 25 53.0848 37.3164 131.504 17.5 6
2010 9 6 1 27 10.8233 37.3407 131.451 6.6 5
2010 9 6 1 28 58.4406 37.4156 131.513 14.8 5
2010 9 6 1 28 58.4952 37.4237 131.506 15.6 5
2010 9 6 1 29 28.4014 38.3421 132.76 5.2 5
2010 9 6 1 29 28.5042 38.4998 132.764 15.9 5
2010 9 6 1 31 15.6685 37.4139 131.475 12.7 5
2010 9 6 1 31 15.8142 37.4412 131.495 15.2 6
2010 9 6 1 31 34.6366 37.433 131.505 17.1 7
2010 9 6 1 32 7.92162 38.1334 133.096 5.9 5
2010 9 6 1 32 34.3165 37.3858 131.478 10.9 7
2010 9 6 1 32 34.5367 37.3479 131.491 9.6 5
2010 9 6 1 32 34.6424 37.3931 131.49 15.7 5
2010 9 6 1 33 57.2356 37.3844 131.545 17 5
2010 9 6 1 34 6.49645 37.4915 131.498 15.3 6
2010 9 6 1 34 6.56054 37.4479 131.533 16.6 5
2010 9 6 1 34 46.9926 38.5008 132.573 8.2 5
2010 9 6 1 34 47.083 38.4561 132.541 6.6 6
2010 9 6 1 34 59.9149 37.364 131.538 20.4 7
2010 9 6 1 35 4.6406 41.6388 139.228 14.5 5
2010 9 6 1 35 22.69 37.4626 131.504 16.1 6
2010 9 6 1 36 13.6705 37.4123 131.465 15 7
2010 9 6 1 36 29.0171 37.4494 131.546 15.9 6
2010 9 6 1 37 21.0938 37.4142 131.531 25.9 8
2010 9 6 1 37 21.1777 37.3773 131.484 7.2 5
2010 9 6 1 37 21.2294 37.4605 131.538 14.2 6
2010 9 6 1 37 21.8195 38.1321 133.146 2.4 5
2010 9 6 1 37 29.3548 37.2925 131.427 29.3 5
2010 9 6 1 37 34.5384 38.5345 132.655 13.9 6
2010 9 6 1 37 45.0262 38.1034 133.047 10.4 5
2010 9 6 1 37 45.0888 38.1639 133.176 3.2 5
2010 9 6 1 37 45.1211 38.1962 133.1 8.6 6
2010 9 6 1 37 52.8571 38.2116 133.273 14.3 5
2010 9 6 1 38 16.9606 38.2267 133.103 13.6 6
2010 9 6 1 38 27.1831 37.4527 131.554 15.1 7
2010 9 6 1 38 35.5491 38.1062 133.204 4.7 5
2010 9 6 1 39 2.9036 37.4617 131.549 16.7 7
2010 9 6 1 39 3.0283 37.2839 131.598 10.9 5
2010 9 6 1 39 22.0253 37.4504 131.531 13 6
2010 9 6 1 39 22.0778 37.4546 131.549 17.8 5
2010 9 6 1 39 22.1926 37.3174 131.594 16.6 7
2010 9 6 1 39 36.4371 38.5251 132.66 8.6 5
2010 9 6 1 39 36.8307 38.5595 132.617 11.9 5
2010 9 6 1 39 45.2445 37.344 131.547 14.4 8
2010 9 6 1 39 45.2845 37.7155 130.957 23 5
2010 9 6 1 39 45.3651 37.3948 131.54 22.2 8
2010 9 6 1 40 11.6884 38.6522 132.526 16.8 5
2010 9 6 1 40 11.7647 38.2303 133.219 11.5 6
2010 9 6 1 40 12.0772 38.1615 133.153 5.2 5
2010 9 6 1 40 43.0539 37.4631 131.745 11.5 5
2010 9 6 1 40 59.9223 38.0161 130.759 21.9 5
2010 9 6 1 40 59.9226 37.391 131.583 12.4 8
2010 9 6 1 41 17.225 38.0551 133.302 3 5
2010 9 6 1 41 17.313 38.1708 133.251 16.5 5
2010 9 6 1 41 52.2314 37.4229 131.58 5.5 5
2010 9 6 1 42 34.8316 37.2748 131.656 8.1 5
2010 9 6 1 42 34.8363 37.2589 131.687 8.7 5
2010 9 6 1 43 0.133264 38.1866 133.184 5.1 5
2010 9 6 1 43 24.5586 38.1594 133.21 3.5 5
2010 9 6 1 43 36.2777 38.7521 131.613 4 5
2010 9 6 1 43 57.955 38.2912 133.152 16.4 7
2010 9 6 1 44 10.1087 37.444 131.552 14.4 6
2010 9 6 1 44 10.1483 37.4223 131.517 9.7 6
2010 9 6 1 45 15.4654 38.092 133.01 18.5 7
2010 9 6 1 45 15.6439 38.264 133.106 16 5
2010 9 6 1 47 28.5681 37.3202 131.738 8.6 5
2010 9 6 1 50 38.8913 38.2141 133.286 9.7 7
2010 9 6 1 51 41.5482 37.3896 131.739 16.7 6
2010 9 6 1 51 41.6293 37.4132 131.713 7.8 5
2010 9 6 1 51 41.7644 37.3053 131.629 4.7 5
2010 9 6 1 51 42.0503 37.2842 131.629 6 5
2010 9 6 1 56 5.59679 37.4463 131.562 19.3 5
2010 9 6 1 57 3.85793 39.5917 131.887 23.5 7
2010 9 6 1 57 24.062 37.3704 131.504 7.1 6
2010 9 6 1 57 24.1096 37.3131 131.526 10.7 5
2010 9 6 2 2 8.28058 40.6979 131.828 20.2 6
2010 9 6 2 3 27.1134 37.3461 131.59 14.4 5
2010 9 6 2 3 27.273 37.3398 131.61 11.5 5
2010 9 6 2 4 52.6947 38.3861 133.352 26.2 5
2010 9 6 2 5 6.13255 41.0033 132.283 29.9 5
2010 9 6 2 7 23.2779 38.4197 133.334 12.6 7
2010 9 6 2 7 23.4181 38.6934 132.746 20 6
2010 9 6 2 8 29.4349 37.8819 131.112 12.3 5
2010 9 6 2 8 29.4351 37.4428 131.752 3.5 5
2010 9 6 2 8 29.4992 37.4068 131.711 13.9 5
2010 9 6 2 9 25.593 38.4473 133.306 17.2 7
2010 9 6 2 9 25.9686 38.3207 133.304 1.3 5
2010 9 6 2 11 11.4089 37.9329 131.087 20.1 5
2010 9 6 2 11 56.9544 37.5274 131.762 17.1 8
2010 9 6 2 12 7.67955 37.5245 131.795 23 7
2010 9 6 2 12 33.1425 39.9707 132.328 26.3 7
2010 9 6 2 13 39.7262 37.4172 131.759 19.8 6
2010 9 6 2 14 37.4542 37.3976 131.643 9.5 5
2010 9 6 2 14 48.5348 38.3716 133.141 5.3 5
2010 9 6 2 16 49.3959 40.7051 131.805 12.9 6
2010 9 6 2 17 16.2817 38.4615 133.569 18.4 5
2010 9 6 2 17 30.7036 37.5689 131.706 8.4 5
2010 9 6 2 19 34.1815 38.4997 133.253 13.5 8
2010 9 6 2 19 34.2152 38.4946 133.243 2.6 5
2010 9 6 2 19 51.0003 38.6602 133.677 16.7 5
2010 9 6 2 20 2.64497 38.425 133.303 3.7 5
2010 9 6 2 20 8.60944 38.5351 133.278 16 6
2010 9 6 2 20 20.623 38.6718 132.994 10.5 5
2010 9 6 2 20 49.1623 38.4145 133.273 2.6 5
2010 9 6 2 20 56.5201 41.1464 132.118 15.9 6
2010 9 6 2 21 2.8467 38.463 133.35 21.4 10
2010 9 6 2 21 2.9298 38.4896 133.323 9 6
2010 9 6 2 21 3.11857 38.4118 133.364 1 5
2010 9 6 2 21 44.0522 38.4677 133.36 6.8 5
2010 9 6 2 21 47.3527 38.3698 133.24 12 5
2010 9 6 2 22 3.01845 38.5122 133.235 13.9 5
2010 9 6 2 22 3.17685 38.5401 133.207 7.5 5
2010 9 6 2 22 7.57623 38.4942 133.378 9.4 5
2010 9 6 2 22 14.526 38.3979 133.282 2.3 5
2010 9 6 2 22 26.9603 38.4253 133.248 2.2 5
2010 9 6 2 22 27.1115 38.5036 133.253 15.9 5
2010 9 6 2 22 33.661 38.5524 133.247 9.8 5
2010 9 6 2 23 40.4267 38.497 133.273 7.1 5
2010 9 6 2 23 54.577 38.4525 133.32 5.6 5
2010 9 6 2 24 4.56078 38.4674 133.281 22.3 6
2010 9 6 2 24 21.401 38.5761 133.258 18.5 5
2010 9 6 2 24 21.5208 38.4635 133.264 3.1 5
2010 9 6 2 24 32.3073 38.5632 133.467 5.9 6
2010 9 6 2 24 32.8548 38.3954 133.279 4.6 5
2010 9 6 2 24 41.8388 38.4206 133.423 4.8 5
2010 9 6 2 24 43.5617 38.4091 133.171 5.9 5
2010 9 6 2 24 47.9557 41.1492 133.634 11.6 5
2010 9 6 2 24 53.0862 38.4694 133.43 5.7 5
2010 9 6 2 25 26.9454 38.4335 133.312 2.8 5
2010 9 6 2 25 51.4316 38.5255 133.237 14 6
2010 9 6 2 26 16.3204 38.4423 133.304 4 5
2010 9 6 2 26 23.1286 38.5445 133.244 12.1 7
2010 9 6 2 26 49.9757 38.4877 133.399 8 5
2010 9 6 2 26 58.0002 38.5282 133.256 29.2 6
2010 9 6 2 27 5.65858 38.1159 133.708 12.6 5
2010 9 6 2 27 19.2819 38.4898 133.311 6.2 5
2010 9 6 2 27 27.661 38.4574 133.262 8.8 6
2010 9 6 2 27 27.8371 38.4347 133.219 9.7 7
2010 9 6 2 27 45.0013 38.4642 133.254 2.3 5
2010 9 6 2 27 45.1206 38.7286 132.905 6.2 5
2010 9 6 2 27 45.3991 38.5581 133.271 14.6 6
2010 9 6 2 28 34.3004 38.5562 133.27 11.2 6
2010 9 6 2 28 47.8999 38.4227 133.258 7.2 5
2010 9 6 2 28 56.7324 38.4845 133.443 5.4 5
2010 9 6 2 28 58.7766 38.4946 133.301 21.4 9
2010 9 6 2 29 5.67697 38.5457 133.259 19 5
2010 9 6 2 29 24.5567 38.4414 133.285 2.7 5
2010 9 6 2 29 32.4909 38.4542 133.363 4.8 5
2010 9 6 2 29 32.5548 38.4979 133.323 12.9 5
2010 9 6 2 29 32.7685 38.4943 133.335 13.7 5
2010 9 6 2 30 7.58532 38.4234 133.177 11 6
2010 9 6 2 30 29.9409 38.4702 133.394 5.2 5
2010 9 6 2 30 32.1803 38.5615 133.255 8.6 6
2010 9 6 2 30 32.3099 38.5128 133.27 9.2 5
2010 9 6 2 30 44.2966 38.559 133.358 12.6 6
2010 9 6 2 30 44.3747 38.5487 133.352 14.3 5
2010 9 6 2 30 44.7903 38.5262 133.353 12.6 6
2010 9 6 2 31 7.69986 38.4414 133.387 22 5
2010 9 6 2 31 31.2927 38.4737 133.302 17 6
2010 9 6 2 32 0.358267 38.515 133.453 22.2 7
2010 9 6 2 32 17.1927 38.5115 133.39 19.2 7
2010 9 6 2 32 34.3801 38.5992 133.442 11.8 6
2010 9 6 2 32 34.5014 38.5818 133.455 12.9 6
2010 9 6 2 32 34.6879 38.5015 133.477 3.3 5
2010 9 6 2 32 47.4943 38.8676 132.664 19 5
2010 9 6 2 33 0.280543 38.4901 133.494 3.1 5
2010 9 6 2 33 0.38697 38.5251 133.549 3 5
2010 9 6 2 33 0.473007 38.4713 133.425 25.5 8
2010 9 6 2 33 25.0382 38.5025 133.388 27.7 6
2010 9 6 2 33 25.097 38.4467 133.265 1.2 5
2010 9 6 2 33 25.1442 38.5256 133.363 14.9 5
2010 9 6 2 34 22.7646 38.526 133.475 11.8 6
2010 9 6 2 34 22.7663 38.5873 133.451 14.8 8
2010 9 6 2 34 22.7987 38.5812 133.489 10.7 5
2010 9 6 2 34 22.868 37.9833 133.667 29.5 5
2010 9 6 2 34 57.894 38.4797 133.302 27.1 6
2010 9 6 2 34 57.9443 38.5164 133.315 21.1 8
2010 9 6 2 35 38.1418 38.6883 133.718 2.5 5
2010 9 6 2 35 41.2279 38.4782 133.311 2.8 5
2010 9 6 2 36 40.9405 38.8978 132.913 14.5 5
2010 9 6 2 36 40.98 38.5377 133.5 2.9 5
2010 9 6 2 36 41.0398 38.495 133.438 2.8 5
2010 9 6 2 38 52.6295 38.4396 133.35 1.5 5
2010 9 6 2 40 22.7901 38.6448 133.021 29.4 5
2010 9 6 2 40 22.8332 38.6321 133.433 10.3 6
2010 9 6 2 40 22.9189 38.6186 133.436 17.9 7
2010 9 6 2 40 58.1319 38.0439 133.236 25.2 5
2010 9 6 2 40 58.528 38.5793 133.455 29.3 6
2010 9 6 2 40 58.9605 38.5274 133.455 2.8 5
2010 9 6 2 41 33.4468 38.6371 133.455 13 7
2010 9 6 2 41 33.8689 38.6513 133.492 14.8 7
2010 9 6 2 42 1.89081 38.4586 133.697 6.4 5
2010 9 6 2 44 13.3117 39.0241 132.033 24.5 5
2010 9 6 2 44 13.7268 40.5988 132.607 23.7 5
2010 9 6 2 44 16.4997 38.6985 133.758 2.9 5
2010 9 6 2 44 16.5643 38.6831 133.781 4.6 5
2010 9 6 2 44 16.6772 38.7303 133.777 22.5 6
2010 9 6 2 44 27.762 38.5493 133.438 27.1 8
2010 9 6 2 44 27.8603 38.5334 133.363 18.9 7
2010 9 6 2 44 58.0159 38.7274 133.807 4.6 5
2010 9 6 2 45 24.8578 38.7861 133.723 10.3 6
2010 9 6 2 45 25.012 38.7333 133.749 6.5 5
2010 9 6 2 46 2.90494 38.6446 133.725 8.5 5
2010 9 6 2 46 8.30917 38.6571 133.698 9.2 5
2010 9 6 2 46 13.6326 38.5112 133.371 3.2 5
2010 9 6 2 46 17.7891 38.6729 133.752 5.9 5
2010 9 6 2 46 17.8292 38.714 133.758 2 5
2010 9 6 2 46 17.8366 38.7336 133.795 5.3 5
2010 9 6 2 46 18.6095 38.5413 133.815 3.2 5
2010 9 6 2 46 18.6128 38.5463 133.807 3.9 5
2010 9 6 2 47 6.50096 38.7336 133.801 4.2 6
2010 9 6 2 48 53.952 38.6004 133.806 9.7 5
2010 9 6 2 48 53.9692 38.6518 133.815 17.4 5
2010 9 6 2 51 30.2006 40.3685 133.137 6.8 5
2010 9 6 2 52 23.1003 38.8021 133.666 4.1 5
2010 9 6 2 52 31.681 38.8587 133.722 15.9 7
2010 9 6 2 53 18.6197 38.768 133.756 2.7 5
2010 9 6 2 53 18.9334 38.7876 133.769 5.3 5
2010 9 6 2 53 19.8039 38.8129 133.789 8.7 5
2010 9 6 2 54 4.37023 38.6957 133.659 10 5
2010 9 6 2 54 55.8416 40.3576 133.12 26.8 6
2010 9 6 2 54 55.8763 40.4306 133.084 13 5
2010 9 6 2 54 56.6712 38.7352 133.711 5.5 5
2010 9 6 2 55 27.5552 38.8245 133.738 12.8 5
2010 9 6 2 56 6.64504 38.9188 133.78 5 5
2010 9 6 2 56 6.95538 38.7829 133.822 8.4 5
2010 9 6 2 56 7.10774 38.8549 133.759 14.1 5
2010 9 6 2 56 57.3728 38.5984 133.844 6.3 5
2010 9 6 2 57 48.1767 38.8401 133.778 14.6 6
2010 9 6 3 1 50.4459 39.2385 133.246 16.7 5
2010 9 6 3 2 58.0754 38.5443 133.758 8.7 5
2010 9 6 3 3 7.82191 38.8251 133.834 5.2 6
2010 9 6 3 3 7.8879 38.7993 133.831 4.2 5
2010 9 6 3 3 42.3087 38.8526 133.736 22.8 6
2010 9 6 3 3 42.3397 38.9136 133.739 10.2 5
2010 9 6 3 5 47.117 38.6018 133.811 15.8 7
2010 9 6 3 9 19.006 38.8281 133.909 2.9 5
2010 9 6 3 9 24.5391 40.5944 133.223 29.4 5
2010 9 6 3 10 16.6595 38.8937 133.891 16.8 7
2010 9 6 3 10 16.9134 38.9752 133.825 21.2 7
2010 9 6 3 12 14.1278 38.957 133.692 26.2 7
2010 9 6 3 13 50.323 40.5629 133.482 9.4 6
2010 9 6 3 15 3.92527 38.6063 132.173 15 5
2010 9 6 3 15 4.33004 38.6976 133.982 11.5 6
2010 9 6 3 17 42.9106 39.3134 131.681 26.2 5
2010 9 6 3 17 56.0281 38.6283 133.95 11.2 6
2010 9 6 3 19 18.8433 38.7008 133.998 28.2 6
2010 9 6 3 19 18.8798 38.6977 134.021 3 5
2010 9 6 3 19 18.9352 38.6739 133.923 26.8 7
2010 9 6 3 19 19.0009 38.706 134.021 4 5
2010 9 6 3 23 42.0817 38.7775 134.007 28.4 9
2010 9 6 3 25 0.382374 38.7804 133.982 4.8 5
2010 9 6 3 25 17.3046 40.5731 133.463 8.6 5
2010 9 6 3 26 31.1896 38.7939 134.055 5.7 6
2010 9 6 3 26 31.2117 38.8478 133.919 7.9 5
2010 9 6 3 27 14.2171 38.7864 134.022 15.8 5
2010 9 6 3 27 37.3616 40.6606 133.385 24.4 7
2010 9 6 3 27 47.3179 41.7334 139.754 28.6 5
2010 9 6 3 37 1.04415 42.728 138.905 27.3 5
2010 9 6 3 37 54.0158 41.6872 139.984 26.1 5
2010 9 6 3 39 19.1445 39.404 133.415 22.1 5
2010 9 6 3 40 28.1808 38.8224 134.115 10.9 5
2010 9 6 3 41 30.5274 39.341 133.875 7.5 5
2010 9 6 3 41 30.5798 39.2554 133.904 24.2 8
2010 9 6 3 43 34.2962 39.4266 133.647 11.5 5
2010 9 6 3 43 53.0118 38.8298 134.018 18.2 6
2010 9 6 3 44 50.7806 39.4634 133.599 8.7 5
2010 9 6 3 49 9.33844 39.5735 133.675 20.1 8
2010 9 6 3 49 34.9446 39.5622 133.658 18.3 5
2010 9 6 3 53 7.8436 39.531 133.673 3.3 5
2010 9 6 3 55 31.314 39.3789 132.858 24.2 6
2010 9 6 3 57 3.4991 39.5748 133.841 12.4 5
2010 9 6 3 57 3.70137 39.5462 133.817 18 6
2010 9 6 3 57 26.7842 39.3917 134.048 4.1 6
2010 9 6 3 59 8.36168 39.4416 132.789 21.8 5
2010 9 6 3 59 8.55973 39.7169 132.91 11.3 7
2010 9 6 4 2 23.9064 39.2006 134.093 23.6 7
2010 9 6 4 5 10.3494 50.912 140.679 4.7 6
2010 9 6 4 6 23.3607 39.8591 134.246 4.1 5
2010 9 6 4 11 46.6342 39.1014 134.369 3.4 5
2010 9 6 4 14 31.9845 39.8013 133.521 17.4 5
2010 9 6 4 15 1.07633 39.5591 133.957 12.5 5
2010 9 6 4 16 13.4462 39.6575 133.948 12.5 5
2010 9 6 4 16 13.4902 39.5657 133.948 13.6 5
2010 9 6 4 17 9.54672 39.5524 133.885 17 5
2010 9 6 4 17 44.1114 39.6054 133.89 11.5 5
2010 9 6 4 20 5.26821 39.5507 133.875 12 5
2010 9 6 4 20 50.3018 39.6365 133.867 9.2 6
2010 9 6 4 21 18.5483 39.6392 133.968 10.7 5
2010 9 6 4 24 41.4935 39.0533 134.463 25.1 7
2010 9 6 4 24 41.5881 39.0241 134.466 13.4 5
2010 9 6 4 30 45.397 39.8373 134.431 13.2 8
2010 9 6 4 32 10.7887 39.6695 134.113 12.6 5
2010 9 6 4 32 45.8567 39.7789 134.181 4.7 5
2010 9 6 4 32 46.059 39.7744 134.243 6.1 5
2010 9 6 4 32 53.3838 39.7196 134.313 13.1 5
2010 9 6 4 32 56.4421 39.7389 133.278 22.6 7
2010 9 6 4 33 29.598 39.9113 134.456 14 5
2010 9 6 4 33 42.2652 39.7586 134.24 14 6
2010 9 6 4 33 57.3956 39.6541 134.062 14.6 6
2010 9 6 4 34 17.8009 39.8178 133.979 16.1 8
2010 9 6 4 34 20.1492 39.902 133.158 2 5
2010 9 6 4 34 49.6225 39.7937 133.283 10.5 5
2010 9 6 4 36 2.2931 39.7052 134.246 11.3 5
2010 9 6 4 36 18.2512 39.3062 134.702 14.6 5
2010 9 6 4 36 28.6031 39.7342 134.107 16.1 5
2010 9 6 4 36 29.2206 39.6979 134.17 15.1 5
2010 9 6 4 37 24.2682 39.5276 134.154 27.1 5
2010 9 6 4 38 4.97966 39.7732 134.22 10.5 5
2010 9 6 4 38 22.1369 39.6841 134.132 11.5 5
2010 9 6 4 39 0.70278 39.8112 134.283 7.7 5
2010 9 6 4 39 4.04048 39.6845 133.892 21.1 5
2010 9 6 4 39 29.3357 39.7701 134.252 15.4 5
2010 9 6 4 40 2.17357 39.2544 134.687 17.5 5
2010 9 6 4 40 22.9276 39.7392 134.201 12.7 5
2010 9 6 4 40 45.373 39.7717 134.235 19.3 7
2010 9 6 4 41 50.4696 39.7687 134.285 14.2 5
2010 9 6 4 41 50.7345 39.7901 134.24 10.2 5
2010 9 6 4 42 22.472 39.7052 134.158 8.5 5
2010 9 6 4 42 34.2176 50.8595 140.608 15.9 8
2010 9 6 4 42 56.2502 39.7751 134.244 11 6
2010 9 6 4 43 21.4352 39.7358 134.199 14.1 5
2010 9 6 4 43 38.6558 39.69 134.278 10.5 6
2010 9 6 4 44 5.4965 39.3375 134.669 24.2 7
2010 9 6 4 44 12.5246 39.86 134.413 17.3 5
2010 9 6 4 45 8.74562 39.7351 134.293 11 5
2010 9 6 4 45 8.80774 39.7251 134.291 12.6 6
2010 9 6 4 45 45.1024 39.7461 134.233 22.4 7
2010 9 6 4 46 32.9264 39.7795 134.258 14.9 5
2010 9 6 4 47 14.232 39.7645 134.249 9.6 6
2010 9 6 4 47 14.7923 39.7717 134.262 11.1 6
2010 9 6 4 48 1.95713 39.8335 134.084 21.1 6
2010 9 6 4 48 11.1447 39.7123 134.277 14.4 5
2010 9 6 4 48 57.5498 39.9582 133.998 7.1 5
2010 9 6 4 48 57.7353 39.8343 134.263 15.2 5
2010 9 6 4 51 5.90919 39.8266 134.411 9.1 5
2010 9 6 4 51 12.3073 39.3959 134.669 6.2 5
2010 9 6 4 51 36.1373 39.5602 134.664 10.6 6
2010 9 6 4 51 36.2631 39.5473 134.695 10.9 8
2010 9 6 4 51 47.1548 39.7776 134.303 11.2 7
2010 9 6 4 52 31.7119 39.6725 134.35 18 5
2010 9 6 4 53 1.9403 39.4713 134.728 8.8 5
2010 9 6 4 53 1.98963 39.6624 134.224 25.6 5
2010 9 6 4 55 25.142 39.8486 134.526 9.8 5
2010 9 6 4 55 59.0245 40.3933 134.202 15.3 5
2010 9 6 4 56 20.6329 39.4303 134.714 20.2 5
2010 9 6 4 56 42.6508 39.9969 134.613 14.8 6
2010 9 6 4 58 47.0795 39.9711 134.492 18.1 8
2010 9 6 4 59 16.5744 39.958 134.559 12.7 6
2010 9 6 4 59 16.6733 39.9613 134.558 12.7 6
2010 9 6 5 0 51.1679 39.9495 134.669 11.7 5
2010 9 6 5 0 51.4628 39.9754 134.689 12 5
2010 9 6 5 1 42.0584 39.4275 134.76 6.8 5
2010 9 6 5 2 49.9952 40.2729 134.287 17.7 6
2010 9 6 5 2 50.042 39.9921 134.689 16.4 5
2010 9 6 5 3 19.6427 40.0587 134.631 16.4 5
2010 9 6 5 3 21.4811 39.7843 134.619 23.4 5
2010 9 6 5 3 21.4812 39.8094 134.608 1.8 5
2010 9 6 5 3 56.1027 39.9409 134.404 14 6
2010 9 6 5 4 16.8143 40.0243 134.693 27.8 7
2010 9 6 5 4 40.9257 40.0504 134.68 15.7 8
2010 9 6 5 5 21.4723 39.8687 134.576 10.2 5
2010 9 6 5 5 38.8639 39.4286 134.793 12.7 5
2010 9 6 5 5 38.9113 39.5406 134.847 5.9 5
2010 9 6 5 5 44.8492 40.0662 134.687 10.3 5
2010 9 6 5 6 1.58384 39.836 134.666 11.9 6
2010 9 6 5 6 27.6083 40.0124 134.69 19.2 6
2010 9 6 5 6 28.3246 39.6105 134.716 26.3 7
2010 9 6 5 6 47.2198 50.7456 140.672 12.7 7
2010 9 6 5 7 14.9295 40.0307 134.716 24.6 8
2010 9 6 5 7 37.5603 39.8834 134.59 15.3 5
2010 9 6 5 10 1.7476 39.4571 134.832 14.7 6
2010 9 6 5 10 24.591 39.3195 134.708 15.2 5
2010 9 6 5 10 25.7256 40.0747 135.045 12.4 5
2010 9 6 5 11 20.8689 39.957 134.639 7.8 5
2010 9 6 5 12 26.0965 40.0399 134.78 10.2 5
2010 9 6 5 12 26.2455 40.0275 134.787 15.2 5
2010 9 6 5 13 45.9262 39.5148 134.811 2.4 5
2010 9 6 5 14 26.4438 39.9855 134.787 12.7 5
2010 9 6 5 14 35.2874 39.982 134.593 25 6
2010 9 6 5 16 46.6239 39.6099 134.877 10.3 6
2010 9 6 5 17 56.2424 39.6765 134.841 17.2 6
2010 9 6 5 18 3.903 40.0954 134.814 14.2 5
2010 9 6 5 18 15.2654 39.6136 134.81 17.3 5
2010 9 6 5 18 59.2244 39.7076 134.826 11.5 5
2010 9 6 5 19 4.61051 39.8998 134.686 11.8 5
2010 9 6 5 19 19.9047 39.8968 134.667 9.2 5
2010 9 6 5 19 53.2451 39.9018 134.681 12.8 5
2010 9 6 5 21 49.3646 39.6133 134.918 17.3 5
2010 9 6 5 22 22.6101 40.0959 134.79 23.1 13
2010 9 6 5 23 45.4863 39.7038 134.895 9.8 5
2010 9 6 5 24 33.6058 39.6433 134.877 16.5 7
2010 9 6 5 24 33.7407 39.7067 134.899 10.8 5
2010 9 6 5 24 37.5155 39.8548 134.683 13.4 5
2010 9 6 5 24 39.603 39.5921 134.901 17.2 5
2010 9 6 5 25 23.6767 39.6236 134.949 13.6 5
2010 9 6 5 25 45.2551 39.6303 134.936 10.8 5
2010 9 6 5 26 58.0573 40.0685 134.91 5.4 5
2010 9 6 5 26 58.2021 40.1088 134.884 20.6 5
2010 9 6 5 27 23.3248 39.5658 134.941 12.3 5
2010 9 6 5 27 37.3375 39.8806 134.798 6.3 5
2010 9 6 5 28 20.9393 40.361 134.472 11.9 5
2010 9 6 5 28 27.7148 39.6543 134.883 18 6
2010 9 6 5 28 35.0204 39.6307 134.929 10.2 6
2010 9 6 5 28 41.0954 39.5364 134.887 20.8 10
2010 9 6 5 29 26.2966 39.6413 134.898 6.3 5
2010 9 6 5 29 31.6859 39.6364 135 3.1 5
2010 9 6 5 30 28.5008 39.6169 134.982 18.2 5
2010 9 6 5 30 32.5681 39.689 135.003 9.6 5
2010 9 6 5 31 37.4928 39.7197 134.956 15.4 5
2010 9 6 5 31 38.3794 40.1395 135.229 9.5 5
2010 9 6 5 31 47.4505 39.7274 134.91 12.3 5
2010 9 6 5 32 6.29054 39.898 134.833 15.3 7
2010 9 6 5 32 23.135 39.7504 135.027 10.8 5
2010 9 6 5 32 23.5571 39.6496 135.018 3.6 5
2010 9 6 5 32 47.1294 39.8543 134.808 24.2 7
2010 9 6 5 32 59.3898 39.6655 134.952 5.2 5
2010 9 6 5 33 2.32527 39.6404 134.973 17.8 5
2010 9 6 5 33 3.8765 39.6915 134.99 7.1 5
2010 9 6 5 33 23.8958 39.643 134.966 9 5
2010 9 6 5 33 23.8959 39.5522 134.859 12.8 5
2010 9 6 5 33 30.8013 39.65 134.905 4.1 5
2010 9 6 5 33 30.9225 39.6689 134.989 17.9 5
2010 9 6 5 33 34.8743 39.6728 135.018 5.7 5
2010 9 6 5 33 35.2878 39.9418 134.85 6.5 5
2010 9 6 5 33 55.6826 39.8105 134.946 12.4 5
2010 9 6 5 34 18.1609 39.7267 134.994 12.9 6
2010 9 6 5 34 35.1599 39.6041 134.855 7.3 5
2010 9 6 5 34 40.4769 39.7078 134.97 16.2 5
2010 9 6 5 35 12.6379 39.6826 135 6.5 5
2010 9 6 5 35 18.1433 39.6677 135.007 4.6 5
2010 9 6 5 35 18.4618 39.6357 134.974 17.7 5
2010 9 6 5 35 18.706 39.6917 134.977 14.5 5
2010 9 6 5 36 2.91777 39.7814 134.981 15 5
2010 9 6 5 36 15.9812 40.1596 135.248 16.7 6
2010 9 6 5 36 33.4339 39.6834 134.945 14.5 8
2010 9 6 5 36 33.6596 39.6721 134.911 23.3 6
2010 9 6 5 36 38.1878 39.6576 135.031 12.5 5
2010 9 6 5 37 4.87983 39.6422 134.859 16.4 5
2010 9 6 5 37 12.0006 39.9061 134.907 13.9 6
2010 9 6 5 37 14.3354 39.7406 135.006 10.2 5
2010 9 6 5 37 18.7922 40.0436 134.855 14.6 5
2010 9 6 5 37 18.8177 40.0137 134.708 5.4 5
2010 9 6 5 38 55.4474 40.1936 135.243 25.1 6
2010 9 6 5 38 55.4972 40.2214 135.24 17 5
2010 9 6 5 38 55.898 40.135 135.298 8.3 5
2010 9 6 5 39 12.6597 39.6672 135.054 6.1 5
2010 9 6 5 39 34.9864 39.7079 135.042 13.7 6
2010 9 6 5 39 35.0506 39.6806 135.013 5.9 5
2010 9 6 5 39 35.3804 40.1426 135.227 4.8 5
2010 9 6 5 39 56.8361 39.6634 135.075 27.4 8
2010 9 6 5 40 10.3001 39.7747 135.04 10.2 5
2010 9 6 5 41 12.3837 39.6955 135.115 14 9
2010 9 6 5 41 19.043 39.7789 134.996 11.7 6
2010 9 6 5 42 25.3402 40.2653 135.296 12.8 5
2010 9 6 5 42 25.5878 39.7245 135.114 12.8 5
2010 9 6 5 42 43.7468 39.6523 135.005 10 5
2010 9 6 5 44 2.82127 39.711 135.05 14.8 5
2010 9 6 5 44 7.45574 39.7014 135.157 15.8 5
2010 9 6 5 44 7.52959 39.6315 135.144 16.2 5
2010 9 6 5 44 7.77898 39.7003 135.157 17.2 5
2010 9 6 5 44 18.351 40.2444 135.291 11.1 5
2010 9 6 5 44 18.4129 40.2524 135.287 11.9 5
2010 9 6 5 44 49.0278 39.9089 134.954 24.4 5
2010 9 6 5 44 59.5256 39.7648 135.179 9.7 5
2010 9 6 5 45 44.745 40.3507 134.786 14.1 9
2010 9 6 5 45 59.3737 39.8131 135.09 7.6 5
2010 9 6 5 46 6.44497 39.8468 135.057 4.9 5
2010 9 6 5 46 25.1783 39.6821 135.184 14.6 9
2010 9 6 5 46 45.963 40.2288 135.38 13.1 7
2010 9 6 5 46 50.4931 40.2015 135.245 4.3 5
2010 9 6 5 47 7.772 39.6806 135.164 15.6 6
2010 9 6 5 47 41.0251 39.7328 135.069 16.2 9
2010 9 6 5 48 58.0328 39.6774 135.131 26 12
2010 9 6 5 48 58.6224 39.6961 135.144 4 5
2010 9 6 5 49 8.50999 39.67 135.262 11.3 5
2010 9 6 5 49 54.3041 39.6842 135.221 18.5 8
2010 9 6 5 49 54.3609 39.7754 135.231 8 6
2010 9 6 5 49 57.9414 39.7971 135.279 13.4 5
2010 9 6 5 50 27.5091 39.7763 135.169 10.1 5
2010 9 6 5 50 36.4097 39.7541 135.254 9.5 5
2010 9 6 5 50 49.0085 39.8176 135.183 11.2 6
2010 9 6 5 50 50.8205 40.1766 135.448 9.7 5
2010 9 6 5 50 59.504 39.7319 135.201 11.5 5
2010 9 6 5 51 5.58635 39.6689 135.267 10.9 7
2010 9 6 5 51 5.58636 39.7116 135.234 1.2 5
2010 9 6 5 51 29.5993 39.9661 134.966 15 5
2010 9 6 5 51 39.6136 39.7092 135.228 14.5 7
2010 9 6 5 52 6.51985 39.9261 135.047 10.1 5
2010 9 6 5 52 14.4732 39.7185 135.226 7.7 5
2010 9 6 5 52 26.9253 39.8729 135.088 4.9 5
2010 9 6 5 52 26.9974 39.7495 135.23 15.9 7
2010 9 6 5 52 27.2009 39.7714 135.231 10.6 5
2010 9 6 5 52 39.1065 39.8436 135.041 17.5 5
2010 9 6 5 53 4.4797 39.7619 135.162 15.2 8
2010 9 6 5 53 38.8096 39.694 135.288 16.5 5
2010 9 6 5 53 59.8701 39.7111 135.326 11 5
2010 9 6 5 54 19.0121 40.2341 135.053 10.6 5
2010 9 6 5 54 19.0121 40.3473 134.928 25.9 5
2010 9 6 5 54 20.1072 39.7085 135.273 4.9 7
2010 9 6 5 55 41.6718 39.7014 135.261 27.9 10
2010 9 6 5 55 42.001 39.7066 135.314 3.4 5
2010 9 6 5 55 42.7269 39.807 135.285 11.6 7
2010 9 6 5 56 16.3788 40.0505 134.949 22.8 5
2010 9 6 5 56 16.6802 39.9742 134.939 17.7 5
2010 9 6 5 56 30.9969 39.9195 134.988 3.9 5
2010 9 6 5 56 35.0776 40.1431 135.296 5.5 5
2010 9 6 5 56 35.1567 40.1636 135.268 16.8 6
2010 9 6 5 57 4.21658 39.9932 134.922 24.9 5
2010 9 6 5 57 32.0366 39.7411 135.584 15.6 5
2010 9 6 5 57 34.59 39.7915 135.336 9.9 5
2010 9 6 5 57 57.5315 40.4621 134.97 18.7 9
2010 9 6 5 58 15.3698 39.7354 135.269 18.6 5
2010 9 6 5 58 15.5742 39.7692 135.277 12.1 5
2010 9 6 5 58 25.8137 39.7287 135.34 20.9 11
2010 9 6 5 59 8.57814 39.8792 135.1 19.8 5
2010 9 6 5 59 12.6881 39.7954 135.266 13.8 7
2010 9 6 5 59 23.7065 39.7642 135.361 10.6 5
2010 9 6 5 59 55.61 39.8153 135.412 10.7 6
2010 9 6 6 0 24.2347 39.856 135.281 11.7 5
2010 9 6 6 0 56.7472 39.7303 135.303 29.6 9
2010 9 6 6 2 8.60225 39.7831 135.159 16.7 5
2010 9 6 6 2 44.6243 40.0563 135.06 11 5
2010 9 6 6 3 35.5991 39.6501 135.356 13.4 5
2010 9 6 6 3 35.6572 39.8054 135.309 11 6
2010 9 6 6 3 47.6092 39.7438 135.357 15.5 5
2010 9 6 6 4 12.999 39.7198 135.311 23 9
2010 9 6 6 4 55 39.8694 135.284 10.2 5
2010 9 6 6 6 18.1084 40.1518 135.582 3.2 5
2010 9 6 6 6 18.1084 40.293 135.437 21.8 9
2010 9 6 6 6 28.1894 39.7951 135.349 9.3 5
2010 9 6 6 6 28.2221 39.8405 135.347 10.1 5
2010 9 6 6 6 28.2584 39.8726 135.333 11.6 6
2010 9 6 6 6 28.2841 39.8439 135.327 12.6 6
2010 9 6 6 6 28.3617 39.8251 135.36 7.9 5
2010 9 6 6 6 28.611 39.7682 135.31 3.2 5
2010 9 6 6 7 24.6084 39.849 135.304 12.3 6
2010 9 6 6 7 24.665 39.8104 135.287 24.1 5
2010 9 6 6 10 52.7005 39.7797 135.289 3.9 5
2010 9 6 6 10 52.7506 39.7787 135.297 3.8 5
2010 9 6 6 10 52.8165 39.8119 135.349 14.6 5
2010 9 6 6 10 53.2635 39.9007 135.272 16.8 10
2010 9 6 6 11 52.1902 40.4352 135.384 11.2 6
2010 9 6 6 12 21.5453 39.8761 135.304 14.1 6
2010 9 6 6 13 8.00381 38.923 135.029 14.8 7
2010 9 6 6 13 8.06863 38.9131 135.061 17.2 5
2010 9 6 6 13 28.6264 40.3526 135.928 27.5 8
2010 9 6 6 18 57.1196 40.2866 135.412 17.5 7
2010 9 6 6 20 48.5089 40.3544 135.645 13.2 6
2010 9 6 6 20 58.5929 40.3926 135.852 7.8 5
2010 9 6 6 24 6.55148 40.3774 135.39 14.3 6
2010 9 6 6 24 41.1487 40.434 136.093 17.9 12
2010 9 6 6 25 10.9656 40.4631 136.142 17.6 5
2010 9 6 6 25 13.2376 40.3219 135.627 7.7 7
2010 9 6 6 31 36.7771 40.5051 136.176 16.6 5
2010 9 6 6 34 9.64968 38.8706 135.06 19.2 5
2010 9 6 6 35 3.84762 40.4215 136.629 24 6
2010 9 6 6 36 55.1726 40.1957 135.642 13.4 6
2010 9 6 6 39 21.8792 40.4022 136.113 16.2 6
2010 9 6 6 40 13.1115 40.2882 135.569 13.3 5
2010 9 6 6 40 34.6774 40.5588 136.226 16.3 5
2010 9 6 6 40 43.3357 38.989 135.138 17.3 5
2010 9 6 6 41 13.9323 40.1784 135.72 17.5 8
2010 9 6 6 42 51.3343 38.9233 135.129 11.7 6
2010 9 6 6 42 56.468 40.3141 135.582 20.9 6
2010 9 6 6 43 38.6153 40.4995 136.131 21.9 5
2010 9 6 6 44 11.4499 40.3005 135.624 10.6 6
2010 9 6 6 46 3.23862 40.3396 135.65 26.1 6
2010 9 6 6 46 3.31992 40.384 135.637 10.8 5
2010 9 6 6 47 13.9612 40.361 135.554 12.7 5
2010 9 6 6 47 15.6435 40.3964 135.956 13.4 6
2010 9 6 6 47 40.7608 40.3675 135.641 12.3 5
2010 9 6 6 48 25.3249 40.3779 135.743 14.8 5
2010 9 6 6 48 38.4251 40.3209 135.869 17.9 5
2010 9 6 6 49 24.1632 40.2939 135.768 20.9 5
2010 9 6 6 49 24.3666 40.3706 135.629 15.4 6
2010 9 6 6 49 47.2329 40.5363 136.753 12.2 5
2010 9 6 6 50 25.4727 40.4231 135.657 11.2 5
2010 9 6 6 51 1.34921 40.3084 135.677 16 5
2010 9 6 6 52 25.3514 40.258 135.809 16.4 6
2010 9 6 6 54 2.00584 40.2747 135.786 7.5 5
2010 9 6 6 54 2.0678 40.3777 135.802 14.8 6
2010 9 6 6 54 29.2256 40.6245 136.187 6.3 6
2010 9 6 6 54 44.1589 40.2864 135.815 27.1 8
2010 9 6 6 54 57.4016 38.1031 133.125 9.9 6
2010 9 6 6 55 54.2994 40.2978 135.825 7.7 5
2010 9 6 6 57 23.0546 40.2171 135.848 14.5 7
2010 9 6 6 57 23.0546 40.1991 135.745 29.8 6
2010 9 6 7 1 56.58 40.537 136.37 4 5
2010 9 6 7 1 56.58 40.4659 136.374 26.8 8
2010 9 6 7 2 37.3077 40.2335 135.884 9.9 5
2010 9 6 7 2 37.3077 40.3079 135.827 26.3 11
2010 9 6 7 6 24.6975 40.3251 135.919 17.4 6
2010 9 6 7 7 6.11492 40.4191 136.055 15.6 5
2010 9 6 7 10 6.79727 40.5933 137.408 5.2 6
2010 9 6 7 12 57.7547 40.4762 135.795 12.7 6
2010 9 6 7 15 7.15796 40.5042 135.826 18.6 7
2010 9 6 7 17 35.4865 40.4794 135.727 27.3 7
2010 9 6 7 18 34.5315 40.5903 136 21.1 5
2010 9 6 7 19 24.6641 40.5866 135.905 18.9 5
2010 9 6 7 26 15.4722 40.5661 135.951 10.6 5
2010 9 6 7 28 7.26956 40.6725 137.882 12.9 5
2010 9 6 7 28 7.28797 40.769 137.856 21.3 5
2010 9 6 7 31 3.47521 40.7918 137.878 7.3 5
2010 9 6 7 33 34.8513 40.7099 136.739 4.7 5
2010 9 6 7 34 33.1813 41.923 135.95 18.7 9
2010 9 6 7 34 37.9233 40.6616 136.682 27.4 5
2010 9 6 7 36 21.8221 40.7455 136.72 20.8 5
2010 9 6 7 36 31.7959 41.7984 136.488 27.5 13
2010 9 6 7 37 45.0373 40.7715 137.915 16.4 6
2010 9 6 7 37 52.6823 40.7435 136.796 21.4 6
2010 9 6 7 38 37.816 39.5297 136.921 24.8 7
2010 9 6 7 42 56.6811 40.7504 136.593 7.5 5
2010 9 6 7 43 55.3197 40.6571 136.74 17.7 8
2010 9 6 7 53 10.0252 40.8034 136.94 10.4 5
2010 9 6 7 58 55.1609 40.8543 136.936 9 5
2010 9 6 7 59 15.6399 40.606 136.683 7.4 6
2010 9 6 8 0 9.82145 40.833 138.047 15.9 5
2010 9 6 8 3 29.1535 40.6747 136.985 13 5
2010 9 6 8 4 1.73849 40.7852 136.941 10.6 7
2010 9 6 8 4 1.73849 40.8242 136.922 2.4 5
2010 9 6 8 5 45.0595 40.8302 136.91 22.4 8
2010 9 6 8 5 45.0745 40.8582 136.96 8.9 5
2010 9 6 8 7 6.24089 40.8458 136.923 15.5 6
2010 9 6 8 7 6.24089 40.7638 136.969 12.8 8
2010 9 6 8 9 50.9905 40.8568 136.942 26.7 9
2010 9 6 8 11 5.34446 40.8193 136.987 28.2 10
2010 9 6 8 16 10.35 40.8797 136.971 26.4 6
2010 9 6 8 16 10.4156 40.8817 136.986 25.6 5
2010 9 6 8 17 35.0652 40.8595 137.414 26.3 6
2010 9 6 8 26 39.255 40.9191 138.43 28.6 5
2010 9 6 8 30 10.2523 40.9041 138.352 18.4 8
2010 9 6 8 36 28.5989 40.8955 138.378 17.6 6
2010 9 6 8 38 6.09858 40.9115 138.423 19.3 6
2010 9 6 8 40 26.1502 40.9524 138.824 16.8 5
2010 9 6 8 48 44.1684 41.049 137.665 10.7 5
2010 9 6 8 56 29.6971 41.075 137.707 6.7 5
2010 9 6 9 1 39.4564 41.1225 138.736 8.1 5
2010 9 6 9 1 39.8275 41.0623 138.748 24.3 5
2010 9 6 9 3 11.2145 41.1289 137.783 25.6 5
2010 9 6 9 4 11.3433 41.152 138.643 15.3 10
2010 9 6 9 5 28.6752 41.3931 137.933 23.7 5
2010 9 6 9 7 44.3319 41.2769 137.785 12 8
2010 9 6 9 7 44.3319 41.2849 137.809 24.1 5
2010 9 6 9 10 28.17 41.0779 138.69 26.1 6
2010 9 6 9 10 28.1975 41.029 138.758 23.9 5
2010 9 6 9 11 8.45621 41.2782 137.725 17.1 5
2010 9 6 9 11 52.5704 41.4402 137.518 4.6 5
2010 9 6 9 18 51.2602 41.1311 138.768 22.1 7
2010 9 6 9 28 1.98496 41.4839 137.71 28.9 6
2010 9 6 9 28 25.0149 41.4695 137.566 23.5 5
2010 9 6 9 29 47.1322 41.6521 137.596 11.8 5
2010 9 6 9 30 50.5412 41.5094 137.55 10.6 5
2010 9 6 9 34 45.9908 41.6184 137.889 26.3 7
2010 9 6 9 34 52.1861 41.6132 137.408 21.7 5
2010 9 6 9 37 38.7154 41.4637 137.882 1.3 5
2010 9 6 9 37 43.1839 41.6308 137.663 9.9 5
2010 9 6 9 38 23.9218 41.6107 137.808 21.6 5
2010 9 6 9 39 4.08887 41.5014 137.753 3.6 5
2010 9 6 9 42 59.006 41.5433 137.774 7.8 5
2010 9 6 9 42 59.3516 41.5792 137.747 16.7 6
2010 9 6 9 48 50.5217 41.6417 138.048 28.6 7
2010 9 6 9 49 24.4105 41.6602 137.841 20.5 7
2010 9 6 9 54 40.9721 41.6628 138.105 29.8 6
2010 9 6 9 54 40.9721 41.6063 138.119 12.7 5
2010 9 6 9 57 6.71607 41.7578 137.965 16.7 6
2010 9 6 9 57 14.3893 41.6949 137.985 15.8 5
2010 9 6 9 57 34.6628 41.5672 137.999 11.9 6
2010 9 6 9 58 37.8074 41.7535 138.031 11.6 5
2010 9 6 10 0 12.858 41.596 138.084 22.3 7
2010 9 6 10 0 55.7538 41.6424 137.993 26.8 5
2010 9 6 10 1 10.8103 41.7735 138.226 29.8 5
2010 9 6 10 1 26.6513 41.6768 138.034 10.1 6
2010 9 6 10 2 39.8547 41.6697 138.061 27.7 6
2010 9 6 10 3 45.4955 41.6567 138.154 6.5 5
2010 9 6 10 4 14.6592 41.6881 138.1 18.6 7
2010 9 6 10 4 51.1917 41.704 138.027 8.9 5
2010 9 6 10 5 4.69778 41.6564 138.015 14.6 6
2010 9 6 10 6 8.22779 41.6605 137.954 16.9 5
2010 9 6 10 6 58.1661 41.7503 138.277 25.3 6
2010 9 6 10 6 58.1661 41.8214 138.161 14.4 6
2010 9 6 10 8 28.7139 38.3447 134.764 23.2 7
2010 9 6 10 11 8.45137 41.6707 138.056 14.3 5
2010 9 6 10 11 8.51636 41.6527 138.101 11 5
2010 9 6 10 12 16.5652 38.4759 135.275 22.3 5
2010 9 6 10 15 55.1003 38.4622 134.795 22.6 7
2010 9 6 10 15 55.3015 38.3937 134.821 18.8 9
2010 9 6 10 16 39.031 38.4871 135.199 14.6 5
2010 9 6 10 18 19.3433 39.6078 135.55 27.6 8
2010 9 6 10 18 19.4056 39.6172 135.553 27.3 6
2010 9 6 10 19 47.6861 38.3134 134.911 19.3 5
2010 9 6 10 20 25.9678 38.4004 134.825 21.8 7
2010 9 6 10 20 52.3296 38.5267 134.736 20 5
2010 9 6 10 21 21.9419 38.4633 134.57 20.4 5
2010 9 6 10 21 46.1744 41.8352 138.047 20.2 7
2010 9 6 10 21 52.74 38.3587 134.938 13.1 5
2010 9 6 10 22 25.3468 39.7291 135.612 17.7 6
2010 9 6 10 22 30.9288 41.7704 138.201 18.5 6
2010 9 6 10 23 10.6967 38.4537 134.921 27.6 8
2010 9 6 10 23 10.827 38.452 134.682 17.6 6
2010 9 6 10 26 4.33479 38.6508 135.473 18.7 7
2010 9 6 10 33 10.6175 38.4695 135.038 27.8 9
2010 9 6 10 35 37.5943 38.7973 135.497 11.5 5
2010 9 6 10 36 36.6545 38.7567 135.518 18.5 5
2010 9 6 10 37 29.9086 38.7426 135.515 18.5 5
2010 9 6 10 38 29.0404 38.7094 135.516 15.5 5
2010 9 6 10 39 32.711 38.6966 135.6 13.4 5
2010 9 6 10 40 19.4 38.7053 135.593 14.7 7
2010 9 6 10 40 52.6176 38.7442 135.537 13.1 7
2010 9 6 10 44 8.8783 38.8113 135.583 25.3 7
2010 9 6 10 44 44.5013 38.7765 135.587 27.7 5
2010 9 6 10 46 12.5659 38.4688 135.178 7.8 7
2010 9 6 10 46 31.5046 38.6884 135.702 4 6
2010 9 6 10 48 2.65678 38.7761 135.656 19.2 6
2010 9 6 10 48 2.70543 38.7908 135.496 20.8 6
2010 9 6 10 48 2.70545 38.7099 135.738 5.4 5
2010 9 6 10 50 1.54625 38.8024 135.685 29.6 8
2010 9 6 10 50 1.60017 38.7608 135.729 8.3 5
2010 9 6 10 50 1.86357 38.7881 135.666 10.5 5
2010 9 6 10 51 8.85419 38.5321 135.159 13.7 6
2010 9 6 10 54 48.9748 38.7658 135.679 13.1 5
2010 9 6 10 55 17.13 38.7125 135.709 13.8 5
2010 9 6 10 56 51.0965 38.7926 135.722 16.8 8
2010 9 6 10 58 35.1579 38.7969 135.761 15.6 6
2010 9 6 11 1 13.9363 38.7133 135.789 12.6 5
2010 9 6 11 3 17.7171 38.8659 135.759 12.1 6
2010 9 6 11 3 17.8638 38.8389 135.788 16.4 8
2010 9 6 11 5 58.1961 38.8917 135.651 16.4 5
2010 9 6 11 7 20.0644 38.8797 135.839 16.3 6
2010 9 6 11 8 17.0143 38.8597 135.841 25.1 8
2010 9 6 11 8 51.1142 38.9183 135.809 11.1 5
2010 9 6 11 10 19.4141 38.8216 135.865 22.9 5
2010 9 6 11 14 36.1549 38.9632 135.828 22.4 7
2010 9 6 11 15 54.6372 38.8847 135.871 11.1 7
2010 9 6 11 20 9.64025 38.9747 135.91 5.8 5
2010 9 6 11 20 9.88044 38.9916 135.896 13 5
2010 9 6 11 21 5.98308 38.9281 135.987 7.3 6
2010 9 6 11 23 4.4185 38.9245 136.012 13.1 5
2010 9 6 11 25 14.0751 40.9054 140.04 13.5 5
2010 9 6 11 25 14.1831 41.0216 140.048 20.6 6
2010 9 6 11 40 34.5345 39.0196 136.044 29.2 7
2010 9 6 11 45 25.7382 39.038 136.112 11.3 6
2010 9 6 11 46 44.6787 39.0872 136.077 16.2 6
2010 9 6 11 46 44.7661 38.9256 136.162 19.9 6
2010 9 6 11 55 55.6759 39.1454 136.173 15.6 6
2010 9 6 11 58 12.4335 39.1192 136.196 15 5
2010 9 6 11 58 12.5221 38.968 136.257 13.9 5
2010 9 6 12 4 2.82547 39.1442 136.244 13.9 6
2010 9 6 12 11 27.955 41.6887 139.404 5.3 5
2010 9 6 12 11 55.0836 41.7681 139.335 5.4 5
2010 9 6 12 19 1.25197 41.7296 139.415 29.4 5
2010 9 6 12 19 1.29955 41.726 139.416 4.6 5
2010 9 6 12 20 26.6086 41.764 139.473 24.5 7
2010 9 6 12 20 26.7389 41.5858 139.515 10.4 5
2010 9 6 12 22 0.672855 41.706 139.458 7.6 5
2010 9 6 12 26 38.2786 39.3046 136.556 4.8 6
2010 9 6 12 35 55.2505 39.3297 136.677 13.6 5
2010 9 6 12 40 30.3162 39.4668 136.722 18 6
2010 9 6 12 42 40.4206 39.5809 136.689 29.6 5
2010 9 6 12 45 9.57738 41.8751 139.707 28.7 8
2010 9 6 12 45 21.5745 39.9623 139.009 25 6
2010 9 6 12 48 4.30626 39.3561 136.682 24.2 5
2010 9 6 12 48 56.457 41.7909 139.618 12.4 5
2010 9 6 12 52 39.0154 41.8305 139.626 25 7
2010 9 6 12 58 40.0536 41.8498 139.766 28.3 5
2010 9 6 13 1 3.54293 39.444 136.726 26.5 6
2010 9 6 13 5 0.650076 39.5073 136.951 21.5 5
2010 9 6 13 22 58.6502 39.5142 136.958 18.1 5
2010 9 6 13 25 46.4636 39.5483 137.012 7 6
2010 9 6 13 29 19.4301 39.533 137.11 11.3 6
2010 9 6 13 33 43.3771 39.5147 137.214 5.6 6
2010 9 6 13 33 43.503 39.5137 137.08 14.1 5
2010 9 6 13 39 28.5611 38.2604 135.195 7.7 5
2010 9 6 13 40 11.5488 38.3751 135.549 17.6 5
2010 9 6 13 40 49.7538 39.3865 137.109 17.5 5
2010 9 6 13 41 20.9111 39.7941 136.985 27.4 5
2010 9 6 13 41 21.0204 39.5943 137.114 25 5
2010 9 6 13 42 50.5486 39.5979 137.129 7.7 6
2010 9 6 13 43 6.81423 39.5639 137.267 12.6 5
2010 9 6 13 43 17.191 39.7555 137.068 26.1 5
2010 9 6 13 44 1.21686 39.5786 137.209 7.7 5
2010 9 6 13 44 28.998 39.5434 137.194 12.2 5
2010 9 6 13 45 36.6318 39.6369 137.162 18.7 5
2010 9 6 13 45 55.297 36.1921 130.318 23.6 7
2010 9 6 13 46 26.7956 39.5339 137.192 16.6 6
2010 9 6 13 46 31.0714 38.3213 135.245 24.7 5
2010 9 6 13 47 17.2187 38.138 135.466 15.9 5
2010 9 6 13 47 45.8136 39.6138 137.232 24.9 5
2010 9 6 13 47 55.7343 39.5084 137.243 15.7 5
2010 9 6 13 48 11.6369 39.6315 137.143 6.9 5
2010 9 6 13 48 22.6194 39.7019 137.964 15.9 5
2010 9 6 13 48 36.7816 39.4843 137.201 8.3 5
2010 9 6 13 48 56.1841 39.6731 137.177 23 7
2010 9 6 13 48 56.2546 39.6436 137.374 7.3 5
2010 9 6 13 49 11.3156 38.4011 135.348 24.6 5
2010 9 6 13 49 27.0453 39.6796 137.146 26.5 5
2010 9 6 13 49 49.8183 39.7083 137.195 27 6
2010 9 6 13 50 13.5567 39.5868 137.23 21.2 7
2010 9 6 13 50 28.164 39.645 137.229 6 6
2010 9 6 13 50 39.7525 39.6491 137.33 26 5
2010 9 6 13 50 55.6105 39.4737 137.273 12.8 5
2010 9 6 13 50 59.5628 39.7034 137.245 12.1 6
2010 9 6 13 51 8.77554 39.4883 137.301 11.5 5
2010 9 6 13 51 11.7416 37.9802 135.086 8.6 5
2010 9 6 13 51 25.4161 39.598 137.197 4.6 5
2010 9 6 13 53 11.1729 39.6432 137.281 15 5
2010 9 6 13 54 2.8712 39.8896 137.275 28.7 5
2010 9 6 13 54 25.1751 39.5833 137.252 16.5 5
2010 9 6 13 54 54.8885 39.5132 137.369 14.7 6
2010 9 6 13 55 38.9948 39.5576 137.288 7.3 5
2010 9 6 13 56 32.0674 39.6693 137.222 20.7 6
2010 9 6 13 58 21.9293 39.6945 137.195 11.8 5
2010 9 6 13 58 22.4676 39.7813 137.21 28.3 7
2010 9 6 13 59 1.62349 39.5199 137.465 12.1 5
2010 9 6 14 0 3.95596 39.7611 137.137 20.8 5
2010 9 6 14 0 23.1581 38.3161 135.346 15.2 5
2010 9 6 14 1 22.4697 39.5665 137.429 10.3 5
2010 9 6 14 1 54.3647 39.827 137.177 25.8 5
2010 9 6 14 2 8.59852 39.6261 137.309 6.3 5
2010 9 6 14 2 47.4308 39.6188 137.298 10.1 5
2010 9 6 14 2 53.5257 39.6137 137.261 15.5 6
2010 9 6 14 3 4.22534 39.6514 137.421 14.3 6
2010 9 6 14 3 4.59225 39.6908 137.401 19.9 6
2010 9 6 14 3 4.72605 39.6509 137.408 6.7 5
2010 9 6 14 3 30.1193 39.6733 137.23 9.3 5
2010 9 6 14 3 36.0373 38.4462 135.519 12.8 7
2010 9 6 14 3 52.5528 39.6997 137.319 26.2 7
2010 9 6 14 4 11.4911 39.6696 137.338 22.3 5
2010 9 6 14 4 28.0386 39.6399 137.376 20.1 6
2010 9 6 14 4 41.8544 39.6094 137.356 4.9 6
2010 9 6 14 4 52.0544 39.8467 137.23 22.2 5
2010 9 6 14 5 26.6 39.634 137.409 29.4 8
2010 9 6 14 5 27.5473 39.5634 137.432 11 5
2010 9 6 14 5 47.4514 39.5438 137.413 13.2 5
2010 9 6 14 6 10.9273 38.0724 135.033 29.9 5
2010 9 6 14 6 27.2116 39.6884 137.417 24.7 5
2010 9 6 14 6 27.4484 38.466 135.453 27.1 5
2010 9 6 14 6 45.9575 39.5896 137.41 4 5
2010 9 6 14 6 49.3786 39.6959 137.385 18.8 7
2010 9 6 14 8 3.80264 39.571 137.439 13.7 6
2010 9 6 14 8 10.5123 39.7139 137.362 27.1 9
2010 9 6 14 8 27.5171 39.6036 137.445 10.3 5
2010 9 6 14 9 18.0383 38.5197 135.536 12.1 5
2010 9 6 14 9 29.3678 39.6035 137.43 6.7 5
2010 9 6 14 9 30.1343 39.5571 137.502 13.2 5
2010 9 6 14 9 55.5405 36.2649 130.347 15.6 7
2010 9 6 14 10 14.9629 39.5502 137.473 13.3 5
2010 9 6 14 10 52.4321 39.7049 137.655 28.8 6
2010 9 6 14 12 23.0964 39.6917 137.415 17.2 7
2010 9 6 14 12 52.6207 39.6713 137.427 15.7 7
2010 9 6 14 13 3.6169 39.582 137.523 9.9 5
2010 9 6 14 13 3.84479 39.564 137.54 12.8 5
2010 9 6 14 13 34.2164 39.8442 137.369 21.5 5
2010 9 6 14 13 44.6217 39.5261 137.475 9 5
2010 9 6 14 13 55.2029 39.5622 137.544 9.2 5
2010 9 6 14 14 8.43122 39.5884 137.501 12.3 5
2010 9 6 14 14 38.3532 39.6742 137.43 28.5 6
2010 9 6 14 14 50.3485 38.153 135.285 13.6 5
2010 9 6 14 14 51.6742 39.5789 137.547 11.2 5
2010 9 6 14 15 56.6912 39.6642 137.536 19.3 5
2010 9 6 14 16 26.1923 38.3882 135.906 16 5
2010 9 6 14 16 46.6201 39.6169 137.554 25.9 5
2010 9 6 14 17 12.1376 39.679 137.479 19.1 7
2010 9 6 14 17 59.3531 40.9644 139.826 9 6
2010 9 6 14 18 2.5269 36.1814 130.85 15.5 6
2010 9 6 14 18 36.2972 39.7648 137.541 26.6 6
2010 9 6 14 20 22.6672 39.7613 137.501 15 6
2010 9 6 14 20 48.5054 38.5202 135.728 11.3 5
2010 9 6 14 20 55.3807 39.7246 137.57 16.7 6
2010 9 6 14 21 24.6196 39.7547 137.535 14.3 9
2010 9 6 14 21 24.8606 39.7462 137.571 27.5 6
2010 9 6 14 21 29.8368 41.0405 139.858 10.9 7
2010 9 6 14 22 10.5466 39.7108 137.766 23.3 5
2010 9 6 14 22 13.9535 38.1209 135.394 22.2 5
2010 9 6 14 23 50.5219 39.7244 137.614 19 8
2010 9 6 14 24 35.5283 39.7528 137.758 24.8 5
2010 9 6 14 26 19.7144 39.78 137.592 10.3 5
2010 9 6 14 27 10.5117 39.754 137.658 7.9 5
2010 9 6 14 27 46.5032 39.7918 137.706 26 8
2010 9 6 14 28 28.1641 38.526 135.931 8.8 5
2010 9 6 14 28 39.3475 39.7539 137.681 19.4 7
2010 9 6 14 28 39.6081 39.7336 137.792 28 5
2010 9 6 14 30 56.8867 39.7292 137.892 15.5 5
2010 9 6 14 31 27.464 39.0808 134.974 20.2 5
2010 9 6 14 31 35.8449 39.7609 137.692 29.2 5
2010 9 6 14 32 49.3615 38.6485 135.996 21.9 6
2010 9 6 14 35 43.4507 39.716 137.642 9.3 5
2010 9 6 14 35 43.6783 39.7348 137.744 24.6 6
2010 9 6 14 37 50.4603 39.7838 137.669 12.2 7
2010 9 6 14 39 4.983 39.9272 137.868 9 5
2010 9 6 14 39 5.05645 39.949 137.859 11.7 6
2010 9 6 14 39 25.5846 39.8307 137.822 19.8 5
2010 9 6 14 40 9.47005 39.7664 137.608 0.5 5
2010 9 6 14 42 5.28802 39.7408 137.721 27.6 5
2010 9 6 14 45 41.037 39.6553 137.858 11.5 5
2010 9 6 14 45 43.0222 38.4147 135.97 6.8 5
2010 9 6 14 52 20.9062 39.9591 138.075 11.6 5
2010 9 6 14 54 15.6442 38.7005 136.327 7.8 5
2010 9 6 14 55 10.172 39.9218 138.141 6.9 5
2010 9 6 14 56 10.7631 38.6401 136.409 15.5 5
2010 9 6 14 56 10.7876 38.6663 136.398 4.4 6
2010 9 6 14 56 26.3205 38.6465 136.065 17.9 6
2010 9 6 15 1 2.42723 39.9755 138.168 13.9 5
2010 9 6 15 1 55.6065 38.78 136.503 26.2 5
2010 9 6 15 2 20.4473 38.5153 136.234 14.7 5
2010 9 6 15 3 48.2018 38.7699 136.444 19.8 8
2010 9 6 15 3 48.3598 38.678 136.527 6.3 5
2010 9 6 15 3 48.5587 38.8134 136.449 3.4 6
2010 9 6 15 4 24.535 38.4929 136.212 6.4 5
2010 9 6 15 4 27.4979 38.7537 136.516 23.6 7
2010 9 6 15 4 34.6136 39.1404 136.87 19.8 7
2010 9 6 15 5 49.1486 39.7871 137.99 23.2 7
2010 9 6 15 6 41.4534 38.7367 136.498 13 5
2010 9 6 15 8 3.31423 38.6467 136.594 12.4 7
2010 9 6 15 10 8.61045 39.905 138.293 2.5 5
2010 9 6 15 10 23.2411 38.8796 136.476 22.6 5
2010 9 6 15 10 23.3778 38.7797 136.525 5.3 5
2010 9 6 15 10 23.5075 38.7706 136.606 26.2 8
2010 9 6 15 11 25.51 40.1043 138.248 30 5
2010 9 6 15 11 25.599 39.942 138.273 25.6 6
2010 9 6 15 11 45.763 38.5612 136.33 15.4 7
2010 9 6 15 12 36.1083 38.7647 136.621 9.6 5
2010 9 6 15 13 48.1357 38.7452 136.628 15.9 5
2010 9 6 15 14 46.0771 38.7441 136.509 24.9 6
2010 9 6 15 14 46.4808 38.7532 136.531 22.3 6
2010 9 6 15 14 46.5517 38.7455 136.522 27.2 9
2010 9 6 15 19 57.4295 38.673 136.286 22.5 5
2010 9 6 15 20 32.4659 38.5286 136.514 10.6 5
2010 9 6 15 20 32.6167 38.681 136.434 9.6 5
2010 9 6 15 20 39.6829 38.7831 136.622 9 9
2010 9 6 15 20 40.1238 38.7027 136.672 16.2 6
2010 9 6 15 21 21.8515 38.7669 136.62 13.1 6
2010 9 6 15 21 21.9123 38.7341 136.62 29.2 7
2010 9 6 15 22 0.623475 38.731 136.644 23.6 7
2010 9 6 15 22 33.5183 39.7249 138.035 9.1 5
2010 9 6 15 22 44.3729 38.642 136.687 18.2 5
2010 9 6 15 23 37.4755 38.7151 136.663 10.4 6
2010 9 6 15 23 37.5456 38.7553 136.658 10.6 7
2010 9 6 15 23 38.6364 38.7454 136.934 8 5
2010 9 6 15 25 0.363379 36.3404 131.208 12.8 5
2010 9 6 15 25 20.9197 38.7361 136.722 20.7 7
2010 9 6 15 25 39.2536 38.7498 136.618 10.7 6
2010 9 6 15 25 39.8944 38.691 136.524 29 7
2010 9 6 15 25 39.9637 38.6141 136.582 10.3 5
2010 9 6 15 26 20.8836 39.9292 138.107 13.5 6
2010 9 6 15 26 38.6194 36.2442 130.857 13.3 5
2010 9 6 15 27 21.1599 38.7897 136.745 7.8 6
2010 9 6 15 27 21.3335 38.7631 136.766 29.5 7
2010 9 6 15 27 24.9432 39.8667 138.111 10.9 7
2010 9 6 15 28 2.58541 38.6557 136.575 27.6 5
2010 9 6 15 28 3.93634 39.8106 138.143 25.8 6
2010 9 6 15 28 11.9661 38.7695 136.765 13.9 7
2010 9 6 15 28 51.8427 39.8685 138.243 23.6 5
2010 9 6 15 29 6.66809 38.6474 136.659 15.2 6
2010 9 6 15 29 14.3071 36.2262 130.604 13.8 7
2010 9 6 15 29 24.3163 40.2415 138.153 4.5 5
2010 9 6 15 29 39.22 38.6542 136.67 17.1 8
2010 9 6 15 29 39.5072 38.5311 136.738 12.9 5
2010 9 6 15 30 29.1543 38.7607 136.752 11.9 6
2010 9 6 15 30 29.1952 38.6918 136.797 10.3 6
2010 9 6 15 31 16.6371 38.7065 136.708 26.3 7
2010 9 6 15 32 9.94643 38.8072 136.744 18.2 6
2010 9 6 15 32 37.2859 38.731 136.59 5.2 5
2010 9 6 15 32 37.3726 38.7171 136.611 14.5 8
2010 9 6 15 32 53.8298 38.7016 136.694 13.5 7
2010 9 6 15 33 37.5414 38.6447 136.721 16.6 6
2010 9 6 15 33 38.0324 38.6855 136.725 20.4 7
2010 9 6 15 34 24.0732 38.7228 136.732 8.9 8
2010 9 6 15 34 27.3848 39.9251 138.294 3.4 6
2010 9 6 15 34 52.2096 38.7191 136.693 10.3 6
2010 9 6 15 34 55.8137 39.3445 137.327 23.8 5
2010 9 6 15 35 26.0547 38.6816 137.214 17.7 5
2010 9 6 15 35 41.0827 38.8162 136.782 12.9 7
2010 9 6 15 35 44.2344 38.7441 136.743 25.2 6
2010 9 6 15 35 44.3841 38.7157 136.722 22.4 7
2010 9 6 15 36 18.1668 38.7401 136.894 14.3 7
2010 9 6 15 37 0.035963 38.7429 136.667 6 6
2010 9 6 15 37 4.24352 38.8618 136.87 10 6
2010 9 6 15 37 4.29866 38.853 136.893 25.9 6
2010 9 6 15 37 44.4086 38.6785 136.968 15.2 5
2010 9 6 15 38 6.57197 37.6029 135.525 19.3 8
2010 9 6 15 38 9.61395 38.7436 136.828 19.5 8
2010 9 6 15 38 29.9738 38.6885 136.833 25 5
2010 9 6 15 39 12.7389 39.5227 138.489 8.9 5
2010 9 6 15 39 18.1896 38.6519 136.794 15.8 5
2010 9 6 15 39 18.3075 38.7504 136.758 7.8 7
2010 9 6 15 39 18.5385 38.6805 136.777 18.2 5
2010 9 6 15 40 14.9972 38.6125 136.824 15.6 5
2010 9 6 15 40 47.2399 36.3793 131.751 3.7 5
2010 9 6 15 41 49.6198 38.7219 136.791 25.5 8
2010 9 6 15 41 49.8836 38.7775 136.851 20.2 6
2010 9 6 15 42 0.448152 38.6071 136.844 8.4 5
2010 9 6 15 42 20.0608 39.033 137.486 18.1 5
2010 9 6 15 42 23.6665 38.7132 136.798 22.6 6
2010 9 6 15 43 49.7573 38.7379 136.787 23.1 8
2010 9 6 15 44 32.2074 38.8852 136.946 14.8 5
2010 9 6 15 44 32.3254 38.8903 136.966 15.4 9
2010 9 6 15 44 32.5589 38.8786 137.005 21.3 7
2010 9 6 15 44 52.7688 38.8556 136.988 20.7 8
2010 9 6 15 46 22.5573 38.8407 136.954 22.2 7
2010 9 6 15 48 24.1318 39.8997 138.358 11.3 7
2010 9 6 15 48 39.8361 39.8169 138.268 14 6
2010 9 6 15 48 47.5968 38.8501 137.039 16.3 6
2010 9 6 15 48 48.1522 38.8864 137.062 2.8 5
2010 9 6 15 49 20.4805 38.9463 136.903 26.4 6
2010 9 6 15 49 46.0576 38.6977 136.943 7.8 5
2010 9 6 15 49 46.519 38.7905 136.944 21.6 6
2010 9 6 15 50 24.0776 38.6454 137.003 2.1 5
2010 9 6 15 52 7.98301 39.8674 138.42 25.5 6
2010 9 6 15 52 8.14455 39.8659 138.414 14.5 7
2010 9 6 15 52 8.36484 39.8635 138.34 14.2 5
2010 9 6 15 52 34.7291 38.905 137.166 22.7 8
2010 9 6 15 52 35.0069 38.9059 137.14 19.3 6
2010 9 6 15 52 46.0622 39.8855 138.36 26.5 9
2010 9 6 15 52 46.1474 39.9113 138.393 9 7
2010 9 6 15 53 18.7246 38.8572 137.069 9.6 6
2010 9 6 15 53 33.1247 39.9624 138.342 16.3 6
2010 9 6 15 53 47.727 38.8186 137.011 21.6 7
2010 9 6 15 54 8.59254 39.9104 138.433 21.6 9
2010 9 6 15 54 13.1414 38.7819 136.92 5.9 5
2010 9 6 15 54 22.0874 38.9067 137.324 15.3 5
2010 9 6 15 54 54.9371 39.1443 137.384 17.2 8
2010 9 6 15 54 58.5436 38.7791 137.013 11.6 7
2010 9 6 15 55 7.87965 38.9414 137.097 4.8 5
2010 9 6 15 55 8.07042 38.7817 137.178 9.6 5
2010 9 6 15 55 34.8423 39.857 138.672 20.9 6
2010 9 6 15 55 40.6104 36.5894 131.934 23.5 10
2010 9 6 15 55 56.0541 38.9366 137.169 24 6
2010 9 6 15 56 2.16337 38.8077 137.051 9.6 6
2010 9 6 15 56 23.9056 38.8865 137.143 26.6 8
2010 9 6 15 56 23.9485 38.8762 137.172 19.7 6
2010 9 6 15 56 24.2344 38.8807 137.13 5.9 6
2010 9 6 15 56 24.7491 38.9207 137.212 23.6 7
2010 9 6 15 56 30.7907 36.4986 131.974 14.8 7
2010 9 6 15 56 43.8691 38.8293 137.221 8.5 5
2010 9 6 15 56 46.668 39.682 138.016 23.8 6
2010 9 6 15 57 15.9893 38.8375 137.209 0.6 5
2010 9 6 15 57 15.9893 38.9265 137.223 5.9 5
2010 9 6 15 57 20.1902 39.911 138.34 28.5 8
2010 9 6 15 58 0.07032 39.8688 138.389 15.3 5
2010 9 6 15 58 5.98623 38.9553 137.187 9.8 7
2010 9 6 15 58 6.50417 38.9406 137.232 13.1 7
2010 9 6 15 58 23.1861 38.7998 137.078 13.2 7
2010 9 6 15 58 23.2787 38.8071 137.149 29.3 5
2010 9 6 15 58 23.3624 38.8515 137.136 17.6 7
2010 9 6 15 58 37.7836 39.6604 138.183 28 7
2010 9 6 15 58 37.8415 39.6804 138.039 10.9 8
2010 9 6 15 59 4.73398 38.8204 137.174 20.5 5
2010 9 6 15 59 28.5258 39.8718 138.565 12.2 7
2010 9 6 15 59 31.2777 39.2436 137.57 18.4 5
2010 9 6 15 59 58.8844 38.792 137.089 16 9
2010 9 6 16 0 9.07794 39.927 138.605 24.6 7
2010 9 6 16 0 44.1431 38.9163 137.321 18.1 6
2010 9 6 16 0 44.6323 38.9359 137.284 17 6
2010 9 6 16 0 47.7588 36.4566 131.896 21.7 8
2010 9 6 16 1 28.2852 38.9308 137.282 20 5
2010 9 6 16 1 52.9024 36.3956 131.895 4.8 5
2010 9 6 16 2 2.46728 39.2933 137.525 18.1 5
2010 9 6 16 2 21.1497 39.9295 138.469 21.2 6
2010 9 6 16 3 11.4773 38.6062 137.033 15.3 6
2010 9 6 16 3 19.9318 39.1554 137.652 7.9 7
2010 9 6 16 3 24.204 39.9007 138.479 20.6 8
2010 9 6 16 3 48.5475 39.6995 138.123 25.1 5
2010 9 6 16 4 27.4374 39.2817 137.654 18 6
2010 9 6 16 5 6.6067 38.9131 137.312 15.7 7
2010 9 6 16 5 6.76635 38.948 137.604 11.8 5
2010 9 6 16 5 8.40906 38.8405 137.417 24.3 8
2010 9 6 16 5 13.3456 36.5106 131.916 7.6 9
2010 9 6 16 5 13.3735 36.493 132.027 14.9 7
2010 9 6 16 5 18.1519 38.8612 137.129 3.7 6
2010 9 6 16 5 18.4542 39.7099 138.158 8.6 6
2010 9 6 16 5 28.6944 38.9675 137.314 26.6 5
2010 9 6 16 5 41.4381 39.9975 138.7 23 7
2010 9 6 16 6 9.80943 38.8931 137.345 14.4 6
2010 9 6 16 6 38.0818 38.7509 137.099 19.5 6
2010 9 6 16 6 39.0382 39.0726 137.37 21.4 6
2010 9 6 16 6 39.3403 38.9629 137.328 19.5 9
2010 9 6 16 7 10.1682 39.9853 138.67 24 8
2010 9 6 16 7 10.2433 39.9906 138.661 16.1 7
2010 9 6 16 7 10.2925 39.9169 138.602 13.5 6
2010 9 6 16 7 13.1694 38.8482 137.214 24.6 5
2010 9 6 16 7 15.561 38.9421 137.361 21.4 8
2010 9 6 16 8 33.3576 39.304 138.019 15.2 5
2010 9 6 16 8 36.8648 38.9071 137.375 10.3 7
2010 9 6 16 8 37.4716 38.9202 137.371 18.2 8
2010 9 6 16 9 1.63442 38.876 137.405 15.4 8
2010 9 6 16 9 20.5698 38.9258 137.397 13.5 5
2010 9 6 16 9 21.7462 39.0046 137.455 22.9 6
2010 9 6 16 9 59.3859 39.0525 137.546 17.3 6
2010 9 6 16 10 34.75 39.3153 137.712 5.9 7
2010 9 6 16 10 42.4515 39.9622 138.709 11.3 8
2010 9 6 16 10 47.9526 39.8789 138.403 9 5
2010 9 6 16 11 12.7168 38.9791 137.634 6.8 5
2010 9 6 16 11 12.903 38.9701 137.443 19.9 6
2010 9 6 16 11 49.5334 39.9031 138.691 20.5 7
2010 9 6 16 11 49.6689 39.9682 138.668 21.2 7
2010 9 6 16 12 4.50565 39.1066 137.93 11.9 5
2010 9 6 16 12 4.58703 39.0885 137.654 4.6 5
2010 9 6 16 12 4.65987 39.0864 137.572 25.9 7
2010 9 6 16 12 33.3519 38.9681 137.434 11.2 9
2010 9 6 16 12 53.7198 39.8987 138.339 8.9 6
2010 9 6 16 12 55.6404 39.8894 138.524 13.1 9
2010 9 6 16 12 58.5266 39.0562 137.587 19.7 6
2010 9 6 16 12 58.5904 39.0522 137.578 21.5 9
2010 9 6 16 13 21.3411 39.1261 137.571 16.8 5
2010 9 6 16 13 21.4098 39.0752 137.583 13.5 7
2010 9 6 16 13 21.5128 39.0982 137.674 15 6
2010 9 6 16 13 25.0902 39.8736 138.532 18.6 6
2010 9 6 16 13 38.3689 39.0384 137.485 24.6 10
2010 9 6 16 13 38.5143 38.9838 137.42 13.8 11
2010 9 6 16 13 39.3007 38.9793 137.414 12.5 8
2010 9 6 16 13 39.4181 38.9936 137.412 17.4 6
2010 9 6 16 13 43.342 39.8743 138.511 16.1 5
2010 9 6 16 13 49.1286 39.0884 137.593 13.2 7
2010 9 6 16 14 4.44904 39.9208 138.46 20.4 7
2010 9 6 16 14 5.42709 39.8728 138.481 22.4 5
2010 9 6 16 14 29.2715 39.8506 138.472 18.3 9
2010 9 6 16 14 35.0638 39.0375 137.456 12.7 8
2010 9 6 16 14 35.168 38.9738 137.473 13.7 7
2010 9 6 16 14 46.2813 39.8287 138.73 11.9 5
2010 9 6 16 14 46.6176 39.9235 138.767 29.6 5
2010 9 6 16 14 46.6737 39.7826 138.739 17.6 6
2010 9 6 16 14 46.8784 39.8546 138.696 14.2 6
2010 9 6 16 14 47.0156 39.9334 138.816 27.9 5
2010 9 6 16 15 15.9349 39.8702 138.499 22.7 7
2010 9 6 16 15 16.0777 39.8759 138.431 12.5 5
2010 9 6 16 15 33.983 38.9872 137.539 21.8 5
2010 9 6 16 15 34.231 38.9968 137.471 16.7 9
2010 9 6 16 16 11.7222 39.0671 137.75 23.3 7
2010 9 6 16 16 28.793 39.918 138.448 17.4 7
2010 9 6 16 16 34.9163 39.8615 139.107 4 5
2010 9 6 16 16 39.5484 39.8681 138.6 20.8 7
2010 9 6 16 16 42.8112 39.0891 137.665 15.2 7
2010 9 6 16 16 51.2485 39.8976 138.619 18.4 5
2010 9 6 16 16 59.2478 39.8987 138.52 3.3 6
2010 9 6 16 17 3.26499 39.8818 138.535 15.7 7
2010 9 6 16 17 5.09434 38.4272 137.079 3.2 5
2010 9 6 16 17 12.762 39.8763 138.546 20.2 6
2010 9 6 16 17 12.8754 39.8324 138.516 17.8 7
2010 9 6 16 17 36.365 39.7998 138.532 16.8 5
2010 9 6 16 17 41.3019 39.826 138.579 15.5 7
2010 9 6 16 17 51.1851 39.8504 138.521 14.5 7
2010 9 6 16 17 51.562 39.8715 138.545 20.1 5
2010 9 6 16 17 59.7396 39.8083 138.542 9.6 5
2010 9 6 16 18 0.726834 38.809 137.527 10.1 7
2010 9 6 16 18 30.0001 40.197 138.459 12.6 5
2010 9 6 16 18 30.2869 39.8794 138.449 12.7 5
2010 9 6 16 18 54.5085 39.9206 138.748 15 8
2010 9 6 16 19 4.99105 39.8553 138.558 18.1 7
2010 9 6 16 19 13.3243 39.9219 138.534 20.6 5
2010 9 6 16 19 19.7113 39.8401 138.719 28 5
2010 9 6 16 19 33.0905 39.8712 138.544 22 10
2010 9 6 16 19 33.1916 39.8767 138.632 20.3 6
2010 9 6 16 19 47.5658 38.9813 137.642 20.1 5
2010 9 6 16 19 53.5286 39.8589 138.548 9.3 6
2010 9 6 16 19 53.6438 39.901 138.641 8.7 7
2010 9 6 16 19 54.1066 39.909 138.602 21.1 9
2010 9 6 16 19 54.1599 39.889 138.615 24.9 9
2010 9 6 16 20 12.6478 38.9791 137.498 25.6 11
2010 9 6 16 20 14.221 39.8402 138.599 19.5 7
2010 9 6 16 20 18.0672 39.8414 138.548 20.7 8
2010 9 6 16 20 31.9246 39.845 138.504 18.8 9
2010 9 6 16 20 32.0374 39.8327 138.549 17.4 5
2010 9 6 16 20 32.2047 39.8202 138.521 6 6
2010 9 6 16 20 33.1012 39.8541 138.574 20.4 9
2010 9 6 16 20 39.4384 39.9182 138.61 6.7 5
2010 9 6 16 20 39.4864 39.9539 138.533 27.4 5
2010 9 6 16 20 39.5299 39.9071 138.607 15.1 6
2010 9 6 16 20 39.9027 39.9089 138.551 14.6 8
2010 9 6 16 20 48.0539 39.8147 138.507 20.3 8
2010 9 6 16 21 2.07489 39.8935 138.62 18.3 5
2010 9 6 16 21 7.14105 39.8244 138.632 14.5 6
2010 9 6 16 21 7.27132 39.8632 138.652 18.7 7
2010 9 6 16 21 7.46988 39.8386 138.63 15.6 5
2010 9 6 16 21 9.83109 39.8608 138.551 23.8 6
2010 9 6 16 21 11.7102 39.9093 138.566 20.8 8
2010 9 6 16 21 14.9093 39.9662 138.773 21.8 10
2010 9 6 16 21 22.8381 39.8165 138.551 15.6 6
2010 9 6 16 21 27.675 39.85 138.626 9.5 6
2010 9 6 16 21 49.1019 39.8567 138.748 17.8 5
2010 9 6 16 21 55.6335 39.2159 137.9 8.2 6
2010 9 6 16 21 58.2135 39.9012 138.693 22.2 6
2010 9 6 16 21 58.2926 39.9029 138.641 19.1 7
2010 9 6 16 22 8.98051 39.8615 138.608 23.4 6
2010 9 6 16 22 9.1375 39.7985 138.583 12.9 7
2010 9 6 16 22 11.7075 38.5431 137.153 20.1 8
2010 9 6 16 22 16.5331 39.0922 137.707 13 9
2010 9 6 16 22 16.6573 39.1186 137.745 18.4 8
2010 9 6 16 22 16.7635 39.079 137.711 17 5
2010 9 6 16 22 16.8245 39.1027 138.002 13.8 6
2010 9 6 16 22 18.662 39.8797 138.68 17.1 5
2010 9 6 16 22 22.2772 39.8638 138.579 25.6 10
2010 9 6 16 22 52.9262 38.8611 137.579 16.2 9
2010 9 6 16 22 53.0975 39.8538 138.791 7.5 6
2010 9 6 16 22 53.2655 39.8112 138.597 10.7 7
2010 9 6 16 23 2.0818 39.8202 138.641 14.8 5
2010 9 6 16 23 3.33756 39.8341 138.575 10.6 7
2010 9 6 16 23 9.56644 39.8436 138.879 8.8 5
2010 9 6 16 23 11.5143 39.1259 137.787 12.4 7
2010 9 6 16 23 15.503 39.9143 138.962 7.8 5
2010 9 6 16 23 15.5784 39.8762 138.663 9.5 6
2010 9 6 16 23 15.6225 39.0101 137.74 10.7 8
2010 9 6 16 23 35.569 39.8301 138.607 16.4 9
2010 9 6 16 23 38.2412 39.7852 138.667 3.9 5
2010 9 6 16 23 38.3546 39.8756 138.659 18.1 5
2010 9 6 16 23 38.5227 39.8473 138.65 17.7 5
2010 9 6 16 23 50.3903 38.7967 137.557 15.7 6
2010 9 6 16 23 50.4507 38.8405 137.489 11.5 5
2010 9 6 16 23 50.4507 38.8733 138.012 12.4 5
2010 9 6 16 23 50.5081 38.8441 137.56 22.4 7
2010 9 6 16 23 50.5698 38.8426 137.582 19.8 9
2010 9 6 16 24 2.6574 39.8925 138.632 12 7
2010 9 6 16 24 4.92283 39.9454 138.637 20.8 9
2010 9 6 16 24 7.5837 39.9129 138.577 18.1 7
2010 9 6 16 24 13.3522 39.8512 138.563 20.2 8
2010 9 6 16 24 28.4581 39.9252 138.68 24.6 10
2010 9 6 16 24 50.9966 38.8718 137.746 14.6 7
2010 9 6 16 24 54.6427 39.9669 138.64 20.6 7
2010 9 6 16 24 58.8117 39.8761 138.648 18.5 5
2010 9 6 16 25 3.43493 39.869 138.898 10.2 5
2010 9 6 16 25 7.46841 39.9175 138.701 22.1 5
2010 9 6 16 25 16.9604 39.8362 138.648 6.1 5
2010 9 6 16 25 27.3092 39.9264 138.639 23.1 5
2010 9 6 16 25 36.376 39.0805 137.645 18.9 8
2010 9 6 16 25 36.5949 39.079 137.665 11.2 7
2010 9 6 16 25 42.1939 38.8485 137.526 14.9 8
2010 9 6 16 25 43.7328 39.8823 138.637 20.8 8
2010 9 6 16 25 47.999 39.7867 138.697 19.2 6
2010 9 6 16 26 4.05584 38.8231 137.588 8.7 5
2010 9 6 16 26 27.6281 39.8993 138.662 17.1 5
2010 9 6 16 26 28.2595 38.9353 137.691 6.3 5
2010 9 6 16 26 28.3467 39.0545 137.637 14.2 5
2010 9 6 16 26 48.5373 39.1168 137.74 16.3 7
2010 9 6 16 26 53.6083 39.0275 137.659 10.8 6
2010 9 6 16 26 54.046 39.8936 138.679 19.3 8
2010 9 6 16 27 1.15164 44.4475 138.291 16 5
2010 9 6 16 27 3.73076 39.9334 138.844 9.5 5
2010 9 6 16 27 3.80773 39.9359 138.691 18.3 7
2010 9 6 16 27 4.14441 39.8951 138.699 22.3 7
2010 9 6 16 27 7.99474 38.8823 137.681 17.9 6
2010 9 6 16 27 21.2684 39.9064 138.627 11 7
2010 9 6 16 27 31.6015 38.8802 137.621 23.8 5
2010 9 6 16 27 32.8774 39.0721 137.872 5.6 6
2010 9 6 16 27 34.2128 39.8517 138.65 18.9 5
2010 9 6 16 27 43.2022 39.8639 138.737 13.1 5
2010 9 6 16 27 48.5284 38.8183 137.648 4.8 5
2010 9 6 16 27 48.6424 38.8529 137.645 20 6
2010 9 6 16 27 51.7855 39.9008 138.661 21.9 6
2010 9 6 16 28 6.11418 39.942 138.704 19.8 5
2010 9 6 16 28 6.17893 39.8854 138.682 15.3 5
2010 9 6 16 28 6.31611 39.9326 138.673 20.1 10
2010 9 6 16 28 20.19 38.9243 137.728 23.8 6
2010 9 6 16 28 20.3514 38.9172 137.648 25.8 5
2010 9 6 16 28 25.1839 39.1029 137.718 18.4 6
2010 9 6 16 28 25.2994 39.0778 137.694 19 8
2010 9 6 16 28 27.1399 39.8999 138.62 16.7 7
2010 9 6 16 28 37.4559 39.8531 138.615 25.1 6
2010 9 6 16 28 45.7965 39.8744 138.823 6.5 5
2010 9 6 16 28 45.9812 39.8924 138.718 16.3 5
2010 9 6 16 28 49.7502 38.896 137.712 9.7 7
2010 9 6 16 28 51.1852 39.9159 138.705 21.1 8
2010 9 6 16 28 57.0446 39.1288 137.73 26.4 6
2010 9 6 16 28 58.083 39.0903 138.034 7.2 5
2010 9 6 16 29 11.6364 39.9019 138.62 16.9 6
2010 9 6 16 29 11.8358 39.9045 138.633 18.8 9
2010 9 6 16 29 12.6637 39.9475 138.735 15.9 9
2010 9 6 16 29 17.7736 39.8037 138.7 14.7 7
2010 9 6 16 29 17.9311 39.9036 138.688 17.9 8
2010 9 6 16 29 28.5416 39.8144 138.713 8.1 5
2010 9 6 16 29 40.6156 39.8788 138.657 27.7 7
2010 9 6 16 29 44.7305 39.9229 138.754 13.1 5
2010 9 6 16 29 45.0841 39.9548 138.693 23.5 7
2010 9 6 16 29 54.9837 39.9441 138.783 13.5 5
2010 9 6 16 29 55.1933 39.9522 138.697 23.8 9
2010 9 6 16 29 55.1934 39.9065 139.149 11.6 5
2010 9 6 16 29 55.2904 39.9037 138.696 22.4 9
2010 9 6 16 29 55.4663 39.9345 138.701 20.3 5
2010 9 6 16 29 55.8477 39.8272 138.651 14.9 5
2010 9 6 16 30 5.62807 39.9069 138.909 12.2 6
2010 9 6 16 30 5.72266 39.9377 139.113 9.1 5
2010 9 6 16 30 5.9296 38.9011 137.744 22.6 7
2010 9 6 16 30 6.34741 39.8422 138.756 19.4 5
2010 9 6 16 30 21.5927 38.8993 137.707 18 8
2010 9 6 16 30 21.6556 38.9181 137.696 19.3 6
2010 9 6 16 30 30.7373 39.8792 138.958 8.3 5
2010 9 6 16 30 41.502 39.8292 138.632 12.5 6
2010 9 6 16 30 41.5943 38.9072 137.737 20.7 6
2010 9 6 16 30 41.62 39.924 138.646 21 8
2010 9 6 16 30 51.6151 38.9067 137.691 16.9 8
2010 9 6 16 30 51.6615 38.892 137.894 8.9 5
2010 9 6 16 30 51.8297 38.791 137.733 3.1 6
2010 9 6 16 31 1.67662 39.0702 137.752 16 7
2010 9 6 16 31 4.50779 39.8103 138.75 6.6 5
2010 9 6 16 31 4.57492 39.829 138.756 5.2 6
2010 9 6 16 31 5.03323 39.8121 138.755 5.9 6
2010 9 6 16 31 5.03325 39.9644 138.753 10.3 5
2010 9 6 16 31 18.3254 39.893 138.665 22.6 10
2010 9 6 16 31 25.0266 39.8055 138.732 3.9 5
2010 9 6 16 31 25.5332 39.0463 137.712 18.6 5
2010 9 6 16 31 25.897 39.9068 138.86 10.5 7
2010 9 6 16 31 36.5301 39.8827 138.667 21.7 9
2010 9 6 16 31 40.865 44.0831 137.704 18.9 6
2010 9 6 16 32 2.15784 39.0801 137.749 19.1 8
2010 9 6 16 32 5.41502 39.3373 137.941 17.8 5
2010 9 6 16 32 6.51275 39.8511 138.644 22.9 8
2010 9 6 16 32 17.9595 39.841 138.773 4.3 5
2010 9 6 16 32 18.0502 39.9452 138.741 13 5
2010 9 6 16 32 18.0503 39.8096 138.717 15 7
2010 9 6 16 32 18.1844 39.8964 138.793 18.3 5
2010 9 6 16 32 42.0883 39.9458 138.853 15.5 7
2010 9 6 16 32 42.1712 40.0202 138.773 15.1 5
2010 9 6 16 32 42.2849 39.8827 138.725 14.7 5
2010 9 6 16 32 43.0829 39.9934 138.746 15.4 5
2010 9 6 16 32 44.3668 38.9946 138.115 10.1 6
2010 9 6 16 32 49.5708 39.5924 138.328 21.1 5
2010 9 6 16 33 8.15919 39.8773 138.717 19.9 6
2010 9 6 16 33 8.72093 39.8192 138.667 21 9
2010 9 6 16 33 27.0733 39.9609 138.72 13.3 5
2010 9 6 16 33 27.1236 39.9039 138.772 13.3 5
2010 9 6 16 33 27.1237 39.8497 139.296 13.1 5
2010 9 6 16 33 27.3823 39.9241 138.783 21.4 6
2010 9 6 16 33 27.6601 39.9433 138.751 16.4 8
2010 9 6 16 33 33.0891 39.0928 137.75 17.6 9
2010 9 6 16 33 33.1477 39.0777 137.773 16.8 6
2010 9 6 16 33 39.105 39.8984 138.678 15.9 9
2010 9 6 16 33 39.245 39.8635 138.715 14.8 7
2010 9 6 16 33 39.7091 39.8466 138.72 11.4 6
2010 9 6 16 33 51.8812 39.8673 138.775 14.9 5
2010 9 6 16 33 51.9108 39.9389 138.77 19.6 9
2010 9 6 16 33 51.9733 39.926 138.74 15.5 8
2010 9 6 16 33 52.998 39.8992 138.951 13.7 7
2010 9 6 16 33 53.1536 39.8813 138.948 27.6 9
2010 9 6 16 34 14.5508 39.9474 139.02 7.4 5
2010 9 6 16 34 18.8117 38.8858 137.821 14.5 7
2010 9 6 16 34 18.9043 38.8908 137.787 19.6 5
2010 9 6 16 34 44.3927 39.4917 138.258 5 6
2010 9 6 16 34 44.4735 39.468 138.303 12.7 5
2010 9 6 16 34 45.4418 39.9328 138.787 22.8 10
2010 9 6 16 34 46.5194 39.8838 138.948 6.5 5
2010 9 6 16 34 54.5626 38.7622 137.493 20.3 7
2010 9 6 16 35 13.8958 39.0989 137.873 21.1 7
2010 9 6 16 35 14.2048 39.06 137.821 21.5 8
2010 9 6 16 35 23.8267 39.9125 138.725 14 6
2010 9 6 16 35 23.9137 39.917 138.76 21.5 10
2010 9 6 16 35 23.9788 39.8291 138.719 5.2 5
2010 9 6 16 35 24.0398 39.8183 138.689 13.2 5
2010 9 6 16 35 41.6575 39.5109 138.351 14.5 5
2010 9 6 16 35 42.1832 38.8987 137.801 21.6 7
2010 9 6 16 36 14.3776 39.0221 137.968 24.2 6
2010 9 6 16 36 20.9429 39.9215 138.902 27.7 9
2010 9 6 16 36 21.0053 39.842 138.832 9.7 5
2010 9 6 16 36 30.9665 38.8838 137.955 8.4 5
2010 9 6 16 36 32.5995 44.4942 138.237 20 5
2010 9 6 16 36 46.0318 39.097 137.889 16.5 7
2010 9 6 16 36 46.0518 39.0412 137.864 19.3 5
2010 9 6 16 36 46.0889 39.1008 137.934 18.1 8
2010 9 6 16 36 46.1834 39.0777 137.887 17.2 7
2010 9 6 16 36 52.1224 38.9591 137.826 23.1 8
2010 9 6 16 36 53.6237 39.9607 139.015 7 5
2010 9 6 16 36 59.7052 38.9184 137.864 22.6 5
2010 9 6 16 37 10.8465 38.9034 137.789 21.4 8
2010 9 6 16 37 10.9335 38.8975 137.798 25.6 5
2010 9 6 16 37 17.847 39.1182 137.826 18.8 10
2010 9 6 16 37 17.9377 39.131 137.836 20.2 11
2010 9 6 16 37 17.9823 39.1275 137.898 21 6
2010 9 6 16 37 29.2902 39.8597 138.85 29.2 9
2010 9 6 16 37 29.4626 39.81 138.905 20.4 5
2010 9 6 16 37 29.4877 39.811 138.778 15.4 5
2010 9 6 16 37 29.5226 39.8594 138.858 28.2 5
2010 9 6 16 37 29.6357 39.8623 138.85 27.5 9
2010 9 6 16 37 35.7255 38.9459 137.807 19.4 9
2010 9 6 16 37 54.7193 39.0649 137.98 15.2 6
2010 9 6 16 37 57.999 38.82 137.822 5.7 7
2010 9 6 16 38 2.34293 39.9507 138.868 27.6 11
2010 9 6 16 38 7.25109 38.8624 137.874 9.5 5
2010 9 6 16 38 35.8615 38.8837 137.378 29.7 5
2010 9 6 16 38 40.5526 38.9983 137.935 9 5
2010 9 6 16 38 40.5906 39.028 137.936 19.3 11
2010 9 6 16 38 41.1981 39.0349 137.946 18.1 9
2010 9 6 16 38 44.7889 38.9463 137.823 19.5 10
2010 9 6 16 38 45.0512 38.9121 137.842 19.1 7
2010 9 6 16 39 14.0558 39.5073 138.266 21.2 5
2010 9 6 16 39 29.1935 39.9635 139.014 23.6 5
2010 9 6 16 39 30.0543 39.8814 138.847 19 7
2010 9 6 16 39 48.7974 39.0232 138.058 11.3 5
2010 9 6 16 39 48.8285 39.0989 137.952 12 6
2010 9 6 16 39 48.9245 39.0136 137.96 20.5 9
2010 9 6 16 39 49.034 39.0701 137.921 25.5 6
2010 9 6 16 40 19.8218 38.9671 137.946 18.9 6
2010 9 6 16 40 22.2984 39.4723 138.423 18 6
2010 9 6 16 40 26.9977 38.8362 137.865 4.4 6
2010 9 6 16 40 45.9719 44.4154 138.393 14.2 6
2010 9 6 16 40 59.9261 38.6989 137.501 12.9 6
2010 9 6 16 41 3.31996 39.9521 138.913 24.5 8
2010 9 6 16 41 3.91975 39.9558 138.956 20.7 6
2010 9 6 16 41 6.16163 38.8311 137.905 5.4 6
2010 9 6 16 41 7.57068 39.0519 137.97 19.8 5
2010 9 6 16 41 7.67729 39.0342 137.963 23.6 7
2010 9 6 16 41 8.05582 39.0331 137.965 19.1 7
2010 9 6 16 41 22.0166 38.9105 137.86 21.1 10
2010 9 6 16 41 22.1417 38.9605 137.848 25.5 6
2010 9 6 16 41 22.1891 38.9034 137.86 18.3 9
2010 9 6 16 41 22.4539 38.9019 138.245 10.1 5
2010 9 6 16 41 26.8034 38.7317 137.506 13.7 5
2010 9 6 16 41 30.4173 38.9824 137.946 17.4 10
2010 9 6 16 41 30.6026 39.0006 137.947 24 9
2010 9 6 16 41 50.0139 38.817 137.951 5.5 5
2010 9 6 16 41 54.745 39.5655 138.331 21.4 9
2010 9 6 16 42 4.92918 38.8992 137.945 19.9 7
2010 9 6 16 42 5.11165 38.8936 137.887 13.6 8
2010 9 6 16 42 12.0922 39.778 138.762 12.3 7
2010 9 6 16 42 12.4506 39.7655 138.772 9.8 5
2010 9 6 16 42 26.4394 38.7112 137.506 22.3 9
2010 9 6 16 42 34.6161 38.9055 137.872 20.2 10
2010 9 6 16 42 34.7241 38.9458 137.88 7.9 6
2010 9 6 16 42 35.029 38.8816 137.87 23.9 9
2010 9 6 16 42 35.4132 38.8905 137.863 17.7 7
2010 9 6 16 42 51.4482 39.6048 138.522 29.5 7
2010 9 6 16 42 54.4984 38.9678 137.938 21.6 8
2010 9 6 16 43 1.94634 39.8732 138.744 15.6 7
2010 9 6 16 43 4.77756 38.9788 137.992 18 9
2010 9 6 16 43 4.822 38.9829 137.984 17.4 8
2010 9 6 16 43 4.87261 38.91 138.003 15.8 5
2010 9 6 16 43 4.90691 38.9998 137.976 12.3 5
2010 9 6 16 43 23.4026 39.2856 138.171 24.1 6
2010 9 6 16 43 27.4133 38.7141 137.525 17.3 8
2010 9 6 16 43 27.5045 38.715 137.517 22.1 6
2010 9 6 16 43 35.5506 38.966 137.979 13.3 6
2010 9 6 16 43 50.6436 39.889 139.217 28.2 6
2010 9 6 16 43 56.6238 39.0955 138.024 13.1 7
2010 9 6 16 43 56.6239 39.0471 138.235 6.6 6
2010 9 6 16 43 56.6795 39.0559 138.035 19.8 6
2010 9 6 16 43 56.7852 38.9936 138.081 17.6 6
2010 9 6 16 43 56.9118 39.014 138.061 13.4 6
2010 9 6 16 44 14.4886 38.7064 137.721 10.5 5
2010 9 6 16 44 14.57 38.6966 137.522 23 7
2010 9 6 16 44 28.414 39.8811 138.816 18 6
2010 9 6 16 44 59.5115 38.9657 138.048 27.5 7
2010 9 6 16 45 4.88201 38.6321 137.554 2.6 5
2010 9 6 16 45 4.96028 38.7212 137.582 6.1 5
2010 9 6 16 45 5.07432 38.7141 137.565 27.6 6
2010 9 6 16 45 8.3201 39.7965 138.927 18.2 6
2010 9 6 16 45 20.3475 39.5112 138.504 15.8 8
2010 9 6 16 45 20.3938 39.494 138.459 15.8 5
2010 9 6 16 45 23.1074 39.9483 139.023 11 7
2010 9 6 16 45 24.7011 39.1149 138.062 18.4 5
2010 9 6 16 45 30.4416 39.945 139.108 29.3 5
2010 9 6 16 45 30.5136 39.9292 139.217 6.6 5
2010 9 6 16 45 30.5325 39.925 139.052 21.5 8
2010 9 6 16 45 30.5772 39.8007 138.982 15.2 5
2010 9 6 16 45 30.6266 39.9268 139.049 14.9 6
2010 9 6 16 45 30.7001 39.9268 139.046 16.1 8
2010 9 6 16 45 30.7494 39.8932 139.049 25.7 7
2010 9 6 16 45 39.8462 38.7988 137.845 9.7 6
2010 9 6 16 45 51.7454 39.7146 138.817 8.8 5
2010 9 6 16 45 58.7333 38.9296 138.022 7.3 5
2010 9 6 16 45 59.241 38.9921 138.064 24.5 5
2010 9 6 16 46 4.28037 38.7111 137.617 20.9 6
2010 9 6 16 46 6.31816 39.844 138.883 25.9 5
2010 9 6 16 46 28.9902 39.0423 138.101 25.7 5
2010 9 6 16 46 29.3015 39.0333 138.09 21.7 5
2010 9 6 16 46 30.3376 39.9616 138.813 17.3 5
2010 9 6 16 46 48.9941 39.0251 138.481 10.7 5
2010 9 6 16 46 56.4261 40.0253 139.148 20 6
2010 9 6 16 46 56.5266 39.983 139.01 21.3 7
2010 9 6 16 46 56.676 44.5382 138.289 13.8 5
2010 9 6 16 46 56.9321 39.9028 139.209 17.6 8
2010 9 6 16 46 57.0752 39.8933 139.115 19.6 6
2010 9 6 16 47 36.457 38.7871 137.864 11.4 5
2010 9 6 16 47 36.5689 38.9852 137.86 9.3 5
2010 9 6 16 47 43.272 39.0049 138.062 8.2 6
2010 9 6 16 47 47.6961 39.9963 138.715 9.5 5
2010 9 6 16 48 1.36338 36.5525 132.017 20.2 7
2010 9 6 16 48 35.4899 39.5871 138.575 23.1 9
2010 9 6 16 48 35.9909 39.5703 138.582 15.2 6
2010 9 6 16 48 36.0132 39.5986 138.581 26.6 5
2010 9 6 16 48 39.4115 39.9315 138.848 25.3 5
2010 9 6 16 48 43.6242 39.737 138.791 19.3 5
2010 9 6 16 48 47.0955 38.9777 138.084 17.7 7
2010 9 6 16 48 50.6346 38.8533 137.764 20.6 8
2010 9 6 16 49 1.32129 44.431 138.496 22.4 6
2010 9 6 16 49 27.9644 39.8317 139.475 8.3 6
2010 9 6 16 49 29.5495 39.8671 138.85 28.7 8
2010 9 6 16 49 30.1167 39.8864 138.877 23 7
2010 9 6 16 49 40.4113 39.0627 138.176 26.1 5
2010 9 6 16 49 40.6892 39.8097 138.833 10 6
2010 9 6 16 49 50.4424 39.7938 138.804 14.2 6
2010 9 6 16 50 21.5472 39.8583 138.852 21.1 5
2010 9 6 16 50 27.3991 44.4267 138.386 21 6
2010 9 6 16 50 36.9987 39.7735 138.862 16.8 6
2010 9 6 16 50 49.7384 39.9525 139.123 15.1 12
2010 9 6 16 50 49.7877 39.9762 139.117 28.6 7
2010 9 6 16 50 53.6939 38.9167 138.077 20.6 9
2010 9 6 16 50 54.1088 38.9393 138.061 20.2 9
2010 9 6 16 51 16.1425 38.7434 137.858 9.3 5
2010 9 6 16 51 36.6908 39.8838 138.887 11.4 6
2010 9 6 16 51 36.959 39.8471 139.066 16.2 6
2010 9 6 16 51 37.7128 39.8636 139.212 9.4 5
2010 9 6 16 52 17.5024 39.8392 138.802 16.3 7
2010 9 6 16 52 28.2558 39.8524 138.916 28.6 7
2010 9 6 16 52 30.4799 38.7772 137.701 17.5 10
2010 9 6 16 52 37.5183 39.8709 138.86 25.6 6
2010 9 6 16 52 39.9897 38.9334 138.075 21.8 9
2010 9 6 16 52 47.0146 39.7685 138.96 6 5
2010 9 6 16 52 51.8686 44.47 138.445 28.5 6
2010 9 6 16 52 54.8702 39.8602 138.968 25 5
2010 9 6 16 52 54.95 39.9514 138.932 15.2 5
2010 9 6 16 53 14.8493 38.9709 138.103 24.6 10
2010 9 6 16 53 19.3667 39.8889 138.882 19.2 6
2010 9 6 16 53 19.4565 39.9034 138.843 15.2 6
2010 9 6 16 53 20.0806 39.0873 138.154 21.3 6
2010 9 6 16 53 20.1167 39.1008 138.163 23.8 5
2010 9 6 16 53 20.2297 39.0578 138.505 17.9 6
2010 9 6 16 53 28.8718 40.0091 139.184 17.7 8
2010 9 6 16 53 29.0354 40.0144 139.103 24.4 7
2010 9 6 16 53 29.3831 39.9115 138.921 26.9 8
2010 9 6 16 53 39.0047 39.7675 138.893 10 6
2010 9 6 16 54 5.06163 39.9446 138.914 17.2 5
2010 9 6 16 54 14.2508 39.6036 138.596 29.3 9
2010 9 6 16 54 14.311 39.5785 138.535 21 9
2010 9 6 16 54 14.5338 39.6045 138.681 23.5 10
2010 9 6 16 54 19.3724 39.8668 138.863 22.2 8
2010 9 6 16 54 19.8742 39.9237 138.906 29 10
2010 9 6 16 54 21.7924 38.9442 138.105 26 8
2010 9 6 16 54 22.2309 39.7881 139.005 28.5 9
2010 9 6 16 54 31.4098 39.8565 138.9 27.3 5
2010 9 6 16 54 51.0938 38.5406 137.622 9.7 6
2010 9 6 16 54 54.2449 39.8496 138.942 24.9 6
2010 9 6 16 55 46.2611 39.8514 138.915 22.7 7
2010 9 6 16 55 46.3736 39.9783 138.898 9.8 5
2010 9 6 16 55 46.5959 39.8503 138.867 22.8 7
2010 9 6 16 56 8.32963 38.6449 137.79 12.2 5
2010 9 6 16 56 40.5359 39.8528 138.984 14.7 5
2010 9 6 16 56 45.7698 39.8215 138.915 21.6 5
2010 9 6 16 57 0.97321 38.9954 138.152 26.5 5
2010 9 6 16 57 1.42969 38.9774 138.185 27.2 5
2010 9 6 16 57 2.61591 39.8842 138.941 25.9 7
2010 9 6 16 57 13.2956 39.8724 138.895 29.4 9
2010 9 6 16 57 17.7573 39.8517 138.936 23.7 7
2010 9 6 16 57 19.0962 39.8712 138.934 26.5 7
2010 9 6 16 57 20.5438 39.862 139.419 9.1 5
2010 9 6 16 57 21.0198 40.0694 139.402 11.9 5
2010 9 6 16 57 21.2071 39.8823 139.516 20.5 5
2010 9 6 16 57 24.167 39.8364 138.984 15 5
2010 9 6 16 57 50.9781 39.7786 138.981 19.4 6
2010 9 6 16 57 58.8731 38.9858 138.171 22.5 8
2010 9 6 16 57 58.9149 38.9401 138.158 19.8 8
2010 9 6 16 58 0.045411 39.8218 138.914 19.7 5
2010 9 6 16 58 10.4693 39.8027 138.976 26.2 6
2010 9 6 16 58 19.4219 39.8899 139.005 15.2 6
2010 9 6 16 58 26.0928 39.1046 138.676 15.8 6
2010 9 6 16 58 30.1282 39.8233 139.12 27.3 6
2010 9 6 16 58 41.9806 38.5184 137.638 16.8 5
2010 9 6 16 58 43.7378 38.9072 138.226 20.8 6
2010 9 6 16 59 4.82306 39.8722 139.428 15.9 5
2010 9 6 16 59 5.03496 39.9129 138.955 21 6
2010 9 6 16 59 5.27273 39.937 138.964 28.1 5
2010 9 6 16 59 18.4124 39.8738 138.945 26.6 8
2010 9 6 16 59 27.7033 44.4265 138.522 26 8
2010 9 6 16 59 29.8366 39.1735 138.371 28.5 7
2010 9 6 16 59 29.8674 39.1404 138.333 18 6
2010 9 6 17 0 0.349161 39.9649 139.251 25.5 9
2010 9 6 17 0 16.6501 39.9755 139.011 15.7 6
2010 9 6 17 0 26.4742 38.8568 137.851 26.3 6
2010 9 6 17 0 27.3599 39.8711 138.973 23.8 8
2010 9 6 17 0 38.5699 39.6073 138.654 12.3 6
2010 9 6 17 0 47.1399 39.8255 138.974 17.5 5
2010 9 6 17 1 8.60834 44.4382 138.57 27.6 6
2010 9 6 17 1 20.1143 38.808 137.884 24.2 6
2010 9 6 17 1 20.2712 38.8098 137.886 21.1 6
2010 9 6 17 1 20.6888 38.8165 137.945 24.7 6
2010 9 6 17 1 22.9251 39.7757 139.017 13 5
2010 9 6 17 1 32.0461 38.9396 138.22 28.2 7
2010 9 6 17 1 33.1751 39.1215 138.341 6.2 5
2010 9 6 17 1 37.2137 39.829 139.13 21.8 5
2010 9 6 17 1 49.8168 40.1616 138.997 28.5 5
2010 9 6 17 2 11.7915 39.8975 138.979 23.8 6
2010 9 6 17 2 11.9595 39.8805 138.98 24.4 8
2010 9 6 17 2 12.3639 39.8 138.997 27.4 5
2010 9 6 17 2 12.3639 40.0033 139.012 16.9 6
2010 9 6 17 2 12.6751 39.9113 138.967 28.5 8
2010 9 6 17 2 18.1873 40.0119 139.029 19.4 5
2010 9 6 17 2 44.5931 38.847 137.87 21.4 11
2010 9 6 17 2 44.6879 38.8251 137.87 26.5 9
2010 9 6 17 2 44.69 38.7698 137.887 22.4 9
2010 9 6 17 3 1.74596 39.8827 138.933 24.4 9
2010 9 6 17 3 2.63755 38.9006 138.191 26.9 8
2010 9 6 17 3 9.53914 39.8787 138.976 6.5 7
2010 9 6 17 3 22.4441 39.9024 139.002 23.9 6
2010 9 6 17 3 27.4653 38.9285 138.151 29.7 6
2010 9 6 17 3 39.2382 39.8739 139.01 22 8
2010 9 6 17 3 48.663 39.8307 138.95 16.2 5
2010 9 6 17 4 0.394666 39.7817 138.987 20.7 6
2010 9 6 17 4 4.76347 39.8533 139.161 29.1 7
2010 9 6 17 4 4.89305 39.8562 139.069 27.9 6
2010 9 6 17 4 6.55867 38.8655 137.985 26.3 8
2010 9 6 17 4 6.66816 38.8681 137.999 25.2 5
2010 9 6 17 4 8.73087 39.8927 139.563 19.4 5
2010 9 6 17 4 8.90904 39.9392 139.029 16.2 5
2010 9 6 17 4 20.0067 39.783 138.977 20.6 5
2010 9 6 17 4 25.1895 39.8962 139.145 25.8 8
2010 9 6 17 4 25.1895 39.8959 139.053 11.8 5
2010 9 6 17 4 25.401 39.8486 139.084 25.2 7
2010 9 6 17 4 32.9377 38.8311 138.148 19.8 6
2010 9 6 17 4 33.2893 38.9038 138.102 26.2 7
2010 9 6 17 4 33.3951 38.8379 138.102 24 6
2010 9 6 17 4 33.5328 38.8573 138.116 26.3 6
2010 9 6 17 4 34.5011 39.7219 139.091 12.9 5
2010 9 6 17 4 34.5797 39.8904 139.023 24.2 9
2010 9 6 17 4 34.9012 39.899 139.027 24.9 9
2010 9 6 17 4 35.2283 39.915 139.023 28 5
2010 9 6 17 4 51.6738 39.871 138.99 24.2 7
2010 9 6 17 4 51.7878 39.8273 139.006 24.2 6
2010 9 6 17 4 57.2815 38.9266 138.243 26.9 6
2010 9 6 17 4 57.3995 39.0212 138.237 11.4 5
2010 9 6 17 4 57.3995 38.8487 138.219 16.2 6
2010 9 6 17 5 4.71795 39.8853 139.108 25.1 7
2010 9 6 17 5 30.2305 38.9378 138.167 21.4 6
2010 9 6 17 5 30.2554 39.8743 138.985 27.3 6
2010 9 6 17 5 49.3961 39.9096 139.347 11.3 5
2010 9 6 17 6 13.2032 39.8078 139.101 19.9 5
2010 9 6 17 6 34.7842 39.9092 139.113 24 7
2010 9 6 17 6 35.1681 39.9067 139.031 27.9 9
2010 9 6 17 6 35.4642 39.9106 139.138 23.8 7
2010 9 6 17 6 35.7288 39.7918 139.072 22.5 6
2010 9 6 17 6 48.9096 38.8687 138.184 17.5 6
2010 9 6 17 6 48.9991 38.9498 138.179 20.1 7
2010 9 6 17 6 49.5881 38.9536 138.187 29.2 6
2010 9 6 17 6 51.1605 39.8369 139.273 24.8 7
2010 9 6 17 6 58.396 44.038 137.708 26.7 9
2010 9 6 17 7 20.134 39.0108 138.406 23.5 7
2010 9 6 17 7 20.3353 39.9593 139.09 23.7 6
2010 9 6 17 7 20.4312 39.9419 139.026 28.5 7
2010 9 6 17 7 20.5488 39.8299 139.097 19.9 6
2010 9 6 17 7 21.401 39.9034 139.179 28.3 5
2010 9 6 17 7 21.5574 39.8896 139.245 26.2 5
2010 9 6 17 7 53.3836 39.0343 138.209 14.7 6
2010 9 6 17 7 53.939 38.9109 138.178 26.7 7
2010 9 6 17 8 10.0768 39.9043 139.078 26.5 9
2010 9 6 17 8 10.302 39.9034 139.504 13.7 5
2010 9 6 17 8 10.8248 40.0353 139.12 18.9 6
2010 9 6 17 8 16.9673 38.9342 138.419 20.2 6
2010 9 6 17 8 33.1752 39.8782 139.099 26.9 5
2010 9 6 17 8 55.4958 39.9351 139.101 15.4 5
2010 9 6 17 8 55.5611 39.9626 139.138 19.2 6
2010 9 6 17 8 55.697 39.8675 139.1 27 8
2010 9 6 17 8 59.5105 39.005 138.417 21.9 9
2010 9 6 17 9 8.43846 38.9582 138.224 30 6
2010 9 6 17 9 13.9316 38.8069 137.987 28.4 8
2010 9 6 17 9 50.5167 39.0031 138.248 25.1 10
2010 9 6 17 9 50.5854 38.9645 138.226 27.5 5
2010 9 6 17 10 5.91958 43.931 137.65 18.2 6
2010 9 6 17 10 29.9638 38.9745 138.336 26.5 6
2010 9 6 17 10 30.0346 38.9579 138.234 25.3 8
2010 9 6 17 10 30.0976 38.9461 138.24 28.2 7
2010 9 6 17 10 50.3395 38.9549 138.266 29.2 7
2010 9 6 17 11 14.8435 39.0081 138.259 27 6
2010 9 6 17 11 26.2433 38.8183 138.257 9.9 6
2010 9 6 17 11 27.5582 40.0015 139.241 24.9 5
2010 9 6 17 11 41.9405 39.0691 138.294 10.6 5
2010 9 6 17 12 5.2615 38.9104 138.283 27.2 7
2010 9 6 17 12 34.9192 38.7572 137.982 24.6 5
2010 9 6 17 12 34.9738 38.8527 138.099 27.2 7
2010 9 6 17 12 35.0178 38.7659 138.069 22.2 6
2010 9 6 17 12 45.9424 40.0179 139.148 11.4 5
2010 9 6 17 12 45.9424 39.9843 139.19 22.2 9
2010 9 6 17 12 46.2607 39.9594 139.298 26.3 8
2010 9 6 17 12 54.8204 38.8895 138.268 24 8
2010 9 6 17 13 9.51782 38.6676 137.91 7 6
2010 9 6 17 13 14.8328 39.9735 139.296 24.8 6
2010 9 6 17 13 18.3018 38.9849 138.27 29.7 9
2010 9 6 17 13 18.3427 38.998 138.288 23.9 6
2010 9 6 17 13 18.372 38.8741 138.287 11.9 5
2010 9 6 17 13 18.4157 38.9094 138.614 18 6
2010 9 6 17 13 18.4781 38.9356 138.23 25.6 6
2010 9 6 17 13 18.5187 38.9623 138.308 21.7 6
2010 9 6 17 13 18.6386 38.9299 138.274 29.5 6
2010 9 6 17 13 18.6924 38.8427 138.282 17.3 6
2010 9 6 17 13 18.7696 38.9214 138.247 23.5 8
2010 9 6 17 13 18.9799 38.9479 138.247 23 7
2010 9 6 17 13 21.9139 38.8766 138.075 28.1 6
2010 9 6 17 13 31.7087 38.9063 138.322 21.2 5
2010 9 6 17 14 1.19402 38.9876 138.262 28.1 11
2010 9 6 17 14 1.34121 38.9313 138.574 11 5
2010 9 6 17 14 1.40727 38.9791 138.399 24.9 5
2010 9 6 17 14 1.57087 38.948 138.262 28.2 8
2010 9 6 17 14 21.8714 38.8646 138.22 25.2 5
2010 9 6 17 14 43.7566 38.9435 138.547 10.4 6
2010 9 6 17 14 43.8222 38.962 138.346 29.7 6
2010 9 6 17 14 43.8889 38.976 138.381 27.1 7
2010 9 6 17 14 44.0104 39.001 138.315 26.3 9
2010 9 6 17 15 1.57447 38.9179 138.559 18.3 6
2010 9 6 17 15 10.5751 39.8112 139.207 21.6 7
2010 9 6 17 15 40.0508 38.9886 138.332 26.6 10
2010 9 6 17 15 40.5753 38.8408 138.346 19.3 5
2010 9 6 17 15 40.8163 38.9454 138.716 19.2 6
2010 9 6 17 15 42.1697 38.7272 138.12 17.5 5
2010 9 6 17 16 12.7795 39.0643 138.369 17.7 6
2010 9 6 17 16 32.9103 39.0228 138.585 24.7 9
2010 9 6 17 17 30.0258 38.7967 138.108 30 7
2010 9 6 17 17 33.4287 36.5901 132.54 11.7 5
2010 9 6 17 17 33.7089 36.6686 132.246 27.7 5
2010 9 6 17 17 35.5145 38.9933 138.384 29.4 6
2010 9 6 17 17 35.6738 38.9666 138.327 27.3 8
2010 9 6 17 17 51.9964 38.9405 138.725 10.6 5
2010 9 6 17 17 52.5385 38.8518 138.43 11.6 5
2010 9 6 17 17 52.8516 38.8479 138.422 11.4 5
2010 9 6 17 18 15.0071 38.7662 138.121 21.2 6
2010 9 6 17 18 24.7744 39.7693 139.434 18.5 6
2010 9 6 17 18 24.9722 39.8801 139.47 22.7 5
2010 9 6 17 18 25.0304 39.9497 139.395 18.2 5
2010 9 6 17 18 33.0989 38.7798 137.994 15.8 5
2010 9 6 17 18 33.2285 38.6387 138.116 24.7 6
2010 9 6 17 18 40.9083 39.0442 138.623 27.6 5
2010 9 6 17 18 41.9401 39.1528 138.763 28.1 7
2010 9 6 17 18 41.9578 39.0835 138.751 27.3 8
2010 9 6 17 18 49.8952 44.3551 138.657 11.7 7
2010 9 6 17 19 1.99466 38.9599 138.715 10.2 5
2010 9 6 17 19 22.5063 39.1004 138.396 8.8 5
2010 9 6 17 19 24.4701 38.7724 138.022 11.3 6
2010 9 6 17 19 56.4801 38.5364 137.914 25.8 7
2010 9 6 17 19 58.5397 38.6694 137.961 22.7 5
2010 9 6 17 20 8.13696 38.748 138.455 17.2 5
2010 9 6 17 20 8.26016 38.8069 138.12 27.3 11
2010 9 6 17 20 19.2785 36.6736 132.196 5.1 5
2010 9 6 17 20 24.8363 38.9656 138.401 28.1 6
2010 9 6 17 20 24.8516 38.9837 138.625 14.6 5
2010 9 6 17 20 24.8652 38.9909 138.387 24.9 7
2010 9 6 17 20 24.9033 38.9613 138.389 23.7 9
2010 9 6 17 20 24.9351 38.989 138.466 24 5
2010 9 6 17 20 25.0454 38.9875 138.403 21.2 7
2010 9 6 17 20 25.0965 39.089 138.397 11.9 5
2010 9 6 17 20 25.1584 39.0309 138.422 12.4 5
2010 9 6 17 20 45.3039 38.6336 138.192 13.2 5
2010 9 6 17 20 48.6801 38.6631 137.954 18.1 7
2010 9 6 17 20 49.1498 39.9188 139.491 25.2 5
2010 9 6 17 20 49.801 39.8801 139.431 21 7
2010 9 6 17 21 2.48362 38.9916 138.445 24.4 7
2010 9 6 17 21 32.5961 38.6504 137.95 28.3 9
2010 9 6 17 21 48.4122 38.9802 138.924 14.6 5
2010 9 6 17 21 56.7493 39.0146 138.681 25 8
2010 9 6 17 22 3.73791 39.9853 139.286 26 7
2010 9 6 17 22 3.93664 40.0123 139.296 20.2 7
2010 9 6 17 22 5.51388 38.6897 138.025 25.6 11
2010 9 6 17 22 25.1623 38.9837 138.391 26.9 9
2010 9 6 17 22 25.6067 38.968 138.401 28 10
2010 9 6 17 22 25.6979 38.9893 138.378 27.2 9
2010 9 6 17 22 25.7548 38.9287 138.33 24.2 6
2010 9 6 17 22 26.0752 38.8022 138.445 11 5
2010 9 6 17 22 59.8464 38.6558 138.247 19.2 5
2010 9 6 17 23 8.62005 38.9779 138.422 29 6
2010 9 6 17 23 8.64558 39.0148 138.416 21.8 7
2010 9 6 17 23 8.6837 39.0036 138.417 25.5 10
2010 9 6 17 23 9.12855 38.9965 138.455 29 5
2010 9 6 17 23 15.2484 38.8348 138.269 28.4 8
2010 9 6 17 23 15.3261 38.8152 138.174 26.1 5
2010 9 6 17 23 24.8405 39.0396 138.453 12.7 5
2010 9 6 17 23 30.7832 39.6962 139.056 27.9 5
2010 9 6 17 23 45.4116 38.8072 138.209 27.9 9
2010 9 6 17 24 12.7668 39.0328 138.441 26.5 6
2010 9 6 17 24 12.8862 38.9829 138.384 27.5 6
2010 9 6 17 24 12.9463 38.946 138.419 16.6 7
2010 9 6 17 24 46.7741 38.7109 138.098 21.3 7
2010 9 6 17 24 48.7277 39.2052 138.808 19.2 5
2010 9 6 17 24 50.1176 39.029 138.663 23.2 8
2010 9 6 17 25 29.5175 38.7584 138.097 11.8 6
2010 9 6 17 25 29.644 38.6553 138.072 26.3 8
2010 9 6 17 25 32.4305 39.1112 138.729 17.7 6
2010 9 6 17 25 32.4944 39.1977 138.73 25.7 8
2010 9 6 17 25 49.786 40.0422 139.514 24.9 10
2010 9 6 17 26 6.00605 39.0079 138.574 20.9 5
2010 9 6 17 26 10.616 44.6307 138.99 11.6 5
2010 9 6 17 26 45.3953 38.6489 138.14 19 6
2010 9 6 17 26 45.4922 38.7612 138.104 25.6 9
2010 9 6 17 26 46.5038 38.719 138.071 10.1 7
2010 9 6 17 26 54.3374 39.9977 139.328 28 5
2010 9 6 17 26 55.6095 40.0673 139.591 25.6 6
2010 9 6 17 26 56.0476 40.0643 139.632 20.4 8
2010 9 6 17 27 16.7399 39.3573 138.908 21.3 6
2010 9 6 17 27 52.1594 39.0052 138.528 24.9 7
2010 9 6 17 27 52.2174 39.1078 138.643 5.2 5
2010 9 6 17 27 52.3529 39.0228 138.563 23.4 7
2010 9 6 17 27 52.7768 39.0538 138.556 26.6 5
2010 9 6 17 27 59.797 38.8578 138.279 26.7 8
2010 9 6 17 28 24.6363 40.057 139.558 22.7 9
2010 9 6 17 28 56.3066 38.5225 138.09 24.3 6
2010 9 6 17 29 2.55952 38.7794 138.279 15.9 6
2010 9 6 17 29 58.6512 38.7663 138.296 17.9 5
2010 9 6 17 29 58.7366 38.9342 138.313 14.2 5
2010 9 6 17 29 58.7749 38.8624 138.319 26.4 10
2010 9 6 17 30 29.0015 39.0234 138.567 22.8 6
2010 9 6 17 30 29.2584 38.836 138.363 27.6 8
2010 9 6 17 30 29.3677 39.035 138.539 26.9 8
2010 9 6 17 30 29.8123 38.774 138.394 12.2 5
2010 9 6 17 30 57.3262 38.8536 138.323 23.2 6
2010 9 6 17 31 19.7922 38.5371 138.062 23 6
2010 9 6 17 32 8.37928 40.1575 139.643 2.9 5
2010 9 6 17 32 8.85216 38.8616 138.34 24.5 7
2010 9 6 17 32 8.94238 38.8484 138.333 24.2 8
2010 9 6 17 32 16.2475 38.9577 138.631 20.4 5
2010 9 6 17 32 40.957 44.5495 138.991 26.9 7
2010 9 6 17 32 44.3628 38.6912 138.139 22.1 7
2010 9 6 17 32 44.5106 38.6037 138.131 21.6 5
2010 9 6 17 33 7.44107 38.5421 138.204 21.2 5
2010 9 6 17 33 37.4334 39.0192 138.565 24.8 7
2010 9 6 17 33 41.5394 39.962 139.431 13.4 5
2010 9 6 17 33 49.1602 38.6959 138.177 22 7
2010 9 6 17 33 54.944 38.8439 138.361 20.4 5
2010 9 6 17 34 14.8297 38.9854 138.538 17.4 5
2010 9 6 17 34 14.9476 39.0347 138.59 21.9 6
2010 9 6 17 34 27.3178 38.6071 138.2 18.4 8
2010 9 6 17 34 27.3887 38.6389 138.241 22.2 6
2010 9 6 17 34 27.4746 38.5918 138.224 15.5 5
2010 9 6 17 34 45.2205 39.0545 138.736 28.4 9
2010 9 6 17 34 45.3129 39.008 138.645 24.7 5
2010 9 6 17 34 45.3912 38.8855 138.648 11.4 6
2010 9 6 17 34 45.4782 39.0038 138.607 24.2 5
2010 9 6 17 34 51.8489 38.6509 138.177 24.2 8
2010 9 6 17 35 28.6449 38.6906 138.241 23.3 7
2010 9 6 17 35 28.8662 38.6642 138.185 23.5 7
2010 9 6 17 35 29.296 38.6775 138.285 18.4 6
2010 9 6 17 35 33.451 39.0015 138.633 20.5 8
2010 9 6 17 35 59.149 38.643 138.392 12.6 6
2010 9 6 17 36 0.421997 36.7423 132.391 19 6
2010 9 6 17 36 12.5758 39.0202 138.666 28.7 7
2010 9 6 17 36 12.704 39.0156 138.636 21.4 7
2010 9 6 17 36 12.8288 39.0448 138.671 23.6 7
2010 9 6 17 36 21.7984 38.5814 138.206 21.8 5
2010 9 6 17 36 26.7206 39.0617 138.9 21.9 8
2010 9 6 17 36 43.6968 38.6535 138.539 11.6 6
2010 9 6 17 37 4.09589 39.9771 139.565 18.6 9
2010 9 6 17 37 13.0012 38.5737 138.673 17.8 5
2010 9 6 17 37 13.2106 38.578 138.199 24.7 5
2010 9 6 17 37 13.5369 38.6036 138.178 23.9 10
2010 9 6 17 37 34.9115 38.9948 138.687 12 7
2010 9 6 17 38 22.1487 38.6539 138.242 25.5 5
2010 9 6 17 38 22.2514 38.5711 138.264 19.5 5
2010 9 6 17 38 22.4231 38.585 138.222 15.5 5
2010 9 6 17 38 22.7864 38.6395 138.255 16 9
2010 9 6 17 38 31.7115 38.8657 138.624 6.1 5
2010 9 6 17 39 3.60542 39.0447 138.656 24.2 7
2010 9 6 17 39 3.77035 39.0929 138.761 14 6
2010 9 6 17 39 5.25455 38.6726 138.463 12.7 5
2010 9 6 17 39 5.30873 38.6615 138.362 20.3 5
2010 9 6 17 39 5.36653 38.7094 138.313 29.1 5
2010 9 6 17 40 4.59727 38.5514 138.204 22.9 7
2010 9 6 17 40 14.2794 38.6726 138.34 11 5
2010 9 6 17 40 14.4461 38.7442 138.375 17.9 5
2010 9 6 17 41 9.70035 38.7615 138.299 22.8 9
2010 9 6 17 41 14.5526 38.6088 138.212 26.9 9
2010 9 6 17 41 34.1097 38.8144 138.433 20.5 7
2010 9 6 17 42 10.4021 36.7573 132.45 24.1 9
2010 9 6 17 42 27.2914 39.9919 139.59 9 5
2010 9 6 17 42 27.6642 39.9911 139.596 26.1 9
2010 9 6 17 42 31.1989 39.0253 138.845 15.6 5
2010 9 6 17 42 48.2167 38.6976 138.344 23.3 6
2010 9 6 17 43 41.4659 38.5866 138.286 22.7 6
2010 9 6 17 43 48.7675 38.8149 138.352 11.7 5
2010 9 6 17 44 1.89071 38.6277 138.282 24.8 7
2010 9 6 17 44 17.4423 38.7097 138.318 7.4 5
2010 9 6 17 44 29.4897 38.7519 138.416 19.9 7
2010 9 6 17 44 30.0229 38.7551 138.335 25.8 10
2010 9 6 17 44 49.8424 38.5495 138.29 16.9 5
2010 9 6 17 44 49.9295 38.5242 138.265 25.2 6
2010 9 6 17 44 50.3868 38.5401 138.233 22.7 5
2010 9 6 17 44 53.4117 38.7191 138.329 18.9 6
2010 9 6 17 45 3.46968 38.6963 138.377 20.7 6
2010 9 6 17 45 34.2798 38.6691 138.367 17.2 6
2010 9 6 17 45 34.53 38.8182 138.387 10.3 6
2010 9 6 17 45 35.1343 39.154 138.726 22.8 5
2010 9 6 17 45 47.5887 38.6596 138.385 20.7 5
2010 9 6 17 45 47.6827 38.7133 138.837 11.2 5
2010 9 6 17 45 47.7334 38.7379 138.461 23.4 7
2010 9 6 17 45 52.1799 38.8953 138.507 26.3 5
2010 9 6 17 46 27.1389 38.7177 138.39 20.4 10
2010 9 6 17 46 27.217 38.4758 138.326 8.4 5
2010 9 6 17 46 27.2949 38.6873 138.414 28.1 6
2010 9 6 17 46 27.329 38.77 138.384 11 5
2010 9 6 17 47 28.0143 38.5287 138.332 16 6
2010 9 6 17 47 28.7474 38.6335 138.395 2.7 5
2010 9 6 17 47 48.3665 39.066 138.91 19.8 8
2010 9 6 17 48 9.87739 39.0812 138.916 18.6 7
2010 9 6 17 48 10.0843 39.0867 138.957 21 7
2010 9 6 17 48 10.2729 39.1987 138.975 24.1 5
2010 9 6 17 48 10.3323 39.2019 138.944 13.5 5
2010 9 6 17 48 50.0213 38.779 138.473 15.3 8
2010 9 6 17 49 4.27502 38.6383 138.268 21.4 6
2010 9 6 17 49 53.2745 38.8221 138.568 16.6 5
2010 9 6 17 50 24.8156 38.7745 138.454 20.4 7
2010 9 6 17 50 24.853 38.7788 138.486 16.9 6
2010 9 6 17 50 24.8838 38.7698 138.556 15.8 5
2010 9 6 17 50 25.2149 38.5711 138.508 23.4 6
2010 9 6 17 50 28.8815 38.9266 138.727 21.3 7
2010 9 6 17 50 56.1563 39.1203 138.907 14.1 5
2010 9 6 17 51 3.15666 38.7656 138.447 22.9 7
2010 9 6 17 51 47.4807 38.7949 138.465 18.6 8
2010 9 6 17 51 54.9147 38.8349 138.528 19.9 6
2010 9 6 17 52 13.4501 39.0386 138.898 16.6 6
2010 9 6 17 52 30.5083 38.6676 138.4 14.8 8
2010 9 6 17 52 49.1956 38.5214 138.344 18.9 7
2010 9 6 17 52 49.2727 38.5486 138.376 24.6 9
2010 9 6 17 52 49.3659 38.6847 138.425 21 5
2010 9 6 17 52 51.8771 38.83 138.666 15.6 6
2010 9 6 17 53 0.361841 38.8077 138.568 12.4 6
2010 9 6 17 53 0.990838 38.8306 138.58 17.7 5
2010 9 6 17 53 1.62243 38.7605 138.364 14.4 5
2010 9 6 17 53 11.3555 38.7756 138.568 12.3 5
2010 9 6 17 53 23.3935 38.8294 138.571 17.3 5
2010 9 6 17 53 27.6866 38.6738 138.4 21.6 5
2010 9 6 17 53 28.0845 38.6744 138.565 12.3 6
2010 9 6 17 53 46.2442 38.7241 138.532 1.9 5
2010 9 6 17 53 46.4027 38.7521 138.42 16.4 5
2010 9 6 17 54 6.08454 38.8824 138.681 21.7 5
2010 9 6 17 54 11.3523 39.5016 139.21 15 5
2010 9 6 17 54 32.795 38.8311 138.607 12.7 5
2010 9 6 17 54 38.8778 38.5452 138.415 19.4 7
2010 9 6 17 54 39.0608 38.5492 138.411 14.6 9
2010 9 6 17 54 39.1699 38.5699 138.406 24.5 7
2010 9 6 17 54 51.2923 38.82 138.56 19.7 7
2010 9 6 17 55 24.1851 38.8354 138.567 19 7
2010 9 6 17 55 27.8386 38.8406 138.669 21.6 6
2010 9 6 17 55 57.3803 38.8387 138.603 22.5 5
2010 9 6 17 56 14.4201 38.9151 138.717 4.3 5
2010 9 6 17 56 27.7562 38.6611 138.443 23.3 5
2010 9 6 17 56 27.819 39.7266 139.446 22.7 5
2010 9 6 17 56 48.0478 38.6571 138.482 22.2 6
2010 9 6 17 56 53.2294 38.892 138.661 22.6 6
2010 9 6 17 56 53.2984 38.742 138.619 4 5
2010 9 6 17 57 18.8696 39.1559 139.089 6.5 5
2010 9 6 17 57 19.0496 39.0918 138.979 15 6
2010 9 6 17 57 25.2968 39.7362 139.521 10.9 5
2010 9 6 17 57 32.7208 38.9244 138.852 17.5 7
2010 9 6 17 57 33.1289 38.9555 138.85 24.7 7
2010 9 6 17 57 34.9965 38.6832 138.506 22.1 6
2010 9 6 17 57 39.7494 44.5281 139.02 28.4 6
2010 9 6 17 57 40.872 39.4234 139.496 23.6 6
2010 9 6 17 57 40.8986 39.4458 139.456 24.7 8
2010 9 6 17 57 40.9136 39.4081 139.428 16.6 10
2010 9 6 17 58 16.7332 38.7592 138.478 16.6 5
2010 9 6 17 58 16.9967 44.6603 139.135 25.1 5
2010 9 6 17 58 27.9566 39.214 139.254 26.4 7
2010 9 6 17 58 33.1066 44.4362 139.102 11.5 5
2010 9 6 17 58 43.2257 38.9467 138.786 4.9 5
2010 9 6 17 59 4.80533 38.8502 138.6 12.3 5
2010 9 6 17 59 27.9102 35.0022 129.101 14.8 6
2010 9 6 17 59 37.8698 38.8978 138.658 14 5
2010 9 6 17 59 42.8352 39.7986 139.482 15.8 6
2010 9 6 17 59 42.9518 39.8248 139.569 22.9 7
2010 9 6 17 59 54.1615 38.6959 138.493 11.2 5
2010 9 6 18 0 6.25569 39.7857 139.506 24.3 6
2010 9 6 18 0 6.34671 39.8013 139.566 27.5 7
2010 9 6 18 0 14.2276 38.9157 138.644 15.7 5
2010 9 6 18 0 14.3007 38.8272 138.612 15.8 6
2010 9 6 18 0 41.1232 38.8193 138.584 16.5 7
2010 9 6 18 0 44.4831 38.883 138.688 23.3 8
2010 9 6 18 0 44.5496 38.7946 138.702 17.6 5
2010 9 6 18 0 44.7321 38.9183 138.742 15.7 6
2010 9 6 18 0 47.1565 39.9377 139.588 22.1 6
2010 9 6 18 0 50.8484 44.6747 139.148 23.2 6
2010 9 6 18 0 57.2731 38.5923 138.412 20.4 5
2010 9 6 18 1 5.95243 38.9146 138.693 21.6 7
2010 9 6 18 1 10.7822 38.9241 138.76 17.9 6
2010 9 6 18 1 46.1229 38.9017 138.787 21.2 8
2010 9 6 18 1 46.4486 38.8905 138.721 20.2 9
2010 9 6 18 1 56.7176 35.0315 129.257 16.9 5
2010 9 6 18 2 15.6424 38.9204 138.809 22.9 6
2010 9 6 18 2 23.9161 38.9266 138.719 6.9 5
2010 9 6 18 2 34.0697 38.8217 138.733 18.3 6
2010 9 6 18 2 46.8754 38.9616 138.739 19.3 5
2010 9 6 18 2 55.9271 38.9827 139.101 14.5 5
2010 9 6 18 2 56.5121 39.1531 139.088 18.8 5
2010 9 6 18 2 56.7644 38.5173 138.474 23.9 7
2010 9 6 18 2 56.8472 38.5496 138.524 25.2 7
2010 9 6 18 3 2.81801 38.9948 138.799 18.2 5
2010 9 6 18 3 24.7779 44.512 139.049 25 5
2010 9 6 18 3 28.5497 38.626 138.489 26.7 6
2010 9 6 18 3 29.8298 38.8361 138.74 20.4 6
2010 9 6 18 3 38.4472 38.9867 138.881 14.8 5
2010 9 6 18 3 43.5122 38.5494 138.5 14.1 5
2010 9 6 18 3 56.4404 39.6752 139.513 18.9 5
2010 9 6 18 4 1.18596 38.8945 138.853 21 7
2010 9 6 18 4 14.6439 38.5759 138.484 17.4 5
2010 9 6 18 4 45.4545 38.8555 138.683 13.3 5
2010 9 6 18 4 45.5858 38.83 138.76 23.6 6
2010 9 6 18 4 52.4569 39.0413 139.199 25.2 5
2010 9 6 18 5 8.42777 39.396 139.659 9.3 5
2010 9 6 18 5 35.5967 38.8697 138.743 22 9
2010 9 6 18 6 48.3115 38.6408 138.528 15.4 6
2010 9 6 18 6 48.5322 38.6091 138.461 21.7 5
2010 9 6 18 6 52.3224 38.8737 138.875 16.8 8
2010 9 6 18 6 52.9124 38.8516 138.816 25.5 7
2010 9 6 18 7 27.7991 38.8738 138.832 17.4 6
2010 9 6 18 7 27.9178 38.8818 138.786 25.9 10
2010 9 6 18 7 29.2991 38.6093 138.759 13.7 6
2010 9 6 18 7 45.0954 38.5991 138.542 19.5 6
2010 9 6 18 8 2.02777 38.8963 138.911 20.3 5
2010 9 6 18 8 31.1558 38.5802 138.571 22.2 9
2010 9 6 18 8 31.2193 38.5661 138.556 22.4 6
2010 9 6 18 8 31.262 38.6283 138.57 16.4 6
2010 9 6 18 8 31.3626 38.5419 138.587 24.8 9
2010 9 6 18 8 31.9376 38.5863 138.586 25.5 7
2010 9 6 18 8 48.859 38.8422 138.835 26.9 6
2010 9 6 18 8 54.4248 45.174 139.939 25.3 6
2010 9 6 18 9 3.68813 38.6086 138.506 22.5 6
2010 9 6 18 9 15.8244 38.9544 139.021 24.9 6
2010 9 6 18 9 15.867 39.0922 139.028 20 6
2010 9 6 18 9 22.6599 38.883 138.839 24 8
2010 9 6 18 9 48.5606 38.9288 138.896 21.5 7
2010 9 6 18 10 10.0001 38.5985 138.515 26.2 7
2010 9 6 18 10 19.3121 38.838 138.848 16.9 8
2010 9 6 18 10 24.3094 38.5789 138.543 21.6 6
2010 9 6 18 10 24.4525 38.6154 138.56 12.9 5
2010 9 6 18 10 48.9865 39.649 139.663 19.3 7
2010 9 6 18 11 0.465715 38.8892 138.821 9.3 5
2010 9 6 18 11 6.04608 38.5907 138.629 18.8 6
2010 9 6 18 11 55.0778 38.6159 138.731 4.9 5
2010 9 6 18 11 55.4577 38.6685 138.738 13.2 6
2010 9 6 18 12 26.0735 38.5406 138.642 16.8 6
2010 9 6 18 12 46.5409 39.0654 139.305 17.6 6
2010 9 6 18 12 50.9 39.1611 139.243 12.4 5
2010 9 6 18 13 31.4376 38.6212 138.734 21 5
2010 9 6 18 13 40.2565 39.2306 139.483 21.8 8
2010 9 6 18 13 50.036 39.0041 138.934 12.2 6
2010 9 6 18 13 54.8516 39.4486 139.554 16.8 7
2010 9 6 18 14 42.3063 39.0479 138.999 18.7 5
2010 9 6 18 15 0.462711 39.0527 139.281 22.2 6
2010 9 6 18 15 7.46921 39.3322 139.551 21.4 5
2010 9 6 18 15 17.7071 39.3984 139.588 25 7
2010 9 6 18 15 18.3759 38.5953 138.611 22.2 9
2010 9 6 18 15 18.5458 38.5633 138.579 25.3 10
2010 9 6 18 15 39.3213 35.2116 129.298 14.4 5
2010 9 6 18 15 40.3186 38.6014 138.644 14.9 7
2010 9 6 18 15 52.8807 39.414 139.588 24 7
2010 9 6 18 16 9.36904 38.9339 139.002 25.1 6
2010 9 6 18 16 16.8339 38.8942 138.952 22.8 6
2010 9 6 18 16 25.0513 38.5854 138.646 21.4 5
2010 9 6 18 16 25.1235 38.5646 138.646 18.3 8
2010 9 6 18 16 25.2385 38.6174 138.711 27.4 5
2010 9 6 18 16 41.3793 38.7406 138.851 22.2 7
2010 9 6 18 16 41.4738 38.7501 138.859 22.3 5
2010 9 6 18 16 53.1925 38.607 138.699 22.7 8
2010 9 6 18 16 56.7486 38.9583 138.972 19.5 7
2010 9 6 18 18 10.1671 38.9472 139.053 21.6 5
2010 9 6 18 18 10.2107 38.9451 139.164 15.5 5
2010 9 6 18 18 41.1576 39.0034 139.037 16.9 5
2010 9 6 18 18 41.2352 38.8889 138.99 19.6 7
2010 9 6 18 18 41.3122 38.9377 139.082 29.1 6
2010 9 6 18 18 53.812 38.7612 138.868 18.1 6
2010 9 6 18 19 6.73805 39.4329 139.62 14.9 6
2010 9 6 18 19 12.0344 38.9304 138.995 21.5 8
2010 9 6 18 19 37.6389 38.6969 138.896 8.7 5
2010 9 6 18 19 37.7901 38.9014 139.008 25.6 6
2010 9 6 18 19 39.3516 39.5491 139.656 23.1 6
2010 9 6 18 19 57.765 38.4859 138.679 17.1 5
2010 9 6 18 19 57.8313 38.5556 138.715 22.5 5
2010 9 6 18 20 0.468588 44.6105 139.363 20.6 6
2010 9 6 18 20 1.94715 39.3187 139.696 23.8 5
2010 9 6 18 20 19.1851 39.4832 139.509 6.2 5
2010 9 6 18 20 36.6825 38.859 138.922 15.4 5
2010 9 6 18 20 51.9851 39.2569 139.651 19.7 6
2010 9 6 18 20 56.152 39.4566 139.694 26.5 7
2010 9 6 18 21 13.24 38.9103 139.14 22.5 7
2010 9 6 18 21 13.2955 39.0017 139.069 16.3 5
2010 9 6 18 21 13.3619 38.8844 139.11 7.8 5
2010 9 6 18 21 13.4671 38.8543 139.048 18.5 5
2010 9 6 18 21 24.3128 38.8902 138.895 15 6
2010 9 6 18 21 24.5676 36.3046 131.005 18.6 9
2010 9 6 18 21 24.7649 36.2725 131.204 14.1 7
2010 9 6 18 21 26.7918 38.5942 138.688 16 7
2010 9 6 18 21 27.102 38.5614 138.673 25.6 9
2010 9 6 18 21 41.8853 38.5701 138.809 10.6 6
2010 9 6 18 21 44.0699 39.2602 139.685 18.6 5
2010 9 6 18 21 44.1256 39.2886 139.631 27.2 7
2010 9 6 18 21 44.2127 39.2623 139.589 10.2 6
2010 9 6 18 21 46.1624 38.9971 139.243 3.9 5
2010 9 6 18 21 46.8229 38.9151 139.116 17.6 5
2010 9 6 18 21 54.7882 39.6674 139.786 17.5 5
2010 9 6 18 22 12.5217 39.415 139.573 9.2 5
2010 9 6 18 22 27.8636 38.7972 138.937 24 5
2010 9 6 18 22 27.9214 38.8136 138.982 13.9 5
2010 9 6 18 22 33.2012 38.6187 138.721 12 7
2010 9 6 18 22 33.3259 38.6231 138.755 30 5
2010 9 6 18 22 33.326 38.6041 138.631 9.3 5
2010 9 6 18 23 2.55648 38.5954 138.69 18.9 8
2010 9 6 18 23 7.49364 39.1894 139.631 8.6 5
2010 9 6 18 23 7.77958 39.2313 139.678 23.6 7
2010 9 6 18 23 20.9636 39.4426 139.661 19.9 6
2010 9 6 18 23 21.045 39.4182 139.689 23.5 5
2010 9 6 18 23 25.419 38.8968 139.08 21.6 5
2010 9 6 18 23 36.434 38.9653 139.169 19.9 6
2010 9 6 18 23 36.9547 38.7418 138.637 3.9 5
2010 9 6 18 23 38.3011 38.7531 138.936 16.7 5
2010 9 6 18 24 2.83258 39.0336 139.343 23.6 6
2010 9 6 18 24 4.73118 39.5027 139.677 16.4 5
2010 9 6 18 24 4.85797 39.4944 139.704 17.6 6
2010 9 6 18 24 23.7013 38.8972 139.121 13.9 5
2010 9 6 18 24 27.7043 38.4972 138.943 22.2 7
2010 9 6 18 24 45.8361 38.8747 139.365 10.4 6
2010 9 6 18 24 45.9411 38.9127 139.07 27.2 9
2010 9 6 18 24 46.5958 38.9008 139.152 19.7 5
2010 9 6 18 24 46.704 38.8743 139.115 25.8 6
2010 9 6 18 24 54.2339 38.9101 139.099 24.1 6
2010 9 6 18 25 26.9828 39.0792 139.166 14.7 7
2010 9 6 18 25 27.0694 39.0963 139.189 1.4 5
2010 9 6 18 25 32.2121 38.8333 139.079 16.9 6
2010 9 6 18 25 44.2983 38.9246 139.153 21.3 7
2010 9 6 18 26 6.29084 38.8632 139.5 16.2 5
2010 9 6 18 26 34.4623 39.5199 139.762 25.5 5
2010 9 6 18 26 34.6396 38.9589 139.162 27.2 6
2010 9 6 18 26 53.8535 38.9897 139.174 29.7 7
2010 9 6 18 26 54.94 38.7362 138.972 14.6 6
2010 9 6 18 27 31.2349 38.9303 139.189 22.7 7
2010 9 6 18 28 5.42791 38.9023 139.179 20.7 7
2010 9 6 18 28 8.61919 39.2278 139.756 20.9 6
2010 9 6 18 28 8.67115 39.28 139.775 18.2 5
2010 9 6 18 28 11.7079 39.6064 139.726 2.4 6
2010 9 6 18 28 11.7656 39.4815 139.73 28 7
2010 9 6 18 28 51.978 39.4049 139.744 22.8 7
2010 9 6 18 28 52.0735 39.6192 139.766 27.7 7
2010 9 6 18 28 53.3121 36.3365 131.064 14 6
2010 9 6 18 28 53.4804 36.3115 131.053 15.5 5
2010 9 6 18 29 22.8979 38.3911 138.722 7.8 5
2010 9 6 18 29 23.0924 38.4767 138.623 20 9
2010 9 6 18 29 35.8711 39.421 139.653 29.2 10
2010 9 6 18 29 52.294 38.3615 138.708 8.5 5
2010 9 6 18 29 52.4799 38.5507 138.722 25.8 7
2010 9 6 18 29 52.675 38.512 138.722 12.2 6
2010 9 6 18 29 56.7374 39.4604 139.743 21 6
2010 9 6 18 30 14.0929 38.9428 139.316 14.6 5
2010 9 6 18 30 14.2511 38.8903 139.19 24.5 9
2010 9 6 18 31 2.34083 39.4129 139.722 20.9 7
2010 9 6 18 31 8.42448 38.5291 138.748 18.6 7
2010 9 6 18 31 8.45233 38.4986 138.848 22.2 5
2010 9 6 18 31 8.4631 38.5112 138.718 21.2 8
2010 9 6 18 31 8.48823 38.531 138.72 22.2 7
2010 9 6 18 31 8.53829 38.3473 138.732 11.6 5
2010 9 6 18 31 8.6361 38.5247 138.788 18 7
2010 9 6 18 31 19.8704 39.3941 139.724 12.7 6
2010 9 6 18 31 24.5178 38.9038 139.158 20.7 5
2010 9 6 18 31 24.5179 38.895 139.229 8.7 5
2010 9 6 18 31 24.6754 38.8977 139.162 21.9 6
2010 9 6 18 31 56.2342 36.3309 131.087 18.5 8
2010 9 6 18 31 57.2073 39.0474 139.347 10.5 5
2010 9 6 18 32 1.98274 39.2188 139.601 19.1 6
2010 9 6 18 32 10.7974 44.7611 139.696 2.5 5
2010 9 6 18 32 19.3302 39.0507 139.5 21.1 5
2010 9 6 18 32 21.8129 39.3946 139.709 21.1 6
2010 9 6 18 32 28.6233 36.3719 131.085 4.2 5
2010 9 6 18 32 29.8076 38.8661 139.306 9.4 5
2010 9 6 18 33 40.5819 38.9474 139.62 14.8 5
2010 9 6 18 33 59.7809 38.5152 138.811 20.2 9
2010 9 6 18 33 59.8571 38.4854 138.766 24.8 6
2010 9 6 18 34 5.77043 38.9605 139.298 23.4 8
2010 9 6 18 34 5.85425 38.9748 139.324 21.3 8
2010 9 6 18 34 6.01777 38.9943 139.321 20.9 5
2010 9 6 18 34 11.4793 36.4086 131.081 3.2 5
2010 9 6 18 34 51.6488 38.9619 139.311 9.3 5
2010 9 6 18 34 56.3874 38.4485 138.891 9.6 6
2010 9 6 18 35 7.42866 39.4599 139.65 15.9 5
2010 9 6 18 35 7.57624 39.4473 139.775 13.3 6
2010 9 6 18 35 40.2729 39.0168 139.369 19.9 6
2010 9 6 18 36 7.11901 38.8905 139.308 14.9 5
2010 9 6 18 36 7.45453 38.9092 139.304 17.5 6
2010 9 6 18 36 20.631 38.5237 138.725 16.3 6
2010 9 6 18 37 9.67489 39.1344 139.685 14 5
2010 9 6 18 37 14.1725 38.9125 139.292 13.8 5
2010 9 6 18 37 14.2556 38.9241 139.28 28.6 6
2010 9 6 18 38 47.584 38.6066 138.923 19.8 8
2010 9 6 18 39 9.02558 38.7577 139.198 12.2 5
2010 9 6 18 39 15.4813 39.2158 139.673 20.8 5
2010 9 6 18 39 34.9882 39.1943 139.658 22.3 7
2010 9 6 18 39 35.0477 39.2084 139.713 12.4 5
2010 9 6 18 40 17.3345 39.31 139.759 16.9 5
2010 9 6 18 40 17.8821 38.9879 139.387 20.7 11
2010 9 6 18 40 18.1729 38.9749 139.383 15.1 6
2010 9 6 18 40 18.2091 38.899 139.4 13.6 5
2010 9 6 18 40 18.3239 38.9306 139.394 25.8 5
2010 9 6 18 40 18.5714 38.9753 139.379 19.3 7
2010 9 6 18 40 28.0673 38.523 138.813 15.4 6
2010 9 6 18 40 28.2067 38.5851 138.842 12 5
2010 9 6 18 40 28.3108 38.6084 138.847 15.9 5
2010 9 6 18 40 46.4215 38.7939 139.293 17.8 5
2010 9 6 18 42 9.74337 39.1852 139.737 17.7 6
2010 9 6 18 42 18.2183 38.4817 138.815 18.4 5
2010 9 6 18 42 23.9013 38.9484 139.427 16.3 6
2010 9 6 18 42 24.4423 38.9817 139.48 16 5
2010 9 6 18 43 38.6494 39.0348 139.519 5.9 5
2010 9 6 18 43 41.4367 44.6123 139.537 18.1 5
2010 9 6 18 44 16.9182 39.2324 139.79 15.7 8
2010 9 6 18 44 49.3933 38.522 138.853 16.1 5
2010 9 6 18 44 49.8491 38.5526 138.794 20.7 8
2010 9 6 18 45 34.7523 38.9067 139.49 16.6 6
2010 9 6 18 47 20.5795 38.5405 138.958 12.6 5
2010 9 6 18 47 20.738 38.4964 138.818 20.1 9
2010 9 6 18 48 24.703 38.4966 138.847 16.7 8
2010 9 6 18 48 24.9276 38.4947 138.859 13.1 6
2010 9 6 18 49 29.3864 38.9346 139.552 14.9 5
2010 9 6 18 50 26.8847 39.0333 139.698 16.1 7
2010 9 6 18 50 27.1278 39.1097 139.704 15.8 6
2010 9 6 18 51 3.34275 39.0682 139.648 21.4 8
2010 9 6 18 52 16.2479 38.9304 139.571 20.1 7
2010 9 6 18 55 35.5738 38.65 139.007 2.8 5
2010 9 6 18 58 41.7504 44.6677 139.712 14.8 8
2010 9 6 18 59 45.9178 38.6171 139.006 19.1 7
2010 9 6 19 5 39.1506 38.4952 139.365 9.5 5
2010 9 6 19 7 9.40606 44.6827 139.877 13.9 6
2010 9 6 19 12 34.0497 35.0565 129.067 23 6
2010 9 6 19 19 38.4626 44.7152 139.956 17.2 6
2010 9 6 19 24 22.5367 38.6002 139.456 4.8 5
2010 9 6 19 49 59.0878 38.3692 138.62 19 7
2010 9 6 19 52 27.2375 38.4209 138.686 8.9 6
2010 9 6 19 54 46.915 38.3409 138.745 9.4 5
2010 9 6 19 56 17.776 38.3137 138.714 17.1 7
2010 9 6 20 1 55.949 38.2868 138.822 13.4 6
2010 9 6 20 6 3.4761 38.3294 138.944 14.9 9
2010 9 6 20 6 15.2583 38.3212 138.931 12.7 10
2010 9 6 20 8 12.3299 38.3824 138.969 13.1 5
2010 9 6 20 8 12.4209 38.4162 138.911 10.9 5
2010 9 6 20 12 4.62924 38.3193 138.939 12.8 8
2010 9 6 20 29 43.2388 36.3994 131.509 16.9 7
2010 9 6 20 32 31.5567 36.3468 131.416 9.5 6
2010 9 6 20 42 58.3205 38.045 138.683 5.7 5
2010 9 6 20 42 58.571 38.1214 138.655 16.2 7
2010 9 6 20 46 36.6226 38.1543 138.686 15.1 6
2010 9 6 20 50 50.6698 38.1452 138.702 7 6
2010 9 6 20 52 2.78091 45.1611 140.685 15.5 5
2010 9 6 20 54 27.121 45.1033 140.721 19.1 5
2010 9 6 21 20 53.4392 35.2185 129.264 12.7 5
2010 9 6 21 43 26.1186 36.333 131.571 11 5
2010 9 6 21 43 26.1702 36.3519 131.465 12.3 5
2010 9 6 21 43 29.4461 45.769 141.566 5.7 5
2010 9 6 21 49 17.8141 36.3509 131.5 16.6 5
2010 9 6 21 49 18.8822 45.9005 141.65 8 5
2010 9 6 21 49 19.0478 45.7546 141.558 16.9 8
2010 9 6 21 57 29.1526 45.881 141.747 10.2 5
2010 9 6 21 57 29.3765 45.8016 141.756 21.4 5
2010 9 6 22 0 31.6228 45.8313 141.678 4.3 5
2010 9 6 22 2 25.1306 45.8455 141.714 16.2 6
2010 9 6 22 2 25.2761 45.82 141.692 16.2 7
2010 9 6 22 2 25.3153 45.8128 141.713 17.4 7
2010 9 6 22 5 17.9928 45.8474 141.775 14 6
2010 9 6 22 7 3.92862 45.8267 141.782 15 5
2010 9 6 22 13 22.5874 45.9803 141.766 13.1 5
2010 9 6 22 16 36.0701 45.9884 141.678 13.7 5
2010 9 6 22 16 56.2651 46.4403 141.716 22.4 5
2010 9 6 22 18 25.663 45.8751 141.791 13.5 7
2010 9 6 22 18 48.7946 45.8972 141.822 14.2 5
2010 9 6 22 21 38.3288 50.1769 141.764 16.6 8
2010 9 6 22 21 38.3301 50.1932 141.755 10.8 8
2010 9 6 22 26 39.9781 50.2112 141.799 3.9 5
2010 9 6 22 26 40.0138 50.2986 141.787 14.6 5
2010 9 6 22 58 10.4938 49.6799 140.732 6.4 5
2010 9 6 22 59 43.7853 50.1016 141.901 18.4 8
2010 9 6 23 5 41.6214 36.504 131.085 24.3 5
2010 9 6 23 5 41.8921 36.2591 131.493 4.8 6
2010 9 6 23 5 53.4697 36.8587 133.811 8 7
2010 9 6 23 7 33.71 36.8218 133.833 23.6 8
2010 9 6 23 13 41.0394 46.5758 141.539 28.5 5
2010 9 6 23 14 42.0431 46.1531 141.773 7.7 5
2010 9 6 23 21 20.8731 49.7457 140.802 6.4 5
2010 9 6 23 32 34.1599 36.9919 134.097 13 6
2010 9 7 0 37 46.2128 37.1256 134.558 3.9 5
2010 9 7 1 2 21.7941 45.1264 141.326 19.6 7
2010 9 7 1 3 1.38235 45.151 141.34 14.3 7
2010 9 7 1 4 58.5238 45.1575 141.357 20.4 5
2010 9 7 1 4 58.5902 45.1241 141.455 8.7 5
2010 9 7 1 8 56.5616 45.1825 141.361 20.1 6
2010 9 7 1 8 56.5819 45.1437 141.464 6.1 5
2010 9 7 1 11 2.5969 45.1768 141.44 21.1 5
2010 9 7 1 11 2.62015 45.1552 141.374 8.5 5
2010 9 7 1 11 2.66046 45.1494 141.485 13.4 5
2010 9 7 1 12 20.3625 45.0701 141.443 22 5
2010 9 7 1 12 20.41 45.0035 141.431 8.4 5
2010 9 7 1 12 44.4959 44.9061 141.371 6.5 5
2010 9 7 1 12 59.0142 44.6173 141.124 16.8 7
2010 9 7 1 13 32.0234 45.0137 141.425 6.1 5
2010 9 7 1 13 32.1138 44.967 141.495 7.6 5
2010 9 7 1 14 6.31044 44.9032 141.402 6.2 5
2010 9 7 1 14 32.392 44.9914 141.462 10.2 5
2010 9 7 1 14 35.5097 45.1691 141.367 5.1 5
2010 9 7 1 14 37.0323 44.8954 141.425 11.9 5
2010 9 7 1 14 37.1219 44.8866 141.4 11.9 6
2010 9 7 1 14 38.2982 44.5882 141.149 7.5 6
2010 9 7 1 15 8.6425 44.5946 141.128 9.5 7
2010 9 7 1 15 8.73351 44.6043 141.122 4.9 5
2010 9 7 1 16 5.26393 44.9203 141.41 19.6 6
2010 9 7 1 16 7.77026 44.4091 141 9.7 5
2010 9 7 1 16 27.1355 45.0306 141.469 16.2 7
2010 9 7 1 16 52.1793 44.6199 141.16 17.1 6
2010 9 7 1 16 52.2368 44.6155 141.224 8.2 5
2010 9 7 1 17 7.47945 44.9992 141.349 7.6 6
2010 9 7 1 17 19.0337 44.3859 141.051 6.5 5
2010 9 7 1 17 34.8283 44.8971 141.404 6.9 5
2010 9 7 1 17 49.1749 45.0185 141.331 20.4 7
2010 9 7 1 17 49.2161 45.0106 141.372 4.9 5
2010 9 7 1 18 16.3542 44.8737 141.456 9.1 6
2010 9 7 1 18 16.617 44.8828 141.444 7.5 6
2010 9 7 1 18 25.8982 44.993 141.311 5.3 5
2010 9 7 1 19 0.947466 44.8668 141.449 8.1 5
2010 9 7 1 19 23.8359 45.0122 141.315 18.3 7
2010 9 7 1 19 35.8334 45.1826 141.474 9 5
2010 9 7 1 19 44.7854 44.9048 141.406 17 5
2010 9 7 1 19 51.4675 44.6097 141.176 5.8 6
2010 9 7 1 19 57.021 45.0314 141.327 11 7
2010 9 7 1 19 57.1485 44.987 141.35 5 5
2010 9 7 1 20 8.93914 44.0959 140.42 15.9 8
2010 9 7 1 20 8.97333 44.0842 140.401 7.9 5
2010 9 7 1 20 32.734 45.1657 141.477 8.8 6
2010 9 7 1 20 50.5427 44.8679 141.403 4.4 5
2010 9 7 1 20 50.5901 44.9156 141.346 2.7 5
2010 9 7 1 20 54.899 45.1501 141.481 15.6 7
2010 9 7 1 20 57.5199 44.9864 141.382 6.9 6
2010 9 7 1 21 21.2257 44.9706 141.44 21.3 6
2010 9 7 1 21 24.3227 44.0867 140.456 6.4 5
2010 9 7 1 21 41.4978 44.7221 141.091 8.7 6
2010 9 7 1 21 52.8753 45.0049 141.316 5.9 5
2010 9 7 1 21 52.8967 45.0319 141.353 21.5 8
2010 9 7 1 22 11.4732 45.082 141.478 4.4 5
2010 9 7 1 24 23.029 45.0201 141.328 9.2 6
2010 9 7 1 24 23.5591 44.692 141.268 12.4 5
2010 9 7 1 24 43.2671 44.6915 141.243 9.9 5
2010 9 7 1 25 7.65282 44.664 141.153 10.1 7
2010 9 7 1 25 7.73443 44.654 141.235 6 6
2010 9 7 1 25 7.98284 44.6505 141.228 6.3 5
2010 9 7 1 25 9.79391 44.4268 141.138 19.5 7
2010 9 7 1 25 9.89044 44.4791 141.15 21.5 5
2010 9 7 1 25 51.0848 45.1289 141.359 6.1 5
2010 9 7 1 26 26.388 45.1268 141.362 5.4 5
2010 9 7 1 26 30.6758 45.0552 141.463 6.4 5
2010 9 7 1 27 31.702 45.0717 141.489 5.2 5
2010 9 7 1 27 31.7355 45.0675 141.475 5.9 5
2010 9 7 1 27 32.1825 45.0655 141.494 14.1 8
2010 9 7 1 27 55.1051 44.7172 141.262 11.9 5
2010 9 7 1 27 55.1886 44.7404 141.213 6.5 5
2010 9 7 1 29 5.73967 44.1423 140.505 13.8 8
2010 9 7 1 30 52.7194 44.754 141.215 5.6 5
2010 9 7 1 31 4.20287 45.1994 141.422 9.5 6
2010 9 7 1 31 8.6528 44.1328 140.507 8.9 5
2010 9 7 1 31 8.68468 44.1444 140.506 12.3 6
2010 9 7 1 31 8.73886 44.1574 140.537 21.8 5
2010 9 7 1 31 33.9672 44.9567 141.506 6.4 5
2010 9 7 1 31 43.3452 44.7668 141.255 19.2 8
2010 9 7 1 31 43.3967 44.7238 141.257 5.7 5
2010 9 7 1 32 14.009 44.1596 140.554 21.2 6
2010 9 7 1 32 15.1256 45.0705 141.456 8.4 6
2010 9 7 1 32 20.3597 44.7564 141.229 9.3 5
2010 9 7 1 32 20.6075 44.7649 141.228 6.6 5
2010 9 7 1 32 54.1666 44.7805 141.359 7.4 6
2010 9 7 1 33 0.244791 44.7043 141.333 19.7 5
2010 9 7 1 33 4.23222 44.9913 141.493 7.8 7
2010 9 7 1 33 6.18356 44.1415 140.534 6.6 5
2010 9 7 1 33 10.3374 45.0917 141.442 6.7 5
2010 9 7 1 33 19.5517 44.7625 141.263 19.1 7
2010 9 7 1 33 19.5907 44.7378 141.313 23.8 7
2010 9 7 1 33 20.0961 44.6838 141.356 22.7 5
2010 9 7 1 33 50.5156 44.7187 141.232 24.3 10
2010 9 7 1 33 50.5882 44.6992 141.261 10.7 8
2010 9 7 1 34 0.126668 45.0936 141.41 10.6 6
2010 9 7 1 34 8.4486 44.174 140.538 16.9 8
2010 9 7 1 34 8.54567 44.2146 140.576 15.2 5
2010 9 7 1 34 24.8884 44.8592 141.457 13.4 6
2010 9 7 1 34 25.0407 44.7891 141.465 6.1 5
2010 9 7 1 35 3.42029 44.4664 141.228 8.1 6
2010 9 7 1 35 6.75605 44.1511 140.566 6 5
2010 9 7 1 35 22.4139 44.7214 141.3 19.4 7
2010 9 7 1 35 52.3969 44.7062 141.304 14.5 8
2010 9 7 1 35 52.428 44.6929 141.262 5.6 6
2010 9 7 1 35 52.4692 44.6991 141.272 8.5 6
2010 9 7 1 35 52.5458 44.7311 141.297 14.6 7
2010 9 7 1 36 1.88664 44.1565 140.627 9 6
2010 9 7 1 36 2.00968 44.1849 140.62 25.4 5
2010 9 7 1 36 2.04924 44.1508 140.641 6.6 5
2010 9 7 1 36 10.2588 44.6918 141.273 6.8 5
2010 9 7 1 36 12.6013 45.6664 141.205 7.5 5
2010 9 7 1 36 14.3943 44.8013 141.497 15.3 7
2010 9 7 1 36 20.4384 44.6744 141.286 5.4 5
2010 9 7 1 36 29.0184 45.0961 141.422 8.1 6
2010 9 7 1 36 35.6929 44.6961 141.31 9.6 7
2010 9 7 1 36 49.6559 44.7299 141.279 5.8 5
2010 9 7 1 37 0.220857 44.573 141.359 10.4 5
2010 9 7 1 37 13.5012 44.7095 141.294 6.8 5
2010 9 7 1 38 21.5103 45.141 141.48 5 5
2010 9 7 1 38 27.7851 45.6714 141.257 3.6 5
2010 9 7 1 38 42.176 45.1565 141.497 7.3 5
2010 9 7 1 38 42.3524 44.9802 141.361 2.2 5
2010 9 7 1 38 44.5178 44.5666 141.341 12.9 8
2010 9 7 1 38 44.8978 44.5875 141.308 6.5 5
2010 9 7 1 39 2.32044 44.6941 141.269 5.5 5
2010 9 7 1 39 2.36856 44.7145 141.331 11.9 7
2010 9 7 1 39 2.48082 44.6943 141.3 10.8 7
2010 9 7 1 39 37.0138 44.2011 140.63 14.8 7
2010 9 7 1 39 45.3459 44.8299 141.514 16.1 7
2010 9 7 1 39 45.428 44.823 141.492 9.1 5
2010 9 7 1 39 51.0964 44.7158 141.346 11.6 7
2010 9 7 1 39 56.8832 45.6689 141.28 7.3 5
2010 9 7 1 39 56.9465 45.6877 141.216 25.6 8
2010 9 7 1 40 10.1615 44.6007 141.321 17.8 6
2010 9 7 1 40 22.6915 44.1782 140.619 7.6 5
2010 9 7 1 40 36.4739 45.068 141.5 2.5 5
2010 9 7 1 40 48.9461 45.6924 141.274 8.6 6
2010 9 7 1 40 51.2282 44.5758 141.311 7 5
2010 9 7 1 41 12.7378 45.8034 141.418 11 5
2010 9 7 1 41 16.0206 44.8078 141.537 10.9 6
2010 9 7 1 41 31.5577 44.5848 141.36 18.3 7
2010 9 7 1 41 31.6214 44.5593 141.311 4.5 5
2010 9 7 1 41 35.1985 44.7976 141.351 14.5 5
2010 9 7 1 41 35.4315 44.7547 141.356 14.7 7
2010 9 7 1 41 39.94 44.8065 141.252 11.6 5
2010 9 7 1 41 44.6226 44.2055 140.696 10.3 6
2010 9 7 1 41 47.2615 45.6715 141.249 7.5 5
2010 9 7 1 41 47.3223 45.6798 141.267 20.8 7
2010 9 7 1 42 12.9742 44.6007 141.356 15.9 7
2010 9 7 1 42 22.0758 44.8122 141.556 8.5 6
2010 9 7 1 42 22.3306 44.8148 141.542 14.8 5
2010 9 7 1 42 22.4514 44.8126 141.528 15.9 7
2010 9 7 1 42 27.5798 45.7039 141.228 18.4 7
2010 9 7 1 42 27.5845 45.69 141.286 11.6 6
2010 9 7 1 42 27.6233 45.692 141.257 8.5 6
2010 9 7 1 42 49.806 44.7278 141.385 18.3 6
2010 9 7 1 42 49.9749 44.6835 141.37 7.5 5
2010 9 7 1 42 57.3068 45.1247 141.483 13.4 5
2010 9 7 1 43 14.8862 44.6515 141.38 17.9 6
2010 9 7 1 43 14.9372 44.6523 141.315 23.6 7
2010 9 7 1 43 15.19 44.6267 141.288 9.2 6
2010 9 7 1 43 19.4698 44.8354 141.531 8.1 5
2010 9 7 1 43 19.5479 44.835 141.539 7.1 6
2010 9 7 1 43 19.8844 44.8499 141.505 14.2 8
2010 9 7 1 43 20.1043 44.8378 141.509 7.9 5
2010 9 7 1 44 3.24912 44.6026 141.368 13.8 7
2010 9 7 1 44 3.30506 44.6024 141.404 20.4 7
2010 9 7 1 44 3.74351 44.5891 141.386 17 7
2010 9 7 1 44 13.8122 45.6977 141.249 6.8 5
2010 9 7 1 44 36.7968 44.68 141.407 15.2 5
2010 9 7 1 44 36.8366 44.6569 141.371 20.4 8
2010 9 7 1 44 36.8582 44.6416 141.44 9.3 5
2010 9 7 1 44 49.942 45.7537 141.403 7.5 5
2010 9 7 1 44 50.034 45.7523 141.399 11.4 6
2010 9 7 1 45 12.8858 44.7659 141.399 19.8 6
2010 9 7 1 45 12.9162 44.7581 141.361 19.2 8
2010 9 7 1 45 15.5459 45.1458 141.464 26.9 5
2010 9 7 1 45 31.471 44.8351 141.524 5.9 5
2010 9 7 1 46 3.15361 44.6144 141.669 18.2 5
2010 9 7 1 46 3.21821 44.6302 141.403 7.5 6
2010 9 7 1 46 17.3002 44.2887 140.828 7.1 5
2010 9 7 1 46 23.7029 44.7321 141.398 17.1 7
2010 9 7 1 46 23.7423 44.7134 141.407 19.8 7
2010 9 7 1 46 23.7862 44.7404 141.365 6.6 5
2010 9 7 1 46 29.8546 45.1174 141.49 6.5 5
2010 9 7 1 46 36.1281 49.6675 141.989 2.6 5
2010 9 7 1 46 50.046 44.8464 141.56 18.2 7
2010 9 7 1 46 50.1316 44.853 141.553 16.4 7
2010 9 7 1 47 4.57304 44.6556 141.407 16.3 7
2010 9 7 1 47 4.68161 44.6672 141.372 10.8 7
2010 9 7 1 47 4.7332 44.6316 141.431 9.9 7
2010 9 7 1 47 4.81681 44.6596 141.447 6.7 5
2010 9 7 1 47 24.0789 44.7933 141.494 5.5 5
2010 9 7 1 47 57.4716 44.6635 141.326 10.4 6
2010 9 7 1 48 0.153311 44.8473 141.566 18.3 8
2010 9 7 1 48 0.19041 44.8303 141.536 4.2 5
2010 9 7 1 48 0.241748 44.8268 141.561 5.9 5
2010 9 7 1 48 16.9461 48.2578 140.644 5.5 6
2010 9 7 1 48 30.9466 45.1275 141.478 8.3 6
2010 9 7 1 48 42.0349 45.7177 141.233 8.7 6
2010 9 7 1 48 47.1836 44.8779 141.363 27.7 5
2010 9 7 1 48 47.5008 44.8562 141.488 9.2 6
2010 9 7 1 49 52.0042 44.7213 141.397 4.1 5
2010 9 7 1 50 4.23686 44.8822 141.554 8.1 5
2010 9 7 1 50 4.31056 44.8365 141.566 8 5
2010 9 7 1 50 19.38 44.6409 141.422 18 8
2010 9 7 1 50 35.9414 44.2916 140.854 2.1 5
2010 9 7 1 51 52.1917 44.7983 141.545 6.4 5
2010 9 7 1 52 4.39273 44.6736 141.49 23.1 5
2010 9 7 1 54 0.458882 44.8215 141.558 12.2 5
2010 9 7 1 54 0.986987 44.7085 141.428 6.8 5
2010 9 7 1 55 36.1061 44.6942 141.42 12.4 7
2010 9 7 1 56 32.9763 45.703 141.297 7.1 5
2010 9 7 1 57 9.31731 44.3004 140.881 15.5 7
2010 9 7 1 57 32.9023 44.6608 141.505 10.4 6
2010 9 7 1 57 57.3483 45.6715 141.347 4.4 5
2010 9 7 2 0 8.1289 45.6857 141.388 7.2 6
2010 9 7 2 0 50.056 35.3218 129.776 2.9 5
2010 9 7 2 0 54.1252 44.614 141.421 13.4 6
2010 9 7 2 1 19.6616 44.6276 141.606 11.4 5
2010 9 7 2 1 19.7035 44.708 141.531 6.5 5
2010 9 7 2 1 19.7385 44.6746 141.49 6.9 5
2010 9 7 2 1 29.3523 45.7024 141.386 6.7 6
2010 9 7 2 1 57.6215 46.1313 140.9 6.5 5
2010 9 7 2 2 24.3353 45.6913 141.351 13.3 8
2010 9 7 2 2 24.3626 45.7049 141.39 10.7 5
2010 9 7 2 2 24.4929 45.7033 141.378 11.7 6
2010 9 7 2 2 43.3589 44.645 141.391 18.6 7
2010 9 7 2 2 43.4238 44.6312 141.433 18.4 7
2010 9 7 2 2 43.6367 44.6296 141.348 7.1 5
2010 9 7 2 2 44.9098 44.6733 141.414 4 5
2010 9 7 2 3 15.885 45.6737 141.365 16 6
2010 9 7 2 3 16.0146 45.676 141.335 18.5 6
2010 9 7 2 3 22.4162 35.3037 129.71 3.1 6
2010 9 7 2 3 22.5672 35.2924 129.712 20 6
2010 9 7 2 3 27.8478 44.6141 141.438 16.5 6
2010 9 7 2 3 58.9098 45.6878 141.334 20.6 8
2010 9 7 2 3 58.9283 45.7382 141.327 18.9 5
2010 9 7 2 4 7.82606 44.6335 141.453 9.9 6
2010 9 7 2 4 20.9077 45.68 141.698 25.6 5
2010 9 7 2 4 34.0881 44.7208 141.471 15.8 6
2010 9 7 2 4 34.2039 44.7013 141.442 6.8 5
2010 9 7 2 4 51.1396 45.7272 141.395 6.3 6
2010 9 7 2 5 14.4253 44.6289 141.44 14.4 8
2010 9 7 2 5 14.5827 44.644 141.455 18 6
2010 9 7 2 5 15.0203 44.6331 141.431 4.7 5
2010 9 7 2 5 37.03 44.5125 140.972 18.9 6
2010 9 7 2 6 5.85603 45.8381 141.108 19.6 5
2010 9 7 2 6 10.952 44.6281 141.409 4.8 5
2010 9 7 2 6 11.0165 44.6253 141.464 5.7 5
2010 9 7 2 6 13.5061 45.5466 141.476 27.7 5
2010 9 7 2 6 13.5385 45.6882 141.422 7.1 6
2010 9 7 2 6 13.5977 45.6841 141.406 6.1 5
2010 9 7 2 7 33.2631 44.6273 141.444 6.1 5
2010 9 7 2 7 33.326 44.6328 141.488 23.5 6
2010 9 7 2 8 8.71558 48.3144 140.79 5.9 5
2010 9 7 2 8 19.1612 44.7276 141.556 12.3 5
2010 9 7 2 8 20.5838 46.2073 140.964 12.2 6
2010 9 7 2 8 35.5114 45.7955 141.565 8.4 6
2010 9 7 2 8 35.6939 45.7834 141.512 16.9 7
2010 9 7 2 8 41.6877 44.619 141.458 6.7 5
2010 9 7 2 10 3.46502 46.1696 140.891 18.9 7
2010 9 7 2 10 21.7833 44.3926 141.155 21.6 6
2010 9 7 2 11 9.79777 48.3469 140.859 5.9 6
2010 9 7 2 11 35.2277 45.7486 141.422 1.8 5
2010 9 7 2 11 46.4355 44.6095 141.445 6.9 5
2010 9 7 2 12 33.0578 46.1041 140.998 8.6 6
2010 9 7 2 12 33.4171 46.1151 140.99 10.2 7
2010 9 7 2 12 40.0997 45.8456 141.045 8.9 5
2010 9 7 2 13 30.755 46.2009 140.975 5.6 5
2010 9 7 2 14 19.923 44.7245 141.596 13.3 7
2010 9 7 2 14 20.9577 45.8004 141.613 19 7
2010 9 7 2 15 5.61853 44.68 141.421 4.5 5
2010 9 7 2 15 42.5229 45.8708 141.134 21.3 6
2010 9 7 2 15 42.5461 45.8884 141.178 17 7
2010 9 7 2 15 42.5816 45.8836 141.253 5.9 5
2010 9 7 2 16 35.3945 46.2082 140.965 21.9 6
2010 9 7 2 17 3.83358 48.0065 140.973 17.2 9
2010 9 7 2 17 17.0358 48.0092 141.641 17.1 6
2010 9 7 2 17 19.5278 45.8638 141.661 6.2 5
2010 9 7 2 19 10.3169 46.0981 141.126 17.2 9
2010 9 7 2 19 10.4358 46.2308 141.124 9.7 5
2010 9 7 2 19 10.4614 46.2617 141.098 8.3 5
2010 9 7 2 19 51.6025 45.7842 141.552 5.9 5
2010 9 7 2 19 51.629 45.8018 141.488 17.5 6
2010 9 7 2 19 58.4971 44.7491 141.557 9.3 6
2010 9 7 2 21 6.23966 45.8628 141.676 6.4 5
2010 9 7 2 21 6.27093 45.9014 141.73 18.9 5
2010 9 7 2 21 6.90365 48.0078 141.67 6.8 5
2010 9 7 2 21 24.2581 46.1383 141.09 9.1 5
2010 9 7 2 22 19.5699 45.748 141.466 19.4 7
2010 9 7 2 22 19.5935 45.7636 141.52 21.6 5
2010 9 7 2 22 24.4205 45.9708 141.22 18 8
2010 9 7 2 23 52.7152 48.0281 141.059 6.6 7
2010 9 7 2 24 0.346269 46.2173 141.074 17.4 8
2010 9 7 2 24 10.1606 45.7949 141.507 11.1 7
2010 9 7 2 24 19.8679 45.8863 141.759 14.9 7
2010 9 7 2 24 19.9177 45.88 141.75 11.9 6
2010 9 7 2 24 20.3914 45.8123 141.612 12.1 5
2010 9 7 2 25 7.12758 45.5185 141.77 23 5
2010 9 7 2 25 12.3669 44.6487 141.606 6.7 5
2010 9 7 2 25 12.5434 44.6898 141.653 15.7 8
2010 9 7 2 25 29.7196 45.7607 141.584 8.4 6
2010 9 7 2 25 29.7503 45.1983 140.796 26.5 5
2010 9 7 2 25 41.0704 44.5469 141.301 6.2 5
2010 9 7 2 26 2.12393 45.8499 141.791 0.9 5
2010 9 7 2 27 6.56864 45.8834 141.759 6.9 5
2010 9 7 2 27 15.9532 44.6726 141.446 15.7 6
2010 9 7 2 27 16.5429 35.4156 129.896 29.3 5
2010 9 7 2 27 16.5907 35.4636 129.811 10.9 6
2010 9 7 2 27 16.8692 35.4337 129.807 4.2 6
2010 9 7 2 27 32.7546 45.8608 141.744 6.2 5
2010 9 7 2 27 32.8724 45.8682 141.755 8.1 5
2010 9 7 2 28 9.87196 45.9185 141.789 17.6 7
2010 9 7 2 28 26.5711 45.8504 141.74 7.8 5
2010 9 7 2 29 11.8087 44.6168 141.406 7.5 5
2010 9 7 2 30 4.68955 45.8977 141.786 18.2 6
2010 9 7 2 30 37.2813 45.7707 141.639 12.6 7
2010 9 7 2 30 47.7646 35.4152 129.818 7 6
2010 9 7 2 30 47.7963 35.4284 129.752 19.9 8
2010 9 7 2 31 4.48746 44.6812 141.509 22.6 7
2010 9 7 2 31 4.54932 44.6456 141.536 4.8 5
2010 9 7 2 31 6.98086 45.9145 141.812 20.4 8
2010 9 7 2 31 7.05314 45.8902 141.76 9.9 7
2010 9 7 2 31 46.3572 45.8558 141.763 6.6 5
2010 9 7 2 32 40.4395 48.3881 140.908 14 5
2010 9 7 2 33 8.46437 45.9029 141.788 17.6 7
2010 9 7 2 33 12.7463 45.9755 141.351 4.4 5
2010 9 7 2 33 16.8771 46.2724 141.231 17.3 6
2010 9 7 2 34 55.838 45.9505 141.358 5.2 8
2010 9 7 2 35 44.8126 44.6636 141.425 3.7 5
2010 9 7 2 37 8.86588 46.0362 141.084 27.9 6
2010 9 7 2 37 24.8012 46.3295 141.226 15.4 6
2010 9 7 2 38 36.7809 44.6691 141.635 18.2 8
2010 9 7 2 39 3.20191 47.966 141.122 11.3 9
2010 9 7 2 39 13.3871 45.9753 141.367 29.5 7
2010 9 7 2 39 13.3871 45.9653 141.344 8.6 5
2010 9 7 2 39 24.1773 44.6785 141.548 9.4 5
2010 9 7 2 39 57.3742 47.9468 141.161 4.5 5
2010 9 7 2 40 6.33337 45.7499 141.662 7.3 5
2010 9 7 2 40 7.64292 44.722 141.515 16.2 6
2010 9 7 2 40 30.1349 46.2922 141.29 9.1 7
2010 9 7 2 40 40.1203 45.988 141.383 6.3 5
2010 9 7 2 40 40.2295 46.0209 141.376 7.6 5
2010 9 7 2 40 42.6275 44.6763 141.648 9.1 7
2010 9 7 2 42 5.2713 47.9318 141.185 4.5 5
2010 9 7 2 42 5.47201 45.5554 141.845 6.4 5
2010 9 7 2 42 53.7576 45.8166 141.518 5.5 5
2010 9 7 2 43 15.2476 45.9904 141.457 10.9 5
2010 9 7 2 43 36.1284 44.6807 141.478 15.7 5
2010 9 7 2 43 43.944 47.9779 141.205 26.5 5
2010 9 7 2 44 49.8522 45.2384 140.703 18.2 5
2010 9 7 2 44 49.8525 44.6771 141.523 4 5
2010 9 7 2 44 49.9258 44.6944 141.551 7.5 6
2010 9 7 2 44 50.0299 44.6691 141.514 6.3 5
2010 9 7 2 45 7.65202 46.3152 141.318 11.5 6
2010 9 7 2 45 31.655 46.0128 141.376 5.1 5
2010 9 7 2 46 23.3596 45.5758 141.86 15.8 6
2010 9 7 2 46 47.8209 45.5256 141.879 18.6 7
2010 9 7 2 46 47.8793 45.5036 141.881 17.7 8
2010 9 7 2 47 2.51363 45.5488 141.843 18 8
2010 9 7 2 47 2.55019 45.5219 141.886 6.2 6
2010 9 7 2 47 20.4846 45.509 141.849 18.2 7
2010 9 7 2 47 38.164 46.305 141.374 6.2 5
2010 9 7 2 47 56.5633 45.5425 141.803 12.5 7
2010 9 7 2 48 9.5028 44.6163 141.463 13.3 7
2010 9 7 2 48 23.5516 45.5035 141.886 2.7 5
2010 9 7 2 49 15.2009 44.6267 141.475 14.3 8
2010 9 7 2 49 15.2786 44.6153 141.531 6.7 5
2010 9 7 2 49 25.5167 46.0347 141.593 6.6 5
2010 9 7 2 50 7.40439 44.6712 141.641 25.6 9
2010 9 7 2 50 7.48829 44.6797 141.645 7.2 5
2010 9 7 2 50 8.01231 44.6882 141.655 11.2 6
2010 9 7 2 50 9.91526 46.0365 141.627 8.2 6
2010 9 7 2 50 21.1539 44.6124 141.426 3.7 5
2010 9 7 2 51 10.1277 45.5536 141.853 14.1 7
2010 9 7 2 51 42.6489 47.9428 141.203 2.7 5
2010 9 7 2 52 3.30339 45.6439 141.855 15.4 6
2010 9 7 2 52 3.40338 45.6293 141.802 13.2 5
2010 9 7 2 52 3.63191 45.6317 141.821 19 5
2010 9 7 2 52 12.6013 44.6215 141.512 19.5 5
2010 9 7 2 52 34.2114 47.9401 141.216 8.7 7
2010 9 7 2 52 52.5849 44.6316 141.523 20.3 7
2010 9 7 2 53 10.6707 45.5607 141.868 17.3 7
2010 9 7 2 53 10.73 45.5414 141.838 4.7 5
2010 9 7 2 53 10.7507 47.945 141.16 6.2 5
2010 9 7 2 53 10.8108 45.5639 141.878 14.5 6
2010 9 7 2 53 43.9363 45.6501 141.843 17.2 7
2010 9 7 2 54 7.05195 47.9437 141.237 5.3 5
2010 9 7 2 54 7.0978 47.9307 141.187 9.4 6
2010 9 7 2 54 12.6306 45.5381 141.768 8.9 5
2010 9 7 2 54 29.5332 47.9206 141.138 6.5 7
2010 9 7 2 54 29.5731 47.9347 141.218 2.2 5
2010 9 7 2 54 47.5093 47.9923 141.225 22.4 6
2010 9 7 2 55 19.8931 45.5799 141.871 16.7 8
2010 9 7 2 55 38.4604 44.6395 141.474 5.6 6
2010 9 7 2 56 6.70686 45.6346 141.829 5.6 5
2010 9 7 2 56 6.95228 45.6238 141.805 5.7 5
2010 9 7 2 56 7.09122 45.6208 141.802 6.5 5
2010 9 7 2 56 24.7428 46.2772 141.411 5.7 5
2010 9 7 2 56 24.7748 46.3271 141.38 3.8 5
2010 9 7 2 56 24.8051 46.3077 141.442 17.6 6
2010 9 7 2 57 22.9636 47.9203 141.167 5.2 6
2010 9 7 2 57 47.0119 47.97 141.235 15.8 9
2010 9 7 2 58 16.5241 45.561 141.849 16.6 6
2010 9 7 2 58 16.6649 47.918 141.297 5.8 7
2010 9 7 2 58 16.6955 47.9169 141.28 16 8
2010 9 7 2 58 35.8815 45.4977 141.892 10.2 6
2010 9 7 2 58 37.2528 47.9225 141.265 16.2 8
2010 9 7 2 58 37.361 47.8983 141.273 7.5 5
2010 9 7 2 58 44.2264 48.0552 141.261 17.1 7
2010 9 7 2 58 50.9718 47.9401 141.762 17.2 5
2010 9 7 2 59 12.2301 47.9341 141.268 17.7 6
2010 9 7 2 59 12.3069 47.9478 141.24 19 7
2010 9 7 2 59 37.7351 45.546 141.869 6.3 5
2010 9 7 2 59 37.838 44.621 141.552 5.4 5
2010 9 7 2 59 46.6689 45.5474 141.876 17.8 8
2010 9 7 2 59 55.4237 47.9118 141.305 6.9 7
2010 9 7 3 0 16.5675 44.6134 141.577 5.8 5
2010 9 7 3 0 17.8844 47.9549 141.309 6.9 6
2010 9 7 3 0 17.9294 47.9384 141.243 12.7 7
2010 9 7 3 0 39.2073 47.9371 141.303 4 5
2010 9 7 3 0 52.7586 46.3142 141.463 19 8
2010 9 7 3 1 21.7525 47.9321 141.256 15.6 9
2010 9 7 3 1 21.9701 47.9148 141.261 6.1 6
2010 9 7 3 1 49.3522 47.9224 141.25 4.8 5
2010 9 7 3 1 55.2578 46.3219 141.514 4.7 5
2010 9 7 3 2 10.215 47.9442 141.299 5.2 7
2010 9 7 3 2 10.2369 47.9323 141.213 11.3 5
2010 9 7 3 2 45.4356 45.62 141.869 5.3 5
2010 9 7 3 3 6.72855 47.8478 141.204 4.5 5
2010 9 7 3 3 6.77892 47.9371 141.245 17.5 7
2010 9 7 3 3 11.4254 45.6213 141.873 5.8 5
2010 9 7 3 3 38.59 46.4385 141.193 17 10
2010 9 7 3 3 39.7157 47.9417 141.378 10.2 6
2010 9 7 3 4 16.0821 47.9678 141.351 7.5 7
2010 9 7 3 4 53.8016 47.9466 141.339 5.6 8
2010 9 7 3 5 38.5855 47.9354 141.318 6.5 7
2010 9 7 3 5 38.6205 47.9841 141.29 17 7
2010 9 7 3 6 15.3908 47.9564 141.383 8.2 8
2010 9 7 3 6 15.4573 47.9397 141.33 1.8 5
2010 9 7 3 7 47.6001 48.0184 141.324 26.6 7
2010 9 7 3 7 47.6638 48.0206 141.248 18.2 6
2010 9 7 3 7 47.7103 47.9386 141.368 5.5 5
2010 9 7 3 8 3.07585 47.9444 140.477 15.9 8
2010 9 7 3 9 11.157 47.9677 141.288 10.8 7
2010 9 7 3 9 24.6844 47.9466 140.581 3.3 5
2010 9 7 3 10 32.1307 48.0198 141.335 16.6 7
2010 9 7 3 10 41.4624 47.9593 140.577 18.4 6
2010 9 7 3 13 1.364 48.0513 141.364 16 5
2010 9 7 3 13 8.305 47.9559 140.572 9.1 7
2010 9 7 3 13 37.7695 45.6059 141.876 9.2 5
2010 9 7 3 13 55.2079 47.7274 140.576 7.3 6
2010 9 7 3 18 28.0226 46.4981 141.407 28.3 6
2010 9 7 3 20 18.7913 47.7314 140.578 6.2 5
2010 9 7 3 21 2.51806 46.4857 141.434 6.2 8
2010 9 7 3 21 44.2065 47.7922 140.614 18.1 7
2010 9 7 3 23 20.3953 46.5759 141.389 23.2 6
2010 9 7 3 24 23.2894 47.9744 141.454 7.2 5
2010 9 7 3 24 23.6614 48.0148 141.486 17.7 6
2010 9 7 3 24 54.9187 45.585 141.603 21.5 5
2010 9 7 3 24 54.9802 45.605 141.579 17.9 6
2010 9 7 3 27 24.9728 46.5226 141.436 25.3 7
2010 9 7 3 28 6.70253 45.6645 141.631 18 6
2010 9 7 3 28 18.6025 45.6264 141.651 6.8 5
2010 9 7 3 29 12.29 46.57 141.41 29.4 7
2010 9 7 3 29 12.3517 46.5925 141.353 8.2 6
2010 9 7 3 29 24.4698 45.6023 141.652 6 5
2010 9 7 3 29 50.6839 47.7944 140.511 26.3 5
2010 9 7 3 29 50.6839 47.7834 140.618 5 5
2010 9 7 3 30 8.31455 35.464 129.726 12.6 6
2010 9 7 3 30 8.4209 35.4129 129.714 2.7 5
2010 9 7 3 30 8.4698 35.4364 129.748 12.5 5
2010 9 7 3 30 15.6323 45.6193 141.73 6.3 5
2010 9 7 3 30 17.7386 46.56 141.425 10.3 5
2010 9 7 3 30 17.7666 46.5831 141.413 15 7
2010 9 7 3 30 36.4404 45.6231 141.738 14.8 7
2010 9 7 3 31 17.1297 45.6487 141.647 16.1 9
2010 9 7 3 31 47.7416 46.5754 141.504 7.8 6
2010 9 7 3 31 54.8372 45.6367 141.733 4.9 5
2010 9 7 3 31 56.2855 35.4653 129.742 22.5 6
2010 9 7 3 32 43.0094 46.5949 141.459 6.4 5
2010 9 7 3 33 7.86962 45.6534 141.853 6.5 5
2010 9 7 3 33 7.94611 45.6369 141.802 4.3 5
2010 9 7 3 33 8.09631 45.6917 141.849 20.6 6
2010 9 7 3 33 18.4799 46.6686 140.671 7.8 5
2010 9 7 3 33 37.8975 45.6216 141.82 7.3 6
2010 9 7 3 33 53.9287 46.5818 141.471 6.9 5
2010 9 7 3 35 29.1585 45.8587 141.817 7.4 5
2010 9 7 3 35 29.2177 45.6289 141.829 4.5 5
2010 9 7 3 35 57.9946 35.4157 129.807 23 12
2010 9 7 3 35 58.0609 35.4139 129.754 11.9 7
2010 9 7 3 35 58.2132 35.4363 129.801 18 8
2010 9 7 3 38 35.5314 46.5966 141.536 9.1 6
2010 9 7 3 39 21.5501 46.7128 140.669 6.9 5
2010 9 7 3 40 17.8482 46.7229 140.721 8.1 6
2010 9 7 3 40 17.9104 46.7553 140.721 5 5
2010 9 7 3 40 18.0793 46.7411 140.693 5.1 5
2010 9 7 3 40 18.1403 46.7307 140.745 15.9 5
2010 9 7 3 41 25.5236 46.7359 141.138 21.4 5
2010 9 7 3 42 7.64507 46.7661 140.708 16.7 8
2010 9 7 3 42 7.72208 46.7806 140.697 18.9 7
2010 9 7 3 43 34.4292 45.7605 141.791 18.3 8
2010 9 7 3 44 23.0951 46.1302 141.664 22.9 5
2010 9 7 3 44 59.9349 47.2486 140.349 16.2 6
2010 9 7 3 44 59.9801 47.2004 140.426 14.1 6
2010 9 7 3 45 38.2286 45.6862 141.842 5.6 5
2010 9 7 3 45 44.3625 47.7615 140.832 7 7
2010 9 7 3 46 17.8382 44.4935 141.527 27.4 5
2010 9 7 3 49 3.72599 47.8758 140.664 4.9 5
2010 9 7 3 50 19.5461 48.4076 141.388 3.8 5
2010 9 7 3 51 53.2463 45.7471 141.822 6.2 5
2010 9 7 3 55 53.6473 45.7185 141.815 6 5
2010 9 7 3 56 11.1065 45.6964 141.838 13.9 9
2010 9 7 3 58 7.59578 45.6756 141.84 4.1 5
2010 9 7 4 0 42.0118 45.65 141.864 2.9 5
2010 9 7 4 1 13.57 45.6504 141.84 10.6 7
2010 9 7 4 1 23.2498 47.7681 140.92 6.7 5
2010 9 7 4 2 41.548 45.6711 141.865 5.2 5
2010 9 7 4 2 42.3631 45.6793 141.847 15.7 7
2010 9 7 4 4 12.9573 45.655 141.855 6.9 6
2010 9 7 4 5 29.888 48.1308 141.943 11 5
2010 9 7 4 23 53.3177 45.9087 141.533 21.1 5
2010 9 7 4 32 49.8712 35.4234 129.583 25.7 7
2010 9 7 4 32 49.8808 35.4092 129.608 13.1 6
2010 9 7 4 34 17.8928 47.9107 141.212 16 9
2010 9 7 4 36 51.5927 47.9047 141.201 8.8 5
2010 9 7 4 40 7.11808 35.4936 131.717 27.5 5
2010 9 7 4 40 27.3143 35.4223 129.505 20.6 8
2010 9 7 4 45 30.6381 35.3524 129.547 24.8 7
2010 9 7 4 45 30.748 35.3695 129.567 21 7
2010 9 7 4 45 30.831 35.3718 129.562 19.5 7
2010 9 7 4 45 31.5979 35.3385 129.496 9.9 6
2010 9 7 4 46 44.8786 35.5505 131.978 12.5 5
2010 9 7 4 47 27.8532 35.3518 129.583 3.6 5
2010 9 7 4 47 41.55 43.3003 141.157 26.4 5
2010 9 7 4 48 27.1141 35.3772 129.569 10.4 6
2010 9 7 4 49 7.01812 35.403 129.587 23 7
2010 9 7 4 49 7.0327 35.3606 129.416 24 5
2010 9 7 4 51 19.2117 35.6181 131.977 24.8 9
2010 9 7 4 51 19.2118 35.4492 131.815 11 5
2010 9 7 4 51 43.9097 35.3335 129.526 23.6 14
2010 9 7 4 53 50.0139 35.3671 129.49 26.8 6
2010 9 7 4 54 54.9409 35.7142 131.911 24.8 6
2010 9 7 4 55 53.827 35.3697 129.509 22.3 8
2010 9 7 4 55 53.9438 35.3569 129.526 18 7
2010 9 7 4 55 54.0046 35.3488 129.471 3.7 5
2010 9 7 4 55 54.2224 35.3608 129.521 29.9 6
2010 9 7 4 56 8.92348 46.9688 141.532 14.8 6
2010 9 7 4 56 9.01918 46.9974 141.54 8.2 6
2010 9 7 4 59 18.7422 35.2716 130.768 28.6 8
2010 9 7 4 59 18.7422 35.234 130.882 12.7 5
2010 9 7 5 4 44.9351 35.5463 132.142 1.7 5
2010 9 7 5 6 58.8636 35.6558 132.139 14.1 7
2010 9 7 5 6 58.9458 35.6149 132.132 19.9 8
2010 9 7 5 7 55.8548 35.5927 132.098 21.8 5
2010 9 7 5 7 55.9253 35.6011 132.119 7.4 6
2010 9 7 5 8 47.9805 35.3733 131.095 6.2 6
2010 9 7 5 13 10.6833 35.693 132.165 17 5
2010 9 7 5 14 25.4202 35.7026 132.147 26.1 8
2010 9 7 5 14 25.4202 35.7058 132.39 14.7 5
2010 9 7 5 14 27.439 35.5525 132.159 19.6 8
2010 9 7 5 14 27.5457 35.5786 132.169 20.8 5
2010 9 7 5 15 3.82869 35.5929 129.702 7.9 5
2010 9 7 5 15 59.1264 35.672 132.244 20.8 7
2010 9 7 5 15 59.2785 35.7328 132.264 3.5 5
2010 9 7 5 15 59.299 35.7883 131.939 19.3 6
2010 9 7 5 15 59.4598 35.6776 132.191 16.6 8
2010 9 7 5 18 19.2386 35.4726 129.799 4.6 6
2010 9 7 5 21 15.346 47.0991 141.831 6.2 5
2010 9 7 5 21 15.875 47.2466 141.796 15.4 7
2010 9 7 5 23 9.24282 35.6371 132.112 23.8 8
2010 9 7 5 23 9.32418 35.622 132.197 19.3 8
2010 9 7 5 23 9.35552 35.6252 132.191 22.5 6
2010 9 7 5 25 47.9624 35.7168 132.198 8.7 8
2010 9 7 5 27 2.27411 35.6696 132.194 25.4 12
2010 9 7 5 28 51.3271 35.6709 132.232 12.6 5
2010 9 7 5 29 39.1182 47.2677 141.601 5.4 5
2010 9 7 5 29 47.8202 35.7439 130.493 24.3 5
2010 9 7 5 29 47.8203 35.4211 130.928 12.2 6
2010 9 7 5 33 32.614 35.7409 132.241 26 10
2010 9 7 5 34 9.05123 35.4557 130.246 24.8 6
2010 9 7 5 36 56.6981 35.4707 130.752 28.7 8
2010 9 7 5 37 50.2725 35.3862 130.28 9.1 7
2010 9 7 5 38 31.0854 35.3639 130.281 4.2 8
2010 9 7 5 38 37.203 47.2416 141.764 29.5 8
2010 9 7 5 38 37.5003 35.4969 131.031 4.3 5
2010 9 7 5 38 56.7962 47.2999 141.706 17.2 9
2010 9 7 5 40 13.2927 35.4166 130.477 22.4 7
2010 9 7 5 42 20.0375 35.3685 130.293 5.6 5
2010 9 7 5 43 4.86646 35.437 130.432 22.2 7
2010 9 7 5 43 18.3794 35.3858 130.39 5.8 5
2010 9 7 5 43 26.6871 35.8271 129.677 25 5
2010 9 7 5 44 20.741 35.459 130.381 13.7 7
2010 9 7 5 44 32.0091 35.4572 130.333 12.2 5
2010 9 7 5 45 19.1306 35.4478 130.318 11.8 6
2010 9 7 5 46 9.99111 35.4291 130.387 18.4 7
2010 9 7 5 46 37.7626 35.4621 130.385 11.4 6
2010 9 7 5 46 38.8002 35.4304 130.417 9.2 8
2010 9 7 5 46 38.9965 35.4543 130.451 13 7
2010 9 7 5 46 39.6185 35.4108 130.308 5.7 6
2010 9 7 5 47 3.27603 35.4435 130.425 25.4 8
2010 9 7 5 47 3.35848 35.4272 130.422 18.5 6
2010 9 7 5 47 48.853 35.4605 130.415 7 6
2010 9 7 5 47 48.9514 35.5381 130.46 6.6 6
2010 9 7 5 47 49.1797 35.4944 130.428 17.6 9
2010 9 7 5 47 49.3321 35.4687 130.402 9.4 6
2010 9 7 5 48 38.5831 35.4655 130.452 5.6 6
2010 9 7 5 48 42.0048 35.6305 129.97 24.4 7
2010 9 7 5 48 42.1751 35.6186 130.147 7.1 5
2010 9 7 5 49 16.3151 47.386 141.578 22.1 7
2010 9 7 5 49 16.3705 47.3717 141.692 25.7 8
2010 9 7 5 50 0.202657 35.5495 130.381 21.1 7
2010 9 7 5 50 13.2015 35.4839 130.089 1.8 5
2010 9 7 5 50 13.2951 35.5441 130.145 16.5 8
2010 9 7 5 50 13.3888 35.5188 130.125 14.8 9
2010 9 7 5 51 19.6433 35.4463 130.496 6 5
2010 9 7 5 52 10.7952 35.4562 130.343 17 7
2010 9 7 5 52 11.2858 35.4623 130.339 14.9 8
2010 9 7 5 52 26.1054 35.4471 130.118 26.4 6
2010 9 7 5 52 26.1822 35.4896 130.124 17.8 10
2010 9 7 5 52 26.2147 35.4929 130.145 22.3 6
2010 9 7 5 52 26.2507 35.5469 129.989 29.4 8
2010 9 7 5 53 3.27863 35.6977 130.596 13.5 5
2010 9 7 5 53 34.5749 35.4848 130.171 23.7 8
2010 9 7 5 54 18.1766 35.7189 129.915 18.6 5
2010 9 7 5 54 18.2597 35.4193 130.408 23.2 6
2010 9 7 5 54 18.9318 35.4049 130.399 17.8 6
2010 9 7 5 54 26.9848 35.4821 130.143 26.5 10
2010 9 7 5 55 4.64867 35.414 130.4 17.5 6
2010 9 7 5 56 24.845 35.4413 130.38 3.4 5
2010 9 7 5 56 24.9883 35.4821 130.369 19 8
2010 9 7 5 56 25.1109 36.084 129.577 19.1 6
2010 9 7 5 56 44.7988 35.4962 130.505 17.1 9
2010 9 7 5 56 44.8912 35.4799 130.509 24.7 6
2010 9 7 5 56 59.3433 35.4965 130.526 11.5 6
2010 9 7 5 57 5.98977 35.7378 129.852 12.8 6
2010 9 7 5 57 21.3187 35.4347 130.445 4.2 5
2010 9 7 5 57 49.2808 35.4564 130.2 15.7 7
2010 9 7 5 57 49.3808 35.4691 130.208 24.2 14
2010 9 7 5 58 12.1849 35.5646 130.456 29.3 6
2010 9 7 5 58 12.6143 35.4887 130.49 19.5 5
2010 9 7 5 58 27.8028 35.453 130.185 7.7 7
2010 9 7 5 58 27.8744 35.4996 130.226 6.6 6
2010 9 7 5 58 50.0056 35.4712 130.495 16.6 7
2010 9 7 5 59 7.4722 35.6619 129.929 25.1 5
2010 9 7 5 59 7.47225 35.4969 130.244 22.6 6
2010 9 7 5 59 7.53067 35.7029 129.962 14 7
2010 9 7 5 59 7.62722 35.7753 129.657 27.4 6
2010 9 7 5 59 26.7796 35.5151 130.482 17.8 7
2010 9 7 5 59 26.855 35.6124 130.31 16.3 8
2010 9 7 5 59 34.4653 35.4548 130.42 27.6 7
2010 9 7 5 59 53.9604 35.4771 130.219 22.3 6
2010 9 7 5 59 56.5816 35.4317 130.462 22.1 8
2010 9 7 6 0 3.00202 35.5031 130.352 15.7 5
2010 9 7 6 0 3.38183 35.4792 130.38 21.9 5
2010 9 7 6 0 41.6377 35.4858 130.218 20.1 11
2010 9 7 6 0 41.7171 35.4972 129.988 24.6 7
2010 9 7 6 0 41.9511 35.5504 130.237 9.7 6
2010 9 7 6 1 9.08019 35.47 130.473 27.1 12
2010 9 7 6 1 35.2849 35.7423 129.866 12.8 5
2010 9 7 6 1 45.3213 35.4033 130.449 25 14
2010 9 7 6 1 45.5736 35.3446 130.488 7.4 5
2010 9 7 6 1 57.0772 35.4812 130.475 27.9 9
2010 9 7 6 1 57.1593 35.4797 130.497 30 7
2010 9 7 6 1 57.2081 35.473 130.476 3.6 5
2010 9 7 6 1 57.3481 35.4737 130.448 3.3 5
2010 9 7 6 2 2.89738 35.4529 130.487 18.5 8
2010 9 7 6 2 3.06347 35.4126 130.472 26.1 9
2010 9 7 6 2 15.9198 35.484 130.38 23.5 9
2010 9 7 6 2 23.9415 35.4738 130.213 26 5
2010 9 7 6 2 24.0611 35.4828 130.488 18.1 5
2010 9 7 6 2 24.1028 35.4597 130.451 19.7 6
2010 9 7 6 2 24.1617 35.4829 130.469 8.6 7
2010 9 7 6 2 24.4317 35.4678 130.262 26.2 8
2010 9 7 6 2 43.0392 35.5407 130.213 27.7 5
2010 9 7 6 2 43.2665 35.5053 130.451 15.3 8
2010 9 7 6 3 0.98625 35.6542 130.208 6.1 5
2010 9 7 6 3 1.22161 35.5562 130.361 15.3 7
2010 9 7 6 3 29.9794 35.4701 130.442 20.5 9
2010 9 7 6 3 30.1604 35.4623 130.261 23.6 6
2010 9 7 6 3 38.6722 35.5226 130.433 24.9 7
2010 9 7 6 3 38.6723 35.4456 130.675 4.6 5
2010 9 7 6 3 42.7002 35.4726 130.482 24 10
2010 9 7 6 3 42.7655 35.4452 130.504 10.4 5
2010 9 7 6 3 42.7655 35.4955 130.271 25.9 8
2010 9 7 6 3 44.1536 35.4514 130.182 3.6 6
2010 9 7 6 3 47.2945 35.5175 130.486 27.6 7
2010 9 7 6 3 51.551 35.4609 130.408 17 7
2010 9 7 6 3 55.35 35.457 130.27 27.1 5
2010 9 7 6 3 55.7091 35.4794 130.409 20.3 12
2010 9 7 6 4 3.99052 35.5377 130.415 17.3 5
2010 9 7 6 4 6.51063 35.5167 130.121 1.3 5
2010 9 7 6 4 31.165 35.4842 130.615 17.1 5
2010 9 7 6 4 31.3846 35.4463 130.437 20.4 7
2010 9 7 6 4 31.6206 35.5124 130.453 13.8 7
2010 9 7 6 4 31.7071 35.7357 129.985 26.5 6
2010 9 7 6 4 48.309 35.545 130.441 10.1 6
2010 9 7 6 5 8.1205 35.4832 130.233 10 5
2010 9 7 6 5 13.9225 35.5634 130.477 16.3 8
2010 9 7 6 5 23.493 35.5666 130.412 14.2 5
2010 9 7 6 5 33.7234 35.4446 130.787 8.3 6
2010 9 7 6 5 33.9269 35.6008 130.724 6 5
2010 9 7 6 5 41.5233 35.5997 130.181 8.3 6
2010 9 7 6 5 46.8956 35.4949 130.132 11.1 5
2010 9 7 6 5 47.0319 35.484 130.613 11.5 6
2010 9 7 6 5 47.1541 35.4705 130.476 16.6 6
2010 9 7 6 5 55.7886 35.6169 130.346 6.9 5
2010 9 7 6 5 55.9615 35.4529 130.472 20.6 8
2010 9 7 6 6 2.62581 35.434 130.448 5.9 5
2010 9 7 6 6 21.5009 35.4854 130.494 17.3 9
2010 9 7 6 6 21.5943 35.4556 130.469 4.3 6
2010 9 7 6 6 22.2616 35.4898 130.254 12.8 6
2010 9 7 6 6 42.3066 35.4401 130.466 22 6
2010 9 7 6 6 42.4588 35.46 130.463 6.8 5
2010 9 7 6 7 7.45702 35.434 130.536 8.3 5
2010 9 7 6 7 7.4571 35.376 130.567 25.6 6
2010 9 7 6 7 7.56266 35.4923 130.412 3.8 7
2010 9 7 6 7 13.0391 35.4671 130.094 25.8 9
2010 9 7 6 7 19.1337 35.3953 130.481 5.7 5
2010 9 7 6 7 33.1783 35.4897 130.46 24.6 5
2010 9 7 6 8 8.30198 35.5215 130.45 18.2 9
2010 9 7 6 8 8.38613 35.5242 130.464 15.6 8
2010 9 7 6 8 8.45879 35.4719 130.432 29.2 10
2010 9 7 6 8 19.6716 35.52 129.954 21.7 7
2010 9 7 6 8 19.8241 35.4654 130.201 20.3 6
2010 9 7 6 8 34.4489 35.5125 130.512 18.4 7
2010 9 7 6 8 34.6834 35.5206 130.34 25.5 6
2010 9 7 6 8 43.4193 35.4816 130.414 19 9
2010 9 7 6 9 3.59692 35.5256 130.522 14.6 5
2010 9 7 6 9 4.23349 35.4823 130.498 20.4 8
2010 9 7 6 9 4.43024 35.4725 130.465 4.1 6
2010 9 7 6 9 10.1458 35.439 130.536 5.7 5
2010 9 7 6 9 23.1459 35.6659 130.193 5.9 5
2010 9 7 6 9 51.2325 35.4834 130.491 25.6 13
2010 9 7 6 9 51.3961 35.5784 130.544 6.8 5
2010 9 7 6 10 2.5312 35.5399 130.471 12.3 8
2010 9 7 6 10 27.8073 35.5045 130.494 29.2 8
2010 9 7 6 10 27.9907 35.7258 130.21 18.3 5
2010 9 7 6 10 44.932 35.585 130.295 26.9 9
2010 9 7 6 10 44.9321 35.5151 130.466 7 6
2010 9 7 6 10 47.2823 35.543 130.452 14.7 6
2010 9 7 6 10 57.8589 35.5393 130.429 18.7 6
2010 9 7 6 10 58.0739 35.5591 130.415 18.9 8
2010 9 7 6 11 13.3694 35.3961 130.25 5.9 5
2010 9 7 6 11 29.8804 35.5798 130.633 15.4 7
2010 9 7 6 11 31.0974 35.5552 130.482 22.9 7
2010 9 7 6 11 31.6345 35.5471 130.486 11 7
2010 9 7 6 11 41.3865 35.5261 130.536 14.8 9
2010 9 7 6 11 51.7342 35.4759 130.522 23.2 8
2010 9 7 6 11 51.8331 35.5436 130.233 14.4 6
2010 9 7 6 11 54.6407 35.5452 130.489 17.9 7
2010 9 7 6 12 7.67725 35.5678 130.496 14.4 7
2010 9 7 6 12 18.0005 35.4934 130.673 17.7 6
2010 9 7 6 12 18.7897 35.4936 130.515 14.7 6
2010 9 7 6 12 25.5743 35.4999 130.158 28.2 10
2010 9 7 6 12 25.6757 35.4787 130.217 29.8 7
2010 9 7 6 12 38.1291 35.5901 130.505 11.6 6
2010 9 7 6 12 56.9412 35.5144 130.465 20.1 14
2010 9 7 6 13 8.56496 35.4587 130.427 3.3 5
2010 9 7 6 13 31.5403 35.5171 130.369 13.7 6
2010 9 7 6 13 33.8855 35.5424 130.435 27.5 9
2010 9 7 6 13 53.8011 35.5189 130.112 25.3 5
2010 9 7 6 13 53.8011 35.4005 130.302 12.4 5
2010 9 7 6 13 54.2887 35.5344 130.161 27.8 6
2010 9 7 6 14 6.32086 35.5296 130.33 14.9 5
2010 9 7 6 14 6.32088 35.5064 130.48 7.5 5
2010 9 7 6 14 38.9205 35.5216 130.481 8.9 5
2010 9 7 6 14 39.0199 35.5118 130.442 4.3 7
2010 9 7 6 14 48.1286 35.532 130.508 4.5 5
2010 9 7 6 14 48.2258 35.5552 130.563 18.8 10
2010 9 7 6 14 49.1276 35.5051 130.51 16.7 8
2010 9 7 6 14 49.19 35.5157 130.44 15.6 6
2010 9 7 6 15 21.6179 35.501 130.45 22.9 9
2010 9 7 6 15 22.8735 35.5741 130.506 16.1 7
2010 9 7 6 15 46.7953 35.5528 130.542 16.5 7
2010 9 7 6 15 58.6833 35.4824 130.345 18.8 7
2010 9 7 6 16 17.5449 35.4954 130.448 16.3 7
2010 9 7 6 16 52.765 35.4825 130.165 28 10
2010 9 7 6 16 52.8122 35.5866 130.061 24.5 7
2010 9 7 6 17 7.95687 35.5074 130.518 2.7 5
2010 9 7 6 17 8.36856 35.5216 130.523 16 5
2010 9 7 6 17 21.8879 35.4998 130.234 15.5 5
2010 9 7 6 17 22.0341 35.467 130.176 14.7 6
2010 9 7 6 17 22.1082 35.4801 130.18 26.2 8
2010 9 7 6 17 22.2634 35.4846 129.966 17.8 5
2010 9 7 6 17 22.2634 35.44 130.196 15.6 7
2010 9 7 6 17 35.7933 35.5079 130.529 21.6 13
2010 9 7 6 17 35.9522 35.55 130.337 16.3 5
2010 9 7 6 17 35.9522 35.4754 130.583 6.5 6
2010 9 7 6 17 36.3919 35.5455 130.543 18.9 8
2010 9 7 6 17 51.3194 35.4494 130.238 20.5 6
2010 9 7 6 18 3.20266 35.5981 130.637 17 9
2010 9 7 6 18 25.4828 35.535 130.5 4.5 8
2010 9 7 6 18 25.8057 35.5279 130.551 22.3 14
2010 9 7 6 18 26.0709 35.6878 130.674 13.5 6
2010 9 7 6 18 33.4811 35.4429 130.106 17.1 6
2010 9 7 6 18 33.6376 35.4854 130.188 28.7 10
2010 9 7 6 18 45.6876 35.5924 130.629 23.1 10
2010 9 7 6 18 45.8141 35.6075 130.646 16.3 8
2010 9 7 6 18 52.6524 35.4776 130.54 5.8 5
2010 9 7 6 19 0.021071 35.4924 130.087 27.1 7
2010 9 7 6 19 0.086185 35.4969 130.158 8.8 8
2010 9 7 6 19 0.171444 35.5151 130.157 21.7 8
2010 9 7 6 19 0.238194 35.5652 130.217 17 6
2010 9 7 6 19 4.33352 35.6328 130.589 15.3 8
2010 9 7 6 19 4.41603 35.8507 130.219 12 6
2010 9 7 6 19 18.0971 35.4562 130.184 26.3 7
2010 9 7 6 19 18.0972 35.3122 130.054 26.6 5
2010 9 7 6 19 20.9608 35.5419 130.505 3.1 5
2010 9 7 6 19 20.9609 35.5347 130.781 14.8 5
2010 9 7 6 19 21.4064 35.5612 130.527 17.7 7
2010 9 7 6 19 21.4924 35.5643 130.533 17.9 7
2010 9 7 6 19 21.598 35.5068 130.548 4.9 5
2010 9 7 6 19 33.2969 35.5078 130.16 8.4 7
2010 9 7 6 19 33.3794 35.5101 130.232 29.4 5
2010 9 7 6 19 33.9399 35.4952 130.204 20.7 8
2010 9 7 6 19 56.8346 35.5665 130.551 23.5 11
2010 9 7 6 19 59.8474 35.4705 130.932 20.9 5
2010 9 7 6 19 59.8475 35.5429 130.869 22.2 6
2010 9 7 6 19 59.9108 35.511 130.952 21.5 13
2010 9 7 6 20 2.01262 35.468 130.192 23.5 8
2010 9 7 6 20 2.23754 35.4506 130.218 8.2 5
2010 9 7 6 20 2.23754 35.5016 130.269 16.9 8
2010 9 7 6 20 2.97736 35.6508 130.071 9.6 5
2010 9 7 6 20 20.6252 35.5076 130.526 3.8 5
2010 9 7 6 20 20.7325 35.5781 130.476 14.5 7
2010 9 7 6 20 31.1464 35.4851 130.207 6.3 5
2010 9 7 6 20 45.3968 35.4491 130.204 4.4 5
2010 9 7 6 20 45.5322 35.4732 130.221 2.9 5
2010 9 7 6 21 4.73517 35.5874 130.528 7.6 5
2010 9 7 6 21 17.6579 35.4351 130.22 5.1 5
2010 9 7 6 21 18.3768 35.4971 129.927 11.6 5
2010 9 7 6 21 21.6803 35.5244 130.501 5.3 5
2010 9 7 6 21 21.9146 35.5583 130.78 15.6 5
2010 9 7 6 21 35.0815 35.4674 130.291 18.2 6
2010 9 7 6 21 51.6263 35.6112 130.1 9.1 5
2010 9 7 6 21 51.7344 35.4608 130.136 4.4 6
2010 9 7 6 21 58.501 35.6103 130.652 13.8 8
2010 9 7 6 22 13.799 35.6011 130.6 15.9 6
2010 9 7 6 22 14.4271 35.5411 130.585 17.2 7
2010 9 7 6 22 30.1953 35.7029 130.148 23.7 5
2010 9 7 6 22 30.1953 35.5525 130.034 22.9 10
2010 9 7 6 22 30.2374 35.4667 130.172 27.2 8
2010 9 7 6 22 30.2927 35.5375 130.202 13.3 7
2010 9 7 6 22 30.4212 35.4297 130.186 4.3 5
2010 9 7 6 22 38.2473 35.8316 130.236 20.7 6
2010 9 7 6 22 38.7782 35.5695 130.469 16.1 5
2010 9 7 6 23 3.53397 35.5725 130.434 22.5 7
2010 9 7 6 23 4.134 35.6548 130.612 9.3 5
2010 9 7 6 23 14.7073 35.5637 130.639 25.6 11
2010 9 7 6 23 16.0124 35.4907 130.159 14.5 9
2010 9 7 6 23 16.0618 35.695 129.995 8.8 5
2010 9 7 6 23 36.5812 35.524 130.151 22.4 7
2010 9 7 6 23 47.2087 35.5965 130.656 29.6 9
2010 9 7 6 24 41.593 35.582 130.423 7.7 6
2010 9 7 6 24 41.6528 35.5155 130.17 29.9 6
2010 9 7 6 24 41.7881 35.4916 130.389 2.9 5
2010 9 7 6 24 43.7904 35.6078 130.656 18.1 7
2010 9 7 6 24 43.9645 35.619 130.626 13.3 5
2010 9 7 6 25 9.96604 35.5819 130.639 23.4 5
2010 9 7 6 25 23.8339 35.4534 130.207 4.4 7
2010 9 7 6 25 23.8791 35.4575 130.172 3.1 5
2010 9 7 6 25 24.0012 35.4371 130.209 4 7
2010 9 7 6 25 27.508 35.6331 130.671 21.4 9
2010 9 7 6 25 27.6659 35.5986 130.619 20.7 9
2010 9 7 6 25 27.7101 35.5931 130.656 15 6
2010 9 7 6 25 27.8158 35.643 130.648 15.5 6
2010 9 7 6 25 27.8896 35.6269 130.613 7.5 6
2010 9 7 6 25 45.7588 35.3829 130.244 21.4 7
2010 9 7 6 25 46.0742 35.8207 129.915 25.1 5
2010 9 7 6 26 1.80749 35.5668 130.645 4.2 5
2010 9 7 6 26 1.80754 35.6018 130.903 18.7 5
2010 9 7 6 26 2.26564 35.5202 130.791 23.1 9
2010 9 7 6 26 4.35778 35.5484 130.221 20.3 6
2010 9 7 6 26 4.48036 35.5345 130.163 23.5 8
2010 9 7 6 26 25.0764 35.5792 130.529 18.2 7
2010 9 7 6 26 42.441 35.5534 130.541 28.7 13
2010 9 7 6 26 42.5771 35.576 130.556 16.7 9
2010 9 7 6 26 46.6166 35.4883 130.171 23.4 13
2010 9 7 6 26 46.697 35.4395 130.124 5.4 6
2010 9 7 6 26 56.4783 35.6686 130.75 16.9 5
2010 9 7 6 27 8.87595 35.534 130.417 27.9 5
2010 9 7 6 27 47.0175 35.6635 130.621 12.9 7
2010 9 7 6 28 15.7677 35.5916 130.644 21.1 7
2010 9 7 6 28 22.8062 35.5079 130.119 21.5 7
2010 9 7 6 28 22.8523 35.5324 130.181 20.2 8
2010 9 7 6 28 41.4952 35.6037 130.543 23.4 6
2010 9 7 6 28 58.3498 35.6132 130.711 27.3 10
2010 9 7 6 29 31.2299 35.5856 130.682 10.9 5
2010 9 7 6 29 31.6408 35.7103 130.802 10.5 5
2010 9 7 6 29 51.827 35.5894 130.689 28.7 7
2010 9 7 6 29 51.827 35.5799 130.638 7 5
2010 9 7 6 30 7.11518 35.4879 130.231 21.1 5
2010 9 7 6 30 16.0377 35.7647 130.298 16.2 6
2010 9 7 6 30 16.0377 35.5262 130.587 13.7 6
2010 9 7 6 30 16.6538 35.6379 130.577 14.9 5
2010 9 7 6 30 35.1465 35.8569 130.389 18 5
2010 9 7 6 30 42.7705 35.7267 130.469 10.1 5
2010 9 7 6 30 55.8453 35.6069 130.702 18.2 11
2010 9 7 6 31 30.1121 35.5699 130.565 22 7
2010 9 7 6 31 55.0357 35.6107 130.673 25.5 8
2010 9 7 6 32 11.8183 35.6173 130.662 9.3 8
2010 9 7 6 32 24.2628 35.5693 130.519 2.6 5
2010 9 7 6 32 24.3225 35.5794 130.534 18.2 5
2010 9 7 6 32 34.0838 35.677 130.667 13.7 5
2010 9 7 6 32 34.7678 35.5801 130.573 10.8 5
2010 9 7 6 32 43.1492 35.6818 130.706 24.4 5
2010 9 7 6 32 43.1493 35.5024 130.981 17.8 6
2010 9 7 6 32 54.1497 35.6092 130.605 22.1 12
2010 9 7 6 32 55.1476 35.6621 130.654 16.4 5
2010 9 7 6 33 20.4918 35.6288 130.453 28.4 9
2010 9 7 6 33 33.656 35.7163 130.669 11.8 6
2010 9 7 6 33 33.656 35.558 130.695 24.3 5
2010 9 7 6 33 41.6371 35.6086 130.704 15.3 9
2010 9 7 6 33 55.5886 35.6235 130.641 18.6 10
2010 9 7 6 33 58.7048 35.5849 130.678 6.9 5
2010 9 7 6 34 5.73673 35.6684 130.647 9.5 5
2010 9 7 6 34 13.9422 35.6522 130.732 19.4 7
2010 9 7 6 34 14.0341 35.5895 130.721 29.5 13
2010 9 7 6 34 14.1297 35.6327 130.76 19.6 5
2010 9 7 6 34 40.7546 35.6064 130.625 13.6 9
2010 9 7 6 34 57.3007 35.898 130.232 24.8 6
2010 9 7 6 35 21.6756 35.5867 130.64 28.3 5
2010 9 7 6 35 50.1402 35.6482 130.71 18.8 9
2010 9 7 6 35 50.6463 35.6247 130.419 24.5 5
2010 9 7 6 36 13.2055 35.6331 130.574 25.4 5
2010 9 7 6 36 13.345 35.6453 130.783 17.9 7
2010 9 7 6 36 17.6023 35.6338 130.67 16.7 6
2010 9 7 6 36 20.9534 35.4982 130.277 21.5 8
2010 9 7 6 36 21.1612 35.5495 130.261 9.8 5
2010 9 7 6 36 33.6094 35.6775 130.67 18.5 8
2010 9 7 6 36 33.7203 35.6569 130.768 17 9
2010 9 7 6 37 12.6952 35.6232 130.756 17.8 6
2010 9 7 6 37 42.1223 35.5767 130.662 13.5 5
2010 9 7 6 37 42.1223 35.6811 130.711 16.2 10
2010 9 7 6 38 4.40591 35.6488 130.678 12.5 9
2010 9 7 6 38 20.524 35.592 130.672 16.7 8
2010 9 7 6 38 20.6886 35.57 130.671 25.5 8
2010 9 7 6 38 20.6886 35.513 130.671 16.5 7
2010 9 7 6 38 20.7822 35.5644 130.652 18.1 8
2010 9 7 6 38 28.2306 35.6053 130.695 25.2 6
2010 9 7 6 38 28.4743 35.5924 130.696 20.9 6
2010 9 7 6 38 40.3861 35.5707 130.954 17.9 5
2010 9 7 6 39 10.9671 35.6179 130.777 18.7 7
2010 9 7 6 39 35.0741 35.6436 130.722 16 5
2010 9 7 6 39 35.4564 35.606 130.719 19 8
2010 9 7 6 39 56.13 35.6034 130.543 15.4 5
2010 9 7 6 39 56.5745 35.5972 130.686 21.8 11
2010 9 7 6 40 11.785 35.5685 130.654 21 14
2010 9 7 6 40 24.2671 35.4117 130.899 23.4 5
2010 9 7 6 40 42.0455 35.5776 130.613 29.1 9
2010 9 7 6 41 16.5281 35.6028 130.699 21.8 8
2010 9 7 6 41 16.639 35.646 130.751 18.2 11
2010 9 7 6 41 17.0975 35.6488 130.749 21.2 5
2010 9 7 6 41 38.7728 35.5997 130.678 19.4 6
2010 9 7 6 41 38.9198 35.5917 130.675 21.1 11
2010 9 7 6 41 57.7203 35.6081 130.745 26.2 11
2010 9 7 6 41 57.7767 35.6483 130.768 20.1 8
2010 9 7 6 41 57.9552 35.6501 130.769 16.6 9
2010 9 7 6 41 58.2141 35.6428 130.756 29.9 9
2010 9 7 6 42 13.2238 35.5686 131.017 11.2 9
2010 9 7 6 42 24.163 35.6204 130.736 19.7 11
2010 9 7 6 42 24.2674 35.5248 130.747 4.4 5
2010 9 7 6 42 24.6319 35.651 130.716 15.6 5
2010 9 7 6 42 34.4929 35.6052 130.726 17.9 5
2010 9 7 6 42 34.6505 35.6224 130.738 20.5 5
2010 9 7 6 42 34.8528 35.5797 130.726 29.3 12
2010 9 7 6 42 48.7653 35.4921 130.193 17.8 11
2010 9 7 6 43 20.8303 35.6621 130.382 21.8 5
2010 9 7 6 43 45.1252 35.6559 130.644 19.4 6
2010 9 7 6 43 45.2045 35.6016 130.933 19.2 6
2010 9 7 6 43 45.2129 35.6401 130.663 15 9
2010 9 7 6 43 45.4005 35.6551 130.652 28.3 7
2010 9 7 6 43 45.4005 35.6282 130.664 7 5
2010 9 7 6 43 46.0826 35.6184 130.687 25 6
2010 9 7 6 44 13.5637 35.614 130.799 28.8 6
2010 9 7 6 44 13.6558 35.607 130.731 21 12
2010 9 7 6 44 14.1351 35.6021 130.738 23 5
2010 9 7 6 44 33.5349 35.5979 130.753 27.7 12
2010 9 7 6 44 43.8877 35.6139 130.574 12.8 6
2010 9 7 6 45 11.7689 35.5938 130.933 19.7 9
2010 9 7 6 45 12.2598 35.5941 130.682 27.6 13
2010 9 7 6 45 50.4193 35.6272 130.74 20 8
2010 9 7 6 46 42.0543 35.5578 131.016 26.6 8
2010 9 7 6 46 42.0543 35.5793 131.243 26.2 7
2010 9 7 6 48 24.9414 35.6312 130.741 20 7
2010 9 7 6 48 41.443 35.6539 130.571 13.6 6
2010 9 7 6 48 41.443 35.6474 130.752 20.3 6
2010 9 7 6 49 9.0034 35.6886 130.503 24.6 7
2010 9 7 6 49 9.00341 35.6443 130.833 10.6 7
2010 9 7 6 49 9.07109 35.6605 130.799 23.3 5
2010 9 7 6 49 9.36421 35.6594 130.815 16.1 8
2010 9 7 6 49 10.636 35.5771 130.769 25.7 9
2010 9 7 6 49 22.7576 35.5913 130.769 15.5 5
2010 9 7 6 50 21.2164 35.6506 130.772 20.2 7
2010 9 7 6 50 21.3764 35.7291 130.812 8.6 5
2010 9 7 6 50 21.9246 35.6613 130.744 21.9 7
2010 9 7 6 50 51.8453 35.6272 130.57 25.8 9
2010 9 7 6 50 51.8454 35.587 130.705 9.1 5
2010 9 7 6 52 25.5797 35.6588 130.821 20.6 5
2010 9 7 6 52 25.8753 35.6499 130.756 20.1 6
2010 9 7 6 53 8.22385 35.6138 130.759 15.2 7
2010 9 7 6 53 8.49445 35.6105 130.738 20 9
2010 9 7 6 53 23.2721 35.6512 130.922 27.9 5
2010 9 7 6 54 16.5398 35.6402 130.698 19 7
2010 9 7 6 54 34.3804 35.6488 130.55 13.7 6
2010 9 7 6 55 1.40874 35.6223 130.733 26.1 10
2010 9 7 6 55 1.48676 35.6055 130.723 28.2 10
2010 9 7 6 55 1.55341 35.604 130.69 6.9 5
2010 9 7 6 55 1.64606 36.0053 130.169 11.3 5
2010 9 7 6 55 1.64624 35.5616 130.75 10.1 7
2010 9 7 6 55 18.5477 35.6825 130.779 23.9 5
2010 9 7 6 55 55.1784 35.5974 130.729 4.8 5
2010 9 7 6 56 0.095321 35.6477 130.869 20.5 5
2010 9 7 6 56 4.16836 35.6508 130.834 17.7 7
2010 9 7 6 56 20.6741 35.6555 131.235 15.4 9
2010 9 7 6 57 16.7286 35.6598 130.828 20.5 10
2010 9 7 6 57 27.2721 35.636 130.738 23.7 5
2010 9 7 6 57 53.4912 35.6573 131.058 3.2 7
2010 9 7 6 58 24.9943 35.6744 130.792 16 6
2010 9 7 6 58 25.0684 35.6454 130.793 24.6 7
2010 9 7 6 58 25.4619 35.5971 130.838 3.8 5
2010 9 7 6 59 10.9055 35.6307 130.718 14.4 9
2010 9 7 6 59 18.2055 35.6502 130.934 2.6 5
2010 9 7 6 59 18.3702 35.6648 131.013 17.6 8
2010 9 7 7 0 5.67622 35.6982 130.572 23.4 8
2010 9 7 7 0 5.67622 35.6055 130.861 4.4 6
2010 9 7 7 0 40.325 35.656 130.795 21.2 5
2010 9 7 7 0 40.4695 35.6082 130.764 28.5 13
2010 9 7 7 0 58.6168 35.6306 130.678 19 7
2010 9 7 7 0 58.7216 35.6825 130.604 18.8 7
2010 9 7 7 0 58.9517 35.6932 130.965 20.3 7
2010 9 7 7 0 59.3432 35.6051 130.985 12 5
2010 9 7 7 1 59.7629 35.7493 130.986 10.7 5
2010 9 7 7 2 10.2292 35.6232 130.629 22 11
2010 9 7 7 2 34.5542 35.6208 130.772 12.5 5
2010 9 7 7 3 4.69423 35.7066 130.66 16.5 6
2010 9 7 7 3 5.05499 35.6491 130.646 15.8 7
2010 9 7 7 3 8.62678 35.6845 130.864 15.4 5
2010 9 7 7 3 39.3405 35.6637 130.608 13.6 8
2010 9 7 7 3 42.1396 35.6945 130.854 24.6 12
2010 9 7 7 4 28.3326 35.9209 130.203 15.9 5
2010 9 7 7 4 28.403 35.6319 130.576 29.4 13
2010 9 7 7 5 23.6448 35.6711 131.139 29.5 10
2010 9 7 7 5 34.991 35.5559 131.219 27.9 5
2010 9 7 7 5 38.6702 35.6493 130.669 19.9 6
2010 9 7 7 5 38.7274 35.6496 130.652 16.9 7
2010 9 7 7 6 52.965 35.7393 130.806 22.3 8
2010 9 7 7 7 7.2763 35.666 130.761 14.3 8
2010 9 7 7 7 14.178 35.703 130.857 14.3 7
2010 9 7 7 7 25.6801 35.6498 130.731 15.9 10
2010 9 7 7 7 47.8064 35.6942 130.876 16.2 9
2010 9 7 7 8 4.78284 35.3871 130.757 12.4 6
2010 9 7 7 8 4.84532 35.6696 130.644 9 5
2010 9 7 7 8 5.04403 35.6477 130.69 19 7
2010 9 7 7 8 5.17781 35.631 130.694 17.2 6
2010 9 7 7 8 32.9745 35.6817 130.466 17.8 6
2010 9 7 7 8 32.9746 35.7454 130.738 1.9 5
2010 9 7 7 8 53.7243 35.6285 130.771 22.7 6
2010 9 7 7 9 32.794 35.733 130.877 17.7 7
2010 9 7 7 9 32.9239 35.7263 130.872 15.9 10
2010 9 7 7 9 33.2043 35.7678 130.905 17.6 7
2010 9 7 7 9 40.2075 35.6906 130.783 20 6
2010 9 7 7 10 45.1457 35.6881 131.124 28 8
2010 9 7 7 10 56.3065 35.7627 130.766 16.5 8
2010 9 7 7 10 56.413 35.7286 130.965 18.8 11
2010 9 7 7 10 56.6705 35.7064 131.07 20.3 6
2010 9 7 7 11 42.4342 35.637 130.73 24.1 10
2010 9 7 7 12 19.0139 35.7025 130.832 8 5
2010 9 7 7 12 29.9913 35.622 131.368 21.3 6
2010 9 7 7 12 41.1301 35.6795 130.738 14 11
2010 9 7 7 12 41.215 35.6643 130.801 16.9 6
2010 9 7 7 13 5.1908 35.7577 130.891 20 6
2010 9 7 7 13 5.19083 35.7219 131.065 18 6
2010 9 7 7 13 31.9471 35.641 130.825 28.9 6
2010 9 7 7 13 32.0299 35.6642 130.445 23.3 5
2010 9 7 7 13 37.9099 35.6527 131.372 12.3 8
2010 9 7 7 13 38.0917 35.5862 131.55 21.4 5
2010 9 7 7 13 47.4556 35.7271 130.879 22.1 11
2010 9 7 7 13 47.5371 35.681 130.864 17.9 6
2010 9 7 7 14 23.8934 35.6645 130.716 16.8 5
2010 9 7 7 14 24.1652 35.6365 130.923 28.6 13
2010 9 7 7 14 50.5471 35.6914 130.469 16.7 6
2010 9 7 7 14 59.8518 35.609 131.337 13.8 8
2010 9 7 7 15 45.1681 35.6865 130.824 19 6
2010 9 7 7 15 49.6793 35.7248 131.293 28.6 6
2010 9 7 7 15 50.5502 35.7887 130.97 22.8 5
2010 9 7 7 16 50.5423 35.69 130.875 27.8 8
2010 9 7 7 16 50.5744 35.6408 130.888 3.4 5
2010 9 7 7 16 57.6856 35.6046 131.383 3.5 6
2010 9 7 7 17 24.8718 35.7787 130.704 14.5 6
2010 9 7 7 17 53.0734 35.7725 130.445 18.1 5
2010 9 7 7 17 53.3677 35.678 130.738 20.4 7
2010 9 7 7 18 14.2023 35.7402 130.931 27.8 8
2010 9 7 7 18 14.4099 35.7504 130.929 19.1 5
2010 9 7 7 18 39.7663 35.6819 130.84 16.4 8
2010 9 7 7 18 40.861 35.7567 130.803 6.1 5
2010 9 7 7 18 58.7823 35.8312 130.963 17.8 5
2010 9 7 7 19 28.7939 35.7599 130.684 25.7 6
2010 9 7 7 19 28.8687 35.7353 130.927 27.5 7
2010 9 7 7 20 11.1275 35.7164 131.469 16.9 5
2010 9 7 7 20 11.2089 35.7345 131.348 16.7 9
2010 9 7 7 20 24.1888 35.192 131.394 21.3 8
2010 9 7 7 20 33.3186 35.6961 130.876 18.4 5
2010 9 7 7 20 33.6881 35.728 130.393 14.5 7
2010 9 7 7 21 12.7607 35.6897 130.883 21.1 9
2010 9 7 7 21 12.8416 35.676 130.897 17.9 8
2010 9 7 7 21 21.7538 35.6771 131.303 25.7 7
2010 9 7 7 21 23.0848 35.6476 131.401 18.9 6
2010 9 7 7 22 13.3751 35.65 130.879 20.5 9
2010 9 7 7 22 14.4141 35.6834 130.925 19.5 9
2010 9 7 7 23 5.00896 35.7537 131.081 23.7 6
2010 9 7 7 23 14.5222 35.5637 131.374 9.3 5
2010 9 7 7 23 24.4793 35.7765 131.025 13.5 11
2010 9 7 7 24 2.79473 35.6667 130.871 19.6 5
2010 9 7 7 24 2.79474 35.6692 130.862 6.7 5
2010 9 7 7 24 25.6626 35.7492 130.946 18.5 9
2010 9 7 7 24 25.8605 35.7386 130.993 14.2 8
2010 9 7 7 24 26.0015 35.762 130.891 27.2 8
2010 9 7 7 24 26.558 35.7508 131.195 16.9 5
2010 9 7 7 25 35.5464 35.6682 130.93 21.2 9
2010 9 7 7 25 50.2523 35.7546 130.957 23.2 7
2010 9 7 7 25 50.3303 35.7577 131.042 19.1 7
2010 9 7 7 26 22.5952 35.6791 130.873 16.2 9
2010 9 7 7 26 22.651 35.7519 130.851 17.4 6
2010 9 7 7 26 22.7097 35.6919 130.853 20.7 7
2010 9 7 7 26 23.2451 35.6588 130.817 8.1 9
2010 9 7 7 26 42.2123 35.6903 130.987 16.3 5
2010 9 7 7 26 42.2529 35.6907 130.916 17.3 7
2010 9 7 7 27 8.17222 35.7103 130.873 21.8 6
2010 9 7 7 27 8.99324 35.7204 131.034 16 6
2010 9 7 7 27 29.9522 35.6536 130.919 21.6 11
2010 9 7 7 27 30.5322 35.6609 130.878 3.6 5
2010 9 7 7 28 32.236 35.6808 130.911 17.8 9
2010 9 7 7 28 32.3416 35.6672 131.063 20.7 6
2010 9 7 7 28 45.8197 35.6815 130.985 18.7 7
2010 9 7 7 29 5.91059 35.6714 130.928 25.5 9
2010 9 7 7 29 5.99957 35.7055 131.01 23.2 6
2010 9 7 7 29 6.2068 35.6973 130.77 0.9 5
2010 9 7 7 29 6.20684 35.6694 130.972 26.3 15
2010 9 7 7 29 6.40754 35.6629 130.933 5.2 5
2010 9 7 7 29 47.8328 35.7547 131.236 19.9 5
2010 9 7 7 29 53.5027 35.7524 131.024 20.8 7
2010 9 7 7 30 14.3659 35.6505 130.993 17.6 10
2010 9 7 7 30 21.4431 35.6648 130.788 6.6 5
2010 9 7 7 30 47.1169 35.7464 131.392 10.3 9
2010 9 7 7 30 47.3705 35.6744 130.872 28 8
2010 9 7 7 31 8.67421 35.6735 130.907 23.8 10
2010 9 7 7 31 8.74663 35.7012 130.91 21 7
2010 9 7 7 31 8.81098 35.7247 130.936 19.5 7
2010 9 7 7 31 25.1266 35.7894 131.123 24.7 5
2010 9 7 7 31 25.2209 35.7786 130.692 21.1 5
2010 9 7 7 31 25.3543 35.7651 131.024 19.5 6
2010 9 7 7 31 34.741 35.703 130.989 20 8
2010 9 7 7 31 35.1409 35.6338 130.929 21.8 5
2010 9 7 7 31 35.3614 35.6945 131.236 17.2 5
2010 9 7 7 31 35.4966 35.6664 130.916 10.9 5
2010 9 7 7 31 55.0265 35.7841 130.694 21 5
2010 9 7 7 31 56.6441 35.6324 131.266 22.5 5
2010 9 7 7 31 56.8009 35.4644 130.769 23.3 5
2010 9 7 7 32 16.8076 35.7469 130.988 6.4 6
2010 9 7 7 32 17.1193 35.6398 131.091 9.2 5
2010 9 7 7 32 17.4708 35.7453 131.051 17.2 11
2010 9 7 7 32 40.9356 35.6627 130.963 22.1 10
2010 9 7 7 32 47.1071 35.7483 131 20.2 10
2010 9 7 7 32 47.1874 35.7827 131.041 20.2 6
2010 9 7 7 32 47.3165 35.7538 131.143 19.1 5
2010 9 7 7 32 47.4547 35.7888 131.307 18.5 5
2010 9 7 7 32 47.5377 35.8295 131.017 12.5 5
2010 9 7 7 33 26.932 35.6431 130.808 8.6 5
2010 9 7 7 33 50.7737 35.7216 131.027 3.9 5
2010 9 7 7 33 50.7737 35.783 131.065 19.7 6
2010 9 7 7 33 50.9255 35.7729 131.017 24.4 10
2010 9 7 7 34 21.8159 35.6848 130.954 23.6 11
2010 9 7 7 34 21.91 35.6825 130.861 21.1 8
2010 9 7 7 34 22.5134 35.6742 130.95 20.5 9
2010 9 7 7 34 48.23 35.6861 130.703 13.9 6
2010 9 7 7 34 48.2301 35.6005 131.006 8.6 5
2010 9 7 7 34 48.2939 35.6716 131.001 21.4 6
2010 9 7 7 34 48.8382 35.6851 130.987 20.7 8
2010 9 7 7 34 49.0012 35.6838 130.905 24.3 7
2010 9 7 7 35 26.9458 35.6906 130.866 20.5 7
2010 9 7 7 35 27.6731 35.6995 130.983 23.1 8
2010 9 7 7 35 54.332 35.6663 130.856 5.5 7
2010 9 7 7 35 54.4684 35.7501 130.891 18.2 5
2010 9 7 7 35 54.5554 35.6563 130.911 28.5 10
2010 9 7 7 36 15.7901 35.7041 130.854 26.1 8
2010 9 7 7 36 16.1807 35.7442 130.975 16.8 7
2010 9 7 7 36 29.3438 35.7671 130.965 13 5
2010 9 7 7 36 29.8379 35.696 130.921 25.1 5
2010 9 7 7 36 50.1295 35.6869 130.909 4.4 5
2010 9 7 7 36 50.2081 35.6976 130.958 17.2 7
2010 9 7 7 36 50.3706 35.7421 130.702 15.4 7
2010 9 7 7 37 2.02212 35.6711 130.859 5.3 7
2010 9 7 7 37 2.1191 35.7036 130.81 8.3 5
2010 9 7 7 37 2.27227 35.7036 130.741 18.8 7
2010 9 7 7 37 9.2704 35.7126 130.952 21.5 6
2010 9 7 7 37 9.52372 35.6861 130.919 22.8 11
2010 9 7 7 37 27.2786 35.6567 130.846 5.7 6
2010 9 7 7 37 27.8482 35.6942 130.902 22.6 7
2010 9 7 7 37 57.1373 35.6953 130.937 25.2 5
2010 9 7 7 37 57.3435 35.649 130.956 25.5 5
2010 9 7 7 38 22.8171 35.6783 130.945 20.5 10
2010 9 7 7 38 22.8518 35.6949 131.097 22.2 5
2010 9 7 7 38 25.7367 35.5968 130.864 13.4 5
2010 9 7 7 39 3.05642 36.1083 130.283 12.6 5
2010 9 7 7 39 3.05662 35.7042 130.847 7.7 6
2010 9 7 7 39 13.9779 35.6252 130.951 17.2 10
2010 9 7 7 39 36.5474 35.7634 131.221 25.7 5
2010 9 7 7 39 36.7282 35.7809 131.196 18.5 8
2010 9 7 7 39 49.6135 35.7407 131.022 26 11
2010 9 7 7 40 9.78884 35.7552 131.091 20.2 9
2010 9 7 7 40 9.7889 35.9911 131.007 7.9 5
2010 9 7 7 40 9.8481 35.7492 131.069 22.7 5
2010 9 7 7 40 11.7439 35.6695 130.861 19.7 9
2010 9 7 7 40 27.602 35.6933 130.986 20.1 7
2010 9 7 7 40 42.3228 35.759 131.212 21.2 5
2010 9 7 7 40 43.7418 35.7503 131.057 17.7 11
2010 9 7 7 40 43.8971 35.7476 131.054 22.7 6
2010 9 7 7 41 23.65 35.6677 130.949 2 5
2010 9 7 7 41 50.0308 35.7044 130.955 19 8
2010 9 7 7 42 4.34538 35.6352 130.983 26.1 12
2010 9 7 7 42 11.6781 35.6773 131.113 8.2 5
2010 9 7 7 42 24.1055 35.7228 130.747 26.9 7
2010 9 7 7 42 24.1057 35.2003 131.045 28.1 5
2010 9 7 7 42 50.1916 35.697 131.019 19.2 6
2010 9 7 7 43 11.3127 35.7492 131.097 19 6
2010 9 7 7 43 13.8736 35.6827 130.786 6.8 5
2010 9 7 7 43 13.9632 35.6689 130.804 6.5 5
2010 9 7 7 43 14.1222 35.5758 130.881 13.2 5
2010 9 7 7 43 14.1223 35.6501 130.803 6.4 6
2010 9 7 7 43 29.1778 35.6755 130.625 15.2 6
2010 9 7 7 43 34.7943 35.6855 131.005 3.1 6
2010 9 7 7 43 50.7514 35.7302 130.987 17.3 7
2010 9 7 7 43 50.9446 35.7132 130.965 16.5 10
2010 9 7 7 44 7.80061 35.717 131.053 22.4 5
2010 9 7 7 44 8.39245 35.7585 131.068 20.5 7
2010 9 7 7 44 8.81218 35.6253 130.952 21.5 5
2010 9 7 7 44 9.07299 35.5899 130.95 5.9 5
2010 9 7 7 44 9.07301 35.6543 130.977 16 8
2010 9 7 7 44 29.2454 35.6954 131.031 7.6 9
2010 9 7 7 44 29.7182 35.6929 131.031 19 9
2010 9 7 7 44 40.4794 35.6778 130.971 23.1 5
2010 9 7 7 44 40.6131 35.6556 130.984 22.5 5
2010 9 7 7 44 41.039 35.6414 130.968 17.2 5
2010 9 7 7 44 55.0973 35.675 131.049 24.4 6
2010 9 7 7 45 7.33077 35.6941 130.744 28.8 5
2010 9 7 7 45 7.33082 35.6733 131.059 29.4 10
2010 9 7 7 45 28.1443 35.7295 131.086 28.8 9
2010 9 7 7 45 28.2065 35.7731 131.101 21.8 8
2010 9 7 7 45 39.343 35.7537 131.199 4.7 5
2010 9 7 7 45 59.9972 35.6385 130.948 19.2 10
2010 9 7 7 46 5.25824 35.7111 131.044 18 10
2010 9 7 7 46 14.4962 35.6758 130.992 18.9 5
2010 9 7 7 46 16.4708 35.8217 131.248 16.4 5
2010 9 7 7 46 16.7964 35.8213 131.186 20.8 6
2010 9 7 7 46 16.8847 35.8195 131.156 23.6 5
2010 9 7 7 46 17.11 35.7552 131.127 27.6 11
2010 9 7 7 46 22.5707 35.6481 131.207 18.5 5
2010 9 7 7 46 23.5378 35.6767 131.003 19 5
2010 9 7 7 46 34.292 35.69 130.953 17.6 11
2010 9 7 7 46 48.8455 35.7013 130.965 19.3 6
2010 9 7 7 46 55.7861 35.8521 131.023 16.7 5
2010 9 7 7 47 10.5316 35.65 131.1 23.5 6
2010 9 7 7 47 10.8542 35.645 131.015 20.7 8
2010 9 7 7 47 23.4529 35.7785 131.184 29.9 9
2010 9 7 7 47 23.9557 35.6733 131.165 3.3 5
2010 9 7 7 47 41.7299 35.5993 130.937 29 7
2010 9 7 7 47 57.4744 35.7318 131.073 19.7 5
2010 9 7 7 48 15.0049 35.711 131.022 17 9
2010 9 7 7 48 15.1387 35.7122 131.024 16.8 11
2010 9 7 7 48 18.0834 36.0443 132.805 20.7 5
2010 9 7 7 48 23.2687 35.7558 131.012 18.4 9
2010 9 7 7 48 34.5551 35.5882 131.006 9.6 5
2010 9 7 7 48 34.9506 35.641 130.945 25.6 5
2010 9 7 7 48 40.4498 35.7686 131.12 18.6 9
2010 9 7 7 48 40.8862 35.7781 131.215 17.2 6
2010 9 7 7 48 50.2956 35.7867 131.065 22.4 6
2010 9 7 7 48 50.7194 35.7206 131.034 21.7 6
2010 9 7 7 49 5.07768 35.6867 130.794 7.1 6
2010 9 7 7 49 5.07771 35.6211 131.072 9 7
2010 9 7 7 49 20.0855 35.8499 131.31 11.6 5
2010 9 7 7 49 52.0114 35.6536 131.072 19.8 6
2010 9 7 7 50 5.34652 35.7628 131.136 11.5 7
2010 9 7 7 50 6.25036 35.7209 131.146 17.2 11
2010 9 7 7 50 10.1415 35.68 130.968 22.9 5
2010 9 7 7 50 10.6455 35.6774 130.91 26.5 7
2010 9 7 7 50 10.7602 35.6604 130.897 19.4 8
2010 9 7 7 50 24.2231 35.821 131.338 21.9 7
2010 9 7 7 50 39.4129 35.6426 131.038 17.2 11
2010 9 7 7 50 39.8996 35.6458 131.055 19.3 8
2010 9 7 7 50 46.9705 35.7409 131.165 15.5 7
2010 9 7 7 50 47.6461 35.6975 131.094 8.5 10
2010 9 7 7 50 47.8093 35.7387 131.084 6.5 7
2010 9 7 7 50 54.5871 35.6781 131.047 17.3 5
2010 9 7 7 50 54.9128 35.5827 130.961 26.8 11
2010 9 7 7 50 59.5018 35.6591 131.053 19.4 6
2010 9 7 7 51 11.5047 35.6918 130.758 16.6 7
2010 9 7 7 51 12.1456 35.7245 131.42 28.7 8
2010 9 7 7 51 12.3206 35.765 131.159 15.3 6
2010 9 7 7 51 30.4017 35.6416 130.989 18.8 10
2010 9 7 7 51 31.7628 35.5869 131.042 24.8 6
2010 9 7 7 51 45.4785 35.6723 131.342 25.7 7
2010 9 7 7 51 45.6256 35.6908 131.13 20.2 6
2010 9 7 7 52 7.6848 35.7818 131.209 20.5 8
2010 9 7 7 52 7.74858 35.8044 131.204 15.7 11
2010 9 7 7 52 8.93595 35.7844 131.19 5.8 6
2010 9 7 7 52 12.0573 35.6139 131.02 7 6
2010 9 7 7 52 14.4497 35.699 131.058 20.4 7
2010 9 7 7 52 26.5804 35.6878 130.691 10.1 6
2010 9 7 7 52 27.5673 35.6477 131.026 20.5 9
2010 9 7 7 52 31.4355 35.7584 131.183 11 5
2010 9 7 7 52 31.4355 35.8009 131.192 18.9 7
2010 9 7 7 52 31.7687 35.8008 131.175 12.6 7
2010 9 7 7 52 34.5361 35.2218 131.775 20.5 5
2010 9 7 7 52 34.5382 35.2346 131.683 22.4 7
2010 9 7 7 52 38.5954 35.7753 133.166 21.7 6
2010 9 7 7 52 45.7068 35.6545 130.965 19.8 7
2010 9 7 7 53 1.39012 35.7638 131.079 17.8 10
2010 9 7 7 53 1.50745 35.7716 131.147 22.1 6
2010 9 7 7 53 1.84569 35.7557 131.083 20.7 10
2010 9 7 7 53 7.69451 35.6814 131.067 15.6 8
2010 9 7 7 53 12.027 35.6402 130.982 23.1 6
2010 9 7 7 53 20.1595 35.6869 131.082 12 5
2010 9 7 7 53 37.4335 35.7122 131.05 18.8 9
2010 9 7 7 53 58.7029 35.6856 130.869 25.7 9
2010 9 7 7 53 59.8736 35.8795 131.066 17.3 6
2010 9 7 7 53 59.8736 35.665 131.559 21.1 5
2010 9 7 7 54 1.83747 35.6406 131.079 14.5 6
2010 9 7 7 54 16.2159 35.6535 131.115 19.5 7
2010 9 7 7 54 25.8539 35.7849 131.176 18.1 9
2010 9 7 7 54 25.9044 35.7892 131.161 19.2 6
2010 9 7 7 54 25.9685 35.793 131.203 19.4 6
2010 9 7 7 54 34.795 35.7993 131.174 19.8 8
2010 9 7 7 54 49.0133 35.6379 131.066 19.6 6
2010 9 7 7 54 49.2463 35.636 131.003 19.2 9
2010 9 7 7 54 52.0772 35.7743 131.096 14 9
2010 9 7 7 54 52.2068 35.7689 131.376 15.6 5
2010 9 7 7 54 52.2667 35.7733 131.105 21.4 8
2010 9 7 7 55 23.8784 35.8776 131.308 16.4 9
2010 9 7 7 55 23.9417 35.8312 131.324 24 5
2010 9 7 7 55 24.0052 35.8521 131.365 28.2 9
2010 9 7 7 55 24.1139 35.8105 131.311 22.9 6
2010 9 7 7 55 24.2065 35.8226 131.3 19.9 7
2010 9 7 7 55 28.2884 35.6369 130.955 25.5 5
2010 9 7 7 55 34.6708 35.8075 131.267 21.3 6
2010 9 7 7 55 34.9565 35.8043 131.179 15.8 9
2010 9 7 7 55 44.2235 35.8695 130.623 5.1 5
2010 9 7 7 55 46.1623 35.7608 131.176 24.1 6
2010 9 7 7 56 3.28989 35.7963 131.224 21.2 6
2010 9 7 7 56 3.32986 35.8263 131.285 21.2 6
2010 9 7 7 56 4.08413 35.8013 131.213 15.9 9
2010 9 7 7 56 18.8338 35.813 131.253 25.2 5
2010 9 7 7 56 31.3252 35.6688 130.999 23.8 9
2010 9 7 7 56 31.5982 35.6731 131.003 17.9 8
2010 9 7 7 56 38.0491 35.828 131.384 14.3 5
2010 9 7 7 56 38.2495 35.8444 131.321 26.1 5
2010 9 7 7 56 38.8395 35.7373 131.22 23.3 5
2010 9 7 7 56 38.9252 35.8609 131.596 18.7 6
2010 9 7 7 56 57.7717 35.6184 131.049 21.1 6
2010 9 7 7 56 57.8288 35.6475 131.049 17 11
2010 9 7 7 56 59.7905 35.7671 131.236 25.6 5
2010 9 7 7 57 0.005104 35.8123 131.305 23.4 6
2010 9 7 7 57 0.110717 35.7769 131.155 17.6 8
2010 9 7 7 57 7.42843 35.6663 131.082 19.5 5
2010 9 7 7 57 7.83889 35.6458 131.014 19.1 7
2010 9 7 7 57 16.0912 35.7492 131.18 9.4 6
2010 9 7 7 57 22.5082 35.6684 131.066 20.8 5
2010 9 7 7 57 39.9919 35.857 130.816 14.3 6
2010 9 7 7 57 39.992 35.8271 131.013 19.9 5
2010 9 7 7 57 55.0474 35.7967 131.191 7 7
2010 9 7 7 58 2.6e-05 35.5946 131.032 17.9 10
2010 9 7 7 58 0.350607 35.6513 131.108 21.3 11
2010 9 7 7 58 0.433252 35.614 131.043 18.9 9
2010 9 7 7 58 0.514533 35.5985 131.131 10.6 5
2010 9 7 7 58 0.646959 35.6831 131.124 18.8 6
2010 9 7 7 58 21.7586 35.6687 131.183 15.1 6
2010 9 7 7 58 22.4447 35.6285 131.1 27.5 6
2010 9 7 7 59 3.08217 35.661 131.067 20.1 10
2010 9 7 7 59 7.67929 35.7669 131.182 10.2 6
2010 9 7 7 59 7.7973 35.7735 131.19 20.7 6
2010 9 7 7 59 7.90897 35.7927 131.189 20 8
2010 9 7 7 59 10.9 35.6209 131.025 19.2 8
2010 9 7 7 59 14.4296 35.8361 130.859 19 5
2010 9 7 7 59 14.4297 35.7935 131.363 20.5 6
2010 9 7 7 59 14.5841 35.7831 131.392 8 5
2010 9 7 7 59 15.1414 35.815 131.211 16.4 9
2010 9 7 7 59 37.4466 35.7915 131.185 14.6 5
2010 9 7 7 59 37.6987 35.7358 131.139 20.3 8
2010 9 7 7 59 37.8684 35.6356 131.185 10.6 7
2010 9 7 7 59 47.7998 35.6439 131.11 24.1 5
2010 9 7 7 59 58.7972 35.699 131.144 19.1 9
2010 9 7 7 59 58.8616 35.6995 131.15 20.9 6
2010 9 7 7 59 58.9572 35.7136 131.248 17.9 5
2010 9 7 7 59 59.0257 35.7021 131.148 19 10
2010 9 7 8 0 2.91026 35.6437 131.073 22.9 6
2010 9 7 8 0 13.0463 35.719 131.024 11.5 6
2010 9 7 8 0 20.3569 35.8152 131.2 18.6 7
2010 9 7 8 0 31.1968 35.7222 131.168 18.7 7
2010 9 7 8 0 31.2956 35.7235 131.169 18 10
2010 9 7 8 0 31.3987 35.7301 131.177 17.9 8
2010 9 7 8 1 4.93653 35.7668 131.251 28.2 12
2010 9 7 8 1 13.233 35.7257 131.117 26.4 5
2010 9 7 8 1 17.1288 35.6262 131.028 16.3 10
2010 9 7 8 1 17.2769 35.6366 131.069 19 10
2010 9 7 8 1 24.1498 35.8034 131.185 18.6 10
2010 9 7 8 1 24.2207 35.8411 131.481 16.5 5
2010 9 7 8 1 24.4559 35.7848 131.227 17.5 9
2010 9 7 8 1 28.6959 35.6993 130.808 16.6 10
2010 9 7 8 1 49.3056 35.6245 131.106 18.4 9
2010 9 7 8 1 55.2419 35.652 131.091 23.9 7
2010 9 7 8 1 55.5144 35.6504 130.978 6.7 5
2010 9 7 8 2 13.8637 35.7526 131.123 17.5 9
2010 9 7 8 2 27.8551 35.8287 131.282 20.5 8
2010 9 7 8 2 33.9036 35.7134 130.925 29.7 8
2010 9 7 8 2 36.7392 35.7518 131.114 10.1 5
2010 9 7 8 2 48.7342 35.7928 131.165 20.3 8
2010 9 7 8 2 48.7796 35.7977 131.255 18.4 6
2010 9 7 8 2 48.8415 35.7628 131.196 23.9 11
2010 9 7 8 2 49.0182 35.7862 131.265 21 5
2010 9 7 8 3 15.4538 35.6326 131.014 19.1 10
2010 9 7 8 3 21.0143 35.6614 131.099 20.1 7
2010 9 7 8 3 28.9127 35.5767 131.06 1.1 5
2010 9 7 8 3 29.4332 35.6188 131.058 22.1 5
2010 9 7 8 3 38.0758 35.8113 131.281 20.4 6
2010 9 7 8 3 38.2164 35.7926 131.231 16.5 10
2010 9 7 8 3 38.3412 35.7959 131.209 16.4 8
2010 9 7 8 3 38.5314 35.8077 131.229 12.6 6
2010 9 7 8 3 45.2267 35.7686 131.136 23.4 6
2010 9 7 8 3 53.0596 35.5888 131.123 4.1 6
2010 9 7 8 3 53.0596 35.6328 131.191 24.4 5
2010 9 7 8 3 54.3619 35.7914 131.351 18.9 6
2010 9 7 8 3 54.4458 35.7811 131.267 21.3 6
2010 9 7 8 4 25.6773 35.617 131.108 22.9 6
2010 9 7 8 4 35.0034 35.8064 131.317 16.4 7
2010 9 7 8 4 35.1372 35.8376 131.309 23.9 5
2010 9 7 8 4 35.3885 35.8014 131.262 19.3 8
2010 9 7 8 4 50.897 35.5303 131.121 3.2 5
2010 9 7 8 4 50.897 35.6131 130.996 6.4 6
2010 9 7 8 4 59.5441 35.7495 131.188 17.1 10
2010 9 7 8 5 12.3104 35.7395 131.109 16.9 8
2010 9 7 8 5 18.8949 35.8662 131.272 16.6 8
2010 9 7 8 5 19.1752 35.8386 131.258 17 8
2010 9 7 8 5 19.307 35.8906 130.869 12.8 5
2010 9 7 8 5 19.7147 35.8918 131.282 15.8 5
2010 9 7 8 5 24.5871 35.6518 131.103 26.6 10
2010 9 7 8 5 33.3605 35.737 130.997 19.7 5
2010 9 7 8 5 33.9294 35.7728 131.256 27.1 12
2010 9 7 8 5 35.1425 35.7573 131.056 28.5 6
2010 9 7 8 5 35.1426 35.683 131.165 4.4 6
2010 9 7 8 5 36.0909 35.7492 131.197 20.4 11
2010 9 7 8 5 50.7943 35.7317 131.097 15.3 5
2010 9 7 8 5 50.9642 35.6459 131.155 19.6 7
2010 9 7 8 5 52.6757 35.8212 131.313 22.9 6
2010 9 7 8 6 2.16865 35.6261 131.117 20.3 6
2010 9 7 8 6 12.3752 35.6737 131.026 21.8 8
2010 9 7 8 6 24.9803 35.8553 131.004 0.9 5
2010 9 7 8 6 27.6448 35.6149 130.872 5.9 6
2010 9 7 8 6 27.7717 35.6132 131 19.2 8
2010 9 7 8 6 41.0388 35.8344 131.264 18.6 7
2010 9 7 8 6 50.8885 35.6327 130.843 24 7
2010 9 7 8 6 50.8885 35.608 131.162 10 6
2010 9 7 8 6 57.9284 35.7421 131.203 24.9 9
2010 9 7 8 6 58.1809 35.7735 131.198 20.1 6
2010 9 7 8 6 58.4304 35.7545 131.19 24.4 5
2010 9 7 8 7 8.62037 35.6565 131.057 15.2 8
2010 9 7 8 7 16.4749 35.8334 131.046 19.2 8
2010 9 7 8 7 16.4749 35.8346 131.286 17.4 8
2010 9 7 8 7 16.6709 35.8638 130.964 23.4 7
2010 9 7 8 7 17.5407 35.8497 131.322 20.9 5
2010 9 7 8 7 21.5046 35.6215 131.002 24.4 6
2010 9 7 8 7 33.3089 35.7257 131.163 16.3 11
2010 9 7 8 7 34.1596 35.7357 131.199 17.2 8
2010 9 7 8 7 48.4004 35.8369 131.283 24.9 7
2010 9 7 8 7 48.438 35.8335 131.261 20.3 8
2010 9 7 8 7 54.2925 35.6549 131.062 19 7
2010 9 7 8 8 6.35936 35.7196 131.19 20.7 5
2010 9 7 8 8 6.59315 35.7991 131.188 18 6
2010 9 7 8 8 6.74643 35.7464 131.054 7.5 5
2010 9 7 8 8 6.86331 35.7105 131.212 20.9 6
2010 9 7 8 8 6.8652 35.7296 131.161 21.5 6
2010 9 7 8 8 7.3231 35.6943 131.149 12.5 5
2010 9 7 8 8 7.32318 35.7586 131.464 16.6 5
2010 9 7 8 8 18.5382 35.6103 131.111 10.7 7
2010 9 7 8 8 22.4804 35.6871 131.234 20.6 5
2010 9 7 8 8 22.4804 35.6733 131.122 5.4 5
2010 9 7 8 8 24.9199 35.6605 131.088 24.6 8
2010 9 7 8 8 46.3398 35.6889 131.093 22.7 6
2010 9 7 8 8 48.118 35.7663 131.243 27.9 5
2010 9 7 8 8 48.1906 35.8013 131.214 17.8 5
2010 9 7 8 8 48.2635 35.8062 131.247 15.8 5
2010 9 7 8 8 49.2471 35.6979 130.993 17.3 7
2010 9 7 8 9 15.4805 35.7743 131.338 15.6 7
2010 9 7 8 9 15.4805 35.8145 131.297 24.2 11
2010 9 7 8 9 15.4933 35.8513 131.291 17 7
2010 9 7 8 9 22.6244 35.6133 131.047 18.7 6
2010 9 7 8 9 29.2406 35.8239 131.234 16.9 8
2010 9 7 8 9 29.6952 35.7709 131.184 16.4 8
2010 9 7 8 9 29.8684 35.6974 131.086 29.6 9
2010 9 7 8 9 39.9875 35.6033 131.143 22.4 5
2010 9 7 8 9 53.8354 35.5874 131.12 2.6 6
2010 9 7 8 9 53.9419 35.6687 131.147 20.4 5
2010 9 7 8 9 59.6805 35.8321 130.84 17.6 6
2010 9 7 8 9 59.6805 35.7502 131.222 21.5 11
2010 9 7 8 9 59.7764 35.804 131.242 18.7 9
2010 9 7 8 10 1.06655 35.1724 131.54 15.5 6
2010 9 7 8 10 1.06658 35.0945 131.855 6.5 6
2010 9 7 8 10 11.1447 35.631 131.135 17.9 8
2010 9 7 8 10 28.6789 35.8872 131.397 21.9 8
2010 9 7 8 10 28.9814 35.8331 131.373 18.7 5
2010 9 7 8 10 32.1374 35.6836 131.068 17.6 8
2010 9 7 8 10 45.639 35.6994 131.252 28.7 5
2010 9 7 8 11 14.3865 35.6538 131.078 13.8 5
2010 9 7 8 11 14.6148 35.7524 130.435 10.9 5
2010 9 7 8 11 16.0998 35.8328 131.335 21.6 5
2010 9 7 8 11 33.8889 35.6726 131.144 24.6 12
2010 9 7 8 11 34.1057 35.6317 131.198 21.8 7
2010 9 7 8 11 53.3603 35.6423 131.194 24.5 5
2010 9 7 8 11 53.9998 35.6171 131.125 10 7
2010 9 7 8 11 54.5925 35.6356 131.195 23.5 7
2010 9 7 8 12 4.97692 35.7136 131.258 25.1 5
2010 9 7 8 12 6.16076 35.8141 131.24 21.2 6
2010 9 7 8 12 6.52473 35.8248 131.232 23.5 7
2010 9 7 8 12 6.94308 35.6583 131.116 23.2 6
2010 9 7 8 12 7.40401 35.6671 131.068 22.5 6
2010 9 7 8 12 20.1138 35.6435 131.148 21.8 7
2010 9 7 8 12 23.6479 35.7035 131.19 18.8 9
2010 9 7 8 12 24.015 35.7144 131.176 22.6 7
2010 9 7 8 12 24.6843 36.0234 130.618 13.4 5
2010 9 7 8 12 24.6844 35.6678 131.202 6 6
2010 9 7 8 12 51.44 35.8521 131.071 20.2 6
2010 9 7 8 12 51.4401 35.7149 131.682 30 5
2010 9 7 8 12 51.4694 35.8303 131.266 18 9
2010 9 7 8 12 51.5033 35.6168 130.994 26.8 7
2010 9 7 8 12 51.5236 35.8725 131.297 17 5
2010 9 7 8 12 51.5849 35.8403 131.33 21.8 6
2010 9 7 8 12 51.6272 35.8627 131.242 19.3 8
2010 9 7 8 12 51.6931 35.8374 131.277 21.3 9
2010 9 7 8 12 51.86 35.8438 131.275 19 9
2010 9 7 8 12 52.0228 35.8189 131.219 7.9 6
2010 9 7 8 13 10.2352 35.6798 131.218 24.9 6
2010 9 7 8 13 21.1834 35.5889 131.121 18.9 13
2010 9 7 8 13 21.9507 35.5416 131.671 4.1 7
2010 9 7 8 13 21.9508 35.5641 131.568 27.9 7
2010 9 7 8 13 29.9401 35.7699 131.357 18.9 9
2010 9 7 8 13 29.9622 35.7525 131.351 23.3 5
2010 9 7 8 13 44.5762 35.6476 131.015 5.5 6
2010 9 7 8 13 44.6783 35.6325 130.876 20.1 7
2010 9 7 8 13 45.1028 35.6243 131.142 17.8 10
2010 9 7 8 13 52.2354 35.5939 131.096 23.2 6
2010 9 7 8 13 52.3601 35.5849 131.029 22.2 8
2010 9 7 8 13 53.2189 35.758 131.134 18.5 8
2010 9 7 8 13 55.792 35.6601 131.161 24.5 7
2010 9 7 8 14 2.1126 35.8638 131.284 25.6 5
2010 9 7 8 14 2.20066 35.8523 131.278 18.4 7
2010 9 7 8 14 13.2705 35.669 131.263 13.6 6
2010 9 7 8 14 22.7411 35.6222 131.251 22 5
2010 9 7 8 14 33.3809 35.6731 130.751 19.3 6
2010 9 7 8 14 54.0298 36.2126 130.559 16.3 5
2010 9 7 8 14 54.0301 35.787 131.279 24.4 8
2010 9 7 8 14 55.0047 35.9251 133.372 22.3 10
2010 9 7 8 15 30.7634 35.6272 131.125 19.2 7
2010 9 7 8 15 31.3187 35.6845 131.013 5.3 5
2010 9 7 8 15 39.0446 35.841 130.986 20.4 8
2010 9 7 8 15 39.0935 35.8376 130.942 19.1 6
2010 9 7 8 15 39.0935 35.7549 131.297 4.9 5
2010 9 7 8 15 48.225 35.6185 131.101 18.4 7
2010 9 7 8 15 48.5274 35.629 131.17 26.3 5
2010 9 7 8 15 55.7047 35.9304 132.761 27.7 5
2010 9 7 8 15 55.7048 35.7856 133.229 10 5
2010 9 7 8 16 0.917706 35.7115 130.909 23 7
2010 9 7 8 16 0.917743 35.5786 131.308 13.2 9
2010 9 7 8 16 7.14358 35.7412 131.193 20.2 5
2010 9 7 8 16 27.8988 35.8499 131.135 29.4 8
2010 9 7 8 16 32.4349 35.613 131.084 6.4 5
2010 9 7 8 17 1.72369 35.6083 131.039 6.5 5
2010 9 7 8 17 2.1814 35.6388 131.147 22.4 10
2010 9 7 8 17 8.81514 35.7827 131.298 25 7
2010 9 7 8 17 9.48184 35.7875 131.047 7.1 5
2010 9 7 8 18 11.1656 35.632 131.228 24.4 5
2010 9 7 8 18 29.773 35.6358 131.246 26.1 6
2010 9 7 8 18 49.1796 35.6119 131.256 21.5 6
2010 9 7 8 19 16.3524 35.7542 131.25 21.7 7
2010 9 7 8 19 32.122 35.6693 131.144 17.8 9
2010 9 7 8 20 0.151479 35.6452 131.178 25.1 9
2010 9 7 8 20 0.151489 35.6785 131.375 26 6
2010 9 7 8 20 0.389469 35.7042 131.231 26.4 11
2010 9 7 8 20 11.077 35.6377 131.174 23.3 7
2010 9 7 8 20 43.2086 35.6123 131.382 29.2 7
2010 9 7 8 20 51.702 35.384 131.411 19.6 5
2010 9 7 8 20 51.7021 35.3031 131.843 16.9 7
2010 9 7 8 21 3.62846 35.9336 130.547 14.9 6
2010 9 7 8 21 14.3224 35.6539 131.234 12.3 6
2010 9 7 8 21 14.4824 35.6514 131.248 18.1 9
2010 9 7 8 22 25.483 35.6449 131.149 22.4 8
2010 9 7 8 22 26.2927 35.6208 131.032 29.8 8
2010 9 7 8 22 35.5617 35.585 131.198 26.7 10
2010 9 7 8 23 9.25409 35.6934 131.18 21.7 7
2010 9 7 8 23 56.6605 35.663 131.634 19.8 5
2010 9 7 8 23 58.8762 35.8508 131.368 7.2 6
2010 9 7 8 23 58.9244 35.8459 131.386 19.8 5
2010 9 7 8 23 58.9978 35.8522 131.313 18.8 7
2010 9 7 8 25 12.4183 35.5614 131.178 24.1 7
2010 9 7 8 25 45.2817 35.5555 131.126 29.3 9
2010 9 7 8 26 24.8902 35.661 130.781 19.3 6
2010 9 7 8 26 24.8902 35.556 131.241 3.5 8
2010 9 7 8 26 25.3092 35.6448 131.181 17.3 6
2010 9 7 8 26 25.3092 35.5591 131.213 3.7 5
2010 9 7 8 27 47.8647 35.7059 131.124 20.5 6
2010 9 7 8 28 45.2817 35.5595 131.417 29.6 8
2010 9 7 8 28 45.6308 35.8363 131.375 27.6 6
2010 9 7 8 30 19.2661 35.6412 131.2 20 7
2010 9 7 8 30 19.2661 35.5748 131.229 8.3 6
2010 9 7 8 30 20.018 35.6477 131.258 19.4 5
2010 9 7 8 31 18.8131 36.0856 133.198 23.1 5
2010 9 7 8 31 19.7599 36.0476 133.273 16 6
2010 9 7 8 31 48.622 35.3168 131.866 19.8 9
2010 9 7 8 31 48.6311 35.3277 131.869 22.1 9
2010 9 7 8 31 48.6926 35.3569 131.627 17.1 5
2010 9 7 8 31 48.6927 35.3146 131.867 22.3 13
2010 9 7 8 32 55.3818 35.9092 132.792 10.7 5
2010 9 7 8 34 26.861 35.6706 131.095 23.7 8
2010 9 7 8 34 39.9434 35.9215 133.1 20.5 9
2010 9 7 8 35 23.8015 36.076 132.807 12.3 5
2010 9 7 8 35 23.8016 36.0168 133.247 27.3 8
2010 9 7 8 35 37.8519 35.6311 131.075 23.7 6
2010 9 7 8 35 37.8519 35.6748 131.142 25.4 6
2010 9 7 8 35 37.984 35.6758 131.135 20.5 6
2010 9 7 8 35 49.4462 35.9742 133.225 29.9 10
2010 9 7 8 35 49.5329 35.9782 133.111 15.5 6
2010 9 7 8 35 49.626 35.9856 133.322 25.1 5
2010 9 7 8 35 50.0488 35.9894 133.277 21.5 7
2010 9 7 8 36 16.7 35.9018 133.237 18.9 9
2010 9 7 8 36 56.9114 36.0569 133.439 8.5 6
2010 9 7 8 37 0.956801 35.6824 131.108 21.8 7
2010 9 7 8 37 0.992476 35.6658 130.759 26.1 5
2010 9 7 8 37 0.99254 35.6543 131.138 25.4 6
2010 9 7 8 37 43.0342 35.9109 133.258 26.5 10
2010 9 7 8 38 35.1826 35.6807 130.93 25.6 7
2010 9 7 8 38 35.1827 35.6545 131.084 23.2 8
2010 9 7 8 38 35.3996 35.6251 131.037 22.4 8
2010 9 7 8 39 37.9789 35.6638 131.165 24.5 5
2010 9 7 8 39 38.1274 35.6612 131.117 23.2 6
2010 9 7 8 40 37.7835 35.891 133.237 21.2 7
2010 9 7 8 40 37.9178 35.8793 133.277 24 7
2010 9 7 8 40 38.004 35.8429 133.196 28.1 11
2010 9 7 8 40 38.0702 35.8675 133.204 17.2 9
2010 9 7 8 40 47.6173 35.6475 131.06 29 8
2010 9 7 8 41 43.8117 35.4817 131.766 4.2 5
2010 9 7 8 41 55.423 35.7879 133.12 28 7
2010 9 7 8 41 55.5382 35.7746 133.005 16 5
2010 9 7 8 41 55.8136 35.7871 132.942 15.4 6
2010 9 7 8 41 55.8137 35.741 133.302 22 6
2010 9 7 8 42 27.3919 35.6181 131.16 25.1 7
2010 9 7 8 42 39.0618 35.9449 133.017 23.9 7
2010 9 7 8 42 39.1175 35.9296 133.415 20.4 5
2010 9 7 8 42 39.4019 35.6871 131.194 23.4 6
2010 9 7 8 42 50.1284 35.8747 133.06 18.2 6
2010 9 7 8 43 17.841 36.0649 133.262 20.7 7
2010 9 7 8 44 35.6564 35.8907 133.257 26.1 7
2010 9 7 8 45 30.3234 35.6838 131.029 29.7 7
2010 9 7 8 45 30.6667 35.6869 131.14 19 9
2010 9 7 8 45 37.3585 36.0573 132.923 22.5 7
2010 9 7 8 45 37.3585 36.0205 133.177 26.7 5
2010 9 7 8 45 56.3346 35.8582 133.26 26 10
2010 9 7 8 46 12.3262 35.8264 133.293 21.8 7
2010 9 7 8 46 48.6491 35.9069 133.355 26.8 10
2010 9 7 8 46 48.6867 35.9229 132.981 16.8 6
2010 9 7 8 46 49.2173 35.8797 133.257 27.9 10
2010 9 7 8 48 3.31259 35.8401 133.382 2.5 5
2010 9 7 8 48 32.8821 35.6782 131.138 22.6 10
2010 9 7 8 48 45.0079 35.8765 133.343 22.2 8
2010 9 7 8 48 45.0641 35.8305 133.328 23.7 9
2010 9 7 8 48 45.9139 35.8936 133.036 19.9 7
2010 9 7 8 48 45.9139 35.7916 133.387 2.4 5
2010 9 7 8 48 46.132 35.7792 133.381 7.2 5
2010 9 7 8 49 8.12061 35.6683 131.256 23 5
2010 9 7 8 49 18.6267 35.9699 133.071 6 5
2010 9 7 8 49 18.6267 35.8075 133.365 16.2 5
2010 9 7 8 49 18.9375 36.3303 132.602 17.7 5
2010 9 7 8 49 19.1811 35.8853 133.309 23.5 10
2010 9 7 8 49 59.2594 35.67 131.133 20.3 7
2010 9 7 8 49 59.4783 35.6684 131.141 21.9 6
2010 9 7 8 50 2.24199 35.9343 133.353 16.9 7
2010 9 7 8 50 2.3726 35.8696 133.313 26 11
2010 9 7 8 50 2.46031 35.8511 133.299 27.4 7
2010 9 7 8 50 27.3093 35.9161 133.36 26.1 11
2010 9 7 8 50 37.7946 35.4867 131.907 27.8 8
2010 9 7 8 50 37.7982 35.5161 132.052 17.1 7
2010 9 7 8 50 37.8941 35.4754 132.007 17.2 6
2010 9 7 8 50 58.23 36.003 132.923 17.5 6
2010 9 7 8 50 58.3027 35.9341 133.438 23.3 6
2010 9 7 8 50 58.7306 35.9529 133.074 20.2 6
2010 9 7 8 51 23.739 35.6715 131.105 29.3 11
2010 9 7 8 51 23.739 35.5741 131.355 16 5
2010 9 7 8 51 24.1122 35.6862 131.108 29.8 9
2010 9 7 8 51 24.2043 35.6718 131.167 6.1 6
2010 9 7 8 51 24.2861 35.7098 130.983 3.9 5
2010 9 7 8 51 31.2441 35.9614 133.403 20.7 7
2010 9 7 8 52 30.0962 35.5131 131.472 25.5 7
2010 9 7 8 52 36.2594 35.935 133.38 20.5 7
2010 9 7 8 52 36.358 35.8708 133.383 29.6 9
2010 9 7 8 52 36.536 35.9551 133.262 3.4 5
2010 9 7 8 52 49.1044 35.7732 133.421 9.6 5
2010 9 7 8 53 38.717 35.9891 133.137 25.4 7
2010 9 7 8 53 39.4917 36.0252 133.152 13.7 5
2010 9 7 8 53 40.0891 36.2476 133.325 18.6 10
2010 9 7 8 53 40.265 36.2134 133.316 25.4 8
2010 9 7 8 53 45.7069 35.6857 131.113 24.9 6
2010 9 7 8 55 19.587 35.8801 133.377 18.3 8
2010 9 7 8 55 28.1109 35.6956 131.055 2.6 5
2010 9 7 8 55 28.2533 35.7168 131.024 27.4 11
2010 9 7 8 55 28.3273 35.7597 131.064 16.9 6
2010 9 7 8 56 28.4606 35.7263 131.122 27 8
2010 9 7 8 56 36.2057 35.9785 133.585 26.6 6
2010 9 7 8 57 20.9028 35.6766 131.222 25.3 11
2010 9 7 8 57 20.9647 35.7579 130.871 21.1 7
2010 9 7 8 57 21.1965 35.7637 130.845 13.4 5
2010 9 7 8 57 21.3874 35.7974 131.237 25.8 5
2010 9 7 8 57 26.2608 35.705 133.289 29.7 6
2010 9 7 8 58 6.79238 35.7011 131.151 26.2 11
2010 9 7 8 58 50.7897 35.952 133.405 22.5 10
2010 9 7 8 59 32.7207 35.7155 133.383 26.3 10
2010 9 7 8 59 36.5653 35.6953 131.191 21.1 9
2010 9 7 8 59 36.6625 35.7284 130.916 14.8 6
2010 9 7 8 59 59.7673 35.8586 133.141 22 5
2010 9 7 9 0 0.015891 35.8176 133.412 29.1 10
2010 9 7 9 0 0.829168 35.8214 133.419 20.6 12
2010 9 7 9 0 23.2054 35.7505 131.228 23.7 6
2010 9 7 9 0 30.3954 35.8885 133.088 25.2 5
2010 9 7 9 0 30.3954 35.925 133.445 20.3 5
2010 9 7 9 1 31.3374 35.7442 133.444 18.6 6
2010 9 7 9 1 31.3882 35.7603 133.111 16.1 6
2010 9 7 9 1 31.549 35.6796 133.411 26 6
2010 9 7 9 1 48.831 35.8458 133.311 27.1 5
2010 9 7 9 1 48.8874 35.8055 133.464 8.2 5
2010 9 7 9 1 48.9435 35.8498 133.439 23.9 11
2010 9 7 9 1 49.3446 35.8521 133.382 22.9 10
2010 9 7 9 2 45.4543 35.708 131.094 11.4 7
2010 9 7 9 3 16.1494 35.9514 133.458 19.7 8
2010 9 7 9 3 16.1935 35.9716 133.454 21.9 6
2010 9 7 9 3 17.2364 35.9822 133.442 12.1 8
2010 9 7 9 4 30.9563 35.88 133.21 20.3 5
2010 9 7 9 4 31.1052 35.8056 133.44 23.7 8
2010 9 7 9 4 57.1947 36.0042 133.493 19.2 10
2010 9 7 9 5 12.8938 35.6332 131.284 8.3 6
2010 9 7 9 5 13.6829 35.7166 131.164 11.6 7
2010 9 7 9 5 13.683 35.6151 131.564 2.6 5
2010 9 7 9 5 13.7955 35.6695 130.93 24.7 5
2010 9 7 9 6 10.7893 35.8294 133.079 15.8 5
2010 9 7 9 6 10.7894 35.7145 133.556 26 6
2010 9 7 9 6 15.4202 36.2463 133.322 23.7 10
2010 9 7 9 6 19.3746 35.8133 133.474 18.8 10
2010 9 7 9 6 19.428 35.8712 133.186 11.4 5
2010 9 7 9 6 20.1011 35.8539 133.162 11.6 5
2010 9 7 9 7 7.61247 35.828 133.515 7.9 5
2010 9 7 9 7 28.6105 35.6935 131.136 25.5 6
2010 9 7 9 7 28.6106 35.6839 131.075 27.4 8
2010 9 7 9 7 29.6824 35.7378 130.793 19.3 7
2010 9 7 9 9 2.62041 35.8633 133.5 22.1 10
2010 9 7 9 9 35.0201 35.5211 132.079 5.3 5
2010 9 7 9 10 10.9931 36.0001 133.518 19 8
2010 9 7 9 10 11.5899 36.0271 133.261 27.6 7
2010 9 7 9 10 40.9933 35.7414 133.344 22 7
2010 9 7 9 11 17.9706 35.6413 131.118 1.8 5
2010 9 7 9 11 17.9706 35.6049 131.432 20.4 9
2010 9 7 9 12 4.75016 35.947 133.778 15.1 5
2010 9 7 9 12 49.6538 35.5117 131.755 6.6 5
2010 9 7 9 13 51.3041 35.5474 130.871 13 6
2010 9 7 9 15 15.4389 35.8162 133.485 27.7 8
2010 9 7 9 15 15.5996 35.8627 133.522 16.2 6
2010 9 7 9 17 4.87537 35.7051 131.063 21.2 9
2010 9 7 9 18 2.54875 35.8041 133.508 13.6 6
2010 9 7 9 18 2.59481 35.7772 133.248 15.6 6
2010 9 7 9 18 2.61803 35.7805 133.298 2.4 5
2010 9 7 9 18 44.7571 35.5118 131.352 23 10
2010 9 7 9 18 44.891 35.5145 131.325 28.6 11
2010 9 7 9 19 30.0939 35.8857 133.231 10.6 5
2010 9 7 9 19 30.0939 35.8381 133.554 5.5 5
2010 9 7 9 20 14.7195 35.8483 133.407 28.2 7
2010 9 7 9 20 33.9288 35.8385 133.708 27.7 6
2010 9 7 9 20 34.5132 35.8269 133.562 19.8 6
2010 9 7 9 21 28.0284 36.1223 132.924 15.7 5
2010 9 7 9 21 28.0713 35.7911 133.218 17.1 6
2010 9 7 9 22 50.3818 35.8433 133.484 4.8 5
2010 9 7 9 23 26.3799 35.6882 131.135 26.4 7
2010 9 7 9 25 32.1283 35.8045 133.511 24 6
2010 9 7 9 25 32.1284 35.8584 133.854 23.9 5
2010 9 7 9 26 13.0236 35.6853 131.129 27 10
2010 9 7 9 26 13.2486 35.7025 131.167 25.6 5
2010 9 7 9 26 29.3274 36.318 133.343 21.9 11
2010 9 7 9 26 37.8836 35.7968 133.746 16.1 5
2010 9 7 9 26 50.1542 35.8892 133.572 12.7 5
2010 9 7 9 26 50.417 35.7743 133.502 13.7 5
2010 9 7 9 27 54.4209 35.696 131.113 9 5
2010 9 7 9 28 20.1929 35.8907 133.574 13.8 5
2010 9 7 9 29 28.4597 35.6502 131.124 12.8 6
2010 9 7 9 29 28.5479 35.7553 131.541 21.8 5
2010 9 7 9 29 55.5343 35.9468 133.766 22.5 10
2010 9 7 9 29 55.8189 35.9576 133.738 7.9 8
2010 9 7 9 29 56.4813 35.9485 133.438 19.7 7
2010 9 7 9 31 38.2869 35.7905 130.653 16.9 6
2010 9 7 9 31 38.287 35.7269 131.151 9.8 6
2010 9 7 9 31 39.0354 35.8443 133.555 21.7 8
2010 9 7 9 31 47.4153 36.1263 133.296 28.5 7
2010 9 7 9 32 9.73235 35.7999 133.705 29.7 6
2010 9 7 9 33 26.1005 35.7904 133.536 8.2 5
2010 9 7 9 33 26.23 35.8306 133.592 21.3 8
2010 9 7 9 33 26.7286 35.7863 133.534 27.8 7
2010 9 7 9 38 52.1279 35.9275 133.592 15.1 5
2010 9 7 9 38 52.3069 35.9049 133.626 22.1 9
2010 9 7 9 38 52.4026 35.856 133.639 11.3 6
2010 9 7 9 39 18.2227 35.6793 133.556 12.2 5
2010 9 7 9 40 28.4497 35.8808 133.491 9.5 8
2010 9 7 9 40 35.3903 35.984 133.566 17.2 6
2010 9 7 9 42 9.1668 35.9529 133.141 28.3 5
2010 9 7 9 42 10.0761 35.8633 133.397 23.3 7
2010 9 7 9 42 51.3788 35.8404 133.364 20.6 6
2010 9 7 9 43 46.5663 35.7336 133.611 21.3 7
2010 9 7 9 44 11.9768 35.9195 133.658 19.8 5
2010 9 7 9 44 33.7942 36.252 133.007 5.9 5
2010 9 7 9 45 23.8144 35.6481 133.619 8.4 5
2010 9 7 9 45 24.2581 35.6956 133.607 19.9 10
2010 9 7 9 47 13.4208 35.8032 133.672 22.5 5
2010 9 7 9 47 43.016 35.9295 133.53 21.6 8
2010 9 7 9 48 52.3476 35.8709 133.346 12.7 5
2010 9 7 9 48 52.5283 35.8413 133.393 14.2 8
2010 9 7 9 49 29.8502 35.7283 133.643 26.5 7
2010 9 7 9 50 51.1137 35.7037 133.744 0.4 5
2010 9 7 9 50 51.5349 35.7473 133.343 14.5 6
2010 9 7 9 51 35.2491 35.692 133.644 13.5 6
2010 9 7 9 53 6.72644 35.7592 133.67 28.7 9
2010 9 7 9 53 39.8015 35.7747 131.034 16 7
2010 9 7 9 53 55.6257 35.7165 133.666 16.3 10
2010 9 7 9 53 55.719 35.7168 133.681 15 7
2010 9 7 9 53 57.2644 35.9653 133.717 22 6
2010 9 7 9 55 2.81135 35.6911 133.738 10 6
2010 9 7 9 55 12.0214 35.7494 133.7 8.8 5
2010 9 7 9 55 58.5386 35.7248 133.836 10.4 5
2010 9 7 9 55 58.5386 35.7857 133.518 17.8 6
2010 9 7 9 56 13.7243 35.7922 133.682 20.5 8
2010 9 7 9 57 56.3396 35.864 133.496 25 11
2010 9 7 9 57 56.5838 35.8454 133.457 10.6 5
2010 9 7 9 58 7.41714 35.8478 133.342 11.9 5
2010 9 7 9 58 7.41717 35.7936 133.713 23.3 5
2010 9 7 9 58 50.0347 35.7707 133.696 23.4 6
2010 9 7 9 58 50.2945 35.7937 133.302 10.8 5
2010 9 7 9 58 50.7573 35.7503 133.699 29.1 7
2010 9 7 9 58 50.8934 35.7083 133.659 28.1 6
2010 9 7 9 59 25.3369 35.8842 133.476 8.9 7
2010 9 7 9 59 25.5793 35.905 133.477 27.4 9
2010 9 7 9 59 26.2441 35.837 133.523 26.1 8
2010 9 7 9 59 44.0727 35.7111 133.756 20.9 5
2010 9 7 10 0 51.073 35.7479 133.689 26.8 11
2010 9 7 10 0 55.2548 35.6694 133.777 16.1 5
2010 9 7 10 1 5.06485 35.8011 133.686 6.7 7
2010 9 7 10 1 5.11448 35.7784 133.724 2 5
2010 9 7 10 1 25.9226 35.8017 133.777 20.4 10
2010 9 7 10 1 25.9832 35.8391 133.653 18.1 5
2010 9 7 10 2 30.5357 35.9044 133.666 22.8 6
2010 9 7 10 3 57.2672 35.7875 133.388 24.9 7
2010 9 7 10 3 59.9064 35.9685 133.013 10.5 5
2010 9 7 10 4 0.00495 35.8111 133.749 25.6 7
2010 9 7 10 5 19.4077 35.7575 133.518 23.4 8
2010 9 7 10 5 41.7157 35.711 133.421 29.4 5
2010 9 7 10 5 53.7543 35.8913 133.519 24.6 6
2010 9 7 10 5 54.0051 35.8762 133.49 20.3 9
2010 9 7 10 5 54.0816 35.907 133.515 10.8 5
2010 9 7 10 5 54.1764 35.8656 133.404 24.7 5
2010 9 7 10 7 29.0384 36.0268 133.791 19.9 6
2010 9 7 10 8 10.1497 35.8457 133.892 23.8 7
2010 9 7 10 8 40.8551 35.8729 133.572 23.4 8
2010 9 7 10 8 41.0498 35.8171 133.542 13.8 6
2010 9 7 10 8 41.7007 35.8793 133.474 10.2 6
2010 9 7 10 9 9.65941 35.7762 133.421 17.8 6
2010 9 7 10 10 3.54326 35.7177 133.519 6.2 5
2010 9 7 10 10 8.18208 35.8304 133.469 13.8 7
2010 9 7 10 10 8.37256 35.8335 133.16 5.3 5
2010 9 7 10 10 45.4409 35.8319 133.456 6.1 5
2010 9 7 10 10 59.5979 35.956 133.373 19.3 6
2010 9 7 10 10 59.71 35.9131 133.741 12.7 7
2010 9 7 10 11 0.796162 35.882 133.75 20.2 10
2010 9 7 10 11 17.9244 35.8937 133.812 11.1 5
2010 9 7 10 11 19.8859 35.7869 133.403 15.2 9
2010 9 7 10 12 8.16777 35.8656 133.766 26 6
2010 9 7 10 12 26.4576 35.6868 133.471 25.2 8
2010 9 7 10 12 47.1999 35.888 133.845 9.5 6
2010 9 7 10 12 47.3184 35.9457 133.778 26.8 7
2010 9 7 10 12 47.428 35.9608 133.869 23.1 6
2010 9 7 10 12 55.4209 35.7016 133.445 12.7 7
2010 9 7 10 13 35.4921 35.7931 133.627 19.8 5
2010 9 7 10 13 35.6762 35.6587 133.531 8.9 5
2010 9 7 10 13 52.1208 35.7507 133.487 21.4 6
2010 9 7 10 13 52.4067 35.6993 133.499 18.4 5
2010 9 7 10 14 20.2801 35.7615 133.369 17.2 5
2010 9 7 10 14 20.3129 35.6822 133.524 17.3 5
2010 9 7 10 14 20.4768 35.7415 133.508 29.2 10
2010 9 7 10 14 20.698 35.721 133.541 22 5
2010 9 7 10 14 32.839 35.1711 132.172 10 5
2010 9 7 10 14 32.8914 35.227 132.177 27.7 7
2010 9 7 10 14 32.8914 35.1862 132.207 14.9 6
2010 9 7 10 14 34.0678 35.7045 133.514 24.8 8
2010 9 7 10 14 57.5797 35.7389 133.48 10.6 6
2010 9 7 10 14 57.6849 35.7986 133.431 14.6 5
2010 9 7 10 14 57.9137 35.7979 133.452 24.5 7
2010 9 7 10 15 3.88706 35.7515 133.439 25.2 7
2010 9 7 10 15 31.0825 35.925 133.663 8.4 6
2010 9 7 10 15 31.366 35.9012 133.668 18 6
2010 9 7 10 15 38.5321 35.822 133.259 12.1 6
2010 9 7 10 15 38.5321 35.765 133.539 16 7
2010 9 7 10 15 42.8591 35.7659 133.472 19.7 6
2010 9 7 10 15 51.587 36.3342 133.522 25.2 8
2010 9 7 10 16 2.43463 35.7893 133.524 22 11
2010 9 7 10 16 2.45361 35.7915 133.579 12.5 5
2010 9 7 10 16 2.52999 35.7768 133.505 11.8 6
2010 9 7 10 16 2.55579 35.8545 133.601 27.1 5
2010 9 7 10 16 2.7108 35.7558 133.515 27.1 7
2010 9 7 10 16 54.406 35.1859 132.185 11.5 7
2010 9 7 10 17 1.47348 35.7426 133.497 10.9 7
2010 9 7 10 17 25.7811 35.7517 133.483 15.9 7
2010 9 7 10 17 44.9681 35.8116 133.586 26.2 7
2010 9 7 10 18 9.46326 35.7258 133.501 10.7 6
2010 9 7 10 18 9.57642 35.7357 133.496 22.7 8
2010 9 7 10 18 25.0835 35.7312 133.689 17.3 5
2010 9 7 10 19 8.75861 35.6945 133.55 7.3 5
2010 9 7 10 19 17.8721 37.1547 132.328 13.2 5
2010 9 7 10 19 17.8727 35.6629 133.556 23.4 5
2010 9 7 10 19 17.9713 35.7556 133.555 25.9 8
2010 9 7 10 19 41.9349 35.6307 133.626 24.8 6
2010 9 7 10 19 56.5138 35.7682 133.276 6.8 6
2010 9 7 10 19 57.0284 35.6831 133.563 16.1 6
2010 9 7 10 20 33.8172 35.8018 133.538 25.7 11
2010 9 7 10 20 33.8666 35.7103 133.572 16.5 8
2010 9 7 10 21 13.7376 35.8063 133.526 27.2 10
2010 9 7 10 21 13.8218 35.7567 133.536 6.7 5
2010 9 7 10 21 13.9132 35.6829 133.583 2.8 5
2010 9 7 10 21 50.1128 35.692 133.787 25.4 6
2010 9 7 10 21 50.1331 35.8281 133.223 10 5
2010 9 7 10 21 50.2211 35.753 133.597 16.4 7
2010 9 7 10 22 16.1123 35.8312 133.764 13.3 5
2010 9 7 10 23 14.2545 35.7542 133.359 22.2 5
2010 9 7 10 23 14.2545 35.763 133.595 14.5 6
2010 9 7 10 23 14.6726 35.6181 133.613 18.6 7
2010 9 7 10 23 14.7976 35.6968 133.588 24 9
2010 9 7 10 23 48.5741 35.7704 133.576 22.3 8
2010 9 7 10 23 48.6319 35.791 133.623 19.1 7
2010 9 7 10 23 48.9358 35.7881 133.598 9.7 6
2010 9 7 10 27 32.6889 35.7552 133.776 12.7 6
2010 9 7 10 29 2.0432 35.8334 133.265 19 5
2010 9 7 10 29 2.04324 35.7886 133.615 29.3 8
2010 9 7 10 29 2.17479 35.8492 133.305 10.4 5
2010 9 7 10 29 2.22602 35.7775 133.49 15.5 6
2010 9 7 10 29 2.4108 37.3083 132.312 7.8 5
2010 9 7 10 29 2.41146 35.7483 133.599 18.2 7
2010 9 7 10 29 2.59131 35.7649 133.636 8.7 6
2010 9 7 10 30 45.4775 35.2893 132.33 23.8 10
2010 9 7 10 35 11.0893 35.3451 132.353 23.4 6
2010 9 7 10 36 18.5177 36.9586 134.67 23.3 5
2010 9 7 10 36 28.3933 35.831 133.71 19.1 5
2010 9 7 10 40 57.1065 35.8952 131.82 17.7 6
2010 9 7 10 43 31.9327 35.8793 133.706 21.9 7
2010 9 7 10 43 32.7123 35.924 133.761 25 7
2010 9 7 10 43 56.764 36.0469 131.735 11 5
2010 9 7 10 44 39.6253 35.9156 133.735 25.1 8
2010 9 7 10 44 39.6934 35.9391 133.723 22.1 6
2010 9 7 10 46 10.8667 35.9402 131.517 20.4 7
2010 9 7 10 46 21.6054 35.9211 133.771 23.5 10
2010 9 7 10 49 6.12399 35.9199 133.722 15.4 6
2010 9 7 10 49 48.5745 35.8329 133.727 24.8 5
2010 9 7 10 50 32.2236 35.8887 133.69 23.1 6
2010 9 7 10 50 32.3223 35.9352 133.715 22.6 10
2010 9 7 10 50 32.4585 35.8801 133.721 14.3 6
2010 9 7 10 51 5.18414 35.84 133.693 20.2 7
2010 9 7 10 51 21.8176 35.9342 133.717 17.4 8
2010 9 7 10 51 41.7079 35.9794 131.406 9.8 5
2010 9 7 10 51 42.4651 35.8688 133.781 24 9
2010 9 7 10 51 43.4403 35.8836 133.785 19.6 7
2010 9 7 10 52 1.67753 35.9085 133.784 12.7 9
2010 9 7 10 52 19.0344 36.2154 133.319 2 5
2010 9 7 10 52 33.8977 35.9282 133.84 27.8 5
2010 9 7 10 53 45.4318 35.9896 133.841 17.5 5
2010 9 7 10 54 2.02229 35.9156 133.826 20.3 10
2010 9 7 10 54 2.16557 35.8788 133.723 16.6 5
2010 9 7 10 54 10.5501 35.8961 133.721 19.5 7
2010 9 7 10 54 48.6544 35.908 133.732 13.2 5
2010 9 7 10 54 48.7249 35.9514 133.763 20.6 5
2010 9 7 10 55 15.964 35.9401 133.722 12.3 7
2010 9 7 10 55 56.5489 35.8011 133.785 16 5
2010 9 7 10 56 32.0946 35.8707 133.752 18.7 7
2010 9 7 10 56 51.582 36.8192 135.686 28.7 5
2010 9 7 10 57 16.6475 35.8685 133.775 13.5 8
2010 9 7 10 57 23.6094 35.8864 133.743 10.4 5
2010 9 7 10 57 23.7689 35.8184 133.818 7.2 5
2010 9 7 10 57 28.0228 36.0321 131.683 8.2 5
2010 9 7 10 57 41.0838 35.8954 133.788 20.7 8
2010 9 7 10 57 51.1378 35.8975 133.778 11.2 6
2010 9 7 10 58 20.221 35.9491 133.564 5.6 5
2010 9 7 10 58 20.221 35.8715 133.81 13.9 8
2010 9 7 10 58 20.9015 35.8738 133.769 21.9 5
2010 9 7 10 58 42.8323 35.9116 133.78 14.9 6
2010 9 7 10 59 2.38007 35.9092 133.778 12.8 7
2010 9 7 10 59 20.7365 35.9628 133.346 9.2 5
2010 9 7 10 59 20.7366 35.8967 133.794 11.8 6
2010 9 7 11 0 5.15626 35.9774 133.75 13.4 5
2010 9 7 11 0 22.6854 35.9055 133.831 23.1 5
2010 9 7 11 0 22.7762 35.9276 133.81 20.7 9
2010 9 7 11 0 23.2382 35.9093 133.85 13.1 6
2010 9 7 11 0 23.3474 35.9406 133.851 21.5 5
2010 9 7 11 0 23.4128 35.8922 133.873 13.6 5
2010 9 7 11 0 39.1811 35.9591 133.525 9.1 6
2010 9 7 11 1 2.50322 35.8931 133.81 22.3 5
2010 9 7 11 1 24.1258 35.9104 133.792 23.8 8
2010 9 7 11 1 41.5741 35.9604 133.849 19 5
2010 9 7 11 1 41.6496 35.911 133.698 17.6 6
2010 9 7 11 1 42.002 35.9165 133.803 12.4 6
2010 9 7 11 2 9.89033 35.8565 133.831 9.8 5
2010 9 7 11 2 35.8458 35.9307 133.611 13.5 5
2010 9 7 11 2 54.0322 35.8681 133.848 7.8 5
2010 9 7 11 2 59.679 35.9088 133.788 24.5 7
2010 9 7 11 2 59.7316 35.9831 133.95 29.4 5
2010 9 7 11 2 59.8354 36.3281 133.272 4.4 5
2010 9 7 11 3 14.3265 35.8996 133.81 28.3 8
2010 9 7 11 3 50.3282 35.9319 133.834 11.8 6
2010 9 7 11 3 50.4578 35.9345 133.802 14.9 6
2010 9 7 11 4 21.5309 35.9643 133.842 12.8 5
2010 9 7 11 4 59.1542 35.8411 133.773 10.3 5
2010 9 7 11 5 5.13702 35.904 133.802 3.5 5
2010 9 7 11 5 5.29033 35.9698 133.812 27 7
2010 9 7 11 5 36.4371 35.9214 133.799 22.2 10
2010 9 7 11 6 36.2121 35.9149 133.792 14.7 6
2010 9 7 11 6 36.4229 35.9367 133.814 20.7 9
2010 9 7 11 6 48.2613 35.9357 133.82 14.5 5
2010 9 7 11 7 5.00235 35.8392 133.818 10.1 7
2010 9 7 11 9 46.2666 36.0415 133.567 5.7 5
2010 9 7 11 9 46.4825 36.0084 133.878 20.2 5
2010 9 7 11 9 46.6193 36.0489 133.862 15.4 5
2010 9 7 11 10 17.6135 35.9326 133.831 11.4 6
2010 9 7 11 11 4.95206 36.101 133.41 12.1 6
2010 9 7 11 11 5.56192 35.9544 133.833 14.4 5
2010 9 7 11 11 48.0198 35.8951 133.847 12.9 6
2010 9 7 11 11 48.113 35.8452 133.929 12.7 5
2010 9 7 11 11 48.1656 35.874 133.864 20.6 8
2010 9 7 11 12 23.3883 35.9166 133.846 14.2 6
2010 9 7 11 12 43.4387 35.9441 133.862 20.3 6
2010 9 7 11 13 8.22059 35.9007 131.636 22.7 5
2010 9 7 11 13 33.4541 35.9353 133.967 15.7 5
2010 9 7 11 13 42.6387 36.0294 133.598 3.1 5
2010 9 7 11 16 7.11869 35.9039 133.916 9.6 5
2010 9 7 11 16 8.22138 35.9982 133.806 12.2 5
2010 9 7 11 16 57.1593 35.9848 133.874 19.4 6
2010 9 7 11 18 7.70622 35.9572 133.812 9.6 5
2010 9 7 11 18 7.78881 35.9449 133.827 25.3 6
2010 9 7 11 18 27.692 35.976 133.895 17.2 9
2010 9 7 11 18 50.1037 35.9782 133.879 26.4 7
2010 9 7 11 18 50.7167 35.9963 133.849 7.5 5
2010 9 7 11 19 1.55143 35.9459 133.958 15.8 8
2010 9 7 11 19 38.5915 35.9923 133.879 19.3 5
2010 9 7 11 19 46.1243 36.0339 133.814 13.4 6
2010 9 7 11 20 10.4108 36.0093 133.886 7.6 5
2010 9 7 11 20 20.3044 35.9704 133.874 11.8 5
2010 9 7 11 20 32.5807 36.0491 133.953 20.8 7
2010 9 7 11 20 32.6878 36.1153 133.633 6.2 5
2010 9 7 11 20 33.0483 36.0536 133.91 16.4 6
2010 9 7 11 20 33.2428 36.0014 133.951 19 6
2010 9 7 11 20 45.8606 35.9624 131.241 5.2 6
2010 9 7 11 20 51.3686 36.0832 133.775 27.2 5
2010 9 7 11 20 51.4697 35.8888 133.901 18.9 6
2010 9 7 11 21 2.02933 35.9732 133.922 22.1 10
2010 9 7 11 21 2.12526 35.977 133.913 20.4 11
2010 9 7 11 21 13.1209 35.9907 133.799 7 5
2010 9 7 11 21 13.2216 35.9602 133.965 21 8
2010 9 7 11 22 33.1061 36.1155 133.543 18.2 5
2010 9 7 11 23 1.46424 35.9864 134.089 25.9 8
2010 9 7 11 23 2.33642 35.9712 131.379 3.9 5
2010 9 7 11 23 2.78965 35.9901 131.57 17.5 6
2010 9 7 11 23 26.4593 35.8781 133.998 24.7 9
2010 9 7 11 24 5.28653 35.9321 134.017 23.2 7
2010 9 7 11 24 49.0663 35.9832 131.494 26.5 10
2010 9 7 11 24 52.7117 35.9754 134.023 3.5 5
2010 9 7 11 24 52.773 35.9688 134.018 19.2 7
2010 9 7 11 24 52.9394 36.0553 133.487 4.6 5
2010 9 7 11 25 5.46607 36.0927 134.035 6.2 5
2010 9 7 11 25 22.3254 35.9499 133.964 4.5 6
2010 9 7 11 26 14.5266 35.9617 133.981 13.5 8
2010 9 7 11 26 26.8537 35.9523 131.365 26.7 5
2010 9 7 11 27 9.62435 35.9811 133.903 15.9 5
2010 9 7 11 27 9.71757 35.9797 133.886 5.9 6
2010 9 7 11 27 9.77344 35.9795 133.842 5.5 5
2010 9 7 11 27 29.3317 36.0486 134.05 26.2 6
2010 9 7 11 27 47.0219 35.9509 131.503 15.7 9
2010 9 7 11 28 10.2303 35.9239 133.998 8.8 5
2010 9 7 11 28 10.3506 36.0017 134.083 25.5 6
2010 9 7 11 28 10.4088 35.971 134.001 13.8 7
2010 9 7 11 28 10.5333 35.9838 134.052 15 10
2010 9 7 11 28 38.6347 36.0393 133.995 23.3 5
2010 9 7 11 28 59.0265 35.854 134.126 11.2 5
2010 9 7 11 29 45.5223 35.9786 134.043 11.5 6
2010 9 7 11 29 45.5954 36.0295 134.129 18.3 8
2010 9 7 11 30 43.1728 35.9182 134.061 17.9 5
2010 9 7 11 30 43.2672 36.0175 134.044 18.8 8
2010 9 7 11 32 23.4408 36.0228 134.1 25.2 10
2010 9 7 11 32 23.5042 36.0504 133.851 15.4 6
2010 9 7 11 32 23.5572 36.0891 133.887 11.5 5
2010 9 7 11 33 26.7958 36.0419 133.949 17.4 7
2010 9 7 11 33 26.7958 35.9936 134.13 10.5 6
2010 9 7 11 33 27.619 36.0258 134.047 20.2 8
2010 9 7 11 33 27.7499 35.8362 133.99 14.6 5
2010 9 7 11 35 7.51296 35.8245 134.017 25.2 5
2010 9 7 11 35 7.78367 36.0609 133.991 16 7
2010 9 7 11 37 30.8964 36.0667 134.061 15.4 6
2010 9 7 11 37 30.9805 36.0715 134.214 14.8 6
2010 9 7 11 37 31.0965 36.0752 134.184 25.2 5
2010 9 7 11 37 31.0966 36.0534 134.128 20.6 5
2010 9 7 11 37 31.1688 36.0356 134.094 24.3 5
2010 9 7 11 37 31.2758 36.0103 134.122 12.4 6
2010 9 7 11 39 35.3773 36.0661 134.097 18.3 9
2010 9 7 11 39 36.0292 36.1141 133.863 11.6 5
2010 9 7 11 40 19.223 36.1173 134.205 26.5 6
2010 9 7 11 41 36.8729 36.0592 134.239 29.6 7
2010 9 7 11 41 37.0409 36.1081 134.206 23.1 8
2010 9 7 11 41 37.2051 36.0614 134.104 17.9 8
2010 9 7 11 42 15.7064 36.0728 134.136 27.2 9
2010 9 7 11 43 42.1704 36.1388 133.852 7.6 5
2010 9 7 11 44 11.7383 36.0868 134.177 25.1 7
2010 9 7 11 44 11.8033 36.0807 134.14 19.2 8
2010 9 7 11 44 11.9305 36.1319 134.153 28.8 5
2010 9 7 11 46 9.61589 36.2519 134.023 26.1 6
2010 9 7 11 46 9.77721 36.1019 134.095 16.7 7
2010 9 7 11 46 9.90412 36.0898 134.105 29.5 6
2010 9 7 11 46 9.9815 36.0943 134.15 22.2 6
2010 9 7 11 46 10.1794 36.0431 134.061 24.2 6
2010 9 7 11 46 10.3329 36.0102 134.139 27 5
2010 9 7 11 46 10.5667 36.0552 134.108 19.6 5
2010 9 7 11 46 18.8451 36.0358 133.793 8.8 5
2010 9 7 11 46 19.1185 36.2393 133.876 28.2 6
2010 9 7 11 46 19.3163 36.0985 133.949 8.3 5
2010 9 7 11 47 44.3808 36.1677 134.161 21.8 12
2010 9 7 11 51 30.9624 36.1489 134.211 19.4 9
2010 9 7 11 51 31.0518 36.1478 134.198 16.8 7
2010 9 7 12 0 15.3979 35.8948 131.428 28.7 6
2010 9 7 12 2 31.9813 35.7252 131.347 24.1 8
2010 9 7 12 2 32.1379 35.7722 131.328 20.3 5
2010 9 7 12 4 51.088 36.0792 134.182 14.5 6
2010 9 7 12 5 28.321 35.9334 131.464 26.5 8
2010 9 7 12 6 21.4636 35.8615 131.456 18.3 8
2010 9 7 12 6 21.6954 35.8855 131.512 15.2 5
2010 9 7 12 7 11.4394 36.0306 134.158 14.7 5
2010 9 7 12 10 50.0275 35.894 131.446 23.1 8
2010 9 7 12 27 7.51375 37.0759 135.998 18.8 7
2010 9 7 12 29 17.6326 37.1352 135.948 28.3 8
2010 9 7 12 55 1.91342 37.0065 136.262 17 5
2010 9 7 12 59 4.38376 37.079 136.182 17.9 5
2010 9 7 13 15 22.2566 37.1167 136.259 22.4 9
2010 9 7 13 29 7.21774 37.2375 136.205 2.8 5
2010 9 7 13 34 0.108146 36.6634 135.477 6.4 5
2010 9 7 13 37 39.09 35.6 131.441 23.7 8
2010 9 7 13 38 42.3989 35.635 131.411 17.8 7
2010 9 7 13 49 41.7852 35.681 131.482 16.3 7
2010 9 7 13 52 15.5018 36.7375 135.536 24.2 8
2010 9 7 13 55 38.2803 35.5213 131.643 19 6
2010 9 7 14 6 43.2924 36.7387 135.772 19.5 8
2010 9 7 14 20 36.4574 37.3164 137.542 27 6
2010 9 7 16 19 58.7821 35.3554 132.382 9.1 7
2010 9 7 16 21 48.7881 35.3385 132.39 15.5 8
2010 9 7 16 27 32.3856 35.4241 132.496 22.1 8
2010 9 7 19 6 35.4801 35.7214 135.532 17.9 5
2010 9 8 1 58 42.8782 35.8745 135.657 16.9 5
2010 9 8 15 27 6.43187 37.6183 133.427 15.8 5
2010 9 9 9 52 2.27697 51.3648 141.103 20.1 5
2010 9 9 9 52 2.27698 51.4953 141.104 23.4 7
2010 9 9 10 26 39.1703 51.4779 141.186 27.1 8
2010 9 9 16 27 39.49 38.7123 128.384 14.4 6
2010 9 9 16 57 28.047 37.9989 128.987 18.4 5
2010 9 9 17 15 27.8146 38.0305 129.176 24.8 6
2010 9 9 17 51 53.6168 38.4843 128.624 14.4 5
2010 9 9 18 4 56.0884 38.392 128.549 14.7 5
2010 9 9 18 13 52.9131 38.5352 128.878 13.4 5
2010 9 9 18 37 43.7968 38.4861 128.459 26 5
2010 9 9 18 45 11.5638 38.9008 128.622 23.5 5
2010 9 9 19 10 38.852 38.6172 128.945 14.9 6
2010 9 9 19 10 39.1703 38.5977 128.943 14.2 10
2010 9 9 19 18 41.7056 38.694 128.307 2.9 5
2010 9 9 19 24 0.504048 38.7381 128.329 17.4 6
2010 9 9 19 32 12.8952 38.7159 128.762 12.6 13
2010 9 9 19 53 45.5772 38.7986 128.368 10 6
2010 9 9 19 58 36.9716 38.6949 128.35 17.1 5
2010 9 9 20 3 46.497 38.7347 128.526 10.4 5
2010 9 9 20 10 37.1159 38.5407 128.415 12.4 5
2010 9 9 20 23 4.74132 38.7696 128.391 14 7
2010 9 9 20 28 56.8444 38.828 128.547 19.6 6
2010 9 9 22 32 39.7146 38.8323 129 5.6 5
2010 9 10 1 36 27.2808 38.7668 128.816 1.3 5
2010 9 10 1 44 12.6382 38.7208 128.505 9.7 6
2010 9 10 3 2 52.8707 38.5907 128.453 17.8 5
2010 9 10 3 2 53.038 38.5676 128.641 3 5
2010 9 10 4 14 20.9363 38.5334 129.014 3.3 5
2010 9 10 4 16 14.7297 38.6954 129.007 6.4 5
2010 9 10 4 21 13.4885 38.5975 128.634 7.3 6
2010 9 10 4 24 19.1814 38.4338 128.794 2.3 5
2010 9 10 5 8 6.74185 51.1627 141.642 2.7 5
2010 9 10 5 8 7.14372 51.1386 141.479 7.2 6
2010 9 10 5 8 7.45695 51.1095 141.361 6.7 6
2010 9 10 5 9 34.7823 51.2378 141.638 10.1 8
2010 9 10 5 19 12.4798 51.2275 141.992 20.9 6
2010 9 10 5 19 12.4853 51.201 141.75 12.2 6
2010 9 10 5 20 16.2562 51.2058 141.925 7.9 6
2010 9 10 5 29 31.1736 51.1457 141.92 17.5 9
2010 9 10 7 38 51.7195 50.0327 141.613 29.4 9
2010 9 10 8 8 13.214 49.8329 141.835 15.5 10
2010 9 10 21 24 31.1144 39.2255 137.956 13.7 7
2010 9 10 21 26 15.869 39.2223 137.997 19.2 6
2010 9 10 21 26 16.0493 39.1839 137.954 16.6 5
2010 9 10 22 41 23.3645 39.5195 136.722 16.6 7
2010 9 11 0 27 24.2524 39.2084 137.842 18.1 8
2010 9 11 1 29 48.7224 37.4339 129.37 14 7
2010 9 11 1 36 9.29534 37.4364 129.864 14.8 8
2010 9 11 1 38 0.790196 38.5701 137.048 22.1 8
2010 9 11 1 43 45.6366 37.3673 129.736 3 5
2010 9 11 1 43 45.7855 37.4035 129.714 20 6
2010 9 11 1 45 55.7507 35.1423 129.234 16.6 5
2010 9 11 1 50 51.5319 39.4796 139.352 21.3 6
2010 9 11 1 56 10.9144 39.4353 139.413 9 5
2010 9 11 1 58 10.7224 37.4794 130.09 13.2 6
2010 9 11 2 2 9.4711 37.1281 129.802 5.8 6
2010 9 11 2 2 21.4295 37.4941 130.601 12.4 5
2010 9 11 2 3 32.1554 37.0573 129.845 24 6
2010 9 11 2 3 58.6054 35.1538 129.348 3.4 6
2010 9 11 2 4 55.1057 35.1373 129.329 12 5
2010 9 11 2 6 27.689 35.2265 129.394 16.5 5
2010 9 11 2 7 58.1112 37.662 130.072 17 8
2010 9 11 2 7 59.2332 37.694 130.106 4.8 5
2010 9 11 2 8 2.92362 35.0602 129.078 9.1 6
2010 9 11 2 8 24.6755 35.2317 129.312 7.9 6
2010 9 11 2 8 25.0272 35.2225 129.378 15.7 8
2010 9 11 2 8 25.0632 35.2183 129.391 16.9 8
2010 9 11 2 8 27.3251 35.0582 129.09 4.7 5
2010 9 11 2 8 34.798 35.2077 129.398 6.8 6
2010 9 11 2 9 18.8053 35.2019 129.345 3.8 5
2010 9 11 2 10 1.92841 37.6652 130.092 18.3 7
2010 9 11 2 10 2.04271 37.6547 129.959 9.2 7
2010 9 11 2 14 10.5786 37.4072 130.078 2.9 5
2010 9 11 2 14 32.443 35.2841 129.42 21.6 7
2010 9 11 2 14 32.6249 35.2475 129.487 10.4 5
2010 9 11 2 15 35.7374 35.1007 129.112 13.9 5
2010 9 11 2 15 52.7011 35.3476 129.38 24.9 7
2010 9 11 2 16 37.8229 37.2031 130.036 15.4 8
2010 9 11 2 16 45.9339 37.7311 130.203 4.2 6
2010 9 11 2 16 46.1123 37.7029 130.216 12.5 5
2010 9 11 2 16 48.9175 35.172 129.176 13.6 7
2010 9 11 2 17 48.6458 35.2703 129.525 18.8 7
2010 9 11 2 17 51.1158 35.1889 129.216 16.2 6
2010 9 11 2 17 51.1777 35.1652 129.193 19.3 7
2010 9 11 2 19 27.6882 37.2712 130.047 6.2 5
2010 9 11 2 23 42.9349 35.3011 129.505 13.9 5
2010 9 11 2 23 49.0442 37.1489 130.11 14.5 6
2010 9 11 2 24 45.0053 35.1704 129.225 14.6 6
2010 9 11 2 27 49.8943 35.2503 129.251 13.7 5
2010 9 11 2 29 38.2095 35.2517 129.43 13.5 6
2010 9 11 2 30 26.3481 35.2255 129.309 20.7 7
2010 9 11 2 33 2.63714 35.2013 129.326 17.6 5
2010 9 11 2 33 2.72506 35.1996 129.286 5.4 5
2010 9 11 2 33 41.3454 35.2185 129.336 14.4 6
2010 9 11 2 33 41.5285 35.2109 129.285 6.7 6
2010 9 11 2 34 31.7002 35.2318 129.331 12.2 5
2010 9 11 2 35 24.6515 35.2309 129.355 16.4 8
2010 9 11 2 36 30.9312 35.2094 129.396 11.4 5
2010 9 11 2 36 30.9312 35.2754 129.358 24.1 6
2010 9 11 2 36 31.3297 35.1783 129.394 3.1 5
2010 9 11 2 37 27.0406 35.2702 129.419 19.6 7
2010 9 11 2 37 27.1188 35.2831 129.447 14.6 5
2010 9 11 2 38 30.1322 35.2729 129.39 15.9 7
2010 9 11 2 38 30.264 35.2448 129.369 7.2 6
2010 9 11 2 39 50.2766 35.2938 129.395 12.2 5
2010 9 11 2 40 52.7404 35.2875 129.45 14.2 7
2010 9 11 2 41 23.6427 35.2375 129.459 10.6 5
2010 9 11 2 41 23.8964 35.2405 129.469 12.9 6
2010 9 11 2 42 36.3544 35.2725 129.469 16.4 6
2010 9 11 2 43 13.2998 35.2491 129.444 17.9 7
2010 9 11 2 43 44.9311 35.1792 129.298 18.9 7
2010 9 11 2 44 2.15172 35.2612 129.368 18 9
2010 9 11 2 44 2.20029 35.2304 129.325 3.5 5
2010 9 11 2 44 21.0261 35.2091 129.323 12 6
2010 9 11 2 45 12.8956 35.1783 129.314 5.8 6
2010 9 11 2 45 21.8212 35.3059 129.312 9.9 5
2010 9 11 2 45 21.8213 35.2076 129.303 7.3 5
2010 9 11 2 45 35.4438 35.2575 129.512 20.4 6
2010 9 11 2 45 35.6285 35.2472 129.463 3.9 5
2010 9 11 2 46 25.925 35.2422 129.382 15 6
2010 9 11 2 46 26.7268 35.1991 129.348 4.9 5
2010 9 11 2 46 45.5967 35.3167 129.529 14.2 5
2010 9 11 2 46 45.6573 35.2962 129.545 20 8
2010 9 11 2 46 45.7889 35.2882 129.536 17.3 9
2010 9 11 2 47 16.893 35.2861 129.456 5.1 5
2010 9 11 2 47 17.2771 35.3196 129.489 21.5 7
2010 9 11 2 48 12.2094 35.2222 129.357 25.8 5
2010 9 11 2 48 12.2522 35.221 129.357 13.2 6
2010 9 11 2 49 2.65378 35.2893 129.502 3.2 5
2010 9 11 2 49 10.4926 35.281 129.565 18.7 7
2010 9 11 2 49 10.5447 35.2986 129.62 27.9 6
2010 9 11 2 49 26.7007 35.2697 129.449 5.2 5
2010 9 11 2 49 42.8917 35.1907 129.407 24 6
2010 9 11 2 49 58.249 35.2188 129.39 8 5
2010 9 11 2 51 16.664 37.4306 130.712 4.5 5
2010 9 11 2 51 16.7459 37.4407 130.703 5.8 5
2010 9 11 2 51 20.5984 35.2317 129.6 6.3 5
2010 9 11 2 51 20.6601 35.1942 129.626 6.2 5
2010 9 11 2 51 20.7455 35.269 129.568 16.7 7
2010 9 11 2 51 20.8757 35.2718 129.563 15.1 8
2010 9 11 2 51 20.936 35.2706 129.561 14.8 7
2010 9 11 2 51 20.9651 35.3262 129.59 18.2 5
2010 9 11 2 51 21.2334 35.1434 129.48 4.9 5
2010 9 11 2 52 42.2287 35.2584 129.583 7.2 6
2010 9 11 2 52 42.2886 35.2874 129.583 16.1 8
2010 9 11 2 52 42.3593 35.3033 129.588 18.3 6
2010 9 11 2 52 42.3971 35.2606 129.554 7 7
2010 9 11 2 52 42.4317 35.2696 129.594 20.3 6
2010 9 11 2 56 26.7077 37.4866 131.093 13.6 8
2010 9 11 2 57 2.02685 35.2953 129.578 15.3 8
2010 9 11 3 3 8.60506 37.482 130.601 8.9 5
2010 9 11 3 3 27.6763 35.3373 129.644 21.5 6
2010 9 11 3 5 26.5839 37.5469 130.635 14.6 9
2010 9 11 3 5 26.6545 37.5433 130.623 12.7 6
2010 9 11 3 10 58.7143 37.6875 130.489 7 5
2010 9 11 3 13 36.6926 35.2794 129.526 15.2 7
2010 9 11 3 15 7.4474 35.2553 129.514 10.1 5
2010 9 11 3 16 4.00523 35.2818 129.536 16.2 6
2010 9 11 3 16 38.1071 35.3049 129.55 13.8 8
2010 9 11 3 18 48.065 35.2967 129.582 12.9 7
2010 9 11 3 20 29.0152 37.4874 130.805 10.7 6
2010 9 11 3 21 32.829 35.3366 129.583 16.3 5
2010 9 11 3 21 32.872 35.3384 129.606 14.8 6
2010 9 11 3 21 33.092 35.277 129.626 16.3 6
2010 9 11 3 23 25.8419 37.5335 130.847 14.8 7
2010 9 11 3 27 24.8285 35.1826 129.372 15.7 5
2010 9 11 3 34 51.2092 35.1986 129.439 14.2 6
2010 9 11 3 40 24.0251 38.3478 137.439 25.2 5
2010 9 11 3 40 24.0295 38.3601 137.423 4.2 5
2010 9 11 3 44 29.6676 35.3102 129.508 13.1 5
2010 9 11 3 53 42.3324 35.2844 129.656 2.9 5
2010 9 11 3 55 29.5587 35.1346 129.226 16.6 6
2010 9 11 3 56 43.6649 35.2684 129.409 10.5 5
2010 9 11 3 58 44.4549 35.3396 129.526 12.8 8
2010 9 11 3 58 44.5574 35.3355 129.546 17.8 5
2010 9 11 3 58 44.6726 35.3505 129.529 5.9 5
2010 9 11 3 58 44.8068 35.3551 129.558 20.9 6
2010 9 11 3 59 26.5094 35.3104 129.503 15 6
2010 9 11 4 1 32.7452 35.3167 129.537 17.3 6
2010 9 11 4 1 33.0758 35.3064 129.517 19 6
2010 9 11 4 2 37.3768 35.3308 129.556 11.2 5
2010 9 11 4 3 29.9659 35.2845 129.57 7.4 5
2010 9 11 4 6 16.7122 35.327 129.558 16.9 6
2010 9 11 4 7 2.22393 35.1525 129.28 6.4 5
2010 9 11 4 7 22.4807 35.3622 129.58 19.1 6
2010 9 11 4 8 37.0575 35.4034 129.631 9.9 7
2010 9 11 4 8 37.151 35.3759 129.588 4.7 5
2010 9 11 4 9 11.6277 35.3373 129.557 9.3 6
2010 9 11 4 9 32.1722 35.3384 129.604 25.8 6
2010 9 11 4 11 9.54569 35.2813 129.418 25.9 7
2010 9 11 4 11 16.4256 35.414 129.701 13.4 7
2010 9 11 4 11 57.2064 35.4214 129.644 13.7 6
2010 9 11 4 12 37.3785 35.3207 129.467 17.7 6
2010 9 11 4 12 49.8421 35.3999 129.663 17.4 6
2010 9 11 4 14 39.671 35.4091 129.672 15.1 7
2010 9 11 4 15 51.2401 35.4212 129.691 15.8 7
2010 9 11 4 15 51.3172 35.4343 129.715 19.7 5
2010 9 11 4 15 51.7152 35.3082 129.505 8.4 5
2010 9 11 4 17 42.7805 35.3413 129.655 3.2 6
2010 9 11 4 22 38.2297 35.3973 129.601 22.3 9
2010 9 11 4 24 28.3225 35.3826 129.623 19.3 7
2010 9 11 4 24 28.5133 35.3631 129.645 15.4 6
2010 9 11 4 25 25.6801 35.3933 129.659 17.1 7
2010 9 11 4 25 50.6829 35.4221 129.835 26.3 5
2010 9 11 4 27 46.4493 35.391 129.611 6.3 7
2010 9 11 4 27 46.5037 35.3886 129.659 20.9 9
2010 9 11 4 28 12.7669 35.3866 129.714 28.4 6
2010 9 11 4 28 31.3796 35.4374 129.706 14.5 5
2010 9 11 4 28 54.5843 38.2577 131.435 5.4 5
2010 9 11 4 29 24.8757 35.4562 129.745 17.5 6
2010 9 11 4 29 24.9397 35.4262 129.739 24.9 7
2010 9 11 4 29 25.0576 35.4209 129.742 21.8 8
2010 9 11 4 29 25.3077 35.3569 129.763 5.3 5
2010 9 11 4 29 25.3463 35.4105 129.713 18 6
2010 9 11 4 30 0.600356 35.4326 129.726 18 7
2010 9 11 4 30 0.653119 35.4014 129.715 15.7 6
2010 9 11 4 30 0.716322 35.4194 129.707 15.9 9
2010 9 11 4 30 0.777801 35.4295 129.707 21.5 7
2010 9 11 4 30 1.07734 35.4057 129.687 7.1 5
2010 9 11 4 31 8.64465 35.4106 129.688 16.5 7
2010 9 11 4 31 10.815 35.4257 129.702 7.6 5
2010 9 11 4 32 6.38584 38.2891 137.359 16 7
2010 9 11 4 32 6.40016 38.2306 137.332 8.6 5
2010 9 11 4 32 52.7816 35.4193 129.659 8.2 6
2010 9 11 4 33 16.6165 38.1874 131.454 7.5 6
2010 9 11 4 34 48.5115 35.4356 129.751 19.3 6
2010 9 11 4 34 48.5621 35.4216 129.696 9.2 6
2010 9 11 4 34 48.5993 35.3932 129.735 13.5 5
2010 9 11 4 34 48.677 35.404 129.717 19.8 7
2010 9 11 4 35 19.7027 35.4767 129.698 16.1 5
2010 9 11 4 37 23.6736 37.7973 134.182 20.3 7
2010 9 11 4 38 9.70665 35.3927 129.714 14.2 5
2010 9 11 4 40 34.8428 38.2589 131.493 20.3 8
2010 9 11 4 40 35.2718 35.418 129.748 18.2 8
2010 9 11 4 41 36.0385 35.4233 129.804 11.6 5
2010 9 11 4 43 2.59853 35.4668 129.803 23 10
2010 9 11 4 43 2.80857 35.4507 129.813 22.8 7
2010 9 11 4 43 2.8571 35.4818 129.798 15.1 9
2010 9 11 4 44 5.58772 35.4105 129.757 3 5
2010 9 11 4 44 6.05056 35.4453 129.804 26.4 5
2010 9 11 4 44 6.15684 35.4343 129.806 18.2 7
2010 9 11 4 45 23.1489 35.5102 129.82 10.3 7
2010 9 11 4 45 23.1737 35.469 129.81 7.9 7
2010 9 11 4 45 23.2191 35.4887 129.841 18.4 7
2010 9 11 4 45 23.4118 35.5022 129.828 14.6 6
2010 9 11 4 45 50.2342 35.5531 129.925 13 6
2010 9 11 4 46 27.9641 35.6333 129.851 6.4 5
2010 9 11 4 47 2.31377 35.4322 129.83 19.1 5
2010 9 11 4 47 34.2721 38.2814 131.553 21.3 9
2010 9 11 4 47 34.3299 38.2139 131.487 9.1 5
2010 9 11 4 48 7.2508 38.2066 131.514 5.7 5
2010 9 11 4 48 7.74137 35.3458 129.745 21.8 5
2010 9 11 4 48 7.74138 35.2808 129.777 9.6 6
2010 9 11 4 48 7.82451 35.3371 129.747 20 6
2010 9 11 4 48 8.18924 35.3118 129.739 22 6
2010 9 11 4 48 8.27869 38.3544 131.916 21 6
2010 9 11 4 48 8.74739 38.2479 131.762 10.7 5
2010 9 11 4 48 32.2114 35.7087 129.537 8.4 5
2010 9 11 4 50 37.5713 35.3385 129.84 17.5 7
2010 9 11 4 50 37.5967 35.3495 129.755 5.3 5
2010 9 11 4 50 37.6463 35.3311 129.777 8.9 6
2010 9 11 4 50 54.4048 35.4512 129.858 17.2 9
2010 9 11 4 51 45.055 38.2418 131.609 16.8 6
2010 9 11 4 51 45.1344 38.0363 132.124 22.3 5
2010 9 11 4 51 45.2496 38.1828 131.616 16.8 6
2010 9 11 4 52 27.1813 35.5274 130.002 8.1 5
2010 9 11 4 53 11.7162 38.1827 131.618 11 5
2010 9 11 4 53 26.6581 35.5288 129.906 17.2 6
2010 9 11 4 53 26.8028 35.4585 129.899 20.3 6
2010 9 11 4 53 28.5986 38.3257 131.885 16.7 7
2010 9 11 4 54 2.89128 35.4927 129.905 21.7 9
2010 9 11 4 54 2.94583 35.5032 129.924 17.2 9
2010 9 11 4 54 3.08183 35.4971 129.903 22.3 6
2010 9 11 4 55 7.8776 38.1427 131.615 3.3 5
2010 9 11 4 55 39.8035 38.1858 131.626 25.5 5
2010 9 11 4 56 2.48584 38.4265 131.556 3.4 5
2010 9 11 4 56 34.4258 38.2709 131.637 15.9 5
2010 9 11 4 56 34.5232 38.174 131.628 2.4 5
2010 9 11 4 56 34.796 38.2325 131.6 19.6 7
2010 9 11 4 57 2.8919 38.2316 131.646 24.7 7
2010 9 11 4 58 11.3738 35.4631 129.88 13.3 8
2010 9 11 4 59 3.9423 35.2457 129.725 26.6 5
2010 9 11 4 59 7.6029 35.5272 130.022 11.5 5
2010 9 11 4 59 35.3353 38.3858 131.529 3.4 6
2010 9 11 4 59 35.4136 38.21 131.624 22.2 6
2010 9 11 4 59 35.5507 38.1902 131.623 13.4 7
2010 9 11 4 59 45.2151 35.5056 129.985 18.1 5
2010 9 11 5 0 18.1635 35.5136 129.924 18.1 10
2010 9 11 5 0 18.4058 35.4925 129.904 8.3 7
2010 9 11 5 0 18.4456 35.5019 129.954 18.6 6
2010 9 11 5 0 52.157 35.5602 129.986 26.5 6
2010 9 11 5 0 52.3543 35.5551 129.995 19.3 7
2010 9 11 5 1 3.61213 38.2364 131.689 1.5 6
2010 9 11 5 1 3.84 38.3079 131.858 14.4 5
2010 9 11 5 1 32.5269 38.2273 131.701 17.8 7
2010 9 11 5 1 32.6227 38.2456 131.738 21.9 8
2010 9 11 5 1 33.1767 38.2223 131.693 20.5 6
2010 9 11 5 2 20.8977 35.5408 129.983 19.6 7
2010 9 11 5 2 21.0562 35.551 130.006 21.1 9
2010 9 11 5 2 43.4929 38.2436 131.667 8.7 6
2010 9 11 5 2 44.2282 38.2373 131.719 18.8 8
2010 9 11 5 2 54.0051 35.4108 129.959 8.7 5
2010 9 11 5 3 19.8515 38.1663 131.749 7.7 6
2010 9 11 5 4 32.3878 38.2333 131.677 10.7 5
2010 9 11 5 4 56.6936 38.1985 131.758 17.7 5
2010 9 11 5 4 57.3018 38.2031 131.693 15.3 5
2010 9 11 5 5 29.8691 38.3923 131.519 4 5
2010 9 11 5 5 30.6915 38.1798 131.786 11.4 6
2010 9 11 5 6 1.4299 38.2143 131.731 14.2 5
2010 9 11 5 7 0.39474 38.2573 131.789 21.5 6
2010 9 11 5 7 0.464723 38.18 131.782 11.7 6
2010 9 11 5 7 1.0102 38.1574 131.78 4.1 5
2010 9 11 5 7 23.7684 38.2811 131.88 9.7 6
2010 9 11 5 7 46.6406 35.533 129.989 19.7 7
2010 9 11 5 8 13.5396 38.2842 131.883 12 6
2010 9 11 5 8 51.5898 35.3787 130.031 12.4 7
2010 9 11 5 9 6.21483 38.1909 131.841 24.6 5
2010 9 11 5 9 6.33084 38.2265 131.806 21.2 8
2010 9 11 5 9 59.936 38.2431 131.81 16.6 6
2010 9 11 5 11 48.3561 38.2606 131.848 13.6 5
2010 9 11 5 11 48.5741 38.2474 131.855 16.6 5
2010 9 11 5 13 2.09382 35.47 129.601 20.4 6
2010 9 11 5 13 2.09393 35.4939 130.115 19.6 9
2010 9 11 5 13 2.15464 35.5047 130.09 24.6 7
2010 9 11 5 13 2.18812 35.4143 130.091 6.1 5
2010 9 11 5 13 2.21503 35.4512 130.029 3.6 5
2010 9 11 5 13 39.3861 38.2609 131.992 14.4 7
2010 9 11 5 13 39.8629 38.2966 131.963 16.5 7
2010 9 11 5 15 10.0822 38.1998 131.878 2.9 6
2010 9 11 5 16 0.791072 38.2591 131.89 19.9 6
2010 9 11 5 16 0.919885 38.2314 131.866 15.2 5
2010 9 11 5 17 16.7353 38.244 131.877 18.5 6
2010 9 11 5 18 40.6693 38.2595 132.01 17.6 7
2010 9 11 5 20 6.21533 38.3413 132.014 15.5 5
2010 9 11 5 20 53.5016 38.2616 131.986 18.4 7
2010 9 11 5 20 53.6971 38.2383 131.954 8.1 5
2010 9 11 5 22 12.4947 38.2836 132.034 16.6 9
2010 9 11 5 22 12.5578 38.2494 131.97 8.4 7
2010 9 11 5 23 34.4472 38.3059 132.029 15.7 7
2010 9 11 5 23 34.555 38.2414 132.047 11.9 5
2010 9 11 5 23 35.2779 38.288 132.051 15.8 7
2010 9 11 5 24 50.6341 38.2385 132.015 15.5 5
2010 9 11 5 24 50.7737 38.2207 132.032 8.7 6
2010 9 11 5 24 50.9267 38.2286 132.044 9.8 5
2010 9 11 5 25 32.8472 38.2958 132.051 20.1 6
2010 9 11 5 26 11.8188 35.7069 129.963 3 5
2010 9 11 5 26 11.8188 35.4781 130.186 2.4 5
2010 9 11 5 27 3.10784 38.2454 132.027 17.9 6
2010 9 11 5 27 3.55324 38.3054 132.081 18.4 9
2010 9 11 5 34 4.24871 38.4373 132.244 18.7 10
2010 9 11 5 34 4.32429 38.6101 132.023 4.5 5
2010 9 11 5 34 5.10112 38.4431 132.298 19.6 12
2010 9 11 5 35 13.6403 35.595 129.827 25 6
2010 9 11 5 35 42.9511 38.387 132.261 6.7 5
2010 9 11 5 35 42.9535 38.3643 132.288 3.9 5
2010 9 11 5 36 32.1917 38.4266 132.211 18.4 7
2010 9 11 5 39 1.93444 36.0873 130.285 16.9 6
2010 9 11 5 40 43.04 38.0094 135.199 21.9 7
2010 9 11 5 43 7.66911 35.5757 129.915 18.6 10
2010 9 11 5 46 43.5973 38.5502 132.13 18.5 5
2010 9 11 5 46 43.7101 38.41 132.274 16.9 6
2010 9 11 5 50 35.5745 37.7411 132.022 20.4 6
2010 9 11 5 52 40.4669 37.7358 132.137 15.4 7
2010 9 11 5 54 39.1333 37.9056 131.869 7.3 5
2010 9 11 5 54 39.181 37.7217 132.071 12 9
2010 9 11 5 54 39.2342 37.7073 132.041 16.4 5
2010 9 11 5 54 39.3552 37.6573 132.134 10 5
2010 9 11 5 54 39.4644 37.7262 132.135 18.4 5
2010 9 11 5 56 45.2232 37.6625 132.085 11 5
2010 9 11 5 56 45.2232 37.719 132.151 16.4 5
2010 9 11 5 58 31.1374 37.795 131.718 23.8 6
2010 9 11 5 58 31.5333 37.6995 132.148 22.9 5
2010 9 11 5 59 13.3249 37.6038 131.427 27 5
2010 9 11 5 59 13.325 37.5313 131.917 14.7 5
2010 9 11 6 1 53.5287 37.6021 131.776 15.1 5
2010 9 11 6 3 58.6338 37.5101 132.036 6.2 5
2010 9 11 6 3 58.6338 37.5665 132.082 16.6 7
2010 9 11 6 5 47.8203 37.5713 132.211 19.9 7
2010 9 11 6 5 48.6384 37.7712 132.256 16.8 6
2010 9 11 6 8 56.0283 37.7641 132.175 22.4 8
2010 9 11 6 9 32.7814 37.7186 132.323 17.6 7
2010 9 11 6 9 33.1746 37.6938 132.137 17.4 5
2010 9 11 6 9 33.2395 37.7044 132.113 20.8 6
2010 9 11 6 10 54.6321 37.5103 131.987 9.9 6
2010 9 11 6 11 59.7261 37.5909 132.221 17.1 7
2010 9 11 6 11 59.9042 37.5978 132.141 20.7 6
2010 9 11 6 13 17.8313 37.5511 132.116 15.8 7
2010 9 11 6 13 17.8919 37.5915 132.116 22.3 6
2010 9 11 6 13 30.065 37.7373 132.246 22.9 7
2010 9 11 6 13 30.0828 37.7534 132.189 20.5 7
2010 9 11 6 13 30.1276 37.7229 132.283 10.7 6
2010 9 11 6 14 26.2891 37.5852 132.124 24.4 11
2010 9 11 6 16 12.9835 37.6993 132.317 22 5
2010 9 11 6 16 12.9835 37.7822 132.204 12.2 5
2010 9 11 6 16 13.1268 37.7395 132.185 5.1 5
2010 9 11 6 16 35.9026 37.558 132.249 17.3 7
2010 9 11 6 17 44.8461 37.7753 135.513 20 7
2010 9 11 6 19 17.7077 37.6214 131.79 22 6
2010 9 11 6 19 17.7078 37.6327 132.227 21.1 6
2010 9 11 6 19 17.7924 37.5704 132.171 21.6 9
2010 9 11 6 20 4.58149 37.5525 132.104 26.5 8
2010 9 11 6 20 50.5548 38.116 135.617 18.3 8
2010 9 11 6 21 9.36323 37.4743 132.26 7.8 5
2010 9 11 6 22 6.9612 37.772 132.388 20.1 6
2010 9 11 6 22 52.9315 37.5101 132.156 15.2 11
2010 9 11 6 24 58.5301 37.8141 135.52 25.6 5
2010 9 11 6 25 46.425 37.735 132.315 19.3 10
2010 9 11 6 25 46.6287 37.6887 132.346 10.5 5
2010 9 11 6 27 8.9796 38.138 135.919 16.3 6
2010 9 11 6 27 28.0299 37.761 132.198 6.2 5
2010 9 11 6 28 4.49687 37.6312 132.127 26.6 6
2010 9 11 6 28 6.42498 37.72 132.359 21.2 7
2010 9 11 6 28 48.0835 37.7547 132.396 17.8 9
2010 9 11 6 28 48.1674 37.8977 132.461 21 5
2010 9 11 6 28 48.183 37.7337 132.339 8.5 5
2010 9 11 6 28 48.183 37.7534 132.552 8.1 5
2010 9 11 6 29 16.6466 37.7172 132.422 7.8 5
2010 9 11 6 29 16.7136 37.7499 132.424 17.7 5
2010 9 11 6 29 41.1972 37.6067 132.23 21.2 8
2010 9 11 6 29 44.9516 37.735 132.508 17.3 7
2010 9 11 6 32 43.887 37.6145 132.349 28 8
2010 9 11 6 33 57.4517 37.5586 132.22 19.5 9
2010 9 11 6 34 35.635 37.7426 132.269 7.1 5
2010 9 11 6 35 47.7353 37.638 132.193 19.3 8
2010 9 11 6 36 11.569 37.7249 132.478 18.9 9
2010 9 11 6 37 12.0002 38.5358 132.96 18.8 8
2010 9 11 6 37 47.1838 37.7676 132.664 23.5 5
2010 9 11 6 38 40.1133 37.5808 132.253 20.3 7
2010 9 11 6 38 40.3246 37.5952 132.281 26.5 5
2010 9 11 6 38 40.9555 37.5773 132.254 18.8 10
2010 9 11 6 39 30.195 37.5844 132.268 8 5
2010 9 11 6 40 42.7702 37.7803 132.306 21.8 5
2010 9 11 6 41 53.8526 37.6677 132.532 14.3 8
2010 9 11 6 41 56.3755 37.5906 132.216 18.1 11
2010 9 11 6 43 7.00143 37.6221 132.293 20.8 8
2010 9 11 6 44 27.5699 37.7355 132.553 24.9 6
2010 9 11 6 44 38.9053 37.6373 132.313 16.5 5
2010 9 11 6 44 38.9826 37.6228 132.163 27.2 5
2010 9 11 6 44 39.101 37.5909 132.194 22 5
2010 9 11 6 45 22.9445 37.6289 132.228 19.4 10
2010 9 11 6 45 23.0225 37.6247 132.213 19.2 10
2010 9 11 6 45 23.2857 37.5577 132.263 12 7
2010 9 11 6 45 37.0501 37.5721 132.279 13.8 5
2010 9 11 6 46 18.9913 37.6095 132.257 20.2 6
2010 9 11 6 47 14.7411 37.6179 132.283 26.5 5
2010 9 11 6 47 25.3326 37.777 132.282 13.6 5
2010 9 11 6 48 15.884 37.6496 132.152 14.7 5
2010 9 11 6 48 15.884 37.5845 132.303 17 5
2010 9 11 6 48 33.6036 37.5811 132.302 12.4 5
2010 9 11 6 48 51.1147 37.5267 132.321 15.7 5
2010 9 11 6 49 15.8451 37.5473 132.138 4.3 5
2010 9 11 6 49 16.3675 37.5657 132.294 16.9 8
2010 9 11 6 50 21.7707 37.6327 132.339 21 9
2010 9 11 6 51 21.9207 37.6149 132.559 16 7
2010 9 11 6 51 21.9861 37.6157 132.39 26.7 5
2010 9 11 6 51 39.5031 37.5549 132.375 3 6
2010 9 11 6 54 30.1244 37.6128 132.384 24.5 5
2010 9 11 6 54 30.2441 37.6032 132.373 12.4 8
2010 9 11 6 54 30.5978 37.6176 132.358 22.4 6
2010 9 11 6 55 0.763049 37.6504 132.162 6.7 5
2010 9 11 6 56 11.2702 37.6323 132.527 29 5
2010 9 11 6 57 42.2916 37.6637 132.373 21.3 7
2010 9 11 6 58 6.83153 37.6041 132.389 11.3 6
2010 9 11 6 58 6.83156 37.618 132.602 11 5
2010 9 11 6 58 6.95265 37.5429 132.446 14 6
2010 9 11 6 58 52.0408 37.6446 132.369 24 10
2010 9 11 6 59 58.9233 37.6384 132.481 17.5 8
2010 9 11 6 59 59.1928 37.6323 132.476 20.8 10
2010 9 11 7 0 47.441 37.8131 132.893 23.9 6
2010 9 11 7 0 49.3574 37.5946 132.301 6.9 6
2010 9 11 7 1 57.8473 37.6739 132.328 13 5
2010 9 11 7 1 57.8473 37.5903 132.469 13.5 8
2010 9 11 7 2 13.876 37.6325 132.375 18.3 10
2010 9 11 7 2 50.8272 37.5882 132.414 22.1 5
2010 9 11 7 2 51.0623 37.5778 132.36 18.5 6
2010 9 11 7 4 28.4898 37.6639 132.307 24.3 6
2010 9 11 7 4 30.0644 37.5906 132.327 22.9 8
2010 9 11 7 4 34.8918 37.7155 132.89 25.9 6
2010 9 11 7 5 33.0252 37.637 132.333 23.3 11
2010 9 11 7 5 33.2892 37.5895 132.39 9 6
2010 9 11 7 6 37.908 37.6399 132.448 18.5 11
2010 9 11 7 8 57.6235 37.6401 132.35 10.8 7
2010 9 11 7 8 57.6236 37.7248 132.59 25.8 6
2010 9 11 7 8 57.6722 37.6431 132.42 22.2 8
2010 9 11 7 8 58.339 37.6455 132.433 27.3 5
2010 9 11 7 9 45.7688 37.7014 132.95 24.6 7
2010 9 11 7 10 23.8906 37.5828 132.415 25.2 12
2010 9 11 7 10 48.447 37.6435 132.398 13.3 8
2010 9 11 7 12 1.31881 37.6283 132.048 28.4 6
2010 9 11 7 12 1.31882 37.4621 132.574 11.4 5
2010 9 11 7 12 25.5457 37.6485 132.652 15.4 8
2010 9 11 7 12 25.605 37.7322 132.652 26.2 5
2010 9 11 7 13 39.303 37.6489 132.653 18.6 9
2010 9 11 7 13 53.966 37.7887 132.879 17.4 10
2010 9 11 7 14 46.1169 37.6904 132.613 13 6
2010 9 11 7 14 46.4828 37.6693 132.679 23.4 9
2010 9 11 7 14 47.2365 37.619 132.438 23.8 5
2010 9 11 7 16 45.9263 37.6559 132.753 8.6 5
2010 9 11 7 16 45.9288 37.7676 132.771 9 5
2010 9 11 7 16 47.2332 37.619 132.439 20.5 11
2010 9 11 7 18 34.194 37.7111 132.796 17.8 7
2010 9 11 7 18 59.5196 37.6154 132.684 15.5 6
2010 9 11 7 19 0.120638 37.6416 132.49 27.8 5
2010 9 11 7 19 25.657 37.6941 132.769 17.2 10
2010 9 11 7 19 26.17 37.6975 132.761 27.9 6
2010 9 11 7 19 44.1631 37.6619 132.609 12.4 5
2010 9 11 7 20 19.1406 37.7784 133.184 21.5 8
2010 9 11 7 20 25.2939 37.5758 132.514 22.8 9
2010 9 11 7 21 55.2689 37.7819 132.955 23.7 5
2010 9 11 7 22 29.3885 37.6499 132.52 25 6
2010 9 11 7 22 55.9553 37.6622 132.689 24.2 5
2010 9 11 7 22 56.3381 37.6445 132.674 20.8 6
2010 9 11 7 23 16.557 37.6326 132.699 15.4 6
2010 9 11 7 23 45.9402 37.5946 132.524 22.9 5
2010 9 11 7 24 32.3648 37.6841 132.564 24.7 7
2010 9 11 7 24 32.3648 37.6563 132.568 11.8 5
2010 9 11 7 25 25.5689 37.5917 132.557 12.6 8
2010 9 11 7 25 27.3204 37.7602 132.494 26.5 6
2010 9 11 7 25 27.3654 37.7316 132.915 27.1 7
2010 9 11 7 25 27.4911 37.6742 132.934 0.7 6
2010 9 11 7 25 27.4911 37.7509 132.74 10.5 6
2010 9 11 7 26 18.1576 37.6806 132.599 13.9 5
2010 9 11 7 27 1.692 37.647 132.639 29 5
2010 9 11 7 27 1.71999 37.6464 132.335 6.8 5
2010 9 11 7 27 2.15748 37.6205 132.58 16.6 9
2010 9 11 7 28 29.3861 37.7289 132.943 10.4 5
2010 9 11 7 28 29.6147 38.5848 133.506 28 8
2010 9 11 7 29 43.75 37.6721 132.999 15.7 5
2010 9 11 7 30 20.3728 37.6807 132.855 17.8 7
2010 9 11 7 30 31.4455 37.9126 136.061 22.5 9
2010 9 11 7 31 1.57675 37.6042 132.782 18.2 5
2010 9 11 7 31 1.66616 37.6435 132.43 10.6 6
2010 9 11 7 31 1.66617 37.5311 132.671 6.4 6
2010 9 11 7 31 26.7652 38.6149 133.54 25.3 9
2010 9 11 7 31 27.9194 37.9213 136.104 25.1 9
2010 9 11 7 33 1.6643 37.6651 132.631 26.1 7
2010 9 11 7 33 51.987 38.5787 133.669 27.4 5
2010 9 11 7 34 26.9524 37.7004 132.973 18.8 6
2010 9 11 7 34 26.9564 37.6943 132.944 18.5 12
2010 9 11 7 34 27.067 37.7073 132.824 8.9 5
2010 9 11 7 34 27.1986 37.6902 132.908 25.3 9
2010 9 11 7 34 27.6739 37.7294 132.336 23 5
2010 9 11 7 34 28.6868 38.6238 133.597 23.4 5
2010 9 11 7 35 10.7172 37.7457 132.503 24 6
2010 9 11 7 35 17.4078 38.6701 133.083 26.5 7
2010 9 11 7 35 17.4811 38.5938 133.578 24.2 8
2010 9 11 7 35 17.6827 38.5903 133.584 20.1 11
2010 9 11 7 35 24.2154 37.5873 132.637 16.9 5
2010 9 11 7 36 6.96506 37.6248 132.381 10.7 5
2010 9 11 7 36 6.96509 37.5407 132.614 13.6 8
2010 9 11 7 36 22.9284 38.5343 133.677 12.1 8
2010 9 11 7 36 47.621 37.6313 132.635 15.8 7
2010 9 11 7 36 55.6311 37.3604 132.454 21.6 5
2010 9 11 7 36 55.6313 37.7024 132.913 9.1 5
2010 9 11 7 36 55.6627 37.6865 132.829 10 5
2010 9 11 7 36 55.7231 37.7028 132.873 23.8 9
2010 9 11 7 37 3.15533 37.7565 133.167 28.4 15
2010 9 11 7 37 54.5457 37.8154 133.232 22.2 8
2010 9 11 7 37 54.644 37.7944 133.169 17.8 9
2010 9 11 7 37 54.7781 37.7217 133.195 11.8 6
2010 9 11 7 38 5.78335 37.69 133.06 13.8 10
2010 9 11 7 38 5.87933 37.806 132.163 9.1 5
2010 9 11 7 38 5.87944 37.6988 133.009 21.7 9
2010 9 11 7 38 12.5059 37.5875 132.618 11 7
2010 9 11 7 38 23.4524 37.8262 133.343 23.1 8
2010 9 11 7 38 54.4024 37.6493 132.914 23.8 6
2010 9 11 7 38 54.5311 37.631 132.663 16.3 6
2010 9 11 7 39 6.79315 37.7543 132.582 19.2 7
2010 9 11 7 39 6.82509 37.7301 132.762 9.9 5
2010 9 11 7 39 6.8251 37.6246 133.012 7.1 5
2010 9 11 7 39 36.655 37.6064 132.635 18.8 7
2010 9 11 7 39 49.0501 37.8344 133.176 24.7 9
2010 9 11 7 40 0.228012 37.6135 132.727 20.1 5
2010 9 11 7 40 0.299649 37.6615 132.758 26.4 7
2010 9 11 7 40 0.341186 37.6435 132.777 18.3 6
2010 9 11 7 40 0.394387 37.6418 132.773 22.6 8
2010 9 11 7 40 1.1923 37.6026 132.914 7 5
2010 9 11 7 40 8.27342 37.5834 132.531 25.1 7
2010 9 11 7 40 17.8007 37.6495 132.932 24.1 7
2010 9 11 7 40 45.0062 37.6123 132.574 4.7 5
2010 9 11 7 40 45.0995 37.6019 132.698 24 6
2010 9 11 7 40 45.1452 37.5544 132.728 9.1 6
2010 9 11 7 40 45.2069 37.6398 132.707 23.3 6
2010 9 11 7 40 47.5019 37.8362 133.19 24.9 11
2010 9 11 7 40 47.5494 37.8429 132.944 6.6 5
2010 9 11 7 40 57.2081 37.7005 132.989 28.3 6
2010 9 11 7 41 58.818 37.5829 132.869 24 5
2010 9 11 7 42 7.16845 37.8212 133.249 20.2 6
2010 9 11 7 42 33.9919 37.7596 133.102 29 6
2010 9 11 7 42 47.9188 37.6434 132.619 9.9 6
2010 9 11 7 43 6.28756 37.896 132.893 13.2 5
2010 9 11 7 43 6.28761 37.8494 133.298 21.1 6
2010 9 11 7 43 6.31783 37.7354 133.283 10.7 7
2010 9 11 7 43 6.36753 37.8172 133.258 18.2 7
2010 9 11 7 43 6.41688 37.8722 133.25 13.2 5
2010 9 11 7 44 13.9183 37.8179 133.314 21 5
2010 9 11 7 45 0.677778 37.6274 133.089 21.9 7
2010 9 11 7 45 52.7728 37.631 132.746 9.7 6
2010 9 11 7 45 52.9494 37.6275 132.722 27.7 7
2010 9 11 7 45 53.0259 37.6462 132.698 21.3 10
2010 9 11 7 45 53.3038 37.6101 132.773 20.4 6
2010 9 11 7 46 6.70723 37.6804 132.987 23.4 6
2010 9 11 7 46 6.70724 37.6957 132.917 6.1 5
2010 9 11 7 46 34.2853 37.6579 132.62 23.3 7
2010 9 11 7 46 37.1632 38.9593 133.26 16.5 5
2010 9 11 7 46 44.5196 37.6349 132.902 26.4 7
2010 9 11 7 47 8.17641 37.807 133.301 19.3 12
2010 9 11 7 47 8.6057 38.6423 133.789 25.1 9
2010 9 11 7 47 27.4887 37.6066 132.747 16.8 10
2010 9 11 7 47 27.5351 37.6373 132.749 29.9 6
2010 9 11 7 48 2.66553 37.7311 133.36 12.3 6
2010 9 11 7 48 2.83503 37.8155 133.305 29.4 6
2010 9 11 7 48 3.12107 37.6602 132.695 29.4 6
2010 9 11 7 49 14.3896 37.5843 132.758 28.3 11
2010 9 11 7 49 48.5448 37.6908 132.676 8.7 5
2010 9 11 7 49 56.902 38.5388 133.75 7.3 6
2010 9 11 7 49 57.0717 38.5573 133.715 11.5 7
2010 9 11 7 50 2.28897 37.7392 133.268 9.2 5
2010 9 11 7 50 24.4373 37.8656 133.26 25 6
2010 9 11 7 50 50.1784 37.6297 132.537 8.2 5
2010 9 11 7 50 50.1785 37.5288 132.864 4.3 6
2010 9 11 7 50 50.2416 37.6352 132.801 22.9 10
2010 9 11 7 50 50.421 37.6849 132.419 26.5 7
2010 9 11 7 50 51.6835 37.6359 132.936 21.5 10
2010 9 11 7 50 51.8883 37.6538 132.908 13.6 5
2010 9 11 7 50 52.1934 37.5766 132.949 10.7 6
2010 9 11 7 50 53.5101 38.5971 133.783 15.9 5
2010 9 11 7 51 39.5814 37.5951 133.003 12.6 6
2010 9 11 7 51 42.9422 37.6112 132.769 24.9 7
2010 9 11 7 52 12.0868 37.5059 132.845 7.2 5
2010 9 11 7 52 12.0868 37.6184 132.894 16.5 6
2010 9 11 7 52 15.1512 38.0227 136.062 5.3 5
2010 9 11 7 52 19.796 37.7874 133.273 11.5 5
2010 9 11 7 52 46.6241 37.6517 132.978 18.4 7
2010 9 11 7 52 46.7954 37.5613 132.932 11.6 5
2010 9 11 7 53 12.5115 37.6458 132.608 19.1 7
2010 9 11 7 53 12.5115 37.6339 132.832 24.3 6
2010 9 11 7 53 12.6083 37.6414 132.816 18.1 7
2010 9 11 7 53 12.7288 37.6349 132.838 29.4 13
2010 9 11 7 53 27.5475 37.7942 133.312 9.5 5
2010 9 11 7 53 45.9481 38.6137 133.817 17.5 9
2010 9 11 7 53 45.9933 38.6401 133.809 27.8 6
2010 9 11 7 53 46.1298 38.5583 133.75 9.6 5
2010 9 11 7 53 56.1685 37.6084 132.819 10.9 5
2010 9 11 7 54 42.6118 37.8786 132.761 16.9 5
2010 9 11 7 54 42.6446 37.8319 133.285 21.1 9
2010 9 11 7 54 42.6836 37.8123 133.212 5.6 5
2010 9 11 7 54 42.9558 37.8693 132.867 23.7 6
2010 9 11 7 56 7.54386 37.8938 133.52 9.3 6
2010 9 11 7 56 12.8719 37.6964 132.615 5.4 5
2010 9 11 7 57 12.9013 37.9136 133.552 24.1 8
2010 9 11 7 57 13.0114 37.5975 132.947 26.6 5
2010 9 11 7 57 13.2817 37.8598 133.58 10.5 8
2010 9 11 7 58 21.6306 37.7235 133.418 19.1 6
2010 9 11 7 58 21.7214 37.6831 133.01 24.9 6
2010 9 11 7 58 58.7672 37.5611 132.874 10.2 5
2010 9 11 7 59 14.8294 37.9445 133.491 14.1 9
2010 9 11 7 59 45.7517 37.6953 131.821 10 5
2010 9 11 7 59 45.8172 37.6637 133.045 23.7 10
2010 9 11 7 59 59.9826 37.7066 133.237 29.2 7
2010 9 11 8 0 0.149084 37.6888 133.26 27.2 7
2010 9 11 8 0 0.675318 37.6829 133.251 26.5 7
2010 9 11 8 0 3.04468 37.6878 133.01 19.8 7
2010 9 11 8 0 3.16043 37.7094 132.963 29.1 6
2010 9 11 8 0 28.5648 37.9793 136.513 21.4 11
2010 9 11 8 0 36.1723 37.6171 132.742 7.2 5
2010 9 11 8 0 46.1399 37.7981 133.416 19.4 7
2010 9 11 8 1 21.1081 37.7149 133.354 20.3 11
2010 9 11 8 1 38.4607 37.7688 132.731 24.5 6
2010 9 11 8 1 38.4607 37.6478 133.255 5.8 5
2010 9 11 8 1 38.5281 37.7365 133.194 29.2 6
2010 9 11 8 1 48.726 37.6061 133.299 9.3 7
2010 9 11 8 2 21.099 37.7718 132.736 26.2 6
2010 9 11 8 2 21.7127 37.7068 133.213 20 7
2010 9 11 8 2 22.1405 37.7137 133.186 7.2 5
2010 9 11 8 2 34.3755 37.6181 133.072 14.8 6
2010 9 11 8 2 34.5929 37.7343 132.633 25.1 7
2010 9 11 8 2 34.5929 37.6351 133.135 5.3 5
2010 9 11 8 2 46.3258 37.7033 133.355 23 5
2010 9 11 8 2 46.5322 37.6995 133.341 18.8 9
2010 9 11 8 2 47.0053 37.9378 136.256 14.9 7
2010 9 11 8 2 47.1207 37.6249 133.381 17.9 6
2010 9 11 8 3 5.71226 37.702 133.051 23.9 10
2010 9 11 8 3 6.41663 37.7079 133.095 25.6 8
2010 9 11 8 3 20.5855 38.1506 132.582 24.7 5
2010 9 11 8 3 20.5857 37.6933 133.354 7.2 5
2010 9 11 8 3 32.6441 37.7229 133.2 26.6 6
2010 9 11 8 3 32.6441 37.6775 133.236 5.3 5
2010 9 11 8 3 44.8579 37.9727 133.651 22.4 9
2010 9 11 8 3 47.2066 37.7244 133.494 7.4 5
2010 9 11 8 3 47.5525 37.9193 136.423 28.1 9
2010 9 11 8 3 47.595 37.9122 132.96 22.1 6
2010 9 11 8 3 47.5951 37.7076 133.487 11.9 7
2010 9 11 8 4 18.3765 37.8483 132.973 23.4 6
2010 9 11 8 4 18.4275 37.7884 133.433 19.3 8
2010 9 11 8 4 26.7373 37.9484 136.519 24.8 5
2010 9 11 8 4 29.4238 38.2431 133.057 15.4 5
2010 9 11 8 4 30.5783 37.7002 133.082 22.2 9
2010 9 11 8 5 2.93457 37.9497 136.189 5.3 5
2010 9 11 8 5 3.33333 37.9078 136.4 26.9 7
2010 9 11 8 5 3.3649 37.8965 136.413 27.3 6
2010 9 11 8 5 17.7735 37.9627 133.165 24.4 7
2010 9 11 8 5 17.7735 37.8523 133.752 26.9 5
2010 9 11 8 5 17.8444 38.0158 133.871 29.7 5
2010 9 11 8 5 19.448 37.8475 133.097 16.4 6
2010 9 11 8 5 45.0684 37.6964 133.254 19.4 5
2010 9 11 8 5 58.5296 37.9941 133.694 26.4 7
2010 9 11 8 6 30.0789 37.8907 133.232 14.4 6
2010 9 11 8 6 30.079 37.7221 133.518 13.1 5
2010 9 11 8 6 30.2453 37.8207 133.486 21.2 5
2010 9 11 8 6 30.2983 37.7671 133.468 12.1 5
2010 9 11 8 6 30.2983 37.8492 133.407 18 7
2010 9 11 8 6 40.1962 37.9529 136.453 26 6
2010 9 11 8 6 40.328 37.9259 136.477 21.9 9
2010 9 11 8 6 53.8036 37.7596 133.403 10.1 8
2010 9 11 8 7 50.1197 37.8532 136.476 10.2 5
2010 9 11 8 7 50.7449 37.928 136.466 25.2 8
2010 9 11 8 8 0.590213 37.7505 133.327 27.6 6
2010 9 11 8 8 14.1022 37.6992 133.108 23.8 10
2010 9 11 8 8 14.1606 37.7115 133.12 26.4 7
2010 9 11 8 8 34.3574 37.9343 136.473 22.1 9
2010 9 11 8 8 34.8653 37.6658 133.447 5.9 5
2010 9 11 8 8 43.3853 37.9781 133.723 27.5 7
2010 9 11 8 8 44.1193 37.9453 133.772 17.4 6
2010 9 11 8 9 19.589 37.7232 133.289 24 11
2010 9 11 8 9 43.8048 37.9494 136.656 19.5 5
2010 9 11 8 9 54.7296 37.7309 133.32 18.1 10
2010 9 11 8 10 13.1622 37.7386 133.327 23.1 10
2010 9 11 8 10 23.4925 37.976 133.477 24.6 7
2010 9 11 8 10 24.3093 37.9464 133.583 16.7 5
2010 9 11 8 10 24.7405 37.9399 133.562 18.9 7
2010 9 11 8 10 52.0977 37.7693 133.459 18.4 9
2010 9 11 8 10 52.2306 37.6856 133.471 10.7 5
2010 9 11 8 10 52.3813 37.7386 133.466 18.1 8
2010 9 11 8 10 52.5122 37.7759 133.435 27.9 7
2010 9 11 8 10 52.7329 37.7747 133.431 26.7 8
2010 9 11 8 10 55.7803 37.738 133.378 16.7 6
2010 9 11 8 10 56.5125 37.9961 133.333 24 5
2010 9 11 8 11 15.0394 37.9554 136.528 21 8
2010 9 11 8 11 42.7645 37.9569 133.582 19 7
2010 9 11 8 11 44.7773 37.9623 136.455 26.5 6
2010 9 11 8 11 49.4306 37.7416 133.343 12.4 5
2010 9 11 8 11 49.4306 37.7424 133.345 23.7 8
2010 9 11 8 12 2.3251 37.7458 133.453 26.6 5
2010 9 11 8 12 24.4905 37.8774 136.503 8.6 5
2010 9 11 8 12 44.6185 37.7362 133.32 8.5 7
2010 9 11 8 12 44.7422 37.8074 132.885 20.7 7
2010 9 11 8 12 44.7422 37.7024 133.369 3.3 6
2010 9 11 8 12 45.3363 38.0061 133.047 24.2 7
2010 9 11 8 12 45.3363 37.9112 133.632 16.3 6
2010 9 11 8 12 45.4329 37.942 133.574 25.4 8
2010 9 11 8 12 45.5687 37.9815 133.093 17.1 6
2010 9 11 8 12 45.5688 37.9315 133.588 16.6 5
2010 9 11 8 12 47.2578 37.9627 136.578 21.8 6
2010 9 11 8 12 47.3922 37.9488 136.514 7.5 5
2010 9 11 8 12 57.2605 37.7316 133.446 23.7 10
2010 9 11 8 13 15.8593 38.0085 136.314 6.8 6
2010 9 11 8 13 15.8593 37.9806 136.551 23.3 6
2010 9 11 8 13 17.8294 37.8694 133.641 14.7 7
2010 9 11 8 13 17.903 37.8888 133.648 14.7 7
2010 9 11 8 13 18.0885 37.96 133.571 25 6
2010 9 11 8 13 22.352 37.7919 132.788 22.7 7
2010 9 11 8 13 22.409 37.7609 132.855 12.8 6
2010 9 11 8 13 48.4361 38.0064 136.162 9.7 6
2010 9 11 8 13 48.4361 37.909 136.583 9.1 5
2010 9 11 8 13 48.8702 38.0035 136.225 7 5
2010 9 11 8 13 55.3107 37.8091 133.063 12.8 6
2010 9 11 8 14 5.45357 37.7962 133.654 26.1 6
2010 9 11 8 14 5.45359 37.9461 133.647 28.9 8
2010 9 11 8 14 20.7263 37.7292 133.542 9 5
2010 9 11 8 14 28.7589 37.9705 136.692 24.8 9
2010 9 11 8 14 39.9662 37.7489 133.005 11.9 6
2010 9 11 8 14 40.0184 37.5445 133.343 12.1 5
2010 9 11 8 14 40.0818 37.6932 133.312 17 5
2010 9 11 8 14 40.1511 37.9411 133.613 18.2 7
2010 9 11 8 15 30.8112 38.0331 133.056 9.5 5
2010 9 11 8 15 30.8687 37.846 133.659 15.7 5
2010 9 11 8 15 32.0662 37.9553 136.558 21.8 9
2010 9 11 8 15 32.5745 37.8774 136.584 14.3 5
2010 9 11 8 16 6.27468 38.0118 136.617 28.4 5
2010 9 11 8 16 7.11709 37.9512 136.521 20.2 6
2010 9 11 8 16 34.5782 37.7809 132.868 22.8 8
2010 9 11 8 16 49.3062 37.936 133.65 23.5 9
2010 9 11 8 16 49.9765 38.0045 136.324 6.9 6
2010 9 11 8 16 50.4832 37.9696 136.528 26 6
2010 9 11 8 17 11.8356 37.75 133.153 5.3 6
2010 9 11 8 17 38.4706 37.8216 133.585 26.8 7
2010 9 11 8 18 14.0033 37.7231 133.277 26.3 9
2010 9 11 8 18 14.1762 37.7302 133.28 24.9 8
2010 9 11 8 18 18.6003 37.7675 133.523 17.5 8
2010 9 11 8 18 41.6514 37.9465 133.657 18.8 8
2010 9 11 8 18 42.0743 37.9478 133.909 18.9 5
2010 9 11 8 18 42.0757 37.9347 133.858 19.8 6
2010 9 11 8 18 42.9551 37.9529 136.684 22.4 5
2010 9 11 8 18 43.2136 38.0296 136.695 23.6 5
2010 9 11 8 19 12.492 37.8481 133.218 19.7 5
2010 9 11 8 19 12.5811 37.7734 133.977 13.5 5
2010 9 11 8 19 12.7302 37.7899 133.721 17.1 5
2010 9 11 8 19 29.3685 37.9389 133.731 29.8 5
2010 9 11 8 21 1.58746 37.97 136.589 19.6 7
2010 9 11 8 21 1.65851 37.9947 136.604 26.9 6
2010 9 11 8 21 4.92031 37.7064 133.531 2.1 5
2010 9 11 8 21 38.2699 37.8715 133.392 10.9 7
2010 9 11 8 21 38.8811 37.7615 133.751 3 5
2010 9 11 8 21 45.9375 37.9685 136.575 7.8 7
2010 9 11 8 22 52.0467 37.655 132.476 6.2 5
2010 9 11 8 23 1.85916 37.9793 133.361 14.8 7
2010 9 11 8 23 1.85925 37.916 133.74 9.8 5
2010 9 11 8 23 8.16822 37.8336 133.007 21.9 7
2010 9 11 8 23 8.16826 37.8058 133.524 19.3 5
2010 9 11 8 23 8.57878 37.7602 133.487 22.6 10
2010 9 11 8 23 20.5707 38.0298 136.374 6.1 6
2010 9 11 8 23 21.0391 38.0331 136.562 26.7 5
2010 9 11 8 24 6.87685 37.7286 133.445 0.9 5
2010 9 11 8 24 23.0592 37.7861 133.674 8.8 5
2010 9 11 8 24 23.5886 37.8295 133.721 14.8 5
2010 9 11 8 24 57.6083 37.6867 133.165 28.3 7
2010 9 11 8 24 57.8518 37.6791 133.274 7.4 6
2010 9 11 8 24 58.0509 37.7351 133.039 6.7 5
2010 9 11 8 26 0.818755 37.8261 133.704 26.9 8
2010 9 11 8 26 0.88358 37.8165 133.739 20.5 6
2010 9 11 8 26 1.17619 37.8183 133.697 21.5 9
2010 9 11 8 26 55.7215 37.9098 133.157 25.5 6
2010 9 11 8 27 23.12 37.6077 132.825 28.4 6
2010 9 11 8 27 46.6872 37.8281 133.752 19.8 9
2010 9 11 8 27 46.6987 37.7546 133.781 12.3 5
2010 9 11 8 27 46.709 37.7322 133.816 11 5
2010 9 11 8 28 32.197 37.8832 133.23 21.4 7
2010 9 11 8 28 32.1971 37.8056 133.775 11.2 6
2010 9 11 8 28 32.4918 37.8629 133.757 27.7 8
2010 9 11 8 28 34.679 38.0799 136.227 12.8 7
2010 9 11 8 28 34.6791 37.8993 136.733 3.5 5
2010 9 11 8 28 34.7357 37.9985 136.698 20 8
2010 9 11 8 28 41.8507 37.6682 132.354 24.7 5
2010 9 11 8 29 12.1295 37.8092 133.599 29.1 8
2010 9 11 8 29 12.1308 37.8306 133.09 9.7 5
2010 9 11 8 29 12.1309 37.7859 133.606 12.9 10
2010 9 11 8 29 12.9285 37.7085 133.254 27.9 9
2010 9 11 8 29 12.984 37.7195 132.925 4.4 5
2010 9 11 8 29 38.5685 37.8185 133.763 26.1 10
2010 9 11 8 29 38.6943 37.7516 133.781 12.7 6
2010 9 11 8 30 6.16689 37.808 133.804 16.9 6
2010 9 11 8 30 6.24449 37.876 133.765 24.7 6
2010 9 11 8 30 39.8571 37.9257 133.316 18.6 7
2010 9 11 8 30 42.3298 37.8047 133.624 19.2 13
2010 9 11 8 30 42.5377 37.7886 133.607 9.8 6
2010 9 11 8 30 42.6136 37.792 133.614 26.9 7
2010 9 11 8 31 0.784901 37.6146 132.423 26.6 7
2010 9 11 8 31 13.2527 37.8196 133.758 20.2 8
2010 9 11 8 31 14.9816 38.0292 133.86 24.9 6
2010 9 11 8 31 15.0528 37.9227 133.938 7.6 5
2010 9 11 8 31 29.1096 37.8373 133.522 24.5 6
2010 9 11 8 31 29.1555 37.845 133.745 28 5
2010 9 11 8 32 21.6374 38.1749 133.264 15.7 5
2010 9 11 8 32 21.6376 37.8399 133.796 10.7 7
2010 9 11 8 32 22.9028 37.9158 133.987 18.7 5
2010 9 11 8 32 52.4711 37.8789 133.351 21.5 8
2010 9 11 8 32 52.5349 37.8465 133.366 16.9 5
2010 9 11 8 33 19.899 38.6355 134.175 28.2 8
2010 9 11 8 33 29.7319 37.8637 133.801 24.3 7
2010 9 11 8 33 32.1874 37.3106 132.233 7.9 5
2010 9 11 8 33 32.1874 37.3688 132.345 29.8 6
2010 9 11 8 34 35.4645 37.3574 132.227 27.8 6
2010 9 11 8 34 49.9122 37.9782 133.935 17.4 8
2010 9 11 8 34 50.0112 37.998 133.962 29.7 5
2010 9 11 8 34 50.2176 38.0525 133.914 28.8 6
2010 9 11 8 34 50.2177 38.015 133.977 20.3 5
2010 9 11 8 34 50.3026 38.0047 133.929 26.8 8
2010 9 11 8 34 50.4393 38.0501 133.504 27.9 7
2010 9 11 8 36 4.24904 37.6947 132.368 19.5 7
2010 9 11 8 36 4.24912 37.6386 132.921 5.6 5
2010 9 11 8 36 24.5834 37.8631 133.906 14.6 13
2010 9 11 8 36 24.6939 37.8505 133.894 25.6 5
2010 9 11 8 37 43.2736 37.9099 133.46 23 5
2010 9 11 8 38 19.7801 37.3701 132.199 27.7 9
2010 9 11 8 38 20.4308 37.1399 132.169 13.2 7
2010 9 11 8 39 35.4732 37.3477 131.977 7.7 5
2010 9 11 8 39 35.4733 37.2513 132.254 7.8 5
2010 9 11 8 39 35.5293 37.3523 131.869 19.8 7
2010 9 11 8 39 35.5294 37.2553 132.311 9.1 5
2010 9 11 8 39 35.6863 37.3024 132.306 24.2 6
2010 9 11 8 40 11.0698 37.5713 132.971 8.1 5
2010 9 11 8 40 33.588 37.8539 133.598 5.4 5
2010 9 11 8 41 8.40418 37.3214 131.792 24.6 7
2010 9 11 8 42 35.395 37.9331 133.982 8.1 8
2010 9 11 8 42 35.3951 38.1662 134.449 9.5 5
2010 9 11 8 42 35.4599 37.919 134.042 10.7 5
2010 9 11 8 43 0.787029 37.2706 132.407 10.6 5
2010 9 11 8 43 0.787074 37.3467 132.456 23.3 6
2010 9 11 8 43 0.857791 37.373 132.315 24 9
2010 9 11 8 43 11.7686 38.6712 134.276 20.3 8
2010 9 11 8 44 21.5116 37.3305 132.405 18.7 6
2010 9 11 8 44 21.6172 37.3548 132.323 26.5 9
2010 9 11 8 45 27.6911 37.7178 133.378 29.5 12
2010 9 11 8 46 2.25611 37.8724 133.834 15.5 9
2010 9 11 8 47 27.9321 37.3225 132.039 3.6 5
2010 9 11 8 47 27.9799 37.3057 132.327 29.2 6
2010 9 11 8 48 16.6609 37.6659 133.45 10.5 7
2010 9 11 8 48 52.6428 37.8814 133.677 11.7 5
2010 9 11 8 48 52.8603 37.3513 132.118 14.9 7
2010 9 11 8 48 52.9459 37.348 132.275 28.7 5
2010 9 11 8 50 5.58221 37.2731 132.389 23.9 7
2010 9 11 8 50 39.2487 37.8682 133.577 17.3 6
2010 9 11 8 50 46.8125 37.3628 132.497 28.9 5
2010 9 11 8 50 46.865 37.2578 132.382 12.3 7
2010 9 11 8 51 31.2763 37.3674 131.858 14.6 5
2010 9 11 8 52 43.9255 37.3555 132.342 23.8 7
2010 9 11 8 52 55.1587 38.0567 134.369 24.5 5
2010 9 11 8 53 51.0221 37.2468 132.442 21.2 6
2010 9 11 8 54 32.4963 37.3197 132.431 19.2 8
2010 9 11 8 54 33.3222 37.331 132.399 18.7 10
2010 9 11 8 55 5.83633 38.0933 134.008 7.9 5
2010 9 11 8 55 5.83634 37.9697 134.189 15.9 9
2010 9 11 8 55 16.6375 37.2956 132.151 1.6 5
2010 9 11 8 55 16.7336 37.3204 131.928 19.9 6
2010 9 11 8 55 16.7337 37.2064 132.365 8.2 7
2010 9 11 8 56 0.782478 37.3243 132.376 29.1 13
2010 9 11 8 56 0.814579 37.3624 131.934 13.5 5
2010 9 11 8 56 1.33311 37.3591 132.395 20.6 8
2010 9 11 8 58 5.08883 37.4161 132.572 26 11
2010 9 11 8 58 52.4811 37.7404 133.808 10.6 5
2010 9 11 8 58 52.547 37.7927 133.925 19.2 6
2010 9 11 8 59 2.61764 37.2251 132.406 29.4 14
2010 9 11 8 59 2.78096 37.3069 131.965 21.1 8
2010 9 11 8 59 3.35455 37.3066 131.96 15.2 6
2010 9 11 8 59 27.6761 38.0703 133.915 25.2 7
2010 9 11 8 59 27.6761 37.9851 134.313 6.1 6
2010 9 11 8 59 27.6951 38.0612 134.297 27.6 6
2010 9 11 8 59 27.7871 38.0503 133.982 13.4 6
2010 9 11 8 59 57.3975 37.697 133.936 10.9 6
2010 9 11 8 59 57.3987 37.8835 133.313 22.4 7
2010 9 11 8 59 57.3988 37.857 133.884 29.6 6
2010 9 11 9 0 39.2164 37.78 133.866 23.2 7
2010 9 11 9 1 2.68499 37.7542 133.952 22.2 6
2010 9 11 9 1 22.8958 37.3855 132.465 27.9 6
2010 9 11 9 1 51.3766 37.1866 132.474 17.3 9
2010 9 11 9 1 52.8787 37.749 133.949 8.1 5
2010 9 11 9 2 1.29245 38.0696 133.919 17.3 6
2010 9 11 9 2 1.34166 38.0356 134.258 10.8 8
2010 9 11 9 2 21.828 37.4308 132.628 19.7 8
2010 9 11 9 2 44.0244 37.8235 133.615 18.4 7
2010 9 11 9 2 44.0245 37.6966 134.027 3.1 6
2010 9 11 9 2 44.0662 37.8132 133.59 15.3 5
2010 9 11 9 3 2.62437 37.3061 131.983 18.6 6
2010 9 11 9 3 2.62444 37.2824 132.425 26 6
2010 9 11 9 4 8.45765 38.0696 134.012 16.5 7
2010 9 11 9 4 8.45766 37.9398 134.37 3.5 5
2010 9 11 9 4 12.7982 37.543 132.178 23.5 6
2010 9 11 9 4 33.3392 37.807 133.542 5.1 5
2010 9 11 9 5 39.395 37.9549 134.413 4.4 5
2010 9 11 9 5 39.395 38.0489 134.403 15.3 7
2010 9 11 9 5 52.7113 37.7877 133.95 18.9 10
2010 9 11 9 6 32.4575 37.254 132.419 23.7 9
2010 9 11 9 6 59.3248 37.8586 133.738 13.4 6
2010 9 11 9 7 12.5496 37.9388 137.122 23.9 6
2010 9 11 9 7 12.7895 37.9576 137.298 25.8 5
2010 9 11 9 7 24.8742 38.2353 134.235 28.2 11
2010 9 11 9 7 24.8936 37.3386 132.526 6.1 5
2010 9 11 9 7 24.9312 38.2619 133.982 27.6 5
2010 9 11 9 7 24.9894 38.2779 134.274 21.6 8
2010 9 11 9 7 44.6238 37.7477 134.074 7.2 5
2010 9 11 9 8 43.1335 37.828 133.622 20.9 7
2010 9 11 9 8 43.1336 37.6847 134.073 12.5 6
2010 9 11 9 9 0.170068 37.2977 132.494 29.1 6
2010 9 11 9 9 0.210233 37.346 132.509 27 5
2010 9 11 9 9 0.347873 37.2493 132.565 0.1 5
2010 9 11 9 9 1.06892 37.2723 132.516 18.7 9
2010 9 11 9 10 4.68624 38.004 136.826 25.9 6
2010 9 11 9 10 39.9631 37.3823 132.457 20.2 6
2010 9 11 9 11 2.15762 38.3571 134.514 28.2 9
2010 9 11 9 11 2.17735 38.2247 134.279 29.5 6
2010 9 11 9 11 10.2479 37.3148 132.609 25 6
2010 9 11 9 11 10.8472 37.1178 132.444 8.9 5
2010 9 11 9 11 10.8472 37.2555 132.29 15.7 7
2010 9 11 9 12 11.7201 38.3451 134.35 27.5 7
2010 9 11 9 12 11.7724 38.2546 133.939 10.6 5
2010 9 11 9 12 19.3838 37.7827 134.131 25.4 8
2010 9 11 9 12 19.384 38.2264 134.599 13.3 6
2010 9 11 9 12 19.6701 37.8036 134.084 8.8 5
2010 9 11 9 12 59.0428 37.2535 132.498 25 6
2010 9 11 9 12 59.1014 37.2475 132.017 8.3 5
2010 9 11 9 12 59.1809 37.3045 132.041 24.6 5
2010 9 11 9 12 59.604 37.2572 132.475 23.6 6
2010 9 11 9 13 10.9366 37.8262 134.125 27 5
2010 9 11 9 13 17.7669 38.253 134.102 19.4 6
2010 9 11 9 13 17.7916 38.2382 134.291 6.4 5
2010 9 11 9 13 17.9738 38.2521 133.99 6.2 5
2010 9 11 9 14 9.04383 37.8076 133.874 12.7 6
2010 9 11 9 14 9.1266 37.7584 134.066 24.1 10
2010 9 11 9 14 29.7952 37.3235 132.333 24.8 11
2010 9 11 9 14 29.7953 37.3923 132.542 11 5
2010 9 11 9 15 58.7432 37.7812 133.742 7.1 5
2010 9 11 9 16 17.0479 37.8127 133.809 23.3 5
2010 9 11 9 16 17.0479 37.7937 134.159 9.5 6
2010 9 11 9 16 35.5105 37.8186 134.092 25.4 6
2010 9 11 9 16 48.6405 37.1297 132.469 20.6 8
2010 9 11 9 17 10.6826 37.7802 133.686 9.5 5
2010 9 11 9 17 10.8013 37.7654 134.156 28.4 7
2010 9 11 9 17 10.9804 38.2721 133.982 7.4 5
2010 9 11 9 17 11.034 38.3093 133.981 14.4 5
2010 9 11 9 17 11.0341 38.2559 134.4 29.8 7
2010 9 11 9 17 33.8674 37.6275 133.166 19.6 6
2010 9 11 9 18 5.63577 37.2062 132.139 28.6 5
2010 9 11 9 18 5.63588 37.2608 132.538 13.4 8
2010 9 11 9 18 15.3248 38.0297 134.224 26.1 7
2010 9 11 9 18 18.4724 37.3178 132.592 30 13
2010 9 11 9 18 21.9456 37.7995 133.847 22.3 8
2010 9 11 9 18 21.9456 37.7142 134.182 4.4 7
2010 9 11 9 18 21.9914 37.8169 133.695 25.6 5
2010 9 11 9 18 22.3543 37.7815 134.191 20.3 5
2010 9 11 9 18 22.4667 37.9079 134.333 16.6 5
2010 9 11 9 18 57.345 37.8059 134.165 8.8 5
2010 9 11 9 18 57.405 37.7891 133.772 23.8 6
2010 9 11 9 18 57.748 37.8347 134.271 17 5
2010 9 11 9 19 14.9378 37.5912 132.752 3.8 5
2010 9 11 9 19 50.0484 37.7877 134.2 29.7 8
2010 9 11 9 19 50.0484 37.7598 134.232 12 6
2010 9 11 9 20 28.3348 37.2025 132.471 10.6 6
2010 9 11 9 20 29.3292 37.4297 132.34 20.2 7
2010 9 11 9 20 36.8659 37.7887 134.172 28.6 13
2010 9 11 9 21 6.9445 37.7192 134.193 29.2 8
2010 9 11 9 21 6.99846 37.8191 134.23 11.9 5
2010 9 11 9 21 36.2656 37.7975 134.213 21.6 9
2010 9 11 9 21 36.3102 37.7367 134.153 28.8 7
2010 9 11 9 21 36.3725 37.7795 133.852 22.8 6
2010 9 11 9 21 36.467 37.7505 134.161 28.8 7
2010 9 11 9 22 31.3406 37.8085 134.195 27.7 7
2010 9 11 9 22 31.3947 37.7709 134.175 29.1 10
2010 9 11 9 22 31.4361 37.7548 134.103 23.2 6
2010 9 11 9 23 55.9286 37.6602 134.268 11.8 5
2010 9 11 9 23 55.9286 37.7754 134.21 25.7 10
2010 9 11 9 23 56.0236 37.7696 134.195 25.4 8
2010 9 11 9 23 56.1829 37.771 134.21 19.4 5
2010 9 11 9 24 34.3564 37.2655 132.528 19 8
2010 9 11 9 25 38.6485 37.5494 133.37 18.3 7
2010 9 11 9 25 43.1396 37.8327 133.98 11.3 6
2010 9 11 9 25 43.2874 37.8146 134.222 24.1 7
2010 9 11 9 25 45.4768 37.5643 133.738 19.8 5
2010 9 11 9 26 19.7639 37.8344 134.332 24.6 5
2010 9 11 9 26 26.007 38.6536 134.893 16.6 6
2010 9 11 9 26 29.3578 37.5772 133.229 18.5 5
2010 9 11 9 26 29.3578 37.468 133.407 5.9 5
2010 9 11 9 26 58.1958 37.6687 132.702 7.6 5
2010 9 11 9 27 56.2799 37.5713 133.452 20.7 9
2010 9 11 9 27 56.67 37.5709 133.304 18.9 5
2010 9 11 9 27 56.7495 37.6092 133.37 10.5 5
2010 9 11 9 28 40.0926 37.8218 134.293 16 9
2010 9 11 9 28 40.1588 37.831 134.412 17 5
2010 9 11 9 28 44.4056 37.6591 133.709 9.4 5
2010 9 11 9 29 3.00422 37.8442 134.392 16.1 5
2010 9 11 9 29 3.03976 37.7142 134.359 12.3 5
2010 9 11 9 29 23.8994 37.5743 133.367 25.8 7
2010 9 11 9 29 30.8636 37.1954 132.556 18.4 7
2010 9 11 9 29 31.4213 37.2016 132.509 20 11
2010 9 11 9 30 10.7153 37.1846 132.123 18 8
2010 9 11 9 30 48.871 37.6107 133.387 25.8 6
2010 9 11 9 32 16.9725 37.1639 132.414 13.8 6
2010 9 11 9 33 1.41861 37.2061 132.575 24.2 8
2010 9 11 9 33 52.5372 37.207 132.626 10.5 8
2010 9 11 9 33 52.6199 37.2503 132.72 26.1 6
2010 9 11 9 33 53.6126 37.3421 132.832 20.1 7
2010 9 11 9 33 53.6545 37.3356 132.801 21.4 5
2010 9 11 9 34 1.1208 37.7806 134.279 28.1 8
2010 9 11 9 34 1.2998 37.7459 134.221 17.5 6
2010 9 11 9 34 1.46582 37.785 134.324 29.6 10
2010 9 11 9 34 33.4939 37.2072 132.578 22.1 5
2010 9 11 9 35 0.709157 37.195 132.537 16.2 10
2010 9 11 9 35 0.766175 37.1801 132.548 16.1 10
2010 9 11 9 35 20.1514 37.2292 132.693 29.1 5
2010 9 11 9 35 20.2883 37.6377 133.469 23.5 7
2010 9 11 9 35 48.6563 37.7833 134.357 28.7 10
2010 9 11 9 35 51.2506 37.1631 132.56 25.4 12
2010 9 11 9 35 51.3329 37.206 132.212 12.6 5
2010 9 11 9 35 51.3796 37.2085 132.792 20.5 5
2010 9 11 9 36 21.4763 37.2167 132.635 12.8 6
2010 9 11 9 36 21.5071 37.2463 132.463 14.2 6
2010 9 11 9 36 21.5071 37.2427 132.631 22 5
2010 9 11 9 36 21.5766 37.2708 132.631 19.4 6
2010 9 11 9 36 22.1986 37.1807 132.488 17.8 5
2010 9 11 9 37 14.4946 37.827 134.412 23.2 5
2010 9 11 9 37 38.5128 37.2197 132.316 18.1 5
2010 9 11 9 37 38.5128 37.1842 132.553 19.7 10
2010 9 11 9 38 43.4516 38.4805 134.713 25 5
2010 9 11 9 38 57.157 37.2315 132.651 19.5 5
2010 9 11 9 39 21.3363 37.032 132.381 27.9 5
2010 9 11 9 39 22.4618 37.8105 134.125 20.2 9
2010 9 11 9 39 43.1412 37.1939 132.602 20.1 9
2010 9 11 9 40 0.057173 38.3492 134.695 17.6 5
2010 9 11 9 40 6.95879 37.1827 132.911 27 5
2010 9 11 9 40 23.6 37.7377 134.462 1.9 5
2010 9 11 9 41 5.50478 37.1858 132.664 18.6 9
2010 9 11 9 41 5.54091 37.1386 132.648 9.1 5
2010 9 11 9 41 5.57274 37.1748 132.657 23.5 11
2010 9 11 9 41 25.2624 37.5355 133.503 7.5 5
2010 9 11 9 41 25.3657 37.5692 133.332 5.8 5
2010 9 11 9 41 33.8919 37.1676 132.588 18.4 10
2010 9 11 9 41 33.9608 37.1444 132.586 25.1 7
2010 9 11 9 41 34.0595 37.2027 132.589 5.6 5
2010 9 11 9 41 34.1621 37.158 132.582 12.9 8
2010 9 11 9 41 55.9694 38.2009 134.876 19.5 5
2010 9 11 9 41 56.0745 38.0412 134.986 27.2 8
2010 9 11 9 41 59.5771 38.3043 134.891 15.7 5
2010 9 11 9 42 11.5899 37.5676 133.431 28.4 11
2010 9 11 9 42 19.6215 38.4051 134.574 4.5 5
2010 9 11 9 42 19.9139 38.283 134.839 24.1 5
2010 9 11 9 42 21.4859 37.1693 132.607 24.7 12
2010 9 11 9 42 21.5456 37.1923 132.202 12.9 6
2010 9 11 9 42 21.6405 37.1459 132.589 26.9 8
2010 9 11 9 42 43.751 37.4071 133.683 12.6 5
2010 9 11 9 42 43.7511 37.5995 133.433 10.4 7
2010 9 11 9 42 43.7818 37.522 133.457 9.4 6
2010 9 11 9 42 51.7244 37.1593 132.189 17.6 7
2010 9 11 9 43 6.00226 37.7738 133.913 13.5 10
2010 9 11 9 43 24.3766 37.5525 133.472 20.8 7
2010 9 11 9 43 38.8058 37.1419 132.495 24.4 11
2010 9 11 9 43 41.8369 38.304 134.825 10.3 7
2010 9 11 9 43 42.2883 38.2487 134.856 12.2 5
2010 9 11 9 43 42.433 38.431 135.203 29.9 5
2010 9 11 9 43 55.66 37.5995 133.574 10.9 5
2010 9 11 9 43 56.5505 37.5828 133.43 13.6 6
2010 9 11 9 44 8.56098 37.1687 132.605 23.6 12
2010 9 11 9 44 8.65883 37.1563 132.596 10.9 5
2010 9 11 9 44 10.8936 38.3532 134.895 21.7 5
2010 9 11 9 44 27.27 37.8012 134.498 26.2 6
2010 9 11 9 44 48.4198 37.5631 133.452 28.8 12
2010 9 11 9 44 54.9372 37.0977 132.701 18.8 7
2010 9 11 9 44 55.0575 37.2703 132.708 12.5 5
2010 9 11 9 45 1.2232 38.572 134.79 12.6 6
2010 9 11 9 45 2.83918 37.4984 133.489 20.4 8
2010 9 11 9 45 35.4158 37.2073 132.673 16 8
2010 9 11 9 45 35.5056 37.2206 132.293 21 5
2010 9 11 9 45 35.5233 37.1312 132.641 15.1 6
2010 9 11 9 45 35.7468 37.1753 132.613 21.6 10
2010 9 11 9 45 55.1392 37.1361 132.555 28.3 6
2010 9 11 9 45 55.3209 37.0462 132.543 11 7
2010 9 11 9 46 10.7027 37.5755 133.523 17.1 8
2010 9 11 9 46 10.7683 37.6242 133.549 15 7
2010 9 11 9 46 10.7862 37.564 133.506 24.9 6
2010 9 11 9 46 10.8241 37.523 133.43 17.8 5
2010 9 11 9 46 10.9023 37.5367 133.471 29.7 9
2010 9 11 9 46 49.9309 37.1662 132.308 16.3 5
2010 9 11 9 46 50.0819 37.0597 132.56 12.4 6
2010 9 11 9 46 50.1384 37.1685 132.411 27.9 7
2010 9 11 9 47 6.44311 41.1688 138.094 11.3 5
2010 9 11 9 47 22.043 37.1303 132.745 28.5 7
2010 9 11 9 47 22.2087 37.1809 132.654 19 10
2010 9 11 9 47 27.5794 37.548 133.494 18.2 8
2010 9 11 9 48 30.6824 37.6887 133.79 24 5
2010 9 11 9 48 47.0524 37.9516 134.741 18.1 7
2010 9 11 9 48 50.3575 36.9999 132.318 19.9 6
2010 9 11 9 49 1.6285 37.5721 133.522 17.4 7
2010 9 11 9 49 16.467 38.3194 135.025 10.6 5
2010 9 11 9 49 16.467 38.4515 134.852 11.6 7
2010 9 11 9 49 16.5387 38.4758 134.969 17.4 7
2010 9 11 9 49 16.5388 38.4798 134.993 11.3 5
2010 9 11 9 49 16.6162 38.435 135.032 14.5 5
2010 9 11 9 49 16.7333 38.4801 134.678 13.8 7
2010 9 11 9 49 16.7333 38.3962 134.898 16.4 8
2010 9 11 9 49 28.3959 37.5865 133.54 18.7 9
2010 9 11 9 49 28.4606 37.5264 133.479 18.3 7
2010 9 11 9 49 35.096 36.3777 133.761 18.5 5
2010 9 11 9 49 57.2979 37.1708 132.18 13.1 5
2010 9 11 9 49 57.9092 37.189 132.321 13.9 6
2010 9 11 9 50 4.70831 37.5815 133.515 21 9
2010 9 11 9 50 4.79029 37.6022 133.142 8.3 5
2010 9 11 9 50 55.8749 37.0545 132.712 6 5
2010 9 11 9 51 5.02712 37.6409 133.571 20.1 6
2010 9 11 9 51 5.09643 37.6001 133.586 13.3 8
2010 9 11 9 51 27.4764 38.3645 135.004 13 7
2010 9 11 9 51 32.4064 37.1204 132.648 29.3 5
2010 9 11 9 52 25.9349 37.125 132.223 6.4 5
2010 9 11 9 52 26.0589 37.1722 132.518 17.5 6
2010 9 11 9 52 26.5196 37.1755 132.663 23 7
2010 9 11 9 52 35.2028 37.6129 133.608 18.7 11
2010 9 11 9 52 35.2455 37.5709 133.601 23.6 7
2010 9 11 9 52 35.2966 37.5861 133.662 27 10
2010 9 11 9 52 35.4302 37.5731 133.664 22 7
2010 9 11 9 52 35.4825 37.5667 133.604 22 7
2010 9 11 9 52 35.5605 37.5116 133.729 5.2 5
2010 9 11 9 52 35.696 37.5811 133.666 20.3 10
2010 9 11 9 52 45.2783 38.392 135.115 8.3 5
2010 9 11 9 52 53.0254 37.1356 132.609 17.6 7
2010 9 11 9 52 53.0781 36.7747 132.551 14.4 5
2010 9 11 9 52 53.1078 37.1383 132.596 16.7 6
2010 9 11 9 52 53.4269 37.0416 132.636 23.8 8
2010 9 11 9 53 15.1026 37.5031 133.629 20.3 6
2010 9 11 9 53 17.3229 37.287 132.847 13.5 5
2010 9 11 9 53 34.6285 37.1917 132.755 20.4 8
2010 9 11 9 53 34.8068 37.133 132.685 27.5 6
2010 9 11 9 53 35.1291 37.0842 132.648 12.9 5
2010 9 11 9 53 35.2349 37.0401 132.677 17.8 5
2010 9 11 9 53 40.778 37.6294 133.628 28.1 10
2010 9 11 9 53 40.8675 37.5519 133.66 18.3 5
2010 9 11 9 54 13.1956 37.0726 132.653 16.3 5
2010 9 11 9 54 28.0663 37.5299 133.65 16.8 8
2010 9 11 9 54 41.5035 37.6793 133.728 15.8 10
2010 9 11 9 54 42.3355 37.6648 133.813 24.1 5
2010 9 11 9 54 46.1174 37.1582 132.641 13.9 8
2010 9 11 9 54 46.2338 37.1742 132.621 20.1 11
2010 9 11 9 54 46.4264 37.1494 132.653 18.4 9
2010 9 11 9 54 46.5841 37.0974 132.705 16.7 9
2010 9 11 9 55 16.6559 37.1553 132.759 23 9
2010 9 11 9 55 17.6939 37.6003 133.556 12.2 6
2010 9 11 9 55 17.7576 37.5794 133.612 18.8 6
2010 9 11 9 55 48.1612 37.6263 133.761 8.8 6
2010 9 11 9 55 48.2296 37.5653 133.807 20.9 7
2010 9 11 9 55 48.269 37.6098 133.765 9.7 5
2010 9 11 9 56 6.18981 37.1895 132.885 22.1 7
2010 9 11 9 56 6.2717 37.2091 132.46 13.5 5
2010 9 11 9 56 13.2466 37.638 133.599 16.7 10
2010 9 11 9 56 50.0819 37.3878 132.704 22 6
2010 9 11 9 56 50.0819 37.3644 133.064 23.1 9
2010 9 11 9 56 50.1814 37.3112 133.03 29.1 5
2010 9 11 9 57 2.21794 37.1791 132.691 18.7 8
2010 9 11 9 57 2.69411 37.1619 132.69 18 7
2010 9 11 9 57 2.7405 37.149 132.668 27.6 13
2010 9 11 9 57 2.93506 37.1524 132.68 29.5 9
2010 9 11 9 57 20.4895 37.715 133.766 24 6
2010 9 11 9 57 20.5557 37.7293 133.686 11.9 5
2010 9 11 9 57 52.1534 37.5365 133.711 8.1 6
2010 9 11 9 57 52.2779 37.6294 133.774 23.8 6
2010 9 11 9 57 52.3299 37.5299 133.622 26.3 7
2010 9 11 9 57 52.5144 37.5107 133.638 25.4 8
2010 9 11 9 58 20.1334 37.1631 132.253 29.4 8
2010 9 11 9 58 20.2274 37.1122 132.664 12.2 6
2010 9 11 9 58 20.3056 37.0942 132.677 18.1 5
2010 9 11 9 58 30.0696 38.2293 134.833 21.6 11
2010 9 11 9 58 30.0697 38.3028 135.005 7.6 5
2010 9 11 9 58 33.0419 37.8871 133.86 24.6 5
2010 9 11 9 59 0.132501 37.535 133.675 21.5 5
2010 9 11 9 59 0.181942 37.4778 133.692 18.2 5
2010 9 11 9 59 0.311775 37.5481 133.647 22 7
2010 9 11 9 59 24.3114 37.1723 132.692 9.6 5
2010 9 11 9 59 24.4614 37.1884 132.913 24 6
2010 9 11 9 59 24.5299 37.1651 132.794 7 5
2010 9 11 9 59 24.7349 37.0774 132.829 16.5 7
2010 9 11 9 59 25.0477 37.1159 132.802 29.2 11
2010 9 11 9 59 33.2877 38.3927 135.224 24.1 5
2010 9 11 9 59 33.4172 37.5691 133.948 9.7 5
2010 9 11 9 59 33.4172 37.6424 134.006 15.8 6
2010 9 11 9 59 33.7295 38.5106 135.266 6.7 5
2010 9 11 9 59 33.7295 38.5507 135.49 17.6 5
2010 9 11 10 0 15.1383 37.2671 132.805 21 5
2010 9 11 10 0 15.282 37.1308 132.719 26.5 11
2010 9 11 10 0 18.5102 38.1731 134.925 27 14
2010 9 11 10 0 18.6305 38.1075 134.923 12.7 5
2010 9 11 10 0 27.1474 37.0573 132.945 22.6 6
2010 9 11 10 0 36.271 37.6385 133.651 17.4 9
2010 9 11 10 0 36.8785 37.629 133.935 16.9 7
2010 9 11 10 0 36.9605 37.488 133.704 16.3 5
2010 9 11 10 0 37.2838 37.7029 134.064 28.1 5
2010 9 11 10 0 52.7415 37.1833 132.406 14.5 5
2010 9 11 10 0 52.7415 37.0816 132.736 4.1 5
2010 9 11 10 0 52.8511 37.2025 132.238 26.3 5
2010 9 11 10 1 33.1464 38.4771 134.932 7.6 5
2010 9 11 10 1 33.2934 38.449 135.114 26.4 6
2010 9 11 10 1 33.5667 37.1678 132.875 20.5 10
2010 9 11 10 1 33.7282 37.1509 132.846 28.4 5
2010 9 11 10 1 44.3652 37.6463 133.772 23.9 7
2010 9 11 10 1 44.4197 37.6009 133.737 9.4 6
2010 9 11 10 1 44.4369 37.6201 133.682 18.1 8
2010 9 11 10 1 44.477 37.5753 133.68 21 7
2010 9 11 10 1 44.8805 37.3776 133.267 13.3 5
2010 9 11 10 1 52.8391 38.2672 134.977 20.1 5
2010 9 11 10 2 5.59995 37.1685 132.868 22.8 6
2010 9 11 10 2 5.71556 37.1259 132.716 16 6
2010 9 11 10 2 5.88562 37.1455 132.728 12.7 7
2010 9 11 10 2 12.0182 37.526 133.687 17.7 6
2010 9 11 10 2 16.4845 37.6247 133.993 29.3 7
2010 9 11 10 2 16.5468 37.6266 133.974 10.6 6
2010 9 11 10 2 16.6553 37.1273 132.515 21 8
2010 9 11 10 2 16.6876 37.6538 133.975 13.7 5
2010 9 11 10 2 16.8552 37.0736 132.619 16.8 6
2010 9 11 10 2 28.5683 37.2137 133.112 3.5 5
2010 9 11 10 3 10.938 37.6589 133.626 15.8 7
2010 9 11 10 3 11.2844 37.6525 133.764 17.6 7
2010 9 11 10 3 11.4099 37.611 133.714 20 10
2010 9 11 10 3 11.451 37.5563 133.728 9.2 6
2010 9 11 10 3 11.5245 37.5838 133.717 11.6 6
2010 9 11 10 3 12.1827 40.4916 137.364 12.2 5
2010 9 11 10 3 12.3136 38.1577 134.961 9.7 5
2010 9 11 10 3 13.2605 37.1481 132.629 17.4 8
2010 9 11 10 3 13.3462 37.0493 132.611 10 6
2010 9 11 10 3 31.6325 37.4777 133.746 16.3 5
2010 9 11 10 3 35.2631 37.1588 132.76 19.6 7
2010 9 11 10 3 55.8842 37.6313 133.895 23.2 9
2010 9 11 10 3 56.0406 37.6407 133.715 8.6 6
2010 9 11 10 3 56.4534 37.5617 133.726 8.6 5
2010 9 11 10 4 2.2054 38.0671 134.512 5.1 5
2010 9 11 10 4 11.9819 38.2078 134.98 22.5 6
2010 9 11 10 4 11.9819 38.2539 135.161 17.8 5
2010 9 11 10 4 12.1302 38.2162 134.934 25.9 6
2010 9 11 10 4 17.1703 37.17 132.815 27 8
2010 9 11 10 4 17.3072 37.1472 132.825 17.9 6
2010 9 11 10 4 49.4168 38.2507 135.099 25.5 6
2010 9 11 10 4 49.4444 38.1392 134.965 9.6 5
2010 9 11 10 4 49.5466 38.2012 135.044 28.5 5
2010 9 11 10 4 57.3489 37.0481 132.674 27.7 7
2010 9 11 10 4 57.4939 37.0604 132.663 15.1 7
2010 9 11 10 5 14.2312 37.2218 132.837 11.3 8
2010 9 11 10 5 52.4681 38.2112 134.685 14.2 5
2010 9 11 10 5 52.4682 38.2387 134.987 20.3 6
2010 9 11 10 5 52.5156 38.1521 134.954 22 8
2010 9 11 10 5 58.3696 37.6465 133.659 17.1 5
2010 9 11 10 5 58.3696 37.5395 133.856 8.7 5
2010 9 11 10 5 58.5292 37.6282 133.747 19 5
2010 9 11 10 6 21.5921 37.1108 132.564 20.3 5
2010 9 11 10 6 31.4624 37.5905 133.732 12.9 9
2010 9 11 10 6 49.9184 38.2077 134.991 27.2 6
2010 9 11 10 6 58.2368 38.4272 135.229 27.6 8
2010 9 11 10 6 58.2368 38.4719 135.455 9.3 5
2010 9 11 10 7 4.72611 37.1962 132.788 17.2 6
2010 9 11 10 7 5.66471 37.2892 132.984 10.9 8
2010 9 11 10 7 5.66471 37.1874 133.029 13.3 6
2010 9 11 10 7 8.80434 36.8952 132.252 19.4 5
2010 9 11 10 7 8.83954 37.0694 132.579 12.8 6
2010 9 11 10 7 8.86602 37.0749 132.518 21.6 5
2010 9 11 10 7 9.10513 37.0024 132.578 11 5
2010 9 11 10 7 28.8531 38.199 134.987 20.9 8
2010 9 11 10 7 28.8531 38.1836 134.833 29.1 5
2010 9 11 10 7 28.9689 38.1519 135.036 19.4 9
2010 9 11 10 7 29.1327 38.1842 135.273 18.9 5
2010 9 11 10 7 37.6319 40.5109 136.987 16.1 5
2010 9 11 10 7 37.7585 37.4949 133.866 3.9 5
2010 9 11 10 7 37.7586 37.6413 133.92 23.2 6
2010 9 11 10 7 38.154 37.6087 133.85 22.9 5
2010 9 11 10 7 56.2809 37.6781 133.994 24 5
2010 9 11 10 8 7.73155 38.2118 134.978 27.1 11
2010 9 11 10 8 38.4744 37.482 133.271 12.3 9
2010 9 11 10 8 39.5146 38.2327 135.014 20 8
2010 9 11 10 8 45.0652 37.6677 134.133 26.3 8
2010 9 11 10 9 19.1684 38.1504 135.083 26.3 7
2010 9 11 10 9 19.217 38.24 135.234 19.8 5
2010 9 11 10 9 19.4467 38.193 135.057 18.5 6
2010 9 11 10 9 34.8406 37.1037 132.895 14.1 6
2010 9 11 10 9 47.348 38.1951 135.08 18.4 5
2010 9 11 10 9 47.348 38.2818 135.266 26.4 6
2010 9 11 10 9 47.5456 38.2334 135.13 29.7 5
2010 9 11 10 9 58.39 37.403 133.292 19.2 12
2010 9 11 10 10 26.7756 37.5697 133.683 27.8 10
2010 9 11 10 10 26.8277 37.5716 133.679 17.2 7
2010 9 11 10 10 27.9035 37.0516 132.605 13.2 6
2010 9 11 10 10 32.4216 38.1526 135.072 15.5 7
2010 9 11 10 10 32.5366 38.1575 135.099 26.1 8
2010 9 11 10 10 32.6185 38.2007 135.089 16.6 5
2010 9 11 10 11 7.50499 37.0016 132.68 4.8 5
2010 9 11 10 11 8.95551 38.2719 134.996 7.7 6
2010 9 11 10 11 9.01917 38.2602 135.165 4.2 5
2010 9 11 10 11 9.16663 38.2327 135.042 16.5 8
2010 9 11 10 11 14.558 37.6633 133.677 16.8 6
2010 9 11 10 12 6.63412 37.7416 133.309 26.2 5
2010 9 11 10 12 58.1963 37.5416 133.75 17.7 7
2010 9 11 10 13 0.861769 38.178 135.009 18.7 6
2010 9 11 10 13 2.4054 37.6112 134.103 15.7 6
2010 9 11 10 13 2.40547 37.6995 134.4 29.7 6
2010 9 11 10 13 31.9404 38.2345 134.761 13.9 5
2010 9 11 10 13 31.9404 38.125 135.13 9.4 5
2010 9 11 10 13 32.1298 38.2319 135.005 12.6 6
2010 9 11 10 13 36.5282 37.698 134.018 9.4 5
2010 9 11 10 13 40.1849 37.0951 132.698 11.3 6
2010 9 11 10 13 40.2328 37.0703 132.628 15.7 7
2010 9 11 10 13 40.3299 37.037 132.627 29.6 6
2010 9 11 10 13 50.7881 37.599 133.697 16.8 6
2010 9 11 10 13 57.6765 37.3865 133.334 27.3 10
2010 9 11 10 14 24.8855 37.073 132.653 19.3 10
2010 9 11 10 14 24.9318 37.0928 132.651 13.3 6
2010 9 11 10 14 26.3764 38.2016 135.036 20.6 5
2010 9 11 10 14 26.6498 38.1502 135.045 3.7 5
2010 9 11 10 14 54.588 38.2079 135.086 22.1 7
2010 9 11 10 14 57.4194 36.9939 132.548 27.9 7
2010 9 11 10 15 15.1794 37.5694 133.739 17.1 8
2010 9 11 10 15 18.1794 37.7376 134.232 19 7
2010 9 11 10 15 18.2278 37.6852 134.059 13.2 5
2010 9 11 10 15 18.8217 37.5835 134.041 20 6
2010 9 11 10 15 20.0679 37.9952 135.358 15.6 5
2010 9 11 10 15 20.0679 38.1811 135.227 26.8 8
2010 9 11 10 15 53.8675 37.4268 133.429 19.9 7
2010 9 11 10 16 1.88141 36.9712 132.701 20.2 6
2010 9 11 10 16 2.0341 37.0574 132.673 24.8 8
2010 9 11 10 16 2.19332 37.0965 132.72 28.7 6
2010 9 11 10 16 13.8653 38.2868 134.683 5.5 6
2010 9 11 10 16 13.8654 38.3079 135.183 21.2 8
2010 9 11 10 16 20.5596 37.7082 133.988 18 5
2010 9 11 10 16 34.1594 38.2443 134.981 5.6 5
2010 9 11 10 16 34.2025 38.2151 134.994 18.7 6
2010 9 11 10 16 34.2381 38.1482 135.134 11.3 6
2010 9 11 10 16 34.3556 38.1668 135.099 22 6
2010 9 11 10 16 34.5817 38.2165 135.099 29.8 9
2010 9 11 10 16 51.0477 36.904 132.707 19.6 6
2010 9 11 10 16 51.6972 36.9367 132.668 11.2 7
2010 9 11 10 17 15.7992 37.5838 133.534 10.8 5
2010 9 11 10 17 15.7992 37.7094 134.028 19 5
2010 9 11 10 17 25.8653 38.2349 135.087 22.4 9
2010 9 11 10 17 55.7282 37.7343 134.13 18 9
2010 9 11 10 17 55.789 37.7009 134.176 23.9 5
2010 9 11 10 17 55.9333 37.713 134.054 15.1 6
2010 9 11 10 17 58.5799 36.8286 132.72 14.5 5
2010 9 11 10 18 2.63001 38.4606 135.577 26.6 6
2010 9 11 10 18 19.691 38.1752 135.067 28.9 5
2010 9 11 10 18 19.6922 40.4275 137.576 10.8 5
2010 9 11 10 18 23.4134 36.9774 132.457 17.9 5
2010 9 11 10 18 30.1821 38.1574 135.175 17 5
2010 9 11 10 18 30.2571 37.5057 133.786 20.2 7
2010 9 11 10 18 37.2225 38.2755 135.222 17.5 7
2010 9 11 10 18 37.2225 38.3069 135.391 13 7
2010 9 11 10 18 45.5937 37.0364 132.691 17.4 8
2010 9 11 10 18 57.353 38.149 135.11 11.8 5
2010 9 11 10 18 57.661 38.0856 135.084 21 8
2010 9 11 10 18 57.7304 38.103 135.09 10.4 6
2010 9 11 10 19 22.4025 38.2189 136.832 20.6 7
2010 9 11 10 19 22.5288 37.4984 133.261 24.5 8
2010 9 11 10 19 24.4069 37.0132 132.694 25 7
2010 9 11 10 19 25.0946 38.2106 135.155 12.2 5
2010 9 11 10 19 30.8036 38.1407 135.159 29.3 9
2010 9 11 10 19 33.4523 37.629 134.1 23 8
2010 9 11 10 19 40.3835 37.6918 134.055 24.2 6
2010 9 11 10 19 52.8034 38.0992 135.147 11.1 6
2010 9 11 10 19 52.8878 38.1171 135.176 28.8 6
2010 9 11 10 20 4.38906 38.1936 135.168 15.7 6
2010 9 11 10 20 39.5428 38.1304 135.29 12.6 5
2010 9 11 10 20 39.6076 38.2686 135.242 10.4 7
2010 9 11 10 20 39.7909 38.2547 135.324 25.4 6
2010 9 11 10 20 39.8146 37.1172 132.961 22.4 6
2010 9 11 10 20 39.8267 37.0759 132.873 13.4 5
2010 9 11 10 21 38.3222 37.0812 132.992 24.8 6
2010 9 11 10 21 38.3516 37.1026 132.552 15.1 5
2010 9 11 10 21 38.4084 37.0787 132.812 17.7 6
2010 9 11 10 21 41.2252 38.2228 134.967 15.6 5
2010 9 11 10 22 25.5987 38.1782 135.327 17.5 5
2010 9 11 10 22 49.1112 37.7343 134.517 17.3 5
2010 9 11 10 23 0.527791 37.2651 133.209 11.4 8
2010 9 11 10 23 1.60187 37.4161 133.544 11.1 5
2010 9 11 10 23 8.4737 39.4515 135.248 14.4 5
2010 9 11 10 23 13.3829 37.5077 133.496 25.6 11
2010 9 11 10 23 26.5859 38.1993 135.213 15.6 10
2010 9 11 10 24 15.5988 38.2313 135.261 22.9 5
2010 9 11 10 24 25.4089 36.8873 132.73 10.8 5
2010 9 11 10 24 29.6239 37.524 133.67 18.7 7
2010 9 11 10 24 47.6102 37.5071 133.622 14 5
2010 9 11 10 24 47.6854 37.5005 133.634 10.7 6
2010 9 11 10 25 2.06835 37.7271 134.539 13 6
2010 9 11 10 25 27.4393 38.2025 135.478 28.5 6
2010 9 11 10 25 27.6085 38.155 135.332 12.4 5
2010 9 11 10 25 27.8366 38.1051 135.341 11.3 6
2010 9 11 10 25 35.1254 37.091 132.823 11 5
2010 9 11 10 25 45.9589 37.5175 133.603 22.1 5
2010 9 11 10 26 31.3226 36.8348 132.819 17.3 5
2010 9 11 10 26 31.6007 36.9863 132.735 17.9 7
2010 9 11 10 26 31.8409 36.991 132.763 27.7 9
2010 9 11 10 27 5.95813 38.2385 135.299 18 7
2010 9 11 10 27 11.1461 37.5611 133.441 23.2 8
2010 9 11 10 28 15.2239 38.5316 135.429 14.5 5
2010 9 11 10 28 28.2698 38.2667 135.563 13.9 6
2010 9 11 10 28 28.4192 38.3247 135.384 11.8 5
2010 9 11 10 28 28.4192 38.1643 135.368 22.1 5
2010 9 11 10 28 33.5728 37.658 134.5 16.5 5
2010 9 11 10 28 33.5744 37.626 134.515 27.4 5
2010 9 11 10 28 33.5902 37.6907 134.471 21.6 8
2010 9 11 10 29 2.04782 37.0323 132.762 20.6 6
2010 9 11 10 29 2.14676 36.9317 132.76 11.2 5
2010 9 11 10 29 22.5739 39.5569 133.975 17.1 5
2010 9 11 10 29 38.2444 38.1305 135.364 18.2 7
2010 9 11 10 29 42.482 37.6369 133.717 28.7 9
2010 9 11 10 30 40.7391 36.8782 132.754 18.7 5
2010 9 11 10 30 40.991 37.0427 132.474 12.6 5
2010 9 11 10 30 40.9911 37.0268 132.904 20.8 5
2010 9 11 10 30 46.6022 38.1972 135.347 24.3 11
2010 9 11 10 31 14.119 37.5987 133.975 11.9 5
2010 9 11 10 31 22.0418 36.9574 132.793 25.5 10
2010 9 11 10 32 12.9025 36.9622 132.78 25.1 8
2010 9 11 10 32 34.195 37.4748 133.697 28.8 12
2010 9 11 10 32 34.2588 37.5659 134.221 25.1 5
2010 9 11 10 32 36.3634 37.6699 134.215 8.1 5
2010 9 11 10 32 50.9659 36.9803 132.744 17.2 9
2010 9 11 10 32 51.0203 36.9846 132.732 27.2 10
2010 9 11 10 33 6.34567 37.8245 134.091 11.4 5
2010 9 11 10 33 6.99107 37.7313 134.395 27.2 7
2010 9 11 10 33 45.9293 37.5799 134.159 15.6 5
2010 9 11 10 33 49.0629 37.014 132.701 24.5 8
2010 9 11 10 33 49.4649 36.9562 132.776 20.4 8
2010 9 11 10 33 49.634 36.9846 132.776 29.7 9
2010 9 11 10 33 50.6406 37.3562 133.642 27.9 7
2010 9 11 10 33 50.6945 37.3722 133.65 26.7 8
2010 9 11 10 33 50.8571 37.3978 133.668 15.1 5
2010 9 11 10 34 0.548163 37.6563 134.203 19.9 12
2010 9 11 10 34 14.9508 37.5133 133.893 21.9 6
2010 9 11 10 34 45.1193 37.0194 132.656 26.9 7
2010 9 11 10 34 45.183 36.9149 132.812 16.2 6
2010 9 11 10 34 45.9995 36.9997 132.786 23.9 7
2010 9 11 10 35 32.1806 36.9964 132.73 5.4 5
2010 9 11 10 35 32.3209 37.0289 132.727 17 5
2010 9 11 10 35 32.5225 37.5618 133.709 15.2 6
2010 9 11 10 35 32.8156 36.9482 132.712 15.4 6
2010 9 11 10 35 33.0821 37.5437 133.663 18.3 7
2010 9 11 10 35 33.4383 37.51 133.872 29.1 8
2010 9 11 10 35 38.1667 37.7294 134.527 28.7 9
2010 9 11 10 35 46.2858 37.9024 133.583 2.8 5
2010 9 11 10 35 51.38 38.1949 135.557 20.8 5
2010 9 11 10 35 59.6542 37.4698 133.744 16.9 8
2010 9 11 10 35 59.711 37.5076 133.57 24.4 5
2010 9 11 10 36 51.8927 37.7927 134.249 16.3 5
2010 9 11 10 36 53.8486 37.0191 132.697 20.4 10
2010 9 11 10 37 20.0256 37.615 133.916 20.3 7
2010 9 11 10 37 20.8388 37.6307 133.87 19.4 6
2010 9 11 10 37 35.2286 38.5349 135.791 20.9 6
2010 9 11 10 37 38.9418 37.7849 134.492 11.6 6
2010 9 11 10 37 39.2 37.7128 134.56 19.1 6
2010 9 11 10 37 57.2521 37.6034 133.894 22 9
2010 9 11 10 38 51.5716 37.03 132.797 24.6 7
2010 9 11 10 38 59.6392 38.2663 135.314 22.4 6
2010 9 11 10 39 5.98904 37.5097 133.905 26 8
2010 9 11 10 39 6.44113 37.5451 133.881 26.4 6
2010 9 11 10 39 44.8702 36.9936 132.816 20.5 8
2010 9 11 10 39 45.0182 36.9938 132.671 20.8 5
2010 9 11 10 40 29.5392 37.4002 133.848 8.2 5
2010 9 11 10 40 29.6903 37.4735 133.646 14.4 6
2010 9 11 10 40 31.0254 36.8573 132.801 19.6 8
2010 9 11 10 40 46.9926 38.3731 135.79 11.9 5
2010 9 11 10 40 47.0722 38.4304 135.74 14 8
2010 9 11 10 40 47.0722 38.393 135.75 26.1 8
2010 9 11 10 40 47.2231 38.3798 135.768 14.7 5
2010 9 11 10 40 47.2231 38.4344 135.935 25.8 7
2010 9 11 10 40 47.3035 38.3856 135.76 19.9 7
2010 9 11 10 40 47.374 38.3221 135.721 8.2 5
2010 9 11 10 40 48.6493 37.5901 134.152 26.8 10
2010 9 11 10 41 16.2232 36.7464 132.449 20.7 5
2010 9 11 10 41 36.0745 37.5403 133.699 8.8 5
2010 9 11 10 41 36.0745 37.5253 133.931 11.3 5
2010 9 11 10 41 48.5134 36.9685 132.68 29 11
2010 9 11 10 42 16.8136 37.479 133.931 22.5 7
2010 9 11 10 42 16.9135 37.5488 133.953 19.2 6
2010 9 11 10 42 17.2249 37.41 133.981 15.9 6
2010 9 11 10 42 44.3001 36.9126 132.858 27.6 8
2010 9 11 10 42 49.2845 37.5516 133.885 16.9 8
2010 9 11 10 43 33.5247 36.9789 132.664 22.6 8
2010 9 11 10 43 41.2037 37.239 133.996 20.4 5
2010 9 11 10 43 59.1355 37.749 134.69 26.7 5
2010 9 11 10 44 18.9568 37.628 133.922 25 10
2010 9 11 10 44 19.0638 37.5597 134.141 26.1 6
2010 9 11 10 44 26.4978 37.5636 133.914 28.5 5
2010 9 11 10 44 26.8342 37.478 133.892 14.2 5
2010 9 11 10 44 29.2079 37.6999 134.678 29.4 6
2010 9 11 10 44 30.4781 36.9032 132.871 23.4 5
2010 9 11 10 44 54.1805 37.0113 132.774 19.2 9
2010 9 11 10 44 54.2521 36.8382 132.871 12.3 6
2010 9 11 10 45 9.7395 37.6249 134.5 24.8 6
2010 9 11 10 45 9.80166 37.6186 133.922 26.4 8
2010 9 11 10 45 9.9862 37.5502 133.944 24.3 9
2010 9 11 10 45 35.4169 37.5567 133.958 18.7 9
2010 9 11 10 45 35.4974 37.583 133.957 22.9 10
2010 9 11 10 45 59.3102 37.4838 133.875 22 9
2010 9 11 10 46 7.98043 37.0277 132.827 10.4 5
2010 9 11 10 46 54.2511 37.4827 133.908 17.9 6
2010 9 11 10 46 54.3034 37.4756 133.921 19.8 8
2010 9 11 10 46 56.7158 37.5948 134.041 14.1 7
2010 9 11 10 46 56.8653 37.5123 134.031 27.6 5
2010 9 11 10 47 15.5827 37.768 134.696 22.9 10
2010 9 11 10 47 40.6087 37.3818 133.901 23.3 5
2010 9 11 10 47 40.6921 37.2163 133.905 20.6 6
2010 9 11 10 47 54.3133 36.8954 132.937 13.6 5
2010 9 11 10 47 54.4748 36.9893 132.897 19.7 6
2010 9 11 10 47 56.6883 37.4236 133.968 18.7 6
2010 9 11 10 48 8.45073 37.9316 134.966 20.2 7
2010 9 11 10 48 19.8903 37.3818 133.941 12.9 5
2010 9 11 10 48 39.3992 37.5079 134.078 24.3 6
2010 9 11 10 48 39.4842 37.5272 134.047 22.8 9
2010 9 11 10 48 39.5772 37.4271 134.074 12.2 6
2010 9 11 10 48 39.6209 37.442 134.098 13.2 7
2010 9 11 10 48 39.6534 37.5585 134.071 8.3 6
2010 9 11 10 48 43.7965 37.3526 133.858 28.3 9
2010 9 11 10 48 47.2288 37.0162 132.887 24.3 12
2010 9 11 10 49 10.9786 37.3134 133.999 14.9 7
2010 9 11 10 49 11.6173 38.3438 135.679 30 5
2010 9 11 10 49 12.2535 40.4513 138.09 10.7 5
2010 9 11 10 49 13.2314 37.1948 133.668 14.4 5
2010 9 11 10 49 55.8228 37.5358 134.281 26.2 10
2010 9 11 10 49 57.4225 37.5374 134.219 19.6 6
2010 9 11 10 49 57.5938 37.487 134.008 22.6 8
2010 9 11 10 50 4.69165 38.1377 135.718 20 7
2010 9 11 10 50 15.8636 37.4171 133.939 13.6 5
2010 9 11 10 50 30.8539 37.8357 134.977 20.1 7
2010 9 11 10 50 30.8602 37.866 135.096 12.7 7
2010 9 11 10 50 31.6731 37.7392 134.851 17.7 6
2010 9 11 10 50 31.6732 37.8671 135.099 8.5 5
2010 9 11 10 50 44.141 37.6088 134.034 13.5 6
2010 9 11 10 51 32.1324 37.4752 134 20.4 6
2010 9 11 10 51 32.2808 37.4013 134.011 14.8 6
2010 9 11 10 52 1.58385 36.9731 132.882 21.8 6
2010 9 11 10 52 1.58718 37.0475 132.738 26.8 6
2010 9 11 10 52 1.58728 37.0397 132.845 15.8 6
2010 9 11 10 52 6.01082 37.6534 134.365 10.5 5
2010 9 11 10 52 6.19351 37.584 134.336 17.2 7
2010 9 11 10 52 8.11166 37.4151 134.012 25.2 6
2010 9 11 10 52 8.22379 37.3512 133.992 12.3 6
2010 9 11 10 52 42.5577 37.384 134.037 4.8 5
2010 9 11 10 52 46.5147 37.7887 134.989 11.1 5
2010 9 11 10 53 35.0534 37.3199 133.882 20.6 7
2010 9 11 10 53 35.1037 37.2825 133.857 13.5 8
2010 9 11 10 53 36.625 37.4571 134.055 11.4 7
2010 9 11 10 53 56.5128 37.4602 134.119 6.3 5
2010 9 11 10 54 7.51959 37.3562 133.69 22.2 10
2010 9 11 10 54 24.475 37.5586 134.023 5.9 5
2010 9 11 10 54 46.0529 37.8444 134.988 14.5 5
2010 9 11 10 54 46.7711 37.8352 134.97 18.7 7
2010 9 11 10 54 52.7458 37.4899 134.201 26.5 5
2010 9 11 10 54 52.8265 37.5606 134.023 14.8 7
2010 9 11 10 54 53.2011 37.4852 134.088 13.8 7
2010 9 11 10 54 53.2916 37.5012 134.057 14.4 7
2010 9 11 10 55 31.9441 37.5693 134.168 21.2 7
2010 9 11 10 55 37.7112 36.9632 132.949 13.8 5
2010 9 11 10 55 37.953 36.9908 133.077 17.4 8
2010 9 11 10 56 25.0675 38.3173 135.634 28.7 6
2010 9 11 10 56 53.0649 37.5221 134.369 17.8 6
2010 9 11 10 57 1.99882 37.5568 134.128 29.4 5
2010 9 11 10 57 7.26987 37.0083 133.329 18.7 5
2010 9 11 10 57 7.53552 36.9845 132.905 12.8 6
2010 9 11 10 57 15.2928 37.5583 134.103 22.7 6
2010 9 11 10 57 31.7805 37.5822 133.918 29.8 6
2010 9 11 10 58 14.0563 37.6184 134.134 26.7 6
2010 9 11 10 58 15.6052 37.8885 135.015 19.1 9
2010 9 11 10 58 15.6812 37.8676 135.077 8.8 5
2010 9 11 10 58 15.7485 37.7733 135.092 27 6
2010 9 11 10 59 0.191835 36.731 132.976 21.1 7
2010 9 11 10 59 4.43902 37.3846 134.178 16.7 7
2010 9 11 10 59 4.79038 37.5566 133.85 14.7 5
2010 9 11 10 59 4.79038 37.4712 134.13 14.9 6
2010 9 11 10 59 34.2952 37.5367 134.105 11.8 7
2010 9 11 10 59 34.3553 37.504 134.118 22.8 9
2010 9 11 10 59 34.4201 37.5874 134.037 13 5
2010 9 11 10 59 56.4335 37.6599 133.83 21 5
2010 9 11 10 59 56.9624 37.5317 134.119 19.5 8
2010 9 11 11 0 3.81884 37.3073 134.163 25.9 5
2010 9 11 11 0 3.81887 37.4106 134.318 11.8 5
2010 9 11 11 0 3.94465 37.5442 134.495 19.6 5
2010 9 11 11 0 33.7603 37.2231 133.81 15.3 6
2010 9 11 11 0 45.3398 37.5039 134.261 29.1 7
2010 9 11 11 0 45.465 37.5312 134.458 16.1 6
2010 9 11 11 0 45.5946 37.5451 134.272 23.8 5
2010 9 11 11 0 50.3135 37.8875 135.09 26.3 9
2010 9 11 11 1 1.70975 37.0309 132.676 29.1 8
2010 9 11 11 1 11.1046 37.5311 133.81 17.7 5
2010 9 11 11 1 11.8153 37.4856 134.104 11 6
2010 9 11 11 1 30.3041 36.9471 132.97 15.3 5
2010 9 11 11 1 30.4456 36.9216 132.972 12.1 5
2010 9 11 11 1 33.1033 37.5229 134.31 14.1 5
2010 9 11 11 1 41.1372 37.4753 134.209 16.9 8
2010 9 11 11 1 41.2685 37.4288 134.23 17.1 5
2010 9 11 11 2 26.8626 37.5267 134.227 21.6 6
2010 9 11 11 2 55.6407 37.5898 134.482 29.8 8
2010 9 11 11 3 8.16235 37.503 134.243 13 6
2010 9 11 11 3 8.22579 37.593 134.17 22.4 9
2010 9 11 11 3 22.2962 37.2421 133.664 16 6
2010 9 11 11 3 26.9583 37.9523 135.1 24.3 5
2010 9 11 11 3 49.5772 37.6132 134.092 28.1 7
2010 9 11 11 4 27.6831 37.0165 133.012 12.2 7
2010 9 11 11 4 44.6538 37.6369 134.612 22.3 8
2010 9 11 11 4 51.2441 37.9534 135.011 21.4 8
2010 9 11 11 4 51.3825 37.8516 135.13 17.6 8
2010 9 11 11 4 51.4486 38.0505 135.4 28.5 6
2010 9 11 11 5 13.8799 37.5553 134.324 20.4 11
2010 9 11 11 5 13.9567 37.4792 134.404 25.9 6
2010 9 11 11 5 31.2839 36.9918 132.926 28.2 5
2010 9 11 11 5 31.3366 36.9232 133.004 28.4 10
2010 9 11 11 5 31.4326 36.9056 133.008 15.4 7
2010 9 11 11 5 41.228 37.5119 134.298 17.8 9
2010 9 11 11 5 41.3359 37.5589 134.341 15.7 5
2010 9 11 11 5 41.425 37.4552 134.304 14.1 8
2010 9 11 11 5 41.4796 37.5178 134.273 17.9 9
2010 9 11 11 6 9.7458 37.6827 134.038 14.1 5
2010 9 11 11 6 9.74586 37.6255 134.788 25.9 6
2010 9 11 11 6 9.898 37.5776 134.653 19.9 5
2010 9 11 11 6 17.9974 37.3258 134.005 11.7 6
2010 9 11 11 6 25.6007 36.8899 133.044 18.1 5
2010 9 11 11 7 1.15581 37.6692 134.867 22.7 5
2010 9 11 11 7 4.20366 37.635 134.077 26.7 8
2010 9 11 11 7 4.73722 37.5145 134.378 11.6 6
2010 9 11 11 7 34.6224 37.4727 134.347 13.9 6
2010 9 11 11 7 45.4019 37.6113 134.434 24.9 6
2010 9 11 11 7 57.0827 36.9347 133 11.6 5
2010 9 11 11 7 59.0955 37.5203 134.311 24.5 11
2010 9 11 11 7 59.7118 37.4788 134.349 10.7 7
2010 9 11 11 8 40.5088 37.4046 134.365 13.6 6
2010 9 11 11 9 2.25915 37.5501 134.407 24.7 6
2010 9 11 11 9 18.8722 37.5267 134.102 12.9 5
2010 9 11 11 9 19.3502 37.4826 134.317 17.4 10
2010 9 11 11 9 19.4411 37.4591 134.393 3.7 5
2010 9 11 11 9 26.4172 38.0255 135.979 25.9 10
2010 9 11 11 9 27.0297 36.9054 132.949 12.8 5
2010 9 11 11 9 30.9217 37.9573 135.163 20.4 7
2010 9 11 11 9 31.3299 37.8363 135.099 7.9 5
2010 9 11 11 10 1.32452 37.5155 134.39 22.8 5
2010 9 11 11 10 46.0772 37.0373 133.03 23.1 11
2010 9 11 11 10 53.008 37.5016 134.314 17.8 8
2010 9 11 11 11 33.3421 37.6702 134.542 19 7
2010 9 11 11 11 33.4825 37.6143 134.482 17.3 5
2010 9 11 11 11 33.5882 37.6159 134.526 25.7 7
2010 9 11 11 12 5.07251 37.4104 134.316 7.5 5
2010 9 11 11 12 9.22926 37.689 134.978 21.5 8
2010 9 11 11 12 24.3061 37.6481 134.574 14.1 7
2010 9 11 11 12 24.3618 37.6092 134.544 13.2 5
2010 9 11 11 12 24.7174 37.6667 134.679 20.2 7
2010 9 11 11 12 34.3521 37.5046 134.449 12.6 5
2010 9 11 11 12 34.5066 37.5508 134.404 24.3 10
2010 9 11 11 12 34.7301 37.508 134.443 12.3 7
2010 9 11 11 12 44.2663 37.2888 133.833 28.3 6
2010 9 11 11 12 56.7462 37.4954 134.446 18.2 7
2010 9 11 11 12 56.7957 37.475 134.436 12.9 5
2010 9 11 11 13 11.8212 37.4823 134.282 24.3 7
2010 9 11 11 13 12.2352 37.4069 134.272 18.6 6
2010 9 11 11 13 18.7969 37.6491 134.557 20.6 11
2010 9 11 11 13 18.857 37.5699 134.57 15.8 6
2010 9 11 11 13 53.8358 37.6556 134.546 11.7 5
2010 9 11 11 13 58.5705 37.4522 134.492 14.8 5
2010 9 11 11 13 59.0658 37.5973 134.479 6.5 5
2010 9 11 11 14 4.57712 37.3379 133.79 13.3 5
2010 9 11 11 14 4.81506 37.306 133.838 23.6 6
2010 9 11 11 14 33.4704 37.5504 134.41 10.2 5
2010 9 11 11 14 33.4704 37.5392 134.496 19 5
2010 9 11 11 15 0.683393 37.5019 134.618 19.3 6
2010 9 11 11 15 28.5492 37.4436 134.392 19.1 8
2010 9 11 11 15 31.611 37.1889 133.974 22.7 5
2010 9 11 11 15 32.692 37.276 133.82 17.7 6
2010 9 11 11 15 32.8241 37.1716 133.799 13.4 6
2010 9 11 11 15 32.8516 37.1769 133.811 10.4 6
2010 9 11 11 15 45.3796 37.4983 134.55 18.6 6
2010 9 11 11 16 9.61778 37.4327 134.463 17.8 6
2010 9 11 11 16 32.0879 37.5736 134.538 27.9 9
2010 9 11 11 17 13.4305 37.6835 134.617 8.8 6
2010 9 11 11 17 27.0848 37.4943 134.528 14.6 5
2010 9 11 11 17 33.6182 37.242 133.924 2.4 5
2010 9 11 11 18 0.136827 37.4519 134.44 20.9 5
2010 9 11 11 18 0.3952 37.4982 134.44 13.9 9
2010 9 11 11 18 0.740787 37.5868 134.429 12.1 5
2010 9 11 11 18 21.5913 38.2201 136.072 16.3 7
2010 9 11 11 18 28.1936 37.4657 134.412 9 7
2010 9 11 11 18 42.5176 37.7253 134.962 11 6
2010 9 11 11 18 44.1324 37.5053 134.553 12.4 5
2010 9 11 11 18 44.5662 37.5059 134.552 13.1 6
2010 9 11 11 18 49.4607 37.2166 133.955 19.4 8
2010 9 11 11 18 49.53 37.2023 133.946 16.1 6
2010 9 11 11 19 17.3592 37.3988 134.452 23.4 7
2010 9 11 11 19 34.6619 37.6745 134.534 11.5 6
2010 9 11 11 19 34.6619 37.5716 134.636 8.4 5
2010 9 11 11 20 2.1826 37.5649 134.519 10.7 7
2010 9 11 11 20 2.2405 37.525 134.553 22.7 5
2010 9 11 11 20 27.5826 36.811 132.977 29.8 10
2010 9 11 11 20 27.5827 36.8394 133.027 18 6
2010 9 11 11 20 59.7723 37.3243 134.202 28.3 9
2010 9 11 11 20 59.8539 37.273 134.293 21.4 5
2010 9 11 11 21 42.1916 37.6146 134.603 17.6 7
2010 9 11 11 21 55.7509 36.7797 133.454 16.8 5
2010 9 11 11 22 15.7983 36.9224 133.149 24.3 6
2010 9 11 11 22 51.9273 37.592 134.728 20.6 6
2010 9 11 11 23 56.8086 37.2353 133.883 17.3 6
2010 9 11 11 24 1.64914 37.4383 134.631 9.7 5
2010 9 11 11 25 7.84034 37.4909 134.607 6.2 5
2010 9 11 11 26 16.6556 37.2815 133.895 16.1 6
2010 9 11 11 28 51.8797 36.8791 133.341 27.4 6
2010 9 11 11 29 9.46392 37.6789 134.88 16.6 8
2010 9 11 11 29 10.2773 37.6651 134.918 26.4 7
2010 9 11 11 29 45.5909 37.2947 134.292 15.2 5
2010 9 11 11 30 17.7654 37.2403 133.719 18.6 6
2010 9 11 11 30 50.0169 36.8788 133.339 23.4 7
2010 9 11 11 30 50.0849 36.8773 133.291 19.1 7
2010 9 11 11 30 50.0849 36.8336 133.383 16.2 7
2010 9 11 11 31 20.3415 37.641 134.823 14.2 7
2010 9 11 11 31 30.0717 37.3793 134.294 22.5 6
2010 9 11 11 32 22.4672 37.3096 134.272 26.8 5
2010 9 11 11 32 22.4827 37.3794 134.322 12.4 7
2010 9 11 11 32 22.5045 37.3499 134.312 13.4 5
2010 9 11 11 32 51.4353 37.6981 135.055 15.1 7
2010 9 11 11 33 25.3767 36.9123 133.387 23.7 5
2010 9 11 11 33 25.4043 36.7879 133.301 23.4 6
2010 9 11 11 34 6.45715 36.7355 133.439 18 5
2010 9 11 11 34 26.1968 37.7053 135.089 10.2 5
2010 9 11 11 34 36.0019 37.1813 133.864 21.8 6
2010 9 11 11 35 14.4508 36.8931 133.794 29.8 6
2010 9 11 11 35 14.4671 36.7621 133.395 19.6 5
2010 9 11 11 35 40.9967 37.9154 134.416 22.8 7
2010 9 11 11 35 41.0738 37.7265 135.04 18.5 8
2010 9 11 11 35 47.108 37.2768 133.84 17.5 7
2010 9 11 11 35 47.108 37.2578 133.988 8.7 6
2010 9 11 11 36 1.59379 36.7784 133.394 14.6 6
2010 9 11 11 36 1.62271 36.7832 133.423 11.9 5
2010 9 11 11 36 32.8779 36.8945 133.313 16.2 5
2010 9 11 11 37 4.84236 38.3582 136.262 28.7 9
2010 9 11 11 37 5.35199 37.7418 135.127 18.1 6
2010 9 11 11 38 20.7881 36.8679 133.383 26.8 5
2010 9 11 11 38 43.2064 36.8373 133.429 25.1 7
2010 9 11 11 38 43.6663 36.8767 133.299 19.1 5
2010 9 11 11 39 35.8373 37.665 135.211 5.5 6
2010 9 11 11 39 36.1111 37.7659 135.131 27.7 9
2010 9 11 11 39 40.3703 36.7639 133.462 14.2 7
2010 9 11 11 39 46.4588 37.2262 134.081 29.5 10
2010 9 11 11 40 9.14625 36.8423 133.359 13.9 6
2010 9 11 11 40 30.1558 37.2042 133.927 11.8 5
2010 9 11 11 40 30.2049 37.2045 133.946 19.5 8
2010 9 11 11 40 52.1464 36.8543 133.495 27.7 7
2010 9 11 11 41 0.322959 37.8886 134.651 20.2 7
2010 9 11 11 41 0.548812 37.6692 135.199 5.7 5
2010 9 11 11 41 0.548825 37.7936 135.169 24.7 6
2010 9 11 11 41 21.4858 36.8701 133.29 27.5 6
2010 9 11 11 41 22.1424 36.7726 133.405 11.8 6
2010 9 11 11 41 54.5166 37.3569 134.431 27.3 7
2010 9 11 11 41 54.627 37.2924 134.408 17 6
2010 9 11 11 42 19.2709 37.3219 133.918 18.6 10
2010 9 11 11 42 24.9465 36.7969 133.472 11.9 5
2010 9 11 11 42 34.5898 37.3102 134.408 14.7 6
2010 9 11 11 42 34.6482 37.4146 134.503 22.6 6
2010 9 11 11 43 19.9309 37.8385 135.088 26.3 5
2010 9 11 11 43 19.931 37.836 135.175 21.9 6
2010 9 11 11 43 32.5542 36.8766 133.486 28 10
2010 9 11 11 43 32.7066 36.9247 133.001 8.6 5
2010 9 11 11 43 32.7067 36.8773 133.477 19 10
2010 9 11 11 43 32.783 36.9144 133.448 18.7 6
2010 9 11 11 43 51.6632 37.2985 134.077 18.8 8
2010 9 11 11 44 8.29675 37.5884 133.626 10.6 5
2010 9 11 11 44 8.38451 37.3081 134.47 5.8 5
2010 9 11 11 44 8.41621 37.3292 134.442 14.5 7
2010 9 11 11 44 19.0072 37.7319 135.194 6.7 5
2010 9 11 11 44 19.0813 37.7122 135.308 7 5
2010 9 11 11 44 26.4736 36.9115 133.361 16.8 5
2010 9 11 11 44 26.5673 36.9506 133.435 18.2 5
2010 9 11 11 44 26.6269 36.8785 133.559 20.7 6
2010 9 11 11 44 26.6465 36.7646 133.479 10.2 5
2010 9 11 11 45 7.23733 37.8344 135.272 22.1 6
2010 9 11 11 45 7.2725 37.7786 135.248 8.8 7
2010 9 11 11 46 4.24988 37.3034 134.024 4.2 5
2010 9 11 11 46 34.5236 37.7322 135.306 16.8 5
2010 9 11 11 47 40.0605 37.9647 134.597 12.2 5
2010 9 11 11 47 40.1595 37.7678 135.277 13.9 6
2010 9 11 11 47 40.1595 37.787 135.23 21.7 5
2010 9 11 11 47 51.4545 37.2068 134.045 17.7 7
2010 9 11 11 48 15.7016 37.9788 135.883 25.3 6
2010 9 11 11 48 20.4516 37.1278 133.751 15.9 5
2010 9 11 11 48 20.5124 36.9208 133.671 28.5 8
2010 9 11 11 48 35.6 37.8921 135.586 24 5
2010 9 11 11 48 37.3937 37.2984 134.137 18.7 6
2010 9 11 11 48 54.685 37.6782 135.167 22.6 5
2010 9 11 11 49 45.7514 37.2064 133.991 24.2 5
2010 9 11 11 49 46.0447 37.3618 134.439 18.2 6
2010 9 11 11 49 52.0004 37.8499 135.205 27.3 7
2010 9 11 11 50 26.665 37.2262 134.484 14.7 6
2010 9 11 11 50 26.8753 37.2494 134.388 14.9 5
2010 9 11 11 50 53.9212 36.6931 133.487 14.7 5
2010 9 11 11 50 54.0779 36.7619 133.48 17.3 5
2010 9 11 11 51 0.883685 37.8577 135.76 13.8 7
2010 9 11 11 51 17.708 37.2818 134.101 4.9 5
2010 9 11 11 51 17.7564 37.272 134.016 15.2 6
2010 9 11 11 51 19.1744 36.772 133.603 27.3 5
2010 9 11 11 52 4.10349 36.6711 133.068 27.4 5
2010 9 11 11 52 12.297 36.9091 133.597 28.9 6
2010 9 11 11 52 22.4653 37.7511 133.617 21.1 5
2010 9 11 11 52 22.5077 37.2365 134.47 27.7 5
2010 9 11 11 52 25.0133 37.2007 130.915 28.5 5
2010 9 11 11 52 26.4448 37.7657 135.288 19.3 5
2010 9 11 11 52 26.4916 37.6587 135.345 8.6 5
2010 9 11 11 52 26.5623 37.7383 135.269 15.3 5
2010 9 11 11 52 26.6237 37.6662 135.319 19.7 5
2010 9 11 11 52 26.9288 37.7967 135.255 21.8 11
2010 9 11 11 52 27.5509 37.1944 134.39 19.3 5
2010 9 11 11 52 27.5942 37.2631 134.014 21.8 5
2010 9 11 11 52 28.1689 37.9555 135.991 28.7 7
2010 9 11 11 52 51.8667 36.9093 133.537 23.2 5
2010 9 11 11 52 52.0885 36.9011 133.65 17.6 7
2010 9 11 11 53 39.1613 37.8755 135.371 29.2 10
2010 9 11 11 53 39.2142 37.7714 135.292 29.7 6
2010 9 11 11 53 39.2654 37.7678 135.323 19 8
2010 9 11 11 53 39.3176 37.8833 135.449 5.8 5
2010 9 11 11 54 14.2011 37.9671 135.821 27.4 6
2010 9 11 11 54 15.8678 36.7801 133.488 21.6 6
2010 9 11 11 54 15.9044 36.9112 133.696 23.1 8
2010 9 11 11 54 33.2362 37.7399 135.326 13 5
2010 9 11 11 54 37.5707 37.3086 134.091 19.3 7
2010 9 11 11 54 37.6196 37.2583 134.127 28.1 6
2010 9 11 11 55 40.4611 38.1219 136.255 14.4 11
2010 9 11 11 55 48.8654 37.8548 135.387 22.2 8
2010 9 11 11 55 58.3939 37.271 134.168 16 10
2010 9 11 11 55 58.5066 37.1522 134.161 12.8 7
2010 9 11 11 56 0.399014 37.8802 135.831 15.4 6
2010 9 11 11 58 49.9987 37.7589 135.405 11.1 6
2010 9 11 11 58 50.112 37.7486 135.334 13.2 5
2010 9 11 11 59 4.51683 37.1818 134.158 8.2 6
2010 9 11 11 59 40.8177 36.9668 134.036 14.9 5
2010 9 11 11 59 51.7412 37.9678 135.041 13.9 5
2010 9 11 11 59 51.8468 37.7489 135.389 24.4 6
2010 9 11 11 59 51.9096 37.75 135.402 14.1 6
2010 9 11 12 0 12.6232 38.3311 136.613 25.3 5
2010 9 11 12 0 13.5494 37.1373 134.034 11.5 6
2010 9 11 12 0 35.516 37.8532 135.901 16.3 5
2010 9 11 12 0 54.8528 37.1636 134.205 7.5 5
2010 9 11 12 1 16.6628 37.8367 135.397 26.5 9
2010 9 11 12 1 52.319 37.2678 134.624 17.4 8
2010 9 11 12 2 49.9267 37.8137 135.445 29.6 8
2010 9 11 12 2 59.5734 37.1557 134.069 19.9 8
2010 9 11 12 3 35.2236 37.1986 134.149 20.6 7
2010 9 11 12 3 35.2436 37.0985 134.105 29.6 6
2010 9 11 12 4 41.517 37.0849 134.115 19.3 7
2010 9 11 12 4 43.6099 36.7329 133.05 14.9 6
2010 9 11 12 5 49.9097 37.1877 134.084 24.1 6
2010 9 11 12 5 52.5752 37.2186 134.654 10.1 7
2010 9 11 12 5 52.6325 37.351 134.561 18.1 5
2010 9 11 12 7 33.2093 37.0978 134.148 21.3 6
2010 9 11 12 7 33.2272 37.1443 134.158 23.6 5
2010 9 11 12 8 16.7183 37.1411 134.128 23.3 5
2010 9 11 12 8 16.7668 37.0567 134.144 22.8 5
2010 9 11 12 8 54.354 38.2286 136.271 10.7 7
2010 9 11 12 8 57.7558 37.3368 134.836 21.3 6
2010 9 11 12 9 6.4014 37.9196 136.025 25.6 7
2010 9 11 12 10 22.2038 37.2352 134.583 21.6 7
2010 9 11 12 10 49.5364 37.248 134.185 22.2 5
2010 9 11 12 10 59.5787 37.8808 135.557 13.5 7
2010 9 11 12 10 59.8691 37.7932 135.419 12.5 6
2010 9 11 12 11 0.609628 37.9072 135.803 23.6 7
2010 9 11 12 11 56.9507 37.2312 134.733 16.9 6
2010 9 11 12 11 57.0023 37.2419 134.715 21.9 7
2010 9 11 12 11 57.0876 37.2553 134.799 21.1 8
2010 9 11 12 11 57.1634 37.2037 134.851 8.3 6
2010 9 11 12 12 11.2667 38.4172 136.803 20.4 6
2010 9 11 12 12 24.6483 36.7527 133.214 27.7 8
2010 9 11 12 12 39.1737 37.2413 134.316 8.2 5
2010 9 11 12 13 2.55228 37.2247 134.746 14.5 5
2010 9 11 12 13 2.72726 37.3327 134.726 17.4 6
2010 9 11 12 13 10.867 37.8862 135.81 15.7 8
2010 9 11 12 13 29.3512 37.2249 134.248 25.5 9
2010 9 11 12 13 29.4607 37.1485 134.221 12.9 7
2010 9 11 12 13 44.284 37.3333 134.777 26.5 9
2010 9 11 12 13 44.3511 37.2881 134.751 15 7
2010 9 11 12 14 19.4685 37.2434 134.271 12.2 8
2010 9 11 12 14 19.5641 37.1403 134.255 25.1 8
2010 9 11 12 14 22.0946 37.1615 134.661 25.9 5
2010 9 11 12 14 49.3821 37.3316 134.76 13.6 7
2010 9 11 12 14 52.2999 36.9061 133.817 12.3 5
2010 9 11 12 16 12.2485 36.9268 133.261 21.2 5
2010 9 11 12 17 7.52966 37.3501 134.939 20.4 5
2010 9 11 12 17 33.1783 38.0082 136.169 17.3 5
2010 9 11 12 17 33.5567 37.8998 135.984 18.9 7
2010 9 11 12 17 55.5156 36.9024 133.936 13.4 6
2010 9 11 12 18 30.0994 36.8834 134.104 22.3 5
2010 9 11 12 20 54.5306 37.1275 134.373 23.4 7
2010 9 11 12 22 2.94048 37.2373 134.849 10.2 8
2010 9 11 12 22 2.94051 37.3535 134.706 12.6 6
2010 9 11 12 22 38.8968 37.2682 134.388 21.5 8
2010 9 11 12 22 38.9412 37.1987 134.402 19.7 9
2010 9 11 12 23 44.6076 37.2418 134.82 15.9 7
2010 9 11 12 23 53.2356 37.7282 135.201 7.5 7
2010 9 11 12 25 8.43 37.3944 134.9 18.4 9
2010 9 11 12 25 8.52071 37.3436 134.942 16.8 6
2010 9 11 12 25 56.0728 37.2455 134.406 29.3 7
2010 9 11 12 26 26.4307 37.2839 134.747 13 5
2010 9 11 12 28 26.2305 36.2854 132.305 23.4 8
2010 9 11 12 28 26.3094 36.4448 132.226 13.5 5
2010 9 11 12 29 33.5469 36.3488 132.497 26.6 6
2010 9 11 12 30 7.6422 36.3975 132.274 23 9
2010 9 11 12 31 24.9283 37.2139 134.601 25 9
2010 9 11 12 31 24.9778 37.2303 134.715 19.6 5
2010 9 11 12 32 22.0106 37.5961 135.471 20.1 8
2010 9 11 12 33 1.32223 37.3596 134.827 16.1 7
2010 9 11 12 33 2.53414 36.4657 132.565 19.3 7
2010 9 11 12 34 36.6117 36.8377 129.49 17.1 7
2010 9 11 12 35 44.7668 37.1388 134.737 6.4 5
2010 9 11 12 35 45.4012 37.4219 134.429 20 5
2010 9 11 12 36 9.14079 36.3925 132.478 28.7 5
2010 9 11 12 36 9.17176 36.4106 132.525 22.6 6
2010 9 11 12 37 38.8431 36.5464 132.609 20.1 5
2010 9 11 12 39 16.3303 36.3009 132.541 27.7 5
2010 9 11 12 40 5.27966 36.4749 132.636 21.8 5
2010 9 11 12 40 5.34903 36.4315 132.6 25.1 10
2010 9 11 12 40 19.7495 38.0681 136.733 19.8 5
2010 9 11 12 40 22.2439 37.2497 134.569 20.4 8
2010 9 11 12 40 22.4834 37.1385 134.594 4.5 5
2010 9 11 12 42 40.3832 36.3768 132.618 12.8 5
2010 9 11 12 42 40.6793 36.3118 132.562 18.6 5
2010 9 11 12 43 7.01477 37.8891 135.853 27.2 5
2010 9 11 12 43 28.3864 36.3751 132.706 25.3 5
2010 9 11 12 43 28.4863 36.4193 132.631 16.4 7
2010 9 11 12 43 47.0448 37.0915 134.589 17.3 6
2010 9 11 12 43 47.0859 37.0291 134.5 26 8
2010 9 11 12 44 45.1799 36.4962 132.712 19.9 7
2010 9 11 12 44 45.3187 36.4152 132.672 14.5 5
2010 9 11 12 44 45.4157 36.301 132.792 21.1 7
2010 9 11 12 44 45.5037 36.373 132.672 12.9 5
2010 9 11 12 44 46.3868 36.4434 132.966 29.1 5
2010 9 11 12 46 5.7335 37.5096 133.779 8 5
2010 9 11 12 46 5.73361 37.1736 134.875 7.7 5
2010 9 11 12 46 37.2165 36.4853 132.742 26.5 7
2010 9 11 12 46 37.4789 36.3045 132.832 24.3 6
2010 9 11 12 47 57.8768 37.2391 134.957 4.5 5
2010 9 11 12 48 39.7123 36.5086 132.534 23.5 5
2010 9 11 12 49 19.2367 36.3493 132.464 28.2 7
2010 9 11 12 49 25.0264 37.4155 134.786 13.5 6
2010 9 11 12 49 25.1164 37.3714 134.771 13.2 6
2010 9 11 12 49 25.1219 37.4258 134.778 19.1 5
2010 9 11 12 49 25.2035 37.2457 134.865 4.2 5
2010 9 11 12 49 45.3841 37.7771 136.025 15.5 6
2010 9 11 12 49 45.3842 37.7798 135.876 16.5 5
2010 9 11 12 49 55.8793 37.7331 136.382 7.3 6
2010 9 11 12 49 55.9122 37.6386 136.346 27.1 6
2010 9 11 12 50 58.01 36.5089 132.712 4.4 5
2010 9 11 12 50 58.1037 36.2564 132.791 17.9 6
2010 9 11 12 51 25.8182 37.3591 134.897 15 5
2010 9 11 12 52 14.6788 36.9156 134.309 18.7 9
2010 9 11 12 52 14.7693 36.8136 134.299 14.1 5
2010 9 11 12 52 14.9419 37.2179 134.99 16.2 5
2010 9 11 12 53 18.6268 37.2247 134.49 19.1 6
2010 9 11 12 53 18.7066 37.083 134.768 25.6 5
2010 9 11 12 53 44.6423 37.3036 134.714 14.1 8
2010 9 11 12 53 58.2693 36.4922 132.75 18.4 9
2010 9 11 12 53 58.3729 36.4025 132.755 18.4 5
2010 9 11 12 54 5.76349 37.6544 136.499 27.9 8
2010 9 11 12 54 52.4968 36.9174 134.382 19.9 7
2010 9 11 12 54 52.6413 36.7978 134.406 14.7 5
2010 9 11 12 54 52.7432 36.9421 134.368 21.5 6
2010 9 11 12 55 21.2097 37.1813 135.075 15.4 6
2010 9 11 12 56 19.904 37.1524 134.709 27.4 6
2010 9 11 12 56 20.0084 36.9795 134.76 24.9 7
2010 9 11 12 57 19.6324 36.9932 134.404 14 7
2010 9 11 12 57 50.5373 37.0531 134.677 20.2 6
2010 9 11 12 57 50.6293 36.9257 134.725 20.9 6
2010 9 11 12 58 33.09 37.1361 134.728 25.7 5
2010 9 11 12 58 37.8402 36.2375 132.739 25 5
2010 9 11 12 58 52.5097 37.0208 134.622 28.1 6
2010 9 11 12 58 52.5344 36.9507 134.369 12.8 5
2010 9 11 12 59 44.5815 37.119 134.784 23.3 5
2010 9 11 13 0 7.08613 36.9178 134.429 15.7 8
2010 9 11 13 0 27.2424 37.0741 134.803 5.7 5
2010 9 11 13 0 27.4318 37.121 134.751 13.3 5
2010 9 11 13 0 27.5377 37.0522 134.772 17.5 7
2010 9 11 13 0 27.8256 37.1201 134.75 16.6 7
2010 9 11 13 0 59.6685 36.9948 134.437 20.8 5
2010 9 11 13 1 6.83129 36.2453 133.095 29.4 5
2010 9 11 13 1 18.4602 37.551 135.641 10.7 6
2010 9 11 13 2 16.3462 36.4266 132.585 23.3 5
2010 9 11 13 2 16.352 36.3874 132.603 20.8 5
2010 9 11 13 2 31.3191 37.2143 134.788 18 7
2010 9 11 13 2 31.6047 37.1183 134.794 27.2 8
2010 9 11 13 4 20.1369 36.5048 132.994 16.1 5
2010 9 11 13 4 52.2942 37.1564 134.86 15.6 8
2010 9 11 13 4 54.0873 36.2852 132.827 14.7 6
2010 9 11 13 4 54.2035 36.3448 132.798 14.3 5
2010 9 11 13 5 44.6545 36.3063 132.54 12.2 6
2010 9 11 13 5 58.8515 36.329 132.821 14.2 6
2010 9 11 13 5 58.9391 36.3408 132.761 13.5 5
2010 9 11 13 6 0.526083 37.0636 134.561 23.2 6
2010 9 11 13 6 0.573112 37.0012 134.571 28.5 5
2010 9 11 13 6 5.40315 37.2118 134.843 10.8 6
2010 9 11 13 6 21.0985 36.5287 133.11 21.2 5
2010 9 11 13 6 21.1438 36.5001 133.056 19.2 5
2010 9 11 13 6 45.4339 36.9709 134.88 18.9 6
2010 9 11 13 6 45.5133 36.9999 134.848 16.3 5
2010 9 11 13 7 20.7242 37.1551 134.876 21.5 10
2010 9 11 13 7 20.8348 37.1327 134.803 7.4 6
2010 9 11 13 7 54.1838 37.9808 136.433 29.5 6
2010 9 11 13 7 54.5349 37.958 136.518 10 6
2010 9 11 13 8 13.8307 37.0977 134.829 14.7 5
2010 9 11 13 8 13.8981 37.0855 134.844 11.4 7
2010 9 11 13 8 33.7104 36.494 133.114 20.5 6
2010 9 11 13 8 33.7351 36.4284 133.112 16.4 5
2010 9 11 13 9 13.6288 37.0276 134.551 21.4 7
2010 9 11 13 9 31.3423 37.1788 134.879 17.4 5
2010 9 11 13 9 31.4525 37.1776 134.883 19.2 5
2010 9 11 13 9 31.4883 37.0955 135.041 22.5 5
2010 9 11 13 9 31.5295 37.1254 134.853 17.4 8
2010 9 11 13 10 28.6038 36.3932 132.605 22.6 8
2010 9 11 13 10 28.7333 36.26 132.63 11.9 6
2010 9 11 13 10 48.8651 37.1161 134.758 26.6 9
2010 9 11 13 10 49.142 37.1271 134.855 20.8 5
2010 9 11 13 10 54.1899 36.9959 134.901 22.2 7
2010 9 11 13 10 54.3111 36.9818 134.85 5.8 5
2010 9 11 13 10 54.3111 37.1253 134.75 29.8 5
2010 9 11 13 11 32.173 36.5202 133.155 21.7 7
2010 9 11 13 12 35.1434 37.9275 136.509 19.5 5
2010 9 11 13 12 48.1746 36.9929 134.636 25.3 6
2010 9 11 13 12 50.0922 36.4304 132.665 28.3 8
2010 9 11 13 12 50.535 36.3385 132.628 21.1 9
2010 9 11 13 13 10.4741 37.0624 134.799 25.1 6
2010 9 11 13 13 10.666 37.0638 134.81 23.5 7
2010 9 11 13 13 41.1697 36.3905 132.939 24.2 5
2010 9 11 13 14 45.5062 38.2851 136.774 16.8 5
2010 9 11 13 14 53.733 36.3911 132.641 18.8 9
2010 9 11 13 14 53.8109 36.3324 132.792 20.1 5
2010 9 11 13 14 54.2931 36.33 132.624 22.8 7
2010 9 11 13 14 54.6742 37.9519 136.469 14.9 5
2010 9 11 13 15 12.7901 36.2636 132.477 24.3 5
2010 9 11 13 15 48.5351 36.4062 132.635 24.1 8
2010 9 11 13 16 11.9884 37.9289 136.516 22.5 5
2010 9 11 13 16 12.1128 37.9298 136.482 8.7 5
2010 9 11 13 16 45.0722 36.3727 132.636 21.1 8
2010 9 11 13 16 52.1348 37.9499 136.525 18.7 7
2010 9 11 13 17 6.1367 36.3778 132.552 22.2 9
2010 9 11 13 17 6.3834 36.3912 132.525 19.3 5
2010 9 11 13 18 8.13812 37.0588 134.941 9.7 5
2010 9 11 13 18 17.3309 36.334 132.336 18.9 6
2010 9 11 13 18 51.5371 37.2882 135.304 19.8 7
2010 9 11 13 19 46.0809 37.0106 130.476 29 6
2010 9 11 13 19 50.7558 36.3388 132.352 17.7 6
2010 9 11 13 20 21.7974 36.4099 132.64 17.9 6
2010 9 11 13 20 50.4988 36.4242 132.742 18.6 7
2010 9 11 13 20 50.6666 36.4255 132.692 20.1 7
2010 9 11 13 20 52.2766 36.29 132.324 24.9 8
2010 9 11 13 21 3.50261 37.1403 135.056 15.5 5
2010 9 11 13 21 20.4119 36.36 132.615 12.4 5
2010 9 11 13 21 49.471 36.5052 132.753 17.9 5
2010 9 11 13 21 54.5966 36.4167 132.646 14.9 9
2010 9 11 13 21 54.6302 36.4097 132.62 20.4 8
2010 9 11 13 21 54.7973 36.3306 132.661 24.6 6
2010 9 11 13 21 58.0115 37.9357 136.572 22 9
2010 9 11 13 21 58.1269 37.9048 136.546 20.2 8
2010 9 11 13 22 22.1813 36.3409 132.658 22.2 5
2010 9 11 13 22 22.3549 36.3775 132.599 24.8 8
2010 9 11 13 22 23.5611 37.1356 135.041 7.8 8
2010 9 11 13 22 23.7888 37.148 135.055 14.5 7
2010 9 11 13 22 34.7675 36.4177 132.665 16 6
2010 9 11 13 22 34.8402 36.4073 132.734 27 8
2010 9 11 13 22 34.9067 36.3738 132.74 26.6 7
2010 9 11 13 22 44.567 37.7938 136.811 19.6 9
2010 9 11 13 22 53.2358 37.0596 130.073 16.1 8
2010 9 11 13 22 54.2446 37.0906 135.005 16.3 5
2010 9 11 13 22 54.3464 37.124 135.084 25.4 10
2010 9 11 13 23 17.8612 36.297 132.723 12.9 6
2010 9 11 13 24 6.55716 36.424 132.701 23.4 7
2010 9 11 13 25 9.50245 37.1964 135.087 19.2 6
2010 9 11 13 25 23.2215 36.4401 132.711 15.9 5
2010 9 11 13 26 12.3464 37.0699 130.096 19.2 5
2010 9 11 13 26 47.7971 36.4324 132.641 18.5 5
2010 9 11 13 26 47.7971 36.4241 132.743 10.6 7
2010 9 11 13 26 47.9985 36.3084 132.73 22.9 7
2010 9 11 13 27 11.142 36.5463 133.015 22.7 9
2010 9 11 13 27 11.8728 37.1396 135.122 12.8 6
2010 9 11 13 27 49.7506 36.3917 133.132 27.7 6
2010 9 11 13 27 49.9153 36.3174 132.741 7.9 5
2010 9 11 13 28 4.2357 37.1012 135.108 24.8 8
2010 9 11 13 28 4.31161 37.0628 135.102 14.7 6
2010 9 11 13 28 4.37657 37.1307 135.153 14.6 6
2010 9 11 13 28 20.3775 36.4306 132.771 29.3 6
2010 9 11 13 28 20.5352 36.3912 132.726 19.8 8
2010 9 11 13 28 21.6134 37.0434 130.164 21.5 10
2010 9 11 13 28 21.7751 37.0199 130.163 21.5 6
2010 9 11 13 28 35.2543 36.2957 132.743 21.2 6
2010 9 11 13 28 41.657 37.1181 134.905 23.9 7
2010 9 11 13 29 32.9631 36.445 132.777 18.9 5
2010 9 11 13 29 55.6242 36.4086 132.764 21.1 6
2010 9 11 13 29 55.6715 36.3901 132.765 11.5 5
2010 9 11 13 29 56.5071 36.3274 132.754 20.8 6
2010 9 11 13 30 25.8997 36.3543 132.767 20.3 5
2010 9 11 13 30 26.3108 36.2882 132.805 9.2 5
2010 9 11 13 30 59.4278 36.9647 130.143 23.2 9
2010 9 11 13 30 59.5053 36.9842 130.121 18.2 6
2010 9 11 13 31 15.9897 36.3997 132.76 16.2 5
2010 9 11 13 31 16.0681 36.4361 132.771 12.5 7
2010 9 11 13 31 16.5639 36.3071 132.723 16 7
2010 9 11 13 31 41.359 36.4264 132.806 22.4 7
2010 9 11 13 31 48.4912 37.1903 135.159 16.1 5
2010 9 11 13 31 48.5785 37.1105 135.138 9.4 7
2010 9 11 13 31 48.6432 37.0824 135.17 27.7 7
2010 9 11 13 32 1.41557 37.6412 136.717 15.6 6
2010 9 11 13 32 35.0913 36.5488 132.469 6.7 5
2010 9 11 13 32 35.1766 36.2951 132.459 27.6 9
2010 9 11 13 32 43.0258 36.4125 132.713 18.6 8
2010 9 11 13 32 43.7763 36.4023 132.8 16.9 9
2010 9 11 13 32 47.7347 37.1021 135.197 14.7 6
2010 9 11 13 32 48.0968 37.151 135.189 13.6 7
2010 9 11 13 33 7.81607 37.0981 130.163 19.1 8
2010 9 11 13 33 7.91776 36.9508 130.211 22.9 5
2010 9 11 13 34 19.0006 36.4559 132.769 12.1 6
2010 9 11 13 34 19.0626 36.4217 132.763 6.4 5
2010 9 11 13 34 19.0837 36.3519 132.786 19.5 7
2010 9 11 13 34 34.7853 36.3263 132.549 15.6 5
2010 9 11 13 35 37.2608 37.0793 135.224 25.6 7
2010 9 11 13 35 37.2996 37.0619 135.242 19.3 5
2010 9 11 13 35 55.7282 37.9292 136.95 25.5 6
2010 9 11 13 36 21.8167 37.1366 135.222 16.9 5
2010 9 11 13 36 22.011 37.0832 135.258 15.7 5
2010 9 11 13 36 22.1163 36.96 135.278 20.9 5
2010 9 11 13 36 22.3808 37.021 135.232 11.3 5
2010 9 11 13 36 38.8874 36.4957 133.954 19.5 6
2010 9 11 13 37 11.9689 37.7659 136.87 16.9 9
2010 9 11 13 37 47.8508 37.1612 135.291 26 8
2010 9 11 13 37 47.9497 37.0038 135.323 24.3 6
2010 9 11 13 37 48.0129 37.0646 135.243 23.1 9
2010 9 11 13 37 48.0168 37.064 135.218 19.4 6
2010 9 11 13 37 48.0226 37.1075 135.225 16.9 7
2010 9 11 13 37 58.9056 36.5901 133.946 19.1 8
2010 9 11 13 37 59.3761 36.7132 133.96 11.2 7
2010 9 11 13 37 59.393 36.631 133.917 20.2 6
2010 9 11 13 38 21.2558 36.4549 132.936 12.7 7
2010 9 11 13 38 51.9021 37.1145 135.222 14 6
2010 9 11 13 39 19.7859 37.7496 136.92 8.9 5
2010 9 11 13 41 33.2301 37.1995 135.254 15.3 8
2010 9 11 13 41 33.3698 37.1406 135.095 7 5
2010 9 11 13 41 54.2657 36.4175 133.12 28.5 8
2010 9 11 13 42 6.95691 36.5914 134.048 13.6 5
2010 9 11 13 43 7.24242 37.1161 135.404 29.5 7
2010 9 11 13 44 16.5242 37.1503 135.346 21.7 5
2010 9 11 13 44 16.5839 37.1299 135.293 7.3 5
2010 9 11 13 44 22.6268 37.0882 130.324 17.4 5
2010 9 11 13 44 33.0959 36.6134 134.123 16.8 7
2010 9 11 13 45 57.9611 37.6126 136.963 12.8 8
2010 9 11 13 45 58.1726 36.5104 133.915 19.1 8
2010 9 11 13 45 58.2338 36.5075 133.648 4 5
2010 9 11 13 45 58.2338 36.4014 133.92 27.2 5
2010 9 11 13 46 12.6676 37.1766 135.371 15.3 7
2010 9 11 13 46 12.7339 37.0795 135.38 18.3 5
2010 9 11 13 46 12.7648 36.9553 135.439 22.6 5
2010 9 11 13 46 12.8338 37.0934 135.362 9.7 6
2010 9 11 13 47 28.3114 37.6658 137.082 10.3 5
2010 9 11 13 47 35.0646 37.2142 135.451 4.2 6
2010 9 11 13 47 35.3308 37.2231 135.454 23.4 10
2010 9 11 13 47 44.2617 37.0977 135.428 24.8 6
2010 9 11 13 47 57.4426 36.7799 134.213 26.9 8
2010 9 11 13 48 41.1091 36.6276 134.162 12.3 5
2010 9 11 13 49 18.0748 37.1844 135.497 14.1 7
2010 9 11 13 49 37.2682 36.47 133.925 14.2 6
2010 9 11 13 49 37.2831 36.2492 133.892 18.8 5
2010 9 11 13 49 37.3008 36.4132 133.976 19.4 9
2010 9 11 13 50 4.81386 36.4538 134.311 16 5
2010 9 11 13 50 30.3798 37.0468 135.33 18.5 7
2010 9 11 13 51 40.0804 37.0728 135.485 22.2 8
2010 9 11 13 51 51.0763 36.3107 132.856 7.6 5
2010 9 11 13 52 32.1454 37.2763 135.489 19.5 8
2010 9 11 13 52 32.2646 37.1744 135.524 17.6 6
2010 9 11 13 52 32.4086 37.2623 135.521 26 8
2010 9 11 13 52 32.7769 37.1329 135.587 14.9 6
2010 9 11 13 52 51.0903 37.8315 137.15 16.3 9
2010 9 11 13 53 38.6713 38.1985 137.62 12.1 6
2010 9 11 13 53 58.199 37.1909 135.65 29.2 10
2010 9 11 13 53 58.328 37.166 135.63 3.4 5
2010 9 11 13 53 58.821 36.9687 135.401 8.1 5
2010 9 11 13 53 58.8602 36.9066 135.449 21.8 5
2010 9 11 13 54 9.90934 37.6511 136.995 15.6 9
2010 9 11 13 54 12.3527 37.2085 135.547 3.6 5
2010 9 11 13 55 6.09568 36.2787 132.861 15.6 5
2010 9 11 13 55 23.1615 37.1176 135.506 14 8
2010 9 11 13 56 21.1833 36.3978 132.959 15.7 7
2010 9 11 14 0 24.4147 36.3372 134.202 4.3 6
2010 9 11 14 0 24.4147 36.5115 134.04 2.1 5
2010 9 11 14 0 24.5431 36.4612 134.097 15.5 5
2010 9 11 14 0 24.5431 36.4898 134.111 29.6 8
2010 9 11 14 0 24.6159 36.3175 134.184 16.2 6
2010 9 11 14 0 24.6895 36.4683 134.253 17.3 6
2010 9 11 14 0 24.8456 36.4386 134.116 22.3 11
2010 9 11 14 0 24.9754 36.5173 133.881 28.5 6
2010 9 11 14 1 53.3579 37.198 135.711 9.2 6
2010 9 11 14 3 48.6832 36.6379 134.246 15.6 5
2010 9 11 14 3 48.7687 36.4373 134.176 14.8 6
2010 9 11 14 3 48.8337 36.3836 134.212 16.4 8
2010 9 11 14 3 48.8762 36.3521 134.221 8 7
2010 9 11 14 3 49.0048 36.4799 134.172 23.6 6
2010 9 11 14 4 21.544 37.2315 135.782 24.1 7
2010 9 11 14 4 33.951 37.9054 136.985 9.3 6
2010 9 11 14 4 38.4059 36.4629 132.908 28.9 6
2010 9 11 14 4 38.4814 36.2247 132.927 11.3 5
2010 9 11 14 4 38.5451 36.1941 132.95 7.7 5
2010 9 11 14 4 38.6458 36.3656 133.106 17 5
2010 9 11 14 4 39.0623 36.2651 132.918 11.5 6
2010 9 11 14 5 17.2402 36.3547 132.968 15.3 6
2010 9 11 14 6 11.2376 36.5076 134.247 14.6 5
2010 9 11 14 6 11.2847 36.3989 134.203 21.8 8
2010 9 11 14 6 11.4171 36.3234 134.241 20 7
2010 9 11 14 6 11.6243 36.3961 134.217 6 5
2010 9 11 14 6 11.6817 36.4055 134.224 3.9 5
2010 9 11 14 6 26.6978 37.1203 135.682 20.6 6
2010 9 11 14 6 26.7009 36.9912 135.662 23.5 6
2010 9 11 14 6 27.3209 37.2224 135.724 15.9 9
2010 9 11 14 7 7.31426 36.5645 134.234 16.6 10
2010 9 11 14 7 7.40221 36.4406 134.258 19.5 6
2010 9 11 14 8 24.9 37.9804 136.992 18.6 8
2010 9 11 14 8 46.2458 38.0141 137.703 7.4 5
2010 9 11 14 8 49.2361 36.4037 133.027 20.7 8
2010 9 11 14 9 36.4401 35.8761 130.776 22 7
2010 9 11 14 10 0.405963 36.3762 133.036 17.2 6
2010 9 11 14 10 0.406001 36.2534 132.866 6.3 7
2010 9 11 14 10 0.487175 36.3717 133.051 17.6 9
2010 9 11 14 10 0.562025 36.2408 133.038 11.4 6
2010 9 11 14 10 27.937 38.0204 137.758 22.2 5
2010 9 11 14 11 12.9663 36.4045 134.311 8 6
2010 9 11 14 11 42.9037 37.7239 137.256 7.4 7
2010 9 11 14 12 29.6126 37.5362 136.529 13.6 7
2010 9 11 14 13 11.6959 36.4407 133.024 15.2 5
2010 9 11 14 13 11.7341 36.3443 133.077 21.9 5
2010 9 11 14 13 11.7423 36.23 133.126 7.7 6
2010 9 11 14 13 27.6072 37.0427 135.414 14.7 6
2010 9 11 14 13 40.4698 36.3678 134.186 8.5 6
2010 9 11 14 14 49.4673 36.4591 133.114 27 10
2010 9 11 14 14 49.6193 36.3499 133.087 21.4 7
2010 9 11 14 15 1.43101 37.8058 137.299 21.7 6
2010 9 11 14 15 1.53159 37.7554 137.298 24.3 10
2010 9 11 14 15 24.403 37.1787 130.799 23.1 6
2010 9 11 14 15 40.6137 36.5227 134.283 2.6 5
2010 9 11 14 15 41.1702 36.3821 134.339 9.4 6
2010 9 11 14 16 25.0617 36.464 134.4 28.3 7
2010 9 11 14 16 59.6182 36.3202 133.174 16.1 7
2010 9 11 14 16 59.6599 36.4192 133.135 15.4 7
2010 9 11 14 17 29.0239 36.4992 134.398 14 5
2010 9 11 14 18 4.91365 36.4403 135.956 8.2 5
2010 9 11 14 18 54.5498 38.0579 137.647 15.7 5
2010 9 11 14 20 12.0844 38.0274 137.719 24.4 8
2010 9 11 14 21 43.5098 37.6164 137.44 5.4 6
2010 9 11 14 21 49.3732 38.0375 137.784 12.1 6
2010 9 11 14 21 49.3733 38.1298 137.707 29.5 6
2010 9 11 14 21 50.1165 38.1775 138.564 26.6 6
2010 9 11 14 22 32.3187 36.0658 131.518 23 8
2010 9 11 14 24 26.1893 35.9365 132.063 22.1 5
2010 9 11 14 24 41.3654 35.7554 130.891 10.2 6
2010 9 11 14 26 7.90401 36.4653 134.413 17.4 6
2010 9 11 14 26 26.7426 36.5978 134.687 9 7
2010 9 11 14 26 26.7447 36.5527 134.698 6.6 6
2010 9 11 14 26 58.6471 35.9401 130.821 15.9 9
2010 9 11 14 27 59.6267 36.5144 134.504 20.9 7
2010 9 11 14 28 51.5459 38.1122 137.86 2.7 6
2010 9 11 14 28 51.546 38.1719 137.895 15.2 7
2010 9 11 14 29 22.3041 36.194 132.168 10.9 7
2010 9 11 14 30 2.77732 36.5103 134.829 14 5
2010 9 11 14 30 2.77738 36.5861 134.9 6.8 5
2010 9 11 14 31 14.9159 35.9044 130.904 27.2 11
2010 9 11 14 31 14.9892 35.9217 130.709 8.7 7
2010 9 11 14 32 14.3307 36.9361 135.478 5 5
2010 9 11 14 32 14.6223 36.5698 134.877 25.9 7
2010 9 11 14 32 14.8555 36.5647 134.958 11.6 7
2010 9 11 14 33 5.47109 38.1273 137.867 18.6 10
2010 9 11 14 33 6.47812 38.016 137.799 9.4 5
2010 9 11 14 33 16.4152 36.6154 134.804 20.8 9
2010 9 11 14 33 57.5236 36.4066 134.593 14.7 5
2010 9 11 14 34 6.46524 36.6133 134.874 15.1 5
2010 9 11 14 34 6.49532 36.5565 134.937 4.8 5
2010 9 11 14 34 6.49537 36.6692 134.98 8.9 6
2010 9 11 14 34 20.4748 35.8599 131.115 11.5 5
2010 9 11 14 34 29.5895 36.7762 135.142 15.6 6
2010 9 11 14 35 19.2587 36.5769 134.851 14.1 5
2010 9 11 14 36 14.7632 38.0092 137.713 10.1 6
2010 9 11 14 36 33.0349 36.178 132.316 12.6 6
2010 9 11 14 36 33.1979 36.1725 132.258 21.4 7
2010 9 11 14 36 33.2616 36.2031 132.297 25.7 8
2010 9 11 14 37 6.10993 36.0487 131.758 21.4 7
2010 9 11 14 38 21.7442 36.4507 134.56 17 8
2010 9 11 14 38 42.9614 38.0436 137.778 21.8 5
2010 9 11 14 39 12.1567 36.0647 131.672 28.5 7
2010 9 11 14 39 17.8271 37.8983 137.254 21.6 8
2010 9 11 14 40 19.3128 35.9554 131.723 7.8 6
2010 9 11 14 40 39.3647 36.4741 134.786 8.5 5
2010 9 11 14 41 12.2662 37.8604 137.285 20.7 8
2010 9 11 14 41 12.3498 37.847 137.3 13.9 5
2010 9 11 14 41 12.3955 37.8568 137.322 20.1 6
2010 9 11 14 41 37.7931 36.4814 134.828 15.7 6
2010 9 11 14 41 37.8265 36.5249 134.862 28 9
2010 9 11 14 42 31.4043 36.5288 134.611 24.9 6
2010 9 11 14 43 15.6315 36.6319 135.004 13.4 5
2010 9 11 14 43 49.7457 36.5518 134.77 23.5 11
2010 9 11 14 45 19.6308 38.0469 137.863 10.1 5
2010 9 11 14 45 28.4572 35.8981 131.766 15.5 5
2010 9 11 14 45 28.4573 36.1012 131.804 25.4 5
2010 9 11 14 45 28.5821 35.9683 131.776 7.4 6
2010 9 11 14 45 50.6122 36.5692 134.955 28.8 5
2010 9 11 14 46 33.9922 36.5481 135.044 23.7 6
2010 9 11 14 46 57.4576 36.5227 134.845 14 7
2010 9 11 14 48 31.5942 36.5284 134.839 6.7 5
2010 9 11 14 48 32.1335 36.577 134.736 14 5
2010 9 11 14 48 56.9663 36.2766 132.47 20.7 5
2010 9 11 14 49 7.76197 36.4537 134.945 9.1 8
2010 9 11 14 49 7.90466 36.5516 134.886 23 10
2010 9 11 14 51 12.3437 36.5782 134.998 12.9 5
2010 9 11 14 51 50.4287 36.6326 134.969 20 8
2010 9 11 14 51 50.4663 36.52 134.974 15.3 7
2010 9 11 14 52 36.6386 36.4141 135.092 13.2 7
2010 9 11 14 53 10.3237 38.0162 137.915 12.6 5
2010 9 11 14 53 29.3181 36.3078 132.358 20.8 9
2010 9 11 14 53 29.4509 36.2128 132.464 23.7 6
2010 9 11 14 53 29.5642 36.1402 132.373 16 6
2010 9 11 14 53 38.4383 36.8536 135.665 25.2 11
2010 9 11 14 53 46.1085 36.6443 134.954 28.1 6
2010 9 11 14 53 46.1361 36.4342 134.891 23.3 9
2010 9 11 14 53 46.5224 36.321 134.95 14.1 5
2010 9 11 14 53 46.8065 36.5626 134.898 22.1 8
2010 9 11 14 53 46.8735 36.5007 134.89 10.7 8
2010 9 11 14 53 47.0655 36.4547 134.925 19.5 7
2010 9 11 14 53 47.2379 36.5257 134.879 7.9 5
2010 9 11 14 53 49.9903 36.2111 132.69 13 6
2010 9 11 14 54 10.3804 35.6575 130.562 14.6 6
2010 9 11 14 54 10.5987 35.6669 130.664 15.2 6
2010 9 11 14 54 33.2414 35.9531 130.962 20.2 9
2010 9 11 14 54 33.9385 35.8317 130.976 7.2 7
2010 9 11 14 54 38.7852 36.6427 135.092 7.2 5
2010 9 11 14 54 38.8797 36.4854 135.171 6 6
2010 9 11 14 54 41.8152 36.8912 135.67 17.9 8
2010 9 11 14 54 41.8773 36.8147 135.617 8.2 5
2010 9 11 14 54 45.7492 36.701 129.488 29.4 5
2010 9 11 14 55 17.6609 36.5894 135.011 24.7 8
2010 9 11 14 55 18.1722 36.5319 135.032 24.6 8
2010 9 11 14 55 18.7454 36.6149 135.062 18.2 9
2010 9 11 14 55 27.6534 36.5176 134.917 7.8 6
2010 9 11 14 55 55.5716 36.6633 135.029 20 5
2010 9 11 14 56 37.2025 36.9209 135.655 15.2 5
2010 9 11 14 56 37.205 36.8446 135.661 3.5 5
2010 9 11 14 56 37.2162 36.9083 135.988 21 5
2010 9 11 14 57 10.0104 36.4471 135.074 6.1 5
2010 9 11 14 57 10.2726 36.488 135.049 3.6 5
2010 9 11 14 57 40.1891 36.8884 135.665 20.3 6
2010 9 11 14 58 5.74007 36.113 132.445 21 8
2010 9 11 14 58 5.86217 35.9758 132.439 10 6
2010 9 11 14 58 11.8976 37.0834 135.891 7.1 8
2010 9 11 14 58 11.999 36.9812 135.91 16.4 8
2010 9 11 14 58 12.0133 36.9196 135.943 16 8
2010 9 11 14 58 12.3605 36.9959 135.908 7.7 8
2010 9 11 14 58 20.9574 36.7295 135.164 5 5
2010 9 11 14 58 21.054 36.6949 135.113 16.4 7
2010 9 11 14 58 51.9975 36.9081 135.824 12.5 5
2010 9 11 14 59 21.2864 36.6292 135.159 18.9 9
2010 9 11 14 59 57.9607 36.5528 134.993 28.4 10
2010 9 11 14 59 59.17 36.5699 134.807 17.9 13
2010 9 11 14 59 59.2534 36.5015 134.812 5.5 5
2010 9 11 14 59 59.2901 36.5151 134.843 8.6 6
2010 9 11 15 0 12.3047 36.2413 132.461 14.4 7
2010 9 11 15 0 12.7974 36.57 135.307 28.4 6
2010 9 11 15 0 23.7225 36.9632 135.894 22.1 8
2010 9 11 15 0 28.6866 36.6372 135.058 6.3 6
2010 9 11 15 0 34.902 36.2373 132.276 12.2 7
2010 9 11 15 1 12.4287 36.9747 135.848 21.3 6
2010 9 11 15 1 12.4895 36.9454 135.851 14.2 9
2010 9 11 15 1 12.8668 36.9459 135.788 27.7 8
2010 9 11 15 1 34.126 36.5554 135.032 17.5 6
2010 9 11 15 1 34.1406 36.5633 134.998 15.2 7
2010 9 11 15 1 53.1377 37.0318 136.087 12.1 6
2010 9 11 15 2 8.99796 36.9228 135.696 17.1 8
2010 9 11 15 2 21.2953 36.1663 132.469 14.6 8
2010 9 11 15 2 21.3404 36.0937 132.485 10.3 6
2010 9 11 15 2 23.7781 36.8666 135.912 15.2 8
2010 9 11 15 2 37.1879 36.6782 135.049 10.6 7
2010 9 11 15 2 37.2084 36.5641 135.058 13.2 5
2010 9 11 15 2 54.0015 37.0501 136.084 13.1 5
2010 9 11 15 2 54.0015 37.1301 136.09 22.9 8
2010 9 11 15 2 54.0719 37.0298 136.06 7.1 7
2010 9 11 15 2 54.2084 37.0375 136.072 9.4 8
2010 9 11 15 2 54.3013 37.0631 136.06 20.9 9
2010 9 11 15 3 23.9463 36.2439 132.474 11.1 6
2010 9 11 15 3 24.1069 36.0759 132.549 16.7 6
2010 9 11 15 3 40.2908 36.6718 135.177 17.4 7
2010 9 11 15 3 46.514 36.7722 135.849 7.4 6
2010 9 11 15 3 46.514 36.9496 135.827 22.2 6
2010 9 11 15 4 12.0078 36.2418 132.57 19.3 5
2010 9 11 15 4 12.0981 36.0438 132.53 7.7 7
2010 9 11 15 4 19.6835 35.7848 130.687 13.1 7
2010 9 11 15 4 25.1095 37.1543 136.188 9 5
2010 9 11 15 4 47.0076 36.7344 134.991 9.1 5
2010 9 11 15 4 54.6212 36.9949 135.935 11.6 5
2010 9 11 15 4 56.9145 37.0509 136.136 4.8 6
2010 9 11 15 5 13.0342 36.6856 134.803 26.6 5
2010 9 11 15 5 42.0694 36.6155 135.186 29.4 6
2010 9 11 15 6 5.83326 37.0355 136.136 8.6 8
2010 9 11 15 6 5.90424 37.0084 136.202 7.5 5
2010 9 11 15 6 11.8794 36.9375 135.854 25 8
2010 9 11 15 6 18.4639 36.1299 132.527 11.1 7
2010 9 11 15 6 18.7236 36.0565 132.623 24.1 6
2010 9 11 15 6 18.8666 36.0393 132.608 6.1 5
2010 9 11 15 6 35.496 36.9984 136.131 11.1 6
2010 9 11 15 6 35.5446 37.0673 136.205 3.8 5
2010 9 11 15 6 35.7918 36.9536 136.21 13.9 7
2010 9 11 15 6 55.4718 36.199 132.464 16 5
2010 9 11 15 6 55.6139 36.1698 132.539 23.7 6
2010 9 11 15 7 22.4605 36.7069 135.392 18.8 9
2010 9 11 15 7 40.6406 36.1069 131.983 14.8 7
2010 9 11 15 8 2.58959 36.839 135.828 18 7
2010 9 11 15 8 2.88339 36.8467 135.83 10.4 10
2010 9 11 15 8 7.10482 36.5809 135.118 14.6 5
2010 9 11 15 8 7.10482 36.4529 135.158 6.5 5
2010 9 11 15 8 9.84728 36.1143 132.559 6.2 5
2010 9 11 15 8 9.92662 36.1687 132.553 26.9 7
2010 9 11 15 8 10.039 36.1662 132.556 20.5 8
2010 9 11 15 8 10.1587 36.1283 132.567 28.7 8
2010 9 11 15 8 38.8677 36.9383 135.928 17.6 8
2010 9 11 15 8 39.0014 36.9658 135.893 6.4 6
2010 9 11 15 8 39.0981 37.0053 135.847 21.8 6
2010 9 11 15 9 9.56359 36.1845 132.485 17.1 5
2010 9 11 15 9 9.68142 36.2478 132.593 29.6 6
2010 9 11 15 9 9.69626 36.0387 132.541 6.9 6
2010 9 11 15 9 9.69838 36.0561 132.567 11.2 6
2010 9 11 15 9 40.1025 35.9238 131.481 4.3 5
2010 9 11 15 9 40.8838 36.2183 132.614 18.3 5
2010 9 11 15 9 40.9687 36.0121 132.591 18.1 5
2010 9 11 15 9 41.2505 36.1612 132.558 17.6 5
2010 9 11 15 9 41.4872 36.1462 132.575 12.9 7
2010 9 11 15 9 45.4102 36.7118 135.426 14.3 8
2010 9 11 15 10 9.95127 37.9835 137.287 18.2 6
2010 9 11 15 10 10.007 37.7735 137.504 18.9 8
2010 9 11 15 10 10.0395 37.9002 137.521 13.6 9
2010 9 11 15 10 22.2247 36.9446 135.847 3.3 6
2010 9 11 15 10 22.2379 36.8972 135.853 5.7 7
2010 9 11 15 10 22.6252 36.9298 135.868 11.5 7
2010 9 11 15 10 25.3916 36.7204 135.448 20.4 5
2010 9 11 15 10 30.5681 36.1826 132.726 13.5 5
2010 9 11 15 10 46.81 36.2206 132.658 15.3 6
2010 9 11 15 10 53.072 37.0375 136.095 24.6 6
2010 9 11 15 11 27.5194 36.8914 135.794 3 6
2010 9 11 15 11 34.1764 36.2905 132.581 18.9 6
2010 9 11 15 11 34.2124 36.1713 132.631 9.6 6
2010 9 11 15 11 34.3202 36.1197 132.631 28.6 6
2010 9 11 15 11 34.3202 36.1734 132.524 18.6 5
2010 9 11 15 11 34.477 36.2061 132.574 21.6 7
2010 9 11 15 11 34.477 36.1657 132.698 9.7 5
2010 9 11 15 11 55.2064 36.9311 135.766 29.5 5
2010 9 11 15 11 55.5849 36.876 135.795 9.8 8
2010 9 11 15 11 55.8141 36.9588 135.836 29 10
2010 9 11 15 11 56.1502 36.8114 135.868 4.5 5
2010 9 11 15 11 56.2649 36.9036 135.798 12.7 6
2010 9 11 15 12 15.6083 37.0666 136.232 8.1 9
2010 9 11 15 12 19.2945 36.9088 135.861 11.7 5
2010 9 11 15 12 25.5002 35.9766 131.881 6.6 5
2010 9 11 15 12 53.5908 36.718 135.484 17.7 5
2010 9 11 15 12 53.7036 36.7252 135.493 26.4 8
2010 9 11 15 13 14.2441 36.7084 135.642 3.9 7
2010 9 11 15 13 29.5622 37.06 136.215 21.1 9
2010 9 11 15 13 30.2764 36.9592 135.926 25.2 10
2010 9 11 15 13 30.3973 36.8904 135.905 6.2 6
2010 9 11 15 13 30.4488 36.9946 135.773 18.9 6
2010 9 11 15 13 30.4823 36.9061 135.901 16.3 6
2010 9 11 15 13 30.5913 36.942 135.97 19.6 6
2010 9 11 15 13 30.5914 36.8811 135.903 26.1 6
2010 9 11 15 13 47.6192 36.1442 132.469 27.4 8
2010 9 11 15 13 58.6219 36.0916 132.657 9.1 5
2010 9 11 15 13 58.6851 36.1603 132.626 13.9 7
2010 9 11 15 14 6.36766 37.0139 135.939 9.1 6
2010 9 11 15 14 20.7136 36.1605 131.649 1.2 5
2010 9 11 15 14 21.0674 35.9477 131.995 7.8 6
2010 9 11 15 14 31.099 36.8535 135.557 11.5 10
2010 9 11 15 14 40.7638 36.9064 135.878 3.4 7
2010 9 11 15 14 48.6079 36.1202 132.476 10.6 5
2010 9 11 15 14 48.6344 36.0265 132.478 9.7 5
2010 9 11 15 15 25.6298 36.7783 135.555 25.3 11
2010 9 11 15 15 25.8036 36.7121 135.496 7.1 6
2010 9 11 15 15 26.0303 36.6315 135.569 11.5 8
2010 9 11 15 15 26.1271 36.7539 135.539 28.1 5
2010 9 11 15 15 26.158 36.7153 135.467 16 6
2010 9 11 15 15 26.6761 36.9063 135.914 15.2 9
2010 9 11 15 15 37.5461 36.0661 132.02 12.7 6
2010 9 11 15 15 37.5461 36.0924 131.89 14.9 5
2010 9 11 15 15 37.7183 36.0404 131.916 8.4 5
2010 9 11 15 16 2.52121 36.5343 135.329 16.4 7
2010 9 11 15 16 2.52125 36.6529 135.209 15.4 7
2010 9 11 15 16 19.5582 36.8817 135.858 25.7 6
2010 9 11 15 16 26.2738 36.052 131.958 22.8 5
2010 9 11 15 16 29.9117 36.1593 132.538 16.1 6
2010 9 11 15 16 29.9535 36.084 132.523 11.9 5
2010 9 11 15 17 12.5251 36.163 132.665 5.5 6
2010 9 11 15 17 21.7602 36.905 135.939 10.5 5
2010 9 11 15 18 0.864162 36.1007 131.986 23.5 6
2010 9 11 15 18 0.91324 36.1167 132.01 25.3 6
2010 9 11 15 18 1.11132 35.9323 132.066 6.5 5
2010 9 11 15 18 13.3395 35.9125 130.956 20.7 7
2010 9 11 15 18 13.3811 35.8018 130.908 9.4 7
2010 9 11 15 18 23.6429 36.9434 136.286 1.2 5
2010 9 11 15 18 23.6429 37.0174 136.178 28.5 5
2010 9 11 15 18 23.7047 37.0664 136.219 26.4 7
2010 9 11 15 18 25.6636 36.9434 135.898 4.7 6
2010 9 11 15 18 25.6939 36.9538 135.903 18.2 9
2010 9 11 15 18 41.6679 36.1574 132.533 14.1 9
2010 9 11 15 18 41.7001 35.7064 132.299 12.3 5
2010 9 11 15 19 7.51581 36.7216 135.625 3 5
2010 9 11 15 19 24.7403 36.0596 131.946 10.2 5
2010 9 11 15 19 35.1145 36.9623 136.11 13.6 8
2010 9 11 15 19 35.1562 36.9518 136.131 15.8 6
2010 9 11 15 19 37.5359 35.91 130.884 13.4 6
2010 9 11 15 19 37.5359 35.98 130.979 28.1 5
2010 9 11 15 19 45.4956 36.7687 135.655 19.1 10
2010 9 11 15 20 7.92314 36.4054 132.529 19.5 6
2010 9 11 15 20 8.52535 36.1408 132.472 13.8 7
2010 9 11 15 20 8.6032 36.0306 132.492 7.9 5
2010 9 11 15 20 8.77368 36.0401 132.442 9.2 5
2010 9 11 15 20 15.1524 36.9677 136.002 15.6 7
2010 9 11 15 20 15.5912 36.9677 135.931 14.1 5
2010 9 11 15 20 15.6255 36.9752 136.042 24 5
2010 9 11 15 20 15.7443 36.8306 136.043 12.7 5
2010 9 11 15 20 31.2757 36.1476 132.093 7.5 5
2010 9 11 15 20 31.5907 36.0581 132.068 9.3 5
2010 9 11 15 20 31.5907 36.1124 132.219 11.1 5
2010 9 11 15 21 0.33158 37.0148 135.876 23.9 5
2010 9 11 15 21 0.33165 37.0398 136.086 13.4 5
2010 9 11 15 21 0.406114 36.8926 136.207 13.9 8
2010 9 11 15 21 21.5818 36.074 132.558 22.6 5
2010 9 11 15 21 24.4975 36.0172 132.529 15.7 6
2010 9 11 15 21 24.6825 36.1779 132.501 18.2 5
2010 9 11 15 21 42.7234 37.0149 136.175 13.4 8
2010 9 11 15 21 42.7912 36.9556 136.208 23 9
2010 9 11 15 22 8.94735 36.8467 136.024 15.1 6
2010 9 11 15 22 48.299 36.0216 132.078 20.7 7
2010 9 11 15 22 48.3579 36.1098 132.165 27.3 6
2010 9 11 15 22 56.2979 36.8118 136.358 19.1 5
2010 9 11 15 22 56.298 37.0213 136.168 29 5
2010 9 11 15 22 56.3627 37.0017 136.18 26.6 8
2010 9 11 15 22 56.3952 37.0338 136.209 26 5
2010 9 11 15 22 56.4213 37.0271 136.198 9.7 5
2010 9 11 15 22 56.4213 36.9894 136.212 16.2 5
2010 9 11 15 22 56.466 37.0453 136.289 26.6 7
2010 9 11 15 22 56.4995 36.9855 136.179 12.4 6
2010 9 11 15 22 56.5333 37.015 136.197 10.2 7
2010 9 11 15 23 9.21754 36.1413 132.543 15.7 6
2010 9 11 15 23 14.6135 37.5127 137.501 16.8 6
2010 9 11 15 23 34.4688 36.7939 135.791 12.5 5
2010 9 11 15 23 35.7325 36.5381 135.667 28.5 6
2010 9 11 15 23 35.8347 36.4569 135.564 24.6 10
2010 9 11 15 23 48.8749 36.9228 136.198 3.8 5
2010 9 11 15 23 48.9594 36.9184 136.209 5.1 5
2010 9 11 15 23 48.9953 36.9531 136.18 7.3 6
2010 9 11 15 23 49.2052 36.9477 136.178 13 9
2010 9 11 15 23 49.4597 36.9313 136.202 15.4 10
2010 9 11 15 24 1.14889 35.8763 131.988 14.1 5
2010 9 11 15 24 1.18852 36.1091 131.962 6.3 7
2010 9 11 15 24 11.4951 36.9111 136.237 10.9 6
2010 9 11 15 24 12.1495 36.9931 136.213 13 6
2010 9 11 15 24 12.1495 36.9677 136.108 13.7 6
2010 9 11 15 24 27.5465 36.1269 132.508 16.2 7
2010 9 11 15 24 42.6625 36.9442 135.938 12.5 6
2010 9 11 15 24 42.7703 36.9226 135.997 9.9 9
2010 9 11 15 24 42.7999 36.9205 136.014 5.9 6
2010 9 11 15 25 0.785234 36.0896 132.128 17.8 8
2010 9 11 15 25 3.89398 36.6697 135.749 15.4 5
2010 9 11 15 25 3.92196 36.7853 135.698 15.2 6
2010 9 11 15 25 9.61416 35.8883 130.976 15.4 5
2010 9 11 15 25 41.355 36.9794 136.156 14.3 7
2010 9 11 15 25 41.4916 36.9655 136.169 2.7 5
2010 9 11 15 25 41.6642 36.9516 136.184 19.8 9
2010 9 11 15 25 42.0022 36.9278 136.183 2.1 5
2010 9 11 15 25 51.7464 36.9244 136.037 12.4 6
2010 9 11 15 25 51.7464 36.9492 136.019 11.3 5
2010 9 11 15 25 52.1495 36.9723 136.031 20.1 11
2010 9 11 15 25 56.7111 36.1929 132.57 17.2 9
2010 9 11 15 26 19.3582 35.7184 132.928 20.7 5
2010 9 11 15 26 19.3893 36.7512 135.733 21.3 7
2010 9 11 15 26 25.6126 36.0802 132.094 19.1 6
2010 9 11 15 26 25.7088 36.0055 132.144 14.9 5
2010 9 11 15 26 27.9089 36.0008 131.963 11.1 5
2010 9 11 15 26 34.5868 36.077 132.63 1.4 5
2010 9 11 15 26 34.6475 36.0575 132.591 4.9 7
2010 9 11 15 26 34.7115 36.1353 132.639 14.8 9
2010 9 11 15 26 35.0631 36.0681 132.669 18.2 5
2010 9 11 15 27 23.0071 36.1171 132.228 24.3 7
2010 9 11 15 27 23.0619 36.0686 132.107 16 9
2010 9 11 15 27 23.173 36.0765 132.142 17.3 7
2010 9 11 15 27 26.3737 36.0901 132.612 27.4 7
2010 9 11 15 27 54.4945 36.4665 135.715 20.7 6
2010 9 11 15 27 54.5923 36.4138 135.621 7.9 7
2010 9 11 15 27 54.7011 36.4798 135.548 8.7 5
2010 9 11 15 28 17.3944 36.0026 132.148 13.1 6
2010 9 11 15 28 17.4305 36.0419 132.121 17.4 7
2010 9 11 15 28 17.5536 36.0862 132.134 18.7 7
2010 9 11 15 28 27.6005 36.0541 131.947 6.7 7
2010 9 11 15 28 27.6239 36.159 131.932 13 5
2010 9 11 15 28 38.9126 37.059 136.05 7.1 5
2010 9 11 15 28 38.9347 36.8872 136.103 20.8 8
2010 9 11 15 29 33.609 35.9347 130.962 19.7 11
2010 9 11 15 29 36.179 36.9305 136.107 20.6 5
2010 9 11 15 29 36.2298 36.9881 136.107 11.9 8
2010 9 11 15 29 40.544 36.2502 133.024 17.6 9
2010 9 11 15 29 48.0872 35.9883 132.702 10.1 5
2010 9 11 15 29 48.0948 36.0696 132.699 18.5 9
2010 9 11 15 29 58.3297 36.9033 135.801 14.4 8
2010 9 11 15 30 11.2936 36.9995 136.272 15.3 9
2010 9 11 15 30 11.8466 36.9117 136.273 21.7 9
2010 9 11 15 30 22.9485 37.993 137.901 8.9 8
2010 9 11 15 30 30.0224 36.4471 135.882 8.2 7
2010 9 11 15 30 30.1803 36.4657 135.894 21.5 7
2010 9 11 15 30 59.6189 36.9099 136.065 15.8 8
2010 9 11 15 30 59.6614 36.9366 136.06 7.7 5
2010 9 11 15 30 59.7084 36.9133 136.069 4.5 7
2010 9 11 15 31 4.36964 36.2009 133.206 16.7 9
2010 9 11 15 31 20.6601 35.9839 131.277 10.7 7
2010 9 11 15 31 20.7513 35.8748 131.265 6.6 7
2010 9 11 15 31 55.7913 35.9384 131.883 17.7 6
2010 9 11 15 31 55.839 36.0042 132.022 9.3 5
2010 9 11 15 32 21.1661 36.9311 136.087 22.5 6
2010 9 11 15 32 21.2062 36.8597 136.104 6.3 5
2010 9 11 15 32 21.254 36.9682 135.967 28.5 5
2010 9 11 15 32 21.254 36.9581 136.104 10.9 8
2010 9 11 15 33 14.8399 36.4557 135.713 9.1 6
2010 9 11 15 33 14.8632 36.411 135.667 5.5 5
2010 9 11 15 33 14.9166 36.4882 135.705 20.3 7
2010 9 11 15 33 21.1286 36.1878 132.645 18.7 5
2010 9 11 15 33 37.3133 36.1475 131.975 27.3 5
2010 9 11 15 33 37.3133 36.2859 131.875 25.2 6
2010 9 11 15 33 37.4824 36.1453 131.938 12.6 7
2010 9 11 15 34 30.2932 35.9979 131.278 7 5
2010 9 11 15 34 30.7261 35.9795 131.259 15.5 8
2010 9 11 15 34 30.8191 35.9977 131.259 21.7 7
2010 9 11 15 34 35.2593 36.1799 132.026 25.9 10
2010 9 11 15 34 35.2808 36.1389 132.012 23.8 6
2010 9 11 15 34 35.297 36.1684 132.159 17 5
2010 9 11 15 34 35.3806 36.0756 131.985 2.1 5
2010 9 11 15 34 35.4982 36.0909 131.935 15.2 5
2010 9 11 15 34 53.1541 37.8607 137.849 11.4 6
2010 9 11 15 35 33.1726 36.9674 135.941 15.8 8
2010 9 11 15 35 33.2342 36.8876 135.904 8 5
2010 9 11 15 35 33.3516 36.889 135.922 25.4 6
2010 9 11 15 35 33.3516 36.6922 136.009 7.5 5
2010 9 11 15 35 33.3938 36.859 135.931 24 11
2010 9 11 15 35 33.4379 36.8709 135.902 5 5
2010 9 11 15 35 33.4723 36.7723 135.94 19.2 6
2010 9 11 15 35 33.614 36.745 135.896 12 5
2010 9 11 15 35 38.4603 36.0845 131.671 16.2 10
2010 9 11 15 36 32.7496 36.8963 136.015 18.3 6
2010 9 11 15 36 32.7917 36.8441 135.935 12.4 10
2010 9 11 15 36 32.8172 36.8582 135.919 9 8
2010 9 11 15 36 42.5047 36.1097 132.057 16.8 9
2010 9 11 15 37 10.6098 36.4691 135.761 23 6
2010 9 11 15 37 10.6098 36.4423 135.679 20 6
2010 9 11 15 37 10.6481 36.4418 135.674 21.6 6
2010 9 11 15 37 19.6419 35.9901 131.292 15.6 8
2010 9 11 15 37 19.74 35.9557 131.305 27.6 8
2010 9 11 15 37 19.7982 35.9763 131.278 22.6 6
2010 9 11 15 37 19.8627 35.9626 131.294 27.6 8
2010 9 11 15 37 40.7595 36.1278 131.63 10.2 6
2010 9 11 15 37 40.825 36.0643 131.676 21 11
2010 9 11 15 37 40.8828 36.0881 131.674 24.8 7
2010 9 11 15 37 48.4825 36.1478 132.091 24.3 11
2010 9 11 15 37 48.5396 36.0442 132.064 7.4 5
2010 9 11 15 37 55.5938 36.1376 132.201 23.3 9
2010 9 11 15 38 33.6258 37.8041 137.878 14.2 9
2010 9 11 15 38 48.9191 36.1134 131.661 25.3 8
2010 9 11 15 39 10.5281 35.998 131.318 14.9 11
2010 9 11 15 39 10.8946 35.98 131.272 19.3 5
2010 9 11 15 39 26.9185 36.0086 133.137 5.8 5
2010 9 11 15 39 33.5123 36.107 132.189 16 5
2010 9 11 15 39 52.8852 36.0532 131.685 16.1 6
2010 9 11 15 39 52.9456 36.0442 131.664 22.3 7
2010 9 11 15 39 53.1493 35.9833 131.699 14.6 7
2010 9 11 15 40 12.6848 35.9276 131.062 19 6
2010 9 11 15 40 14.0679 35.9966 131.348 12.6 10
2010 9 11 15 40 15.7235 36.0228 131.309 23.5 5
2010 9 11 15 40 15.7956 35.9572 131.345 25.3 9
2010 9 11 15 40 19.7263 36.2361 132.634 24.1 6
2010 9 11 15 41 6.36894 36.0728 131.713 22.5 6
2010 9 11 15 41 46.4917 36.9132 136.218 20.4 5
2010 9 11 15 41 46.5398 36.8982 136.197 9.4 6
2010 9 11 15 41 46.6018 36.8193 136.239 9.5 6
2010 9 11 15 41 46.7175 36.9318 136.275 14.3 8
2010 9 11 15 41 53.6768 36.1938 132.521 16.9 7
2010 9 11 15 41 53.7037 36.1219 132.562 15.1 6
2010 9 11 15 41 53.8294 36.0312 132.573 6.4 6
2010 9 11 15 42 30.9804 36.0881 131.693 9.5 5
2010 9 11 15 42 36.6414 36.5319 135.922 19.2 9
2010 9 11 15 42 36.7223 36.5138 135.932 15.7 7
2010 9 11 15 42 36.7762 36.5078 135.883 17.8 8
2010 9 11 15 42 36.8033 36.4939 135.888 11.8 6
2010 9 11 15 42 36.8441 36.4597 135.948 12.2 8
2010 9 11 15 42 36.8724 36.5079 135.885 7.4 5
2010 9 11 15 42 46.0328 36.1798 132.592 12.8 7
2010 9 11 15 42 46.138 36.1469 132.556 16.5 10
2010 9 11 15 42 46.2282 36.158 132.574 21.8 11
2010 9 11 15 42 54.4812 36.0024 131.382 27.6 7
2010 9 11 15 42 58.0058 36.8914 136.238 10 7
2010 9 11 15 43 33.9055 36.1041 131.748 20.5 8
2010 9 11 15 43 34.0922 36.0776 131.688 15.8 8
2010 9 11 15 43 45.2809 36.1455 132.631 20.4 10
2010 9 11 15 43 45.3158 36.1619 132.52 8.4 5
2010 9 11 15 43 45.3689 36.1586 132.612 17.4 10
2010 9 11 15 43 45.4576 36.1405 132.618 23.3 7
2010 9 11 15 43 45.5686 36.1302 132.613 15 5
2010 9 11 15 43 45.8294 36.1849 132.476 27.4 5
2010 9 11 15 43 45.8294 36.1788 132.596 18.6 6
2010 9 11 15 43 45.9698 36.1469 132.587 11 7
2010 9 11 15 44 4.70512 36.9203 136.253 23.1 12
2010 9 11 15 44 4.7889 36.9145 136.245 16 7
2010 9 11 15 44 12.6683 36.8935 136.085 15.2 6
2010 9 11 15 44 12.7062 36.8878 136.1 16.5 6
2010 9 11 15 44 12.7531 36.8616 136.1 15.7 11
2010 9 11 15 44 12.7959 36.8681 136.063 11.1 9
2010 9 11 15 44 12.8792 36.8668 136.055 21.7 9
2010 9 11 15 44 13.031 36.8287 136.133 19.4 9
2010 9 11 15 44 25.9971 36.0876 131.682 28.3 9
2010 9 11 15 44 45.5095 36.9086 136.023 22.6 6
2010 9 11 15 44 45.5488 36.8922 135.969 7 6
2010 9 11 15 44 45.9189 36.8774 136.024 13.9 6
2010 9 11 15 44 54.0187 36.8981 136.218 8.4 5
2010 9 11 15 44 54.1271 36.8882 136.257 26.7 6
2010 9 11 15 45 44.276 36.1658 133.201 17.8 7
2010 9 11 15 45 48.5105 36.0714 132.627 5.6 5
2010 9 11 15 45 56.0627 36.0851 131.704 15.6 6
2010 9 11 15 46 9.67364 36.0955 131.658 16.7 6
2010 9 11 15 46 10.465 36.8302 136.105 13.9 9
2010 9 11 15 46 45.9413 36.1404 132.639 8.4 6
2010 9 11 15 46 46.5234 36.1344 132.653 23.1 8
2010 9 11 15 46 48.5345 36.1979 133.213 25.6 5
2010 9 11 15 46 52.6248 35.9544 131.669 14.5 5
2010 9 11 15 46 52.6748 36.0324 131.647 27.7 6
2010 9 11 15 46 53.4524 36.0415 131.611 14 9
2010 9 11 15 46 59.9652 36.0104 131.64 20 5
2010 9 11 15 47 0.097904 36.007 131.337 20.6 5
2010 9 11 15 47 13.3295 36.8713 136.115 16.2 9
2010 9 11 15 47 15.2313 36.0674 132.7 14.7 5
2010 9 11 15 47 15.3363 36.1264 132.601 15.6 5
2010 9 11 15 47 32.2652 36.0485 131.634 13 8
2010 9 11 15 47 32.6296 36.04 131.617 14.1 8
2010 9 11 15 47 48.0147 36.8517 136.176 18.2 10
2010 9 11 15 47 48.0535 36.7718 136.21 15.9 7
2010 9 11 15 47 53.3081 36.1094 132.672 22.3 8
2010 9 11 15 47 54.3222 36.1532 133.231 13.8 6
2010 9 11 15 48 6.01063 36.0585 131.652 15.5 7
2010 9 11 15 48 6.07599 36.0569 131.679 15 5
2010 9 11 15 48 13.7275 36.4747 135.975 13.8 6
2010 9 11 15 48 20.1064 35.9288 131.719 16.9 6
2010 9 11 15 48 22.3603 36.0495 131.412 12.5 7
2010 9 11 15 48 22.3885 36.0131 131.262 12.9 5
2010 9 11 15 48 41.6251 36.998 136.368 23.6 5
2010 9 11 15 48 41.6668 36.8693 136.353 25.1 10
2010 9 11 15 49 4.04327 36.2194 132.639 13.8 5
2010 9 11 15 49 4.07746 36.1052 132.66 9.4 7
2010 9 11 15 49 4.18242 36.169 132.604 12.1 5
2010 9 11 15 49 32.5121 36.0723 131.689 20.5 9
2010 9 11 15 49 32.5927 36.0608 131.677 2.9 5
2010 9 11 15 49 32.6608 36.0009 131.656 4.3 5
2010 9 11 15 49 32.6933 36.039 131.639 10 9
2010 9 11 15 49 32.7383 36.0839 131.626 20.5 11
2010 9 11 15 49 32.7806 36.1167 131.818 28.5 5
2010 9 11 15 49 32.9056 36.0642 131.563 18.4 8
2010 9 11 15 49 33.0079 35.9786 131.668 17.4 6
2010 9 11 15 49 35.0655 36.9144 136.133 14.6 9
2010 9 11 15 49 35.1238 36.8343 136.076 21.2 7
2010 9 11 15 50 5.3754 36.0322 131.69 19.3 6
2010 9 11 15 50 31.5612 36.1633 132.669 26.1 6
2010 9 11 15 50 31.6125 36.1165 132.667 12.8 9
2010 9 11 15 50 31.6518 36.1616 132.655 16.6 9
2010 9 11 15 50 31.6946 36.1334 132.698 22.9 6
2010 9 11 15 50 31.7226 36.1618 132.658 9 5
2010 9 11 15 50 32.3642 36.1057 132.669 12.2 6
2010 9 11 15 50 35.6102 36.046 131.591 6.2 5
2010 9 11 15 50 35.6102 36.0132 131.763 27 7
2010 9 11 15 50 35.75 36.0063 131.692 23.1 7
2010 9 11 15 50 36.0126 36.0266 131.704 13.3 8
2010 9 11 15 50 36.3497 36.1053 131.674 17.6 5
2010 9 11 15 50 51.3865 36.8892 136.247 14.1 10
2010 9 11 15 50 51.4514 36.8511 136.304 27.8 7
2010 9 11 15 50 51.5004 36.8568 136.286 15.6 6
2010 9 11 15 50 54.3221 36.0506 131.478 9.9 5
2010 9 11 15 50 54.4769 36.0255 131.413 14.8 10
2010 9 11 15 51 29.3971 36.0331 131.629 23.4 6
2010 9 11 15 51 37.9215 36.2378 133.298 20.6 7
2010 9 11 15 51 38.3929 36.8591 136.288 20.3 6
2010 9 11 15 51 38.3929 36.9561 136.247 17.7 6
2010 9 11 15 51 38.5144 36.8842 136.29 16.1 9
2010 9 11 15 51 38.6499 36.7857 136.266 16.9 5
2010 9 11 15 51 55.6477 36.1592 132.649 28.2 8
2010 9 11 15 51 55.9112 36.1257 132.63 21.4 9
2010 9 11 15 51 56.1355 36.1342 132.57 10.9 5
2010 9 11 15 52 12.631 36.0686 131.433 19.8 8
2010 9 11 15 52 12.6866 36.0666 131.47 26.4 10
2010 9 11 15 52 30.7292 36.0949 131.585 4.5 5
2010 9 11 15 52 30.8139 36.03 131.669 18.7 9
2010 9 11 15 52 30.8472 35.9893 131.711 8.6 6
2010 9 11 15 52 31.3233 36.0438 131.683 25 11
2010 9 11 15 52 34.4335 36.9704 136.334 24.1 5
2010 9 11 15 52 34.5131 36.8885 136.281 22.9 9
2010 9 11 15 53 22.001 36.1475 133.314 14.1 7
2010 9 11 15 53 33.7612 36.0706 131.733 7.5 5
2010 9 11 15 53 33.8664 36.0912 131.849 12.7 6
2010 9 11 15 53 34.2337 36.0679 131.767 11.1 6
2010 9 11 15 53 38.7841 36.908 136.28 22.7 10
2010 9 11 15 53 39.1502 36.8841 136.272 24.4 9
2010 9 11 15 53 41.1604 36.0031 131.677 4 5
2010 9 11 15 53 45.4701 36.1673 132.65 29.8 9
2010 9 11 15 53 48.4714 36.163 133.291 28.1 8
2010 9 11 15 54 2.67368 36.0324 131.732 21.4 5
2010 9 11 15 54 8.80112 36.0424 132.193 20.3 10
2010 9 11 15 54 26.7339 36.886 136.272 8.3 6
2010 9 11 15 54 43.2344 36.191 132.665 25.2 11
2010 9 11 15 55 14.4881 36.2053 133.35 25 6
2010 9 11 15 55 14.6421 36.0914 133.323 7.8 7
2010 9 11 15 55 14.6442 36.1156 132.667 11.3 5
2010 9 11 15 55 14.6442 36.1854 132.678 5.7 5
2010 9 11 15 55 14.7753 36.1654 133.191 18.6 8
2010 9 11 15 55 16.2006 36.07 131.726 18 10
2010 9 11 15 55 16.2692 36.0088 131.719 11.8 8
2010 9 11 15 55 16.3043 36.033 131.722 4.3 5
2010 9 11 15 55 16.3736 36.0556 131.679 14.4 7
2010 9 11 15 55 16.4369 36.0259 131.714 14.5 7
2010 9 11 15 55 16.5713 36.0199 131.747 18.6 9
2010 9 11 15 55 16.9244 36.0211 131.702 8.5 7
2010 9 11 15 55 17.6427 36.0691 131.462 25.7 7
2010 9 11 15 55 24.4379 36.8776 136.268 8.1 6
2010 9 11 15 55 24.5177 36.8753 136.263 9.9 5
2010 9 11 15 55 25.0664 36.9055 136.222 26.2 6
2010 9 11 15 55 25.1419 36.9116 136.279 21.6 8
2010 9 11 15 55 28.0878 36.7004 136.043 19.8 5
2010 9 11 15 55 28.0878 36.675 136.073 8.5 5
2010 9 11 15 55 40.7449 37.8202 138.15 27.3 7
2010 9 11 15 55 51.1564 36.078 131.722 14.2 9
2010 9 11 15 56 5.39075 36.8548 136.296 8.5 5
2010 9 11 15 56 5.46536 36.8572 136.278 18.6 6
2010 9 11 15 56 19.7693 36.5604 136.111 8.3 6
2010 9 11 15 56 33.6957 36.7844 136.364 24.5 7
2010 9 11 15 56 33.8693 36.8895 136.325 28.6 9
2010 9 11 15 56 36.051 35.9792 131.74 2.9 5
2010 9 11 15 56 37.4925 36.0152 131.724 16.3 9
2010 9 11 15 56 46.412 36.1561 132.404 21.9 5
2010 9 11 15 56 46.5426 36.1724 132.53 23.7 9
2010 9 11 15 56 46.8567 36.0992 132.443 13.6 5
2010 9 11 15 56 47.1999 36.1257 132.53 15.7 6
2010 9 11 15 56 47.5394 36.1068 132.373 15.5 8
2010 9 11 15 56 47.6518 36.063 132.394 15.9 7
2010 9 11 15 56 59.0371 36.1877 133.242 13.6 5
2010 9 11 15 56 59.0372 36.1814 133.239 14.5 5
2010 9 11 15 57 11.6735 36.9045 136.421 12.3 5
2010 9 11 15 57 24.3057 36.037 131.737 15.7 7
2010 9 11 15 57 24.4661 36.03 131.727 23 7
2010 9 11 15 57 30.2861 36.2018 132.719 29.6 10
2010 9 11 15 57 30.7041 36.1613 132.631 26.4 8
2010 9 11 15 57 59.8772 36.0682 132.001 15.5 5
2010 9 11 15 57 59.9693 36.0775 131.675 23.3 5
2010 9 11 15 58 0.0136 35.8853 131.758 11.1 6
2010 9 11 15 58 0.076307 36.1011 131.746 15.3 5
2010 9 11 15 58 0.422348 36.0551 131.72 15.5 6
2010 9 11 15 58 2.3977 36.5454 135.898 6.3 5
2010 9 11 15 58 23.412 36.9115 136.275 29.8 8
2010 9 11 15 58 23.5128 36.9227 136.473 13.9 5
2010 9 11 15 58 30.2103 36.1334 132.601 23.6 5
2010 9 11 15 58 30.2429 36.1334 132.699 8.9 6
2010 9 11 15 58 30.3259 36.1675 132.695 15.5 8
2010 9 11 15 58 54.0205 36.035 131.673 22.6 5
2010 9 11 15 58 54.1187 36.0235 131.728 16 5
2010 9 11 15 58 54.1944 36.0272 131.716 14.8 10
2010 9 11 15 58 54.2536 36.0238 131.694 11.7 10
2010 9 11 15 58 54.3271 36.035 131.714 24.4 10
2010 9 11 15 59 19.1696 36.8965 136.316 13.8 5
2010 9 11 15 59 19.2827 36.8845 136.32 17.2 7
2010 9 11 15 59 21.8574 36.1217 131.999 26.4 6
2010 9 11 15 59 29.0793 36.048 132.708 14.8 6
2010 9 11 15 59 29.4165 36.0136 132.749 8.6 6
2010 9 11 15 59 36.4722 36.0309 131.741 15.7 7
2010 9 11 15 59 36.5091 36.0799 131.784 11.5 5
2010 9 11 15 59 36.5798 36.0748 131.754 17.2 11
2010 9 11 15 59 36.742 36.1008 131.772 24.8 8
2010 9 11 15 59 36.8622 36.0443 131.728 14.6 6
2010 9 11 15 59 36.9956 36.0654 131.725 15.4 7
2010 9 11 15 59 38.4115 36.0455 131.507 12.2 7
2010 9 11 15 59 51.6629 36.8695 136.38 28 5
2010 9 11 15 59 51.7198 36.7819 136.346 12.1 7
2010 9 11 15 59 51.841 36.869 136.39 22.6 10
2010 9 11 16 0 10.0964 36.8332 136.22 19 9
2010 9 11 16 0 16.3488 36.0612 131.664 4 6
2010 9 11 16 0 16.4822 36.0385 131.763 18 8
2010 9 11 16 0 33.9201 36.0676 131.779 20 7
2010 9 11 16 0 42.452 36.0879 132.812 15 7
2010 9 11 16 0 42.4548 36.1129 132.786 10.1 5
2010 9 11 16 0 57.0353 36.7668 136.238 18.2 9
2010 9 11 16 0 57.1211 36.79 136.256 14 5
2010 9 11 16 0 57.5303 36.8088 136.23 16.7 10
2010 9 11 16 1 40.5847 36.8283 136.198 23.5 5
2010 9 11 16 1 56.8686 36.6554 136.225 27.8 8
2010 9 11 16 1 57.1038 36.6618 136.243 17.3 6
2010 9 11 16 1 58.8019 36.0024 132.709 7.1 5
2010 9 11 16 2 0.573269 36.8997 136.41 19.5 10
2010 9 11 16 2 8.30403 36.8163 136.223 11.8 5
2010 9 11 16 2 27.2792 36.0753 131.815 16.6 8
2010 9 11 16 2 27.3261 35.9883 131.76 2 5
2010 9 11 16 2 27.3513 36.0573 131.775 15.6 5
2010 9 11 16 2 29.5549 36.8108 136.295 29.6 5
2010 9 11 16 2 42.8438 36.0468 131.895 24.3 6
2010 9 11 16 2 46.5533 36.2539 133.207 25 8
2010 9 11 16 2 46.6378 36.1841 133.133 17.2 5
2010 9 11 16 2 48.982 36.8542 136.317 21.9 7
2010 9 11 16 2 49.0465 36.7797 136.266 25.3 7
2010 9 11 16 3 3.43715 36.8162 136.257 6.3 7
2010 9 11 16 3 10.2009 36.1418 131.7 22.1 6
2010 9 11 16 3 10.2857 35.9715 131.801 6.1 5
2010 9 11 16 3 10.544 36.101 131.738 20.4 7
2010 9 11 16 3 10.544 36.0656 131.833 19.3 7
2010 9 11 16 3 10.6562 36.0657 131.801 18.2 9
2010 9 11 16 3 10.8328 36.0313 131.728 12.4 5
2010 9 11 16 3 21.3728 36.7666 136.266 10.1 9
2010 9 11 16 3 21.494 36.6993 136.317 7.8 6
2010 9 11 16 3 37.6814 36.7855 136.266 21 5
2010 9 11 16 3 37.8879 36.8094 136.24 13.4 5
2010 9 11 16 3 54.9405 36.8657 136.306 26.7 6
2010 9 11 16 3 55.0049 36.7645 136.256 6.3 6
2010 9 11 16 3 55.8805 36.0258 131.819 14.6 7
2010 9 11 16 3 56.465 36.0771 132.18 25.1 5
2010 9 11 16 4 3.48842 35.9721 131.805 11.7 5
2010 9 11 16 4 18.8096 36.8243 136.241 21.2 5
2010 9 11 16 4 18.851 36.7608 136.242 8.5 5
2010 9 11 16 4 18.8717 36.768 136.259 2.6 5
2010 9 11 16 4 18.9334 36.8321 136.303 15.3 9
2010 9 11 16 4 19.2107 36.8005 136.257 14.9 9
2010 9 11 16 4 19.2485 36.7904 136.27 10.4 8
2010 9 11 16 4 34.0998 35.9116 131.945 6.4 5
2010 9 11 16 4 51.2998 36.7162 136.274 5.3 6
2010 9 11 16 5 12.0591 36.6764 136.264 11 8
2010 9 11 16 5 14.2224 36.0682 131.876 12.1 8
2010 9 11 16 5 14.2646 36.0378 131.889 8.1 6
2010 9 11 16 5 14.3785 36.801 136.25 19.4 8
2010 9 11 16 5 25.2684 36.7934 136.26 12.2 8
2010 9 11 16 5 25.3298 36.8109 136.276 26.6 8
2010 9 11 16 5 41.1223 36.7134 136.289 21.7 9
2010 9 11 16 5 41.2508 36.7407 136.304 26.3 6
2010 9 11 16 5 41.4475 36.6681 136.337 10.3 5
2010 9 11 16 5 44.6673 36.1588 132.287 27.4 9
2010 9 11 16 5 44.7248 36.0785 132.312 19.8 5
2010 9 11 16 5 49.2592 36.2146 133.316 17.6 5
2010 9 11 16 6 7.50248 36.7477 136.286 8.6 7
2010 9 11 16 6 18.0632 36.558 136.329 9.3 5
2010 9 11 16 6 45.9927 36.7739 136.295 21.6 9
2010 9 11 16 6 46.3782 36.8101 136.261 19.8 9
2010 9 11 16 6 47.4231 36.0652 131.914 11.7 6
2010 9 11 16 6 47.4492 36.0974 131.894 11.3 6
2010 9 11 16 6 54.1439 35.3483 130.86 20.7 6
2010 9 11 16 6 57.7275 36.0357 132.633 26.5 6
2010 9 11 16 6 57.8061 36.1229 132.655 21.8 11
2010 9 11 16 6 58.2487 36.0903 132.666 14.7 7
2010 9 11 16 7 0.613045 36.1172 131.723 22.6 6
2010 9 11 16 7 21.7528 36.8174 136.315 4.8 7
2010 9 11 16 7 22.9231 36.7499 136.313 17.7 7
2010 9 11 16 7 48.4295 36.7264 136.317 20 8
2010 9 11 16 8 6.25052 36.8562 136.078 3.1 5
2010 9 11 16 8 6.25056 36.716 136.337 29 9
2010 9 11 16 8 17.1687 36.1057 132.295 19.8 8
2010 9 11 16 8 17.2675 36.0132 132.309 10.4 6
2010 9 11 16 8 17.7186 36.7661 136.338 7.1 7
2010 9 11 16 8 25.9178 36.5107 136.121 27.3 8
2010 9 11 16 8 38.2669 37.7527 138.336 16.7 6
2010 9 11 16 8 47.26 36.785 136.367 15 5
2010 9 11 16 8 47.3821 36.93 136.379 7.9 5
2010 9 11 16 8 50.9791 36.1353 132.725 15.2 6
2010 9 11 16 9 5.08033 36.1447 133.453 11 5
2010 9 11 16 9 7.69538 36.7321 136.358 11.6 5
2010 9 11 16 9 7.89877 36.784 136.337 17.4 9
2010 9 11 16 9 14.1087 36.7841 136.313 15.6 8
2010 9 11 16 9 26.6392 36.053 131.818 14.5 9
2010 9 11 16 9 28.7328 36.8091 136.347 16.3 8
2010 9 11 16 9 28.8751 36.7248 136.361 15.2 8
2010 9 11 16 9 41.252 36.7883 136.423 20.2 6
2010 9 11 16 9 46.3968 36.6423 136.331 10.8 10
2010 9 11 16 9 50.2856 36.1641 131.598 8.8 5
2010 9 11 16 9 50.2856 36.07 131.928 29.2 6
2010 9 11 16 9 50.3402 36.0888 131.923 29.3 6
2010 9 11 16 9 50.4997 36.0801 131.943 25.6 10
2010 9 11 16 9 58.1076 36.7627 136.363 21.9 7
2010 9 11 16 9 58.1646 36.802 136.346 22.6 10
2010 9 11 16 9 58.2793 36.8 136.329 18.4 9
2010 9 11 16 10 0.837946 36.0965 131.83 7.7 5
2010 9 11 16 10 0.876726 36.0393 131.798 18.6 7
2010 9 11 16 10 2.10592 36.1576 132.757 28.3 6
2010 9 11 16 10 2.16187 36.0226 132.805 7 5
2010 9 11 16 10 2.26271 36.0498 132.781 8.1 6
2010 9 11 16 10 29.5784 36.0663 131.917 18.5 8
2010 9 11 16 10 32.5069 36.148 133.455 22.2 7
2010 9 11 16 10 49.3657 36.7977 136.364 17 6
2010 9 11 16 10 51.497 36.1807 132.816 15.9 5
2010 9 11 16 10 51.5455 36.0634 132.358 22.2 7
2010 9 11 16 10 54.001 35.9952 131.984 2.2 5
2010 9 11 16 11 2.00754 36.2034 132.707 27.9 8
2010 9 11 16 11 2.00758 36.162 132.832 23 5
2010 9 11 16 11 2.06544 36.1915 132.792 19.4 7
2010 9 11 16 11 2.22405 36.1465 132.816 24.8 5
2010 9 11 16 11 2.5792 36.1499 132.766 14.2 7
2010 9 11 16 11 17.7816 36.8275 136.379 8.3 5
2010 9 11 16 11 28.3645 36.0598 131.982 17.7 7
2010 9 11 16 11 42.6151 37.8386 138.397 17.2 6
2010 9 11 16 11 43.5799 36.7757 136.389 13 9
2010 9 11 16 11 43.6136 36.7815 136.383 16.2 7
2010 9 11 16 11 44.6997 36.8139 136.383 24.8 6
2010 9 11 16 12 0.212486 36.8682 136.477 6 5
2010 9 11 16 12 9.05961 36.0595 131.958 17 6
2010 9 11 16 12 9.14284 36.0683 131.978 18.6 6
2010 9 11 16 12 14.7281 36.8026 136.392 20.3 11
2010 9 11 16 12 17.3371 36.1172 132.769 20.8 7
2010 9 11 16 12 25.6537 36.1735 133.534 15.6 6
2010 9 11 16 12 28.3719 36.8303 136.424 28 7
2010 9 11 16 12 28.4443 36.8388 136.391 26.5 6
2010 9 11 16 12 41.9794 36.903 136.487 28.2 6
2010 9 11 16 12 42.0688 36.7217 136.423 2 5
2010 9 11 16 12 42.2204 36.7843 136.391 21.5 9
2010 9 11 16 12 44.5503 36.0673 131.987 20.5 6
2010 9 11 16 12 56.9173 36.8071 136.395 20.4 8
2010 9 11 16 12 57.2787 36.8301 136.432 10.1 5
2010 9 11 16 13 18.6361 36.8298 136.321 26.5 7
2010 9 11 16 13 18.7846 36.8635 136.396 12.3 5
2010 9 11 16 13 26.5537 36.9938 136.05 27 5
2010 9 11 16 13 27.0458 36.8004 136.404 21.4 8
2010 9 11 16 13 27.1256 36.7535 136.457 13.3 6
2010 9 11 16 13 27.3862 36.8093 136.398 19.1 8
2010 9 11 16 13 27.8118 36.8344 136.395 7.9 5
2010 9 11 16 13 30.0583 36.073 131.853 19.9 7
2010 9 11 16 13 37.1295 36.092 133.423 6.6 5
2010 9 11 16 13 43.7692 36.1514 132.307 26.8 9
2010 9 11 16 13 43.8725 36.1012 132.431 19.2 6
2010 9 11 16 13 47.2395 36.8186 136.413 7.4 6
2010 9 11 16 14 22.7715 36.8119 136.412 18.3 5
2010 9 11 16 14 22.9416 36.7788 136.416 24 8
2010 9 11 16 14 23.0054 36.8467 136.439 26.6 6
2010 9 11 16 14 23.4558 36.7395 136.417 8.9 7
2010 9 11 16 14 24.8854 36.0274 131.874 14.9 6
2010 9 11 16 14 32.3899 36.13 132.237 10.2 7
2010 9 11 16 14 32.4687 36.0662 132.174 8.5 5
2010 9 11 16 14 41.7347 36.0177 131.983 2.4 5
2010 9 11 16 14 41.7699 35.9777 131.927 14 7
2010 9 11 16 14 41.8636 36.0043 131.878 8.5 7
2010 9 11 16 14 46.8427 36.8075 136.46 5.7 5
2010 9 11 16 14 47.065 36.7691 136.47 9.8 6
2010 9 11 16 14 55.5273 36.1182 133.431 15.1 5
2010 9 11 16 14 55.6032 36.0281 133.463 13.1 7
2010 9 11 16 14 55.6709 36.165 133.383 17.2 6
2010 9 11 16 14 56.5617 37.6559 137.928 11.9 5
2010 9 11 16 14 56.6288 37.6549 137.953 13.2 6
2010 9 11 16 15 1.48814 35.9255 132.42 26.4 6
2010 9 11 16 15 3.50289 36.7927 136.471 29.3 10
2010 9 11 16 15 3.60516 36.7784 136.476 7.3 6
2010 9 11 16 15 8.19388 36.8736 136.379 7.4 5
2010 9 11 16 15 10.2394 36.8539 136.485 25.3 6
2010 9 11 16 15 10.7153 36.139 131.929 22.8 9
2010 9 11 16 15 24.5607 36.851 136.479 27 10
2010 9 11 16 15 24.6063 36.8221 136.446 6.2 5
2010 9 11 16 15 26.9023 36.0377 132.306 12.1 6
2010 9 11 16 15 27.0658 35.8739 131.822 12.4 5
2010 9 11 16 15 28.8849 36.8037 136.422 12.4 5
2010 9 11 16 15 39.5706 36.8445 136.425 11.1 6
2010 9 11 16 15 49.2128 36.0245 131.895 24.5 6
2010 9 11 16 15 49.2919 36.0743 131.946 19.9 8
2010 9 11 16 15 49.4 36.0663 131.964 22.4 7
2010 9 11 16 15 56.1628 36.7518 136.5 19 6
2010 9 11 16 15 56.2587 36.8392 136.463 21.7 10
2010 9 11 16 16 9.81382 36.8327 136.312 13.4 5
2010 9 11 16 16 9.81384 36.7313 136.489 3.2 5
2010 9 11 16 16 10.0685 36.7986 136.495 18.2 7
2010 9 11 16 16 10.1805 36.8079 136.454 28.1 10
2010 9 11 16 16 10.2387 36.7439 136.506 5.7 6
2010 9 11 16 16 10.2953 36.8174 136.455 16.2 9
2010 9 11 16 16 10.4608 36.8304 136.48 24.3 5
2010 9 11 16 16 10.4608 36.7454 136.45 3.9 5
2010 9 11 16 16 17.1877 36.16 132.312 14.9 5
2010 9 11 16 16 17.2488 36.1361 132.362 17.2 7
2010 9 11 16 16 17.5161 36.122 132.384 23 5
2010 9 11 16 16 27.2531 36.1743 133.439 24.7 9
2010 9 11 16 16 27.429 36.1087 133.446 18.8 8
2010 9 11 16 16 27.5107 36.1683 133.434 23.8 9
2010 9 11 16 16 31.2834 36.8504 136.472 21.3 8
2010 9 11 16 16 31.3608 36.7063 136.482 8 6
2010 9 11 16 16 36.6148 36.1064 132.022 15.3 8
2010 9 11 16 16 36.7088 36.0414 131.939 21.6 6
2010 9 11 16 16 36.7374 36.0849 131.934 13.7 10
2010 9 11 16 16 42.5832 36.8377 136.492 25.4 10
2010 9 11 16 16 42.6976 36.838 136.506 18 8
2010 9 11 16 16 42.8088 36.8191 136.503 20.7 9
2010 9 11 16 16 43.0905 36.9042 137.233 17.1 5
2010 9 11 16 16 48.6396 36.0462 131.826 9.1 5
2010 9 11 16 16 49.5306 36.8334 136.453 11.6 8
2010 9 11 16 16 49.6239 36.8353 136.453 18 6
2010 9 11 16 16 58.8262 36.035 131.935 25.7 9
2010 9 11 16 16 59.1216 36.0726 131.904 18 7
2010 9 11 16 16 59.2545 36.7548 136.527 4.4 5
2010 9 11 16 16 59.304 36.0709 131.915 22.8 9
2010 9 11 16 16 59.4065 36.7591 136.51 11.8 7
2010 9 11 16 17 12.0754 36.1438 133.452 24.2 11
2010 9 11 16 17 18.6612 37.0039 136.086 14.2 9
2010 9 11 16 17 23.8146 36.1941 134.018 21.7 7
2010 9 11 16 17 23.9378 36.1369 133.995 20 8
2010 9 11 16 17 26.2093 36.8322 136.485 10.3 6
2010 9 11 16 17 27.7705 36.1032 131.844 23.7 6
2010 9 11 16 17 27.8374 36.0774 131.873 27.7 5
2010 9 11 16 17 27.9238 36.0977 131.701 16.6 6
2010 9 11 16 17 27.9238 36.0447 131.944 16.7 6
2010 9 11 16 17 28.1773 36.0711 131.858 20.1 7
2010 9 11 16 17 30.1652 36.1047 132.29 14.5 6
2010 9 11 16 17 33.8394 36.1805 132.276 21.2 6
2010 9 11 16 17 34.1986 36.044 132.2 10.1 7
2010 9 11 16 17 34.7734 36.074 132.277 9.2 7
2010 9 11 16 17 46.5318 36.8371 136.514 16.7 8
2010 9 11 16 17 50.8312 36.1249 132.826 26.5 5
2010 9 11 16 17 56.8134 36.851 136.478 22.2 6
2010 9 11 16 17 57.2531 36.8118 136.449 15.3 8
2010 9 11 16 18 7.88072 36.0572 132.041 26.2 6
2010 9 11 16 18 8.01839 36.0456 131.989 25.5 11
2010 9 11 16 18 21.6065 36.7657 136.482 15.6 9
2010 9 11 16 18 28.9954 36.7978 136.462 20.7 6
2010 9 11 16 18 40.7658 36.862 136.505 20.5 6
2010 9 11 16 18 40.8214 36.8318 136.511 19.1 6
2010 9 11 16 18 40.901 36.8115 136.502 14.2 7
2010 9 11 16 19 5.04139 36.7836 136.475 21.6 9
2010 9 11 16 19 12.614 36.403 136.031 26.1 5
2010 9 11 16 19 16.1493 36.1228 132.016 25.5 7
2010 9 11 16 19 16.2429 36.1333 132.061 16.3 5
2010 9 11 16 19 16.3128 36.0296 131.997 12.6 7
2010 9 11 16 19 34.9492 36.1141 133.463 16.8 5
2010 9 11 16 19 35.0092 36.1327 133.52 21.6 8
2010 9 11 16 19 35.9414 36.1571 132.3 10.7 6
2010 9 11 16 19 52.2486 36.8441 136.594 20.6 5
2010 9 11 16 19 52.2486 36.8625 136.441 23.2 7
2010 9 11 16 20 16.5544 36.0913 132.355 25.2 8
2010 9 11 16 20 16.6734 36.1244 132.363 24.9 6
2010 9 11 16 20 16.6735 36.1091 132.339 21.3 5
2010 9 11 16 20 28.067 36.1724 132.23 23.4 7
2010 9 11 16 20 30.844 36.0663 132.706 21.5 8
2010 9 11 16 20 42.4594 35.9796 132.011 3.2 5
2010 9 11 16 20 42.547 36.0918 132.172 18.2 5
2010 9 11 16 20 42.6256 35.9858 131.976 8.2 5
2010 9 11 16 20 42.6946 35.9484 131.972 10.5 5
2010 9 11 16 20 42.7783 36.1042 132.147 26.7 6
2010 9 11 16 20 42.9391 36.0992 131.987 21.6 7
2010 9 11 16 20 47.1481 36.7653 136.557 2.7 6
2010 9 11 16 20 52.4347 36.0454 131.869 25.9 5
2010 9 11 16 20 54.1914 36.0351 132.387 5.9 5
2010 9 11 16 20 57.7116 36.1222 133.51 23.4 8
2010 9 11 16 20 57.7679 36.1308 133.572 14.6 5
2010 9 11 16 20 57.7997 36.1208 133.477 17.7 5
2010 9 11 16 20 57.89 36.1183 133.516 20.6 7
2010 9 11 16 20 57.9331 36.1503 133.573 7.4 6
2010 9 11 16 20 58.0381 36.2113 133.459 20.7 8
2010 9 11 16 21 21.0731 36.0511 131.794 23.9 8
2010 9 11 16 21 21.0731 36.076 131.677 17.5 7
2010 9 11 16 21 23.6527 36.8466 136.571 19.1 8
2010 9 11 16 21 34.596 36.1546 132.317 17.7 7
2010 9 11 16 21 34.6453 36.1446 132.247 22.3 6
2010 9 11 16 21 34.69 36.115 132.247 21.3 7
2010 9 11 16 21 34.7692 36.139 132.244 23.5 8
2010 9 11 16 21 35.1553 36.0488 132.286 14.6 6
2010 9 11 16 21 44.1595 36.7969 136.561 19.1 9
2010 9 11 16 21 49.6249 36.8425 136.564 16.9 7
2010 9 11 16 22 4.00508 36.8373 136.46 19.6 10
2010 9 11 16 22 13.9002 36.4139 136.13 25.5 7
2010 9 11 16 22 20.4929 36.0718 131.987 15.6 8
2010 9 11 16 22 20.7961 36.8104 136.576 16 7
2010 9 11 16 22 20.8247 36.7838 136.573 8.9 6
2010 9 11 16 22 20.873 36.8548 136.565 14.2 6
2010 9 11 16 22 34.6069 36.0344 132.411 7.5 5
2010 9 11 16 22 35.3031 36.104 131.826 20.8 9
2010 9 11 16 22 35.4013 35.991 131.859 9.5 6
2010 9 11 16 22 39.6712 36.8387 136.337 20.4 6
2010 9 11 16 23 3.22195 36.0926 131.95 20.6 6
2010 9 11 16 23 6.69754 36.1132 132.252 21.8 5
2010 9 11 16 23 6.74428 36.1665 132.294 23.4 9
2010 9 11 16 23 6.80047 36.1304 132.338 11.1 5
2010 9 11 16 23 6.86888 36.1362 132.297 22.6 5
2010 9 11 16 23 15.7485 36.1487 132.81 28.5 10
2010 9 11 16 23 15.8139 36.1377 132.789 29.4 8
2010 9 11 16 23 15.8673 36.1803 132.851 22.8 8
2010 9 11 16 23 18.6069 36.8928 136.568 21.3 7
2010 9 11 16 23 18.825 36.8351 136.512 17.6 8
2010 9 11 16 23 42.4932 36.1644 132.378 18.3 6
2010 9 11 16 23 42.6044 36.1027 132.429 24.3 5
2010 9 11 16 23 42.91 36.0369 132.449 12.4 5
2010 9 11 16 23 48.7583 36.0942 131.927 10.3 5
2010 9 11 16 23 48.8253 35.9614 132.038 14.5 5
2010 9 11 16 23 48.9217 35.7681 131.95 13.5 5
2010 9 11 16 23 52.041 36.1701 133.536 21 9
2010 9 11 16 23 52.097 36.1347 133.563 23.5 7
2010 9 11 16 24 20.9595 36.8584 136.504 16.2 6
2010 9 11 16 24 21.0758 36.7917 136.584 6.7 5
2010 9 11 16 24 21.1512 36.8383 136.534 17.2 6
2010 9 11 16 24 21.2988 36.9038 136.567 26.3 9
2010 9 11 16 24 29.4237 36.0549 131.96 21.9 5
2010 9 11 16 24 29.7816 36.0849 131.955 20.5 6
2010 9 11 16 24 59.0563 36.096 131.982 19.6 6
2010 9 11 16 25 0.630335 36.1895 132.29 22.8 10
2010 9 11 16 25 0.858103 36.169 132.342 26.3 7
2010 9 11 16 25 1.00142 36.1911 132.281 18.3 8
2010 9 11 16 25 1.00146 36.1367 132.375 17.5 5
2010 9 11 16 25 14.6771 36.0211 132.072 25.1 9
2010 9 11 16 25 14.7505 35.9962 132.057 22.6 6
2010 9 11 16 25 26.8526 36.1475 133.591 25.4 6
2010 9 11 16 25 26.9001 36.1638 133.552 17.9 8
2010 9 11 16 25 44.9348 36.1115 132.032 15.2 5
2010 9 11 16 25 45.5402 35.0816 130.425 24.4 7
2010 9 11 16 25 47.2301 36.4189 136.125 20.6 9
2010 9 11 16 25 50.7807 36.169 132.457 20.7 6
2010 9 11 16 26 20.1839 36.8691 136.574 21.2 7
2010 9 11 16 26 34.8542 36.1701 132.318 24.6 8
2010 9 11 16 26 35.9404 37.6207 137.959 20.2 5
2010 9 11 16 26 36.204 37.5568 137.923 17.4 7
2010 9 11 16 26 37.0694 36.212 133.608 24.6 6
2010 9 11 16 26 37.2008 36.101 133.593 7.3 6
2010 9 11 16 26 38.1381 36.0952 132.085 7 5
2010 9 11 16 27 2.6119 36.1214 131.839 19.7 5
2010 9 11 16 27 2.61192 36.1279 131.919 27.4 7
2010 9 11 16 27 2.67362 36.1089 131.925 19.2 9
2010 9 11 16 27 37.0674 36.0654 132.51 14.8 9
2010 9 11 16 27 37.1058 36.1133 132.511 23.2 8
2010 9 11 16 27 37.2858 36.1028 132.514 19.4 10
2010 9 11 16 27 44.7377 36.8369 136.595 8.4 6
2010 9 11 16 28 5.06612 35.0301 130.43 24.5 6
2010 9 11 16 28 14.1698 36.0787 131.87 20.6 9
2010 9 11 16 28 14.3263 36.0831 131.852 20.8 8
2010 9 11 16 28 14.9944 36.1163 132.463 17.5 7
2010 9 11 16 28 15.0086 36.1282 132.477 27.3 8
2010 9 11 16 28 24.0642 36.8679 136.579 6.4 5
2010 9 11 16 28 32.4874 36.1005 132.224 16.5 5
2010 9 11 16 28 49.4398 36.1763 132.302 23.9 8
2010 9 11 16 28 49.5543 36.1882 132.282 23 9
2010 9 11 16 28 49.6335 36.2237 132.39 25.5 5
2010 9 11 16 28 49.8125 36.1704 132.389 20.2 7
2010 9 11 16 28 50.2913 36.196 132.509 20.7 7
2010 9 11 16 29 10.9681 36.2441 134.691 27.7 5
2010 9 11 16 29 27.0299 36.2017 132.279 16.2 6
2010 9 11 16 29 27.0672 36.1351 132.315 16.5 7
2010 9 11 16 29 27.1007 36.1216 132.3 20 6
2010 9 11 16 29 28.9433 36.1814 133.137 24.9 6
2010 9 11 16 29 28.9804 36.1751 133.01 12.9 5
2010 9 11 16 29 36.4616 36.1443 132.105 24.3 8
2010 9 11 16 29 36.4961 36.1005 131.981 16.6 7
2010 9 11 16 29 36.5365 36.086 132.078 25.5 8
2010 9 11 16 29 54.669 36.0739 131.933 19.4 7
2010 9 11 16 30 5.7916 35.9921 131.936 5.3 5
2010 9 11 16 30 6.19979 35.9629 131.943 11.2 5
2010 9 11 16 30 10.4347 36.1839 133.612 25.5 11
2010 9 11 16 30 10.4645 36.0555 133.611 9.1 6
2010 9 11 16 30 18.6711 35.0582 130.523 29.6 8
2010 9 11 16 30 18.7764 35.027 130.474 22.9 6
2010 9 11 16 30 30.8569 36.1907 132.815 14.1 5
2010 9 11 16 30 30.9303 36.1875 132.288 16.7 5
2010 9 11 16 30 31.0847 36.1869 132.248 27.4 5
2010 9 11 16 30 31.2701 36.1839 132.354 22.2 9
2010 9 11 16 30 34.5838 36.1836 132.418 13.9 5
2010 9 11 16 30 34.6475 36.0615 131.916 22.3 6
2010 9 11 16 30 45.5304 35.308 131.108 24.8 5
2010 9 11 16 30 45.5574 35.3008 130.884 27.1 9
2010 9 11 16 30 54.7767 36.1379 132.51 23.3 7
2010 9 11 16 30 59.9399 36.2246 132.916 13.6 5
2010 9 11 16 31 0.023384 36.149 132.381 24.6 11
2010 9 11 16 31 31.1702 36.0089 132.168 9.9 6
2010 9 11 16 31 33.9894 36.1499 132.606 19 6
2010 9 11 16 31 34.7211 36.1439 132.364 29.9 6
2010 9 11 16 31 50.1765 36.1097 131.945 29.1 8
2010 9 11 16 31 50.2108 36.0693 131.979 21.2 5
2010 9 11 16 31 50.4424 36.0986 131.987 17.5 7
2010 9 11 16 32 5.27448 36.0269 131.652 27.2 8
2010 9 11 16 32 11.4996 36.1617 132.383 28.4 8
2010 9 11 16 32 26.0034 36.1189 131.832 17.5 6
2010 9 11 16 32 26.3656 36.0597 131.914 17.5 9
2010 9 11 16 32 38.7457 36.1541 132.401 23.8 8
2010 9 11 16 32 39.3676 36.1482 132.414 24 5
2010 9 11 16 32 47.0848 35.9533 131.648 14.8 5
2010 9 11 16 32 54.9109 36.0418 132.134 16.8 9
2010 9 11 16 32 55.8299 36.2043 132.409 26.8 6
2010 9 11 16 33 4.72881 36.1278 131.924 27.8 8
2010 9 11 16 33 4.8164 36.1501 131.941 15.4 5
2010 9 11 16 33 9.95054 37.753 138.273 26.5 5
2010 9 11 16 33 16.5641 36.1846 132.914 11.3 7
2010 9 11 16 33 20.5333 36.1423 132.598 24.7 7
2010 9 11 16 33 20.6153 36.1769 133.016 14.3 5
2010 9 11 16 33 20.6509 36.1909 133.022 16.7 5
2010 9 11 16 33 22.3161 36.1404 132.471 20.3 6
2010 9 11 16 33 22.4372 36.1162 132.372 26.7 11
2010 9 11 16 33 43.7294 36.0483 132.419 3.7 5
2010 9 11 16 33 43.8673 36.2 132.373 27 7
2010 9 11 16 33 44.5057 36.1042 132.602 3.4 5
2010 9 11 16 33 49.3989 36.0319 131.679 22.1 8
2010 9 11 16 34 0.897244 36.1258 132.359 27 7
2010 9 11 16 34 0.995882 36.1796 132.277 6.6 5
2010 9 11 16 34 12.6691 36.1357 132.466 19.3 9
2010 9 11 16 34 12.7623 36.1192 132.501 12.7 5
2010 9 11 16 34 18.8173 36.0815 131.907 21 7
2010 9 11 16 34 18.8514 36.1458 131.901 25.1 6
2010 9 11 16 34 28.905 36.1983 132.988 25.1 9
2010 9 11 16 34 28.9464 36.1383 132.916 24.4 5
2010 9 11 16 34 41.4835 36.1124 132.376 24.6 6
2010 9 11 16 34 41.522 36.1089 132.418 22.4 5
2010 9 11 16 34 41.9784 36.1769 132.419 26.3 8
2010 9 11 16 34 53.3054 36.1072 131.936 22.3 6
2010 9 11 16 34 53.443 35.9865 131.982 11.4 7
2010 9 11 16 34 54.2208 36.0993 132.456 22.9 6
2010 9 11 16 34 54.2653 36.0535 132.502 7.7 6
2010 9 11 16 34 54.5237 36.1725 132.52 27.9 5
2010 9 11 16 34 58.7655 36.1357 132.372 24.2 8
2010 9 11 16 35 12.5624 36.15 132.424 23.7 8
2010 9 11 16 35 14.5567 36.0819 131.901 19.9 10
2010 9 11 16 35 14.6867 36.1516 131.861 25 8
2010 9 11 16 35 14.8378 36.1899 132.156 12.9 5
2010 9 11 16 35 14.8937 36.0026 131.942 13 5
2010 9 11 16 35 28.6419 36.0705 131.811 16.1 6
2010 9 11 16 35 30.492 36.1476 132.425 25.2 12
2010 9 11 16 35 30.558 36.1645 132.449 26.1 9
2010 9 11 16 35 31.0239 36.1599 132.487 21.6 6
2010 9 11 16 35 37.1412 36.1033 131.929 29.7 7
2010 9 11 16 35 37.3891 36.051 131.935 19.9 6
2010 9 11 16 35 37.58 36.0566 131.936 20.8 6
2010 9 11 16 35 39.5189 36.1225 132.415 22.3 6
2010 9 11 16 35 39.5709 36.1499 132.425 18.1 6
2010 9 11 16 35 39.6635 36.1724 132.405 27.9 7
2010 9 11 16 36 24.6979 36.1738 133.108 14.5 5
2010 9 11 16 36 26.0901 36.0213 131.96 8.8 5
2010 9 11 16 36 51.8979 36.1623 132.393 22.7 11
2010 9 11 16 37 10.0172 36.0539 132.014 17.2 5
2010 9 11 16 37 10.0513 36.1069 131.952 26.9 8
2010 9 11 16 37 10.0815 36.021 131.936 24.6 5
2010 9 11 16 37 14.3029 36.1561 132.44 23.2 8
2010 9 11 16 37 14.5109 36.1071 132.5 21.2 6
2010 9 11 16 37 21.7791 36.067 132.44 12.1 6
2010 9 11 16 37 21.9336 36.174 132.364 9.9 5
2010 9 11 16 37 28.435 36.1641 132.407 19.2 7
2010 9 11 16 37 42.9519 36.2078 132.632 23.6 5
2010 9 11 16 37 54.6209 36.0924 131.941 24 10
2010 9 11 16 37 54.7535 36.1241 132.125 15.4 5
2010 9 11 16 37 58.0544 36.0795 132.03 20.8 5
2010 9 11 16 37 58.1214 36.0501 132.122 22.5 6
2010 9 11 16 37 58.1215 36.1456 132.151 15 5
2010 9 11 16 38 7.53372 36.0117 131.815 18.8 6
2010 9 11 16 38 7.62427 36.0307 131.657 24.7 10
2010 9 11 16 38 7.80427 36.0638 131.633 26.1 9
2010 9 11 16 38 10.833 35.101 130.52 15.9 6
2010 9 11 16 38 20.3759 36.0572 131.973 20.4 5
2010 9 11 16 38 23.1464 37.7208 138.289 24.8 8
2010 9 11 16 38 30.2103 36.1473 132.443 26 8
2010 9 11 16 38 30.3574 36.1094 132.452 14.4 8
2010 9 11 16 38 30.5437 36.9513 136.543 25.4 5
2010 9 11 16 38 30.7146 36.0673 132.476 6.3 6
2010 9 11 16 38 44.7402 36.055 131.943 18.9 6
2010 9 11 16 38 44.8084 35.9584 131.999 13.8 5
2010 9 11 16 38 51.1173 36.1779 132.497 27.7 9
2010 9 11 16 38 57.1354 36.0812 132.579 1.8 5
2010 9 11 16 38 57.2639 36.0707 132.602 15.9 6
2010 9 11 16 39 5.48992 36.1197 132.624 26.3 9
2010 9 11 16 39 5.67815 36.0398 132.665 11.6 5
2010 9 11 16 39 5.89994 36.0007 132.664 5.4 6
2010 9 11 16 39 16.8149 36.1943 132.624 21.5 6
2010 9 11 16 39 16.9484 36.1141 132.402 17.8 9
2010 9 11 16 39 17.1651 36.0156 132.456 2 5
2010 9 11 16 39 19.441 36.0738 131.974 24.2 8
2010 9 11 16 39 26.6299 36.1589 132.462 24.6 11
2010 9 11 16 39 27.0361 36.102 132.471 1.9 5
2010 9 11 16 39 44.9196 36.1625 132.623 22.9 6
2010 9 11 16 39 45.0271 36.0771 132.617 15.9 6
2010 9 11 16 39 45.2116 36.1134 132.614 24.6 8
2010 9 11 16 39 56.6208 36.0568 131.985 19.6 6
2010 9 11 16 39 56.6834 36.1002 131.993 27.9 7
2010 9 11 16 39 56.7928 36.1291 132.004 23.6 5
2010 9 11 16 40 2.65831 36.1788 132.492 26.5 12
2010 9 11 16 40 2.70654 36.2405 132.512 25.2 7
2010 9 11 16 40 2.70656 36.1582 132.454 7.4 5
2010 9 11 16 40 2.85345 36.2299 132.506 22.9 9
2010 9 11 16 40 2.98642 36.2195 132.475 24.7 9
2010 9 11 16 40 13.5116 36.1004 131.991 25.5 8
2010 9 11 16 40 16.7775 36.2156 132.425 25.4 7
2010 9 11 16 40 19.0005 36.0935 131.926 23.3 5
2010 9 11 16 40 22.29 36.1385 132.493 14.1 6
2010 9 11 16 40 34.4853 36.2086 132.58 28.3 6
2010 9 11 16 40 34.5498 36.1933 132.572 24.2 6
2010 9 11 16 40 35.5496 36.1516 132.483 23.8 10
2010 9 11 16 40 35.6813 36.2033 132.606 22.7 6
2010 9 11 16 40 42.0165 36.1577 132.321 26.8 10
2010 9 11 16 40 51.7055 36.2153 132.504 24.9 9
2010 9 11 16 40 51.868 36.1913 132.478 24.5 7
2010 9 11 16 41 2.93395 36.1658 131.775 24.2 6
2010 9 11 16 41 6.68306 36.136 132.086 25.2 8
2010 9 11 16 41 6.81387 36.1092 131.868 23.3 5
2010 9 11 16 41 7.0089 36.1551 132.042 25.9 6
2010 9 11 16 41 7.15577 36.0986 131.995 27.1 8
2010 9 11 16 41 9.66905 35.7892 133.39 7.6 5
2010 9 11 16 41 10.7906 36.1416 132.806 23 7
2010 9 11 16 41 10.8702 36.1449 132.751 14.9 5
2010 9 11 16 41 10.9203 36.0748 132.643 7.7 5
2010 9 11 16 41 11.3801 36.0771 132.7 8.8 5
2010 9 11 16 41 17.537 36.1864 133.439 18.4 5
2010 9 11 16 41 17.9859 36.0893 132.483 8.2 5
2010 9 11 16 41 18.0684 36.1295 132.487 16.9 6
2010 9 11 16 41 34.1051 36.085 132.404 5.7 5
2010 9 11 16 41 40.2077 36.0778 132.492 13.2 5
2010 9 11 16 41 41.7809 36.0593 132.064 20.6 6
2010 9 11 16 41 41.867 36.0992 132.038 17.6 9
2010 9 11 16 41 41.9452 36.1219 132.084 13.2 5
2010 9 11 16 41 42.0787 36.0983 132.054 18.9 8
2010 9 11 16 42 5.82609 36.1011 132.416 9.7 5
2010 9 11 16 42 10.1449 36.1225 132.655 25.5 10
2010 9 11 16 42 10.2003 36.1315 132.636 27 9
2010 9 11 16 42 10.4848 35.9879 132.747 3.8 5
2010 9 11 16 42 10.7903 35.975 132.708 10.5 6
2010 9 11 16 42 14.895 36.1153 132.058 22.1 7
2010 9 11 16 42 21.7446 36.1801 132.408 23.9 7
2010 9 11 16 42 32.3812 36.1428 132.501 19.5 6
2010 9 11 16 42 32.4555 36.1303 132.482 6.3 6
2010 9 11 16 42 32.805 36.1487 132.471 23 7
2010 9 11 16 42 32.9579 36.0553 132.516 11 5
2010 9 11 16 42 33.1369 36.1398 132.477 20.4 8
2010 9 11 16 42 41.6202 36.1405 134.206 17 9
2010 9 11 16 42 45.1325 36.1356 132.03 27.2 7
2010 9 11 16 42 45.1949 35.9946 131.963 13.3 5
2010 9 11 16 42 45.6619 36.0277 132.002 7.6 5
2010 9 11 16 42 46.882 36.1231 132.648 19.1 8
2010 9 11 16 43 10.2246 36.156 132.69 22.4 6
2010 9 11 16 43 30.3023 36.22 132.515 24 7
2010 9 11 16 43 30.3023 36.1544 132.499 22.5 5
2010 9 11 16 43 30.5213 36.0727 132.531 7.3 6
2010 9 11 16 43 30.7434 36.2099 132.533 25.1 7
2010 9 11 16 43 36.4708 36.168 132.659 22.5 9
2010 9 11 16 43 36.8705 36.1407 132.658 29.3 8
2010 9 11 16 43 36.985 36.1526 132.642 19.6 9
2010 9 11 16 43 49.8703 36.2477 132.537 23.7 9
2010 9 11 16 43 49.9646 36.1887 132.605 18.5 6
2010 9 11 16 43 50.0084 36.1806 132.517 22.5 9
2010 9 11 16 43 50.0601 36.1821 132.487 25.5 10
2010 9 11 16 43 51.5618 36.0179 131.782 7.7 5
2010 9 11 16 43 51.6274 35.9486 131.764 8.3 5
2010 9 11 16 43 51.6824 35.9304 131.75 10.1 6
2010 9 11 16 43 51.8039 36.0465 131.703 19 7
2010 9 11 16 44 5.36263 36.1526 132.48 21.7 9
2010 9 11 16 44 5.36268 36.2202 132.735 5.2 5
2010 9 11 16 44 16.4586 36.2022 132.489 29.9 7
2010 9 11 16 44 49.6554 36.2084 132.596 9.7 6
2010 9 11 16 44 49.7558 36.1207 132.631 17.4 7
2010 9 11 16 44 50.261 36.0749 132.635 13 7
2010 9 11 16 44 56.5367 36.0756 132.531 4.8 5
2010 9 11 16 45 22.9048 36.1716 132.653 21.3 9
2010 9 11 16 45 23.0068 36.1434 132.647 27.5 10
2010 9 11 16 45 23.0595 36.0342 132.647 10.6 5
2010 9 11 16 45 23.6358 36.135 132.049 29 6
2010 9 11 16 45 23.6358 36.1631 131.956 14.9 6
2010 9 11 16 45 25.5047 36.1751 132.985 9.3 6
2010 9 11 16 45 37.0574 36.1151 132.145 24.9 6
2010 9 11 16 45 37.9266 36.0853 131.833 18.4 7
2010 9 11 16 45 40.8759 36.1498 132.48 26.4 9
2010 9 11 16 45 46.0346 36.1458 132.015 26.1 8
2010 9 11 16 45 46.2019 36.1137 131.989 28.2 7
2010 9 11 16 45 49.0593 36.0974 132.75 21.6 10
2010 9 11 16 45 49.3166 36.1131 132.752 22.8 10
2010 9 11 16 45 54.7555 36.1606 132.522 26.1 10
2010 9 11 16 45 54.8587 36.1706 132.541 21.5 10
2010 9 11 16 46 31.437 36.1858 132.583 25 8
2010 9 11 16 46 31.4977 36.2142 132.659 27.5 6
2010 9 11 16 46 31.6007 36.1736 132.601 24.5 11
2010 9 11 16 46 32.075 36.1511 131.907 16.7 5
2010 9 11 16 46 32.2327 36.1675 131.971 29.2 6
2010 9 11 16 46 44.2792 36.0583 132.366 9.6 5
2010 9 11 16 46 48.6865 36.0014 131.773 23.1 7
2010 9 11 16 46 48.709 35.9222 131.768 12.1 5
2010 9 11 16 46 48.7331 36.0413 131.761 23.9 10
2010 9 11 16 46 48.7895 35.9783 131.746 24 8
2010 9 11 16 46 53.3192 36.1472 132.021 22.4 9
2010 9 11 16 46 53.3721 36.0625 131.999 14 5
2010 9 11 16 46 53.4374 36.3577 131.739 17.7 5
2010 9 11 16 46 53.4375 36.1005 132.018 20.3 5
2010 9 11 16 46 53.7537 36.1743 132.514 11.5 5
2010 9 11 16 47 0.171275 36.2167 132.502 24.2 8
2010 9 11 16 47 8.97411 36.1624 132.412 19.7 6
2010 9 11 16 47 8.97412 36.1493 132.579 22.8 6
2010 9 11 16 47 25.4776 36.1424 132.097 21.1 8
2010 9 11 16 47 48.5563 36.2385 132.122 10.7 6
2010 9 11 16 47 48.5563 36.1251 132.115 7.7 5
2010 9 11 16 47 48.7443 36.0972 132.095 15 6
2010 9 11 16 47 49.0152 36.1527 132.093 4.6 6
2010 9 11 16 47 53.8734 36.1195 132.693 17.8 6
2010 9 11 16 47 53.879 36.0346 132.707 12.1 5
2010 9 11 16 47 54.4208 36.0856 132.711 21.3 6
2010 9 11 16 48 9.58492 36.0226 131.879 9.7 5
2010 9 11 16 48 12.9292 36.1392 132.02 26.6 7
2010 9 11 16 48 20.7328 36.0991 132.682 25.9 9
2010 9 11 16 48 20.8598 36.096 132.823 19.6 6
2010 9 11 16 48 33.6288 36.2154 132.568 20.7 10
2010 9 11 16 48 33.6996 36.1489 132.542 21.8 8
2010 9 11 16 48 34.1054 36.204 132.554 22.7 9
2010 9 11 16 48 42.7161 36.099 132.066 22.6 8
2010 9 11 16 48 42.8293 36.1564 132.024 25.6 8
2010 9 11 16 48 42.9201 36.1994 131.987 6.7 5
2010 9 11 16 48 43.0992 36.1954 132.168 26.1 7
2010 9 11 16 48 51.6878 36.11 132.668 22.9 5
2010 9 11 16 48 52.264 36.1069 132.662 28.1 11
2010 9 11 16 48 52.8761 36.148 131.898 21 10
2010 9 11 16 49 9.76299 36.1051 132.738 23.1 11
2010 9 11 16 49 24.8486 36.1792 132.102 13.3 5
2010 9 11 16 49 25.4299 36.1491 132.068 22.2 8
2010 9 11 16 49 41.8343 36.1581 132.626 20.7 5
2010 9 11 16 49 55.056 36.0999 131.88 20.7 9
2010 9 11 16 49 55.0918 36.1311 131.857 17 9
2010 9 11 16 50 0.193786 36.1492 132.76 23.6 9
2010 9 11 16 50 0.626096 36.1113 132.69 16.1 6
2010 9 11 16 50 15.661 36.08 132.157 22 6
2010 9 11 16 50 28.6485 36.139 132.08 19.8 6
2010 9 11 16 50 28.6485 36.0966 131.932 10 5
2010 9 11 16 50 29.6594 36.1651 132.714 25 9
2010 9 11 16 50 29.8345 36.1239 132.749 24.5 12
2010 9 11 16 50 29.9242 36.2361 132.734 12.5 5
2010 9 11 16 50 56.5689 36.2368 132.563 24.6 8
2010 9 11 16 50 56.9593 36.1876 132.681 20.9 6
2010 9 11 16 51 1.86933 36.1883 132.033 19.8 9
2010 9 11 16 51 1.91374 36.1759 132.03 23.9 8
2010 9 11 16 51 1.95366 36.1388 131.996 21 8
2010 9 11 16 51 2.26913 36.0585 132.062 9.9 5
2010 9 11 16 51 13.8157 36.9975 137.128 26.6 8
2010 9 11 16 51 17.8573 36.1357 132.758 22.7 8
2010 9 11 16 51 17.9235 36.1045 132.736 20.5 8
2010 9 11 16 51 28.5925 36.1217 131.96 28.5 5
2010 9 11 16 51 28.5925 36.1543 131.909 19.9 7
2010 9 11 16 51 28.6499 36.15 131.925 28.3 9
2010 9 11 16 51 29.1198 36.0607 131.963 19.3 6
2010 9 11 16 51 29.3173 36.2972 135.463 16.3 10
2010 9 11 16 51 31.03 36.1828 132.052 14.9 5
2010 9 11 16 51 38.4126 36.2036 132.934 16.8 6
2010 9 11 16 51 59.2888 36.0576 132.749 20.1 9
2010 9 11 16 52 16.829 36.1864 132.558 18.9 10
2010 9 11 16 52 17.1399 36.1544 132.585 18.3 7
2010 9 11 16 52 17.2738 36.189 132.544 28.6 7
2010 9 11 16 52 17.3145 36.2154 133.061 12.4 5
2010 9 11 16 52 17.6539 36.1642 132.367 24.8 5
2010 9 11 16 52 17.6539 36.138 132.589 19.4 5
2010 9 11 16 52 28.965 36.1363 131.939 28.6 8
2010 9 11 16 52 38.2545 36.1783 132.364 13.4 5
2010 9 11 16 52 38.4217 36.1926 132.59 28.5 6
2010 9 11 16 52 42.4753 36.1002 134.092 20.6 6
2010 9 11 16 52 46.5089 36.1742 132.125 29.9 6
2010 9 11 16 52 56.8155 36.1625 132.589 25.8 9
2010 9 11 16 53 23.0057 36.1379 132.564 20.8 7
2010 9 11 16 53 23.0505 36.1512 132.566 22.4 6
2010 9 11 16 53 23.0817 36.1582 132.545 12.8 6
2010 9 11 16 53 23.7905 36.1309 132.579 5.2 5
2010 9 11 16 53 33.5423 36.0949 132.026 19.4 7
2010 9 11 16 53 33.5424 36.1777 132.152 13.5 5
2010 9 11 16 53 33.6138 36.049 132.042 18.7 5
2010 9 11 16 53 33.672 36.0828 132.121 18.8 8
2010 9 11 16 53 44.2735 36.1807 132.618 8.8 5
2010 9 11 16 53 54.0549 36.1725 132.573 24.1 11
2010 9 11 16 54 6.00352 36.1078 132.006 27 5
2010 9 11 16 54 6.03835 36.0349 132.005 18.2 6
2010 9 11 16 54 9.23632 36.1414 132.77 26.7 9
2010 9 11 16 54 9.31236 35.8935 132.674 12.3 5
2010 9 11 16 54 10.6807 36.1948 132.627 23.8 6
2010 9 11 16 54 10.8517 36.1638 132.588 8.9 5
2010 9 11 16 54 20.5592 35.8551 131.616 28.1 5
2010 9 11 16 54 20.6272 36.1525 132.108 28.1 7
2010 9 11 16 54 20.741 36.0991 132.027 23.8 7
2010 9 11 16 54 21.1938 36.2969 131.887 21.5 5
2010 9 11 16 54 23.4909 36.2413 133.149 12.7 5
2010 9 11 16 54 23.6085 36.0836 132.658 6.7 5
2010 9 11 16 54 35.182 36.1019 132.699 25.6 11
2010 9 11 16 54 43.8973 36.1563 132.579 24.1 12
2010 9 11 16 55 2.30857 36.1244 132.728 24 8
2010 9 11 16 55 6.11944 36.1864 132.621 23.5 9
2010 9 11 16 55 6.15988 36.1944 132.588 29.7 11
2010 9 11 16 55 6.18171 36.1765 132.589 21.7 6
2010 9 11 16 55 6.2062 36.1689 132.614 18 6
2010 9 11 16 55 7.25448 36.0315 132.416 9.7 5
2010 9 11 16 55 27.2697 36.1405 132.66 23 6
2010 9 11 16 55 27.3696 36.2187 132.637 27.8 9
2010 9 11 16 55 27.6125 36.1018 132.643 7 5
2010 9 11 16 55 41.2424 36.0466 133.01 24.3 6
2010 9 11 16 55 44.3074 36.1976 132.165 24 5
2010 9 11 16 55 44.3412 36.0891 132.157 20.2 7
2010 9 11 16 55 59.0254 36.1224 132.589 19.5 10
2010 9 11 16 55 59.0691 35.7447 132.449 23.5 6
2010 9 11 16 55 59.0982 36.1877 132.751 16.9 5
2010 9 11 16 55 59.0982 36.1191 132.956 12.4 6
2010 9 11 16 55 59.2039 36.1248 132.779 26.4 11
2010 9 11 16 56 9.36348 36.1827 134.869 18.8 7
2010 9 11 16 56 40.504 36.2006 131.873 4.4 5
2010 9 11 16 56 43.8307 36.1843 132.493 5.1 5
2010 9 11 16 57 1.4017 36.2024 132.563 24.9 6
2010 9 11 16 57 1.91352 36.22 132.641 24.1 8
2010 9 11 16 57 25.2157 36.1418 132.758 22.5 7
2010 9 11 16 57 25.2604 36.1305 132.628 25.1 8
2010 9 11 16 57 25.34 36.1746 132.763 21 5
2010 9 11 16 57 28.3696 36.1525 132.048 17.9 6
2010 9 11 16 57 28.4584 36.1879 132.154 26.7 8
2010 9 11 16 57 29.8011 36.1707 132.019 20.5 11
2010 9 11 16 57 42.6108 37.5752 138.184 22.4 6
2010 9 11 16 57 53.5711 36.2262 132.59 27.1 11
2010 9 11 16 58 4.17999 36.975 137.321 10.7 5
2010 9 11 16 58 6.55863 36.1536 132.756 21.2 9
2010 9 11 16 58 20.958 36.0424 132.103 20.5 9
2010 9 11 16 58 21.1449 36.1247 132.248 7.6 5
2010 9 11 16 58 24.63 36.0513 133.065 12.7 5
2010 9 11 16 58 29.3069 36.1958 132.618 25.7 9
2010 9 11 16 58 29.3837 36.1961 132.616 10.4 6
2010 9 11 16 58 29.4098 36.1969 132.61 26.5 8
2010 9 11 16 58 58.2963 36.2715 132.919 12.9 5
2010 9 11 16 58 58.3012 36.0999 132.624 6.4 5
2010 9 11 16 58 58.9937 36.1762 131.985 26.5 6
2010 9 11 16 58 59.1239 36.1932 131.989 27.7 7
2010 9 11 16 58 59.124 36.0889 131.999 22.9 5
2010 9 11 16 58 59.1912 36.1002 131.97 20.7 5
2010 9 11 16 58 59.1913 36.1264 131.963 18.1 6
2010 9 11 16 58 59.2746 36.1426 132.008 26.3 11
2010 9 11 16 59 11.7167 36.1802 132.674 15.9 5
2010 9 11 16 59 11.7718 36.0486 132.667 7.4 5
2010 9 11 16 59 23.1638 36.166 132.85 25.6 6
2010 9 11 16 59 36.5608 36.1178 132.222 19.5 6
2010 9 11 16 59 36.5609 36.2581 131.92 17.6 5
2010 9 11 16 59 36.6783 36.126 132.211 16.6 5
2010 9 11 16 59 37.8351 36.2181 132.654 24.9 6
2010 9 11 17 0 1.68481 36.2344 132.707 20.8 7
2010 9 11 17 0 1.77418 36.1129 132.656 11.9 7
2010 9 11 17 0 1.82137 36.1941 132.673 29.9 5
2010 9 11 17 0 1.98127 36.1689 132.609 28.1 7
2010 9 11 17 0 2.17207 36.2304 132.645 26.7 7
2010 9 11 17 0 21.8762 36.1895 132.634 25.4 9
2010 9 11 17 0 22.4709 36.1202 132.643 20.8 8
2010 9 11 17 0 24.266 36.1759 132.16 22.6 5
2010 9 11 17 0 24.3502 36.1103 132.072 21.3 9
2010 9 11 17 0 24.9972 36.1143 132.087 28.6 8
2010 9 11 17 0 54.662 36.1612 132.821 29.1 5
2010 9 11 17 0 54.7971 36.0266 132.822 12.5 5
2010 9 11 17 1 24.0825 36.1252 132.533 13.5 6
2010 9 11 17 1 58.8507 35.7522 132.619 13.4 5
2010 9 11 17 1 58.9173 36.09 132.765 20 8
2010 9 11 17 2 0.123386 36.1697 133.204 10.8 5
2010 9 11 17 2 5.00208 36.223 134.855 26.4 6
2010 9 11 17 2 54.7111 36.246 132.618 28.2 7
2010 9 11 17 2 58.2684 36.2228 132.571 27.7 6
2010 9 11 17 3 5.93771 36.0535 133.882 24.5 6
2010 9 11 17 3 12.3161 36.1778 132.708 10.5 5
2010 9 11 17 3 43.4597 36.1172 132.886 25.2 8
2010 9 11 17 4 10.1324 37.6448 138.301 29.7 9
2010 9 11 17 4 32.2556 36.2257 132.673 22.4 12
2010 9 11 17 4 32.2913 36.102 132.686 17.6 7
2010 9 11 17 4 32.3696 36.1833 132.551 24.5 5
2010 9 11 17 4 57.281 35.9709 131.733 22.8 8
2010 9 11 17 5 10.1721 36.2361 132.656 24.4 8
2010 9 11 17 5 10.2393 35.9696 132.673 7.9 5
2010 9 11 17 5 10.3421 36.1842 132.671 24.2 9
2010 9 11 17 5 11.9475 36.1314 133.124 7 5
2010 9 11 17 5 43.0227 36.2643 132.719 9.5 5
2010 9 11 17 5 43.0227 36.2067 132.607 21.5 6
2010 9 11 17 6 1.43189 36.2138 134.912 21.8 6
2010 9 11 17 6 1.43189 36.2195 135.011 4.7 5
2010 9 11 17 6 1.53711 36.1977 135.05 21.2 5
2010 9 11 17 6 12.1095 36.1999 132.935 19 6
2010 9 11 17 6 23.1743 36.0005 131.732 27.2 10
2010 9 11 17 6 30.8661 35.2529 131.108 14 5
2010 9 11 17 6 47.6774 36.1937 132.153 26.5 6
2010 9 11 17 6 52.0773 36.0989 132.883 20.4 8
2010 9 11 17 6 52.1276 36.1555 132.801 9.3 5
2010 9 11 17 7 26.4072 36.2061 132.675 20.9 5
2010 9 11 17 7 26.4735 36.1857 132.607 23.9 7
2010 9 11 17 7 26.4735 36.2247 132.851 23.9 5
2010 9 11 17 7 32.4135 36.1474 132.329 23.5 5
2010 9 11 17 7 52.3948 36.2063 132.619 16.8 8
2010 9 11 17 7 52.4761 36.2123 132.615 23.2 8
2010 9 11 17 8 14.3349 36.2132 132.901 24.8 10
2010 9 11 17 8 14.4424 36.1371 132.91 12.1 6
2010 9 11 17 8 14.4875 36.0749 132.922 6.8 5
2010 9 11 17 8 15.0035 36.1381 132.907 14 6
2010 9 11 17 8 35.7457 36.0434 131.792 20 6
2010 9 11 17 8 35.8153 36.0192 131.783 29.9 6
2010 9 11 17 8 54.9259 36.1092 132.561 14.8 7
2010 9 11 17 8 54.9789 36.1096 132.745 18.4 6
2010 9 11 17 9 33.2191 35.9787 131.739 22.8 10
2010 9 11 17 9 33.2735 35.9798 131.799 22.7 7
2010 9 11 17 9 33.3007 35.9238 131.757 13.9 6
2010 9 11 17 9 33.3471 35.9599 131.739 28.3 8
2010 9 11 17 9 36.4013 36.1502 132.604 10.3 5
2010 9 11 17 9 36.4554 36.1949 132.785 28.9 8
2010 9 11 17 9 36.486 36.0974 132.772 8.4 5
2010 9 11 17 9 36.5217 36.1888 132.851 26.8 6
2010 9 11 17 10 9.3302 36.0902 133.754 20.9 7
2010 9 11 17 10 19.1512 36.0518 132.905 27.7 6
2010 9 11 17 10 19.2128 36.0994 132.89 18.3 10
2010 9 11 17 10 19.356 36.1482 132.887 27.3 8
2010 9 11 17 10 40.6956 35.9517 131.74 21.9 9
2010 9 11 17 11 11.0941 36.1374 132.957 10.7 5
2010 9 11 17 11 11.2838 36.1596 133.083 26.7 7
2010 9 11 17 11 11.4959 36.1621 133.101 24.3 6
2010 9 11 17 11 29.1802 36.1511 132.063 13.6 8
2010 9 11 17 11 45.0005 36.1269 135.674 13.2 5
2010 9 11 17 12 1.58208 36.1704 133.234 24.3 6
2010 9 11 17 12 6.07781 36.2109 132.764 27.3 10
2010 9 11 17 12 6.42669 36.2911 132.774 24.6 5
2010 9 11 17 12 33.3705 35.9574 131.787 25.8 7
2010 9 11 17 12 33.4579 35.9215 131.756 15.7 7
2010 9 11 17 12 33.5517 35.9944 131.736 19.9 7
2010 9 11 17 12 58.5473 36.2415 132.952 21.3 5
2010 9 11 17 13 2.42212 36.1932 135.356 27.1 6
2010 9 11 17 13 13.7515 37.5896 138.387 26.4 9
2010 9 11 17 13 23.031 35.9476 131.709 21.8 7
2010 9 11 17 13 23.2507 35.9743 131.762 22.7 9
2010 9 11 17 13 49.6836 36.0757 134.047 18.4 7
2010 9 11 17 14 6.86789 36.0913 131.84 15 6
2010 9 11 17 14 6.97943 36.0289 131.755 26.7 8
2010 9 11 17 14 7.08465 35.9857 131.764 28.9 9
2010 9 11 17 14 7.19005 35.8451 131.769 8 5
2010 9 11 17 15 14.1115 35.9775 131.8 22.7 8
2010 9 11 17 15 14.2241 35.8726 131.734 10.8 5
2010 9 11 17 15 49.0217 36.2391 132.8 17.2 5
2010 9 11 17 15 49.0703 36.2639 133.305 12.1 5
2010 9 11 17 15 51.0979 35.788 131.782 10.2 5
2010 9 11 17 15 51.364 35.9863 131.752 20.9 7
2010 9 11 17 16 2.87786 36.1429 132.361 26.2 6
2010 9 11 17 16 33.1685 35.9874 131.837 27 9
2010 9 11 17 16 47.5926 36.124 135.156 19.1 5
2010 9 11 17 17 5.17223 36.1746 132.562 28.5 9
2010 9 11 17 17 5.60173 36.1951 132.483 26.3 12
2010 9 11 17 17 52.8226 36.3513 135.581 19.7 9
2010 9 11 17 18 19.2299 36.048 131.849 27.3 10
2010 9 11 17 18 52.5713 36.2265 132.748 24.5 10
2010 9 11 17 18 52.6393 36.1971 132.734 29.3 7
2010 9 11 17 19 7.30098 35.9473 131.808 18.9 5
2010 9 11 17 19 7.43538 35.9986 131.829 24.6 8
2010 9 11 17 19 7.63556 36.0408 131.925 21.8 6
2010 9 11 17 19 34.183 36.222 133.16 2.2 5
2010 9 11 17 21 14.5615 36.1134 133.84 20.2 8
2010 9 11 17 21 27.3197 36.139 132.119 27.4 7
2010 9 11 17 22 26.8198 36.1055 133.234 21.6 7
2010 9 11 17 22 31.9337 36.149 132.937 8.8 6
2010 9 11 17 23 2.6729 36.0651 132.16 15.5 5
2010 9 11 17 23 2.71212 36.1716 132.348 20.8 5
2010 9 11 17 23 3.37051 36.2434 132.306 29.2 10
2010 9 11 17 23 3.39194 36.1488 132.321 21.6 5
2010 9 11 17 23 6.94753 36.1342 132.701 26.9 7
2010 9 11 17 23 34.7837 36.1612 132.168 27.4 7
2010 9 11 17 23 34.7874 36.1191 132.155 23 11
2010 9 11 17 23 35.3941 36.211 133.262 24.1 5
2010 9 11 17 23 35.434 36.1235 133.018 22.3 10
2010 9 11 17 24 6.20212 35.9939 131.952 26.3 6
2010 9 11 17 24 6.27183 35.9495 131.929 15.8 5
2010 9 11 17 24 6.38355 35.8401 131.884 8.4 5
2010 9 11 17 24 6.46862 35.9912 131.784 14.9 7
2010 9 11 17 24 8.07157 36.3062 132.938 16.8 6
2010 9 11 17 24 44.168 36.105 132.789 22.8 8
2010 9 11 17 26 7.48036 36.089 132.683 22.9 6
2010 9 11 17 26 36.5646 36.0982 135.026 21.2 6
2010 9 11 17 26 44.161 36.14 133.382 26.6 7
2010 9 11 17 26 45.5664 36.0615 131.85 23.7 8
2010 9 11 17 26 51.8528 36.1123 132.202 30 10
2010 9 11 17 26 51.9092 36.1278 132.108 25 6
2010 9 11 17 27 10.5351 36.2052 132.734 18.7 8
2010 9 11 17 27 11.4034 36.0082 132.165 21 6
2010 9 11 17 27 35.5843 36.1052 132.305 25.5 6
2010 9 11 17 27 36.6261 36.015 132.207 19.6 7
2010 9 11 17 27 51.8122 36.0525 133.092 14.1 7
2010 9 11 17 28 25.6421 35.9886 134.572 16 5
2010 9 11 17 28 40.2184 36.0912 132.048 27.4 6
2010 9 11 17 29 12.2271 35.9147 131.88 23.7 5
2010 9 11 17 29 12.5212 36.0227 131.987 27.7 6
2010 9 11 17 29 14.9048 36.1639 132.223 26.7 9
2010 9 11 17 29 22.723 36.0389 134.389 21.7 6
2010 9 11 17 29 22.7755 36.0947 134.808 25.7 6
2010 9 11 17 29 23.1659 36.1791 134.64 26.5 7
2010 9 11 17 29 45.0192 36.1457 132.249 24.9 10
2010 9 11 17 29 45.0517 36.1161 132.23 21.5 7
2010 9 11 17 29 45.0884 36.1629 132.82 14.1 5
2010 9 11 17 29 45.1254 36.0585 132.24 12.6 5
2010 9 11 17 29 45.1254 36.1918 132.355 27.1 5
2010 9 11 17 30 2.00651 36.0351 131.871 24.3 6
2010 9 11 17 30 2.31251 36.032 131.845 28.4 7
2010 9 11 17 30 2.43887 35.9484 131.842 15.7 7
2010 9 11 17 30 13.283 36.0267 132.108 10 6
2010 9 11 17 30 17.6119 36.0543 132.09 18.3 7
2010 9 11 17 30 23.1183 36.1732 134.693 28.6 7
2010 9 11 17 30 23.206 36.1873 134.696 28.2 8
2010 9 11 17 30 33.0072 36.0912 132.452 17.6 6
2010 9 11 17 30 33.1211 36.0833 132.507 11.7 5
2010 9 11 17 30 34.16 36.2184 132.648 26.8 12
2010 9 11 17 30 35.1909 36.0876 133.092 15.7 5
2010 9 11 17 30 35.191 36.2409 132.98 28 7
2010 9 11 17 30 35.2492 36.2663 133.216 25.9 5
2010 9 11 17 30 39.3292 36.2422 132.206 14.8 5
2010 9 11 17 30 39.4311 36.0976 132.362 27 6
2010 9 11 17 30 48.0849 35.9638 131.923 20.2 5
2010 9 11 17 30 48.1475 35.9363 131.881 17 7
2010 9 11 17 31 10.2057 35.9908 132.245 17.1 7
2010 9 11 17 31 10.2469 36.0933 132.204 22.9 8
2010 9 11 17 31 10.4384 36.1287 132.366 23.2 7
2010 9 11 17 31 42.9047 36.1537 132.725 13.7 8
2010 9 11 17 31 42.9049 36.1236 133.341 27.6 6
2010 9 11 17 31 43.7326 36.1388 132.286 17.1 5
2010 9 11 17 31 47.4117 36.0201 131.945 28 7
2010 9 11 17 32 16.5238 36.1699 132.277 27.9 9
2010 9 11 17 32 16.6675 36.1471 132.256 29.9 9
2010 9 11 17 32 16.8119 36.1048 132.291 27.6 11
2010 9 11 17 32 53.0215 36.1054 132.332 28.2 6
2010 9 11 17 33 19.8055 36.0625 134.675 17.1 6
2010 9 11 17 33 21.4521 36.1277 134.763 28.9 7
2010 9 11 17 33 21.4883 36.1067 134.649 26.5 5
2010 9 11 17 33 39.4985 36.1464 132.268 26 6
2010 9 11 17 34 0.207141 35.9599 131.899 18.2 5
2010 9 11 17 34 0.261676 35.9736 131.931 22.5 8
2010 9 11 17 34 56.9677 36.1558 132.252 27.6 7
2010 9 11 17 34 57.0357 36.1282 132.289 13.1 5
2010 9 11 17 34 57.0358 36.1184 132.362 29.5 9
2010 9 11 17 34 57.0823 36.1537 132.276 21.6 8
2010 9 11 17 34 57.1169 36.1402 132.244 29 10
2010 9 11 17 34 57.2054 36.1347 132.268 29.5 11
2010 9 11 17 34 57.3466 36.1217 132.268 29 8
2010 9 11 17 35 49.082 35.9482 131.89 19.5 6
2010 9 11 17 36 7.18086 36.0118 131.923 21.5 7
2010 9 11 17 36 24.662 36.1075 133.17 17.6 12
2010 9 11 17 36 25.207 36.1772 133.307 24.7 5
2010 9 11 17 36 34.5399 36.117 134.779 18.7 5
2010 9 11 17 37 8.92369 35.9297 131.901 27.2 5
2010 9 11 17 37 9.05185 35.9573 131.798 26.6 8
2010 9 11 17 37 9.16476 36.0232 131.815 23.4 7
2010 9 11 17 37 9.25351 35.8975 131.887 24.1 5
2010 9 11 17 37 9.25351 35.9757 131.813 27.6 5
2010 9 11 17 37 51.3479 36.0438 131.917 29.6 11
2010 9 11 17 37 59.0344 35.8374 133.797 19.1 5
2010 9 11 17 38 59.2896 36.0967 133.137 23.9 11
2010 9 11 17 38 59.3589 35.9103 133.176 22.3 5
2010 9 11 17 38 59.3589 36.0166 133.209 22 5
2010 9 11 17 39 21.7524 36.0493 131.961 28.8 8
2010 9 11 17 39 54.0134 36.0477 131.917 29 6
2010 9 11 17 40 26.1287 36.0836 131.935 23.7 6
2010 9 11 17 40 58.4771 35.9218 131.864 21 5
2010 9 11 17 40 58.4771 35.9929 131.836 7.2 6
2010 9 11 17 41 29.0996 36.0217 132.11 18 6
2010 9 11 17 41 29.823 36.08 131.89 3.1 6
2010 9 11 17 41 51.5605 36.1228 132.281 28 8
2010 9 11 17 42 12.5822 36.1643 132.475 29.9 7
2010 9 11 17 42 20.4202 35.9987 132.375 5.3 5
2010 9 11 17 42 42.6128 35.9845 131.847 19.5 5
2010 9 11 17 43 2.86333 36.092 132.316 20.5 8
2010 9 11 17 43 2.96696 36.1321 132.383 28.4 9
2010 9 11 17 43 28.4436 36.1415 132.893 14.4 5
2010 9 11 17 43 30.9501 35.9991 131.935 29.4 10
2010 9 11 17 43 31.0645 36.0635 132.051 28.7 7
2010 9 11 17 43 32.295 36.0752 132.202 27.1 6
2010 9 11 17 43 32.3717 36.0859 132.105 25.9 12
2010 9 11 17 44 6.28084 36.0415 131.962 24.9 13
2010 9 11 17 44 6.40149 35.9859 131.98 23.5 7
2010 9 11 17 44 23.3896 36.082 132.364 29.5 8
2010 9 11 17 44 38.5129 36.0629 131.962 27.3 9
2010 9 11 17 44 38.6172 36.0619 131.953 29.8 8
2010 9 11 17 44 38.6764 35.9529 131.95 17 7
2010 9 11 17 45 0.738573 36.0805 132.285 14.4 5
2010 9 11 17 45 13.8448 36.13 132.392 26 8
2010 9 11 17 45 13.9193 35.93 132.409 5.3 5
2010 9 11 17 45 13.9963 36.0336 132.361 19 6
2010 9 11 17 45 14.1146 35.9049 132.436 9.2 5
2010 9 11 17 45 23.5088 35.9481 131.923 10.7 5
2010 9 11 17 45 23.6124 35.9611 131.906 17.4 6
2010 9 11 17 45 54.9544 35.9951 132.454 11.9 5
2010 9 11 17 46 3.13337 36.1418 133.217 27.9 8
2010 9 11 17 46 45.9297 36.0376 132.235 24.3 7
2010 9 11 17 47 9.22276 36.149 132.392 22.2 12
2010 9 11 17 47 9.95411 36.0949 132.25 14.1 6
2010 9 11 17 47 49.0552 36.0104 131.899 27.9 8
2010 9 11 17 47 49.121 36.0251 131.932 27.1 5
2010 9 11 17 47 58.277 35.975 133.485 28.8 6
2010 9 11 17 48 19.5702 36.0121 133.903 27.8 9
2010 9 11 17 48 19.5812 36.035 133.964 25.6 5
2010 9 11 17 48 21.6896 36.112 132.42 26.6 7
2010 9 11 17 48 21.7481 36.0761 132.339 23.2 5
2010 9 11 17 48 21.8422 36.1242 132.408 29.2 6
2010 9 11 17 48 58.9507 36.1346 132.445 21.9 7
2010 9 11 17 49 9.65263 36.0654 132.056 26 5
2010 9 11 17 49 9.69769 36.035 131.992 28.9 8
2010 9 11 17 49 9.77164 35.9936 132.004 16.6 6
2010 9 11 17 49 9.80612 35.941 132.016 9.6 5
2010 9 11 17 49 9.89333 36.085 131.975 28.2 11
2010 9 11 17 49 14.7135 36.0996 132.418 25.9 8
2010 9 11 17 49 14.771 36.1348 132.607 26 5
2010 9 11 17 49 38.579 36.0971 132.428 26.6 11
2010 9 11 17 49 38.6331 35.998 132.474 5.9 5
2010 9 11 17 49 38.6331 36.1361 132.355 29.3 7
2010 9 11 17 49 54.1954 36.0087 134.123 21.2 6
2010 9 11 17 51 14.2122 36.0248 132.457 16.5 7
2010 9 11 17 51 29.5684 36.1016 132.106 24.1 8
2010 9 11 17 51 29.5906 36.0227 132.159 7.2 5
2010 9 11 17 51 29.6175 36.0624 132.102 28.5 10
2010 9 11 17 51 29.6641 36.0539 132.115 30 9
2010 9 11 17 51 29.7344 36.087 132.108 25.8 9
2010 9 11 17 51 29.7702 36.0219 132.131 18.2 6
2010 9 11 17 51 29.8169 36.002 132.126 20.8 5
2010 9 11 17 51 29.8853 36.111 132.112 25.1 12
2010 9 11 17 51 29.9434 35.9831 132.155 8.1 5
2010 9 11 17 52 13.0225 36.208 132.524 19.1 6
2010 9 11 17 52 13.1378 36.1582 132.463 21.4 7
2010 9 11 17 52 13.2363 36.1809 132.675 17.5 5
2010 9 11 17 52 45.5335 36.0638 132.492 22.4 8
2010 9 11 17 53 23.3234 36.1024 132.384 16.6 5
2010 9 11 17 53 35.9692 35.9705 132.512 7.8 6
2010 9 11 17 53 36.0004 36.0867 132.47 20 5
2010 9 11 17 53 53.279 36.0149 133.929 28.4 8
2010 9 11 17 54 8.31957 36.0538 132.117 25.8 8
2010 9 11 17 54 21.1261 36.2152 132.507 25.3 6
2010 9 11 17 54 47.9257 36.0042 132.032 6.7 5
2010 9 11 17 54 54.5323 35.9958 132.193 5.2 6
2010 9 11 17 55 28.0331 36.122 132.16 24.7 5
2010 9 11 17 55 31.475 36.2558 132.589 12.3 5
2010 9 11 17 56 3.79655 36.1829 132.513 24 11
2010 9 11 17 56 3.83137 36.1331 132.485 25.5 11
2010 9 11 17 56 3.87745 36.1798 132.521 25.8 8
2010 9 11 17 56 28.6396 36.1111 132.378 15.3 5
2010 9 11 17 56 28.6941 36.2225 132.208 26.6 6
2010 9 11 17 56 28.7514 36.1357 132.195 28.1 11
2010 9 11 17 56 35.1067 36.2058 132.551 13.1 6
2010 9 11 17 56 46.2007 36.1786 132.566 28.2 9
2010 9 11 17 56 46.267 36.1575 132.529 26.3 11
2010 9 11 17 57 1.16282 35.9855 132.222 6.5 5
2010 9 11 17 57 13.2488 36.1072 132.532 27.5 9
2010 9 11 17 57 13.3464 36.0782 132.499 25.8 9
2010 9 11 17 57 41.9801 36.1361 132.169 20.8 7
2010 9 11 17 57 48.339 36.0002 132.196 7.6 5
2010 9 11 17 58 10.6919 36.1353 132.669 20.1 5
2010 9 11 17 58 10.7314 36.0501 132.555 17.2 7
2010 9 11 17 58 10.7943 36.0639 132.554 12.1 6
2010 9 11 17 58 10.8778 36.1235 132.569 29.5 12
2010 9 11 17 58 19.6536 35.4199 131.754 6 5
2010 9 11 17 58 19.9333 35.4328 131.758 5.5 5
2010 9 11 17 58 23.2843 36.1414 132.149 21 6
2010 9 11 17 58 23.3631 36.1185 132.152 25.3 8
2010 9 11 17 58 47.9384 36.169 132.517 20.7 6
2010 9 11 17 59 0.768948 35.5654 131.641 23.5 5
2010 9 11 17 59 17.9496 35.9708 132.232 7.8 6
2010 9 11 17 59 18.0097 36.0411 132.205 16.2 8
2010 9 11 17 59 18.2361 35.9888 132.236 5.9 5
2010 9 11 17 59 32.9242 36.1059 132.584 7.4 5
2010 9 11 17 59 32.9242 36.1657 132.573 29.1 6
2010 9 11 17 59 32.9706 36.1338 132.574 28.5 5
2010 9 11 17 59 46.4403 36.0879 132.305 18.1 7
2010 9 11 17 59 46.5 36.1165 132.299 28.6 8
2010 9 11 17 59 46.5539 36.1167 132.273 27.8 8
2010 9 11 17 59 49.8864 35.4556 131.779 5.6 5
2010 9 11 17 59 50.4358 36.107 133.315 25.9 6
2010 9 11 17 59 50.4415 36.0655 133.611 12.6 5
2010 9 11 17 59 50.6114 36.2312 133.448 18.4 7
2010 9 11 18 0 26.2706 36.2073 132.595 27.6 8
2010 9 11 18 0 26.2738 36.0551 132.613 0.9 5
2010 9 11 18 0 44.5385 36.0378 132.204 8.5 6
2010 9 11 18 1 5.05382 36.1322 132.695 17.3 5
2010 9 11 18 1 5.11046 36.0605 132.578 4.5 5
2010 9 11 18 1 5.20187 36.2046 132.637 27 6
2010 9 11 18 1 5.2752 36.053 132.595 19.2 6
2010 9 11 18 1 5.27522 36.1429 132.608 29.1 5
2010 9 11 18 1 20.0269 36.0686 132.211 28.5 11
2010 9 11 18 1 20.7037 36.0529 132.251 10.9 5
2010 9 11 18 1 58.4411 36.1411 132.805 23 5
2010 9 11 18 1 58.5207 35.996 132.836 9.6 5
2010 9 11 18 2 54.6105 36.0961 132.21 27.2 12
2010 9 11 18 2 54.6448 36.1072 132.373 21.7 6
2010 9 11 18 2 54.7161 36.0392 132.274 4.8 5
2010 9 11 18 2 54.8391 36.0894 132.264 18.3 5
2010 9 11 18 2 54.9485 36.0586 132.275 23.1 6
2010 9 11 18 2 54.9486 36.098 132.537 13.1 6
2010 9 11 18 3 52.2129 35.5432 131.788 26.6 9
2010 9 11 18 3 52.2538 36.1494 132.645 29 10
2010 9 11 18 3 52.3285 36.056 132.682 18.5 6
2010 9 11 18 3 52.3579 36.1666 132.643 28 10
2010 9 11 18 4 9.18453 36.1291 132.202 28.6 8
2010 9 11 18 4 33.9232 36.1338 132.625 29.1 10
2010 9 11 18 5 6.67093 35.6472 131.798 27.5 10
2010 9 11 18 5 9.99323 36.103 132.284 29.8 7
2010 9 11 18 5 10.1942 36.1154 132.273 27.5 9
2010 9 11 18 5 23.4839 36.8073 131.98 6.6 5
2010 9 11 18 5 23.4842 36.0738 132.591 20.3 8
2010 9 11 18 5 23.6672 36.1633 132.616 25.6 7
2010 9 11 18 5 59.5941 35.5955 131.867 25.6 9
2010 9 11 18 5 59.7547 35.429 131.882 7.1 6
2010 9 11 18 6 5.2092 36.139 135.327 20.1 6
2010 9 11 18 6 18.6695 36.199 132.693 20.8 8
2010 9 11 18 6 25.821 36.1873 132.349 20.5 6
2010 9 11 18 6 25.8678 36.1583 132.38 24.9 9
2010 9 11 18 6 52.233 36.1356 132.631 23.2 7
2010 9 11 18 6 53.3815 35.9972 133.803 18.6 5
2010 9 11 18 7 9.02009 35.6332 131.832 21.6 9
2010 9 11 18 7 31.5352 36.1042 131.97 28.4 5
2010 9 11 18 8 1.03587 35.7405 132 26.6 8
2010 9 11 18 8 2.70376 36.1828 134.279 14.4 5
2010 9 11 18 8 55.4994 36.14 132.658 26.2 10
2010 9 11 18 8 55.5313 36.1149 132.642 24.9 10
2010 9 11 18 8 55.5794 36.1624 132.678 20.3 12
2010 9 11 18 8 55.6763 36.1244 132.677 27 7
2010 9 11 18 8 55.6763 36.1551 132.531 12.7 5
2010 9 11 18 9 8.79855 35.8502 133.838 25 6
2010 9 11 18 9 18.4725 35.6643 131.851 21.5 8
2010 9 11 18 9 31.919 36.1411 132.246 25.1 10
2010 9 11 18 10 9.73044 35.99 133.845 9.7 7
2010 9 11 18 10 9.74958 35.9471 133.768 19.4 5
2010 9 11 18 10 12.1606 36.1105 135.297 25.1 11
2010 9 11 18 10 52.146 36.3485 132.377 10.6 6
2010 9 11 18 10 52.1892 36.1934 132.41 23.5 5
2010 9 11 18 10 52.2534 36.1856 132.643 15.1 5
2010 9 11 18 11 6.34262 36.1728 132.702 27.8 10
2010 9 11 18 11 6.46874 36.0316 132.728 14.3 5
2010 9 11 18 11 6.53111 36.0047 132.701 10.5 5
2010 9 11 18 11 6.68194 36.1579 132.637 26.7 5
2010 9 11 18 11 11.8152 36.5667 133.706 16.3 14
2010 9 11 18 11 53.0753 36.1667 132.727 20.1 6
2010 9 11 18 11 53.1419 36.1419 132.681 4.8 5
2010 9 11 18 11 53.3116 36.1307 132.728 9.7 5
2010 9 11 18 12 36.8967 35.6678 132.021 20.7 9
2010 9 11 18 14 3.47102 36.1672 132.684 21.1 5
2010 9 11 18 14 33.947 35.5253 131.916 6.6 5
2010 9 11 18 15 19.3987 36.0321 132.727 12.6 5
2010 9 11 18 15 52.9115 35.7187 132.106 21.6 6
2010 9 11 18 15 52.9875 35.7355 132.081 24.4 8
2010 9 11 18 15 53.5995 35.636 132.063 17.4 5
2010 9 11 18 17 3.78985 36.0142 133.907 6.8 6
2010 9 11 18 17 16.3917 35.6967 132.03 21.5 9
2010 9 11 18 17 35.3791 36.1857 135.479 16.4 5
2010 9 11 18 18 43.8365 35.7123 132.051 20.4 10
2010 9 11 18 18 43.9313 35.8616 131.931 27.8 8
2010 9 11 18 19 1.86 35.8965 133.82 24 9
2010 9 11 18 19 12.1726 36.0794 132.982 15.1 5
2010 9 11 18 19 12.2676 36.1629 132.792 7 6
2010 9 11 18 19 15.934 35.7715 132.096 18.5 10
2010 9 11 18 19 16.0189 35.6849 132.083 20.9 6
2010 9 11 18 19 50.4591 36.2974 132.772 7.7 6
2010 9 11 18 19 50.6337 36.2658 132.667 8.2 5
2010 9 11 18 19 51.0326 36.5787 133.667 8.8 8
2010 9 11 18 19 52.417 35.7389 132.082 25.2 7
2010 9 11 18 21 20.7534 35.9826 133.97 23.9 9
2010 9 11 18 21 25.3932 35.758 132.056 9 5
2010 9 11 18 21 25.4645 35.7382 132.13 24.2 9
2010 9 11 18 22 9.22991 36.1872 135.504 19.4 6
2010 9 11 18 22 9.29748 36.1949 135.496 19 7
2010 9 11 18 22 9.32817 36.1409 135.488 29.4 5
2010 9 11 18 23 22.3236 36.1358 132.781 12.5 7
2010 9 11 18 23 22.9844 36.1895 133.295 28.3 10
2010 9 11 18 23 31.115 36.2312 132.453 21.4 9
2010 9 11 18 24 29.1797 35.7881 132.189 22.2 8
2010 9 11 18 24 52.0197 36.0016 133.951 18 7
2010 9 11 18 24 52.1235 35.9866 133.949 21.6 8
2010 9 11 18 24 56.2418 36.0999 132.884 28.5 8
2010 9 11 18 25 0.989605 36.244 132.586 21.9 9
2010 9 11 18 25 1.09348 36.2306 132.624 25.8 12
2010 9 11 18 25 1.12829 36.1913 132.569 29.9 5
2010 9 11 18 25 47.0638 35.7068 131.981 3.1 5
2010 9 11 18 25 47.3766 35.6732 132.007 16.7 7
2010 9 11 18 26 27.6552 35.8944 132.182 16.1 5
2010 9 11 18 28 27.5789 36.2107 135.515 19.4 9
2010 9 11 18 28 27.6968 36.1766 135.546 25.6 7
2010 9 11 18 29 19.4939 35.7172 132.223 9.8 6
2010 9 11 18 31 7.42274 35.9031 134.079 25 6
2010 9 11 18 31 28.5398 35.9056 132.09 29.6 7
2010 9 11 18 31 28.6103 35.9998 132.224 2.7 6
2010 9 11 18 32 38.1943 35.9466 134.427 15 6
2010 9 11 18 32 45.0067 36.2181 132.876 22.2 9
2010 9 11 18 32 56.0461 37.6678 138.234 18.1 7
2010 9 11 18 34 41.4932 36.1096 135.678 25.8 7
2010 9 11 18 35 22.6837 35.9535 133.784 18.6 10
2010 9 11 18 35 22.7339 35.9733 133.827 20 6
2010 9 11 18 35 45.1369 36.2088 132.774 20.5 9
2010 9 11 18 36 14.2135 35.6249 131.894 20 10
2010 9 11 18 37 4.19761 35.8884 133.774 12.5 8
2010 9 11 18 37 44.8372 35.9501 132.169 24.1 8
2010 9 11 18 37 49.501 36.2768 132.823 8.2 7
2010 9 11 18 38 53.7565 35.6103 131.881 23.1 5
2010 9 11 18 42 4.3345 35.9563 133.897 21.7 9
2010 9 11 18 43 15.1742 35.6507 132.013 26.6 7
2010 9 11 18 44 46.7937 35.6406 131.991 29 10
2010 9 11 18 44 51.6089 35.9651 134.178 28.6 10
2010 9 11 18 44 51.9273 35.9606 133.883 24.7 5
2010 9 11 18 45 3.32092 36.4824 133.327 14.7 6
2010 9 11 18 47 32.1009 35.6351 131.964 16.4 7
2010 9 11 18 47 32.1604 35.6764 132.141 29.2 9
2010 9 11 18 49 13.4834 35.6116 132.042 17 11
2010 9 11 18 49 13.6445 35.6541 132.059 27.2 11
2010 9 11 18 49 49.2202 35.9709 133.504 17.6 7
2010 9 11 18 50 59.6398 35.6811 132.001 24.1 9
2010 9 11 18 51 38.4589 36.5532 133.268 21 8
2010 9 11 18 53 11.2802 35.5703 132.072 14.8 6
2010 9 11 18 53 11.2803 35.7098 132.132 17.2 7
2010 9 11 18 55 25.9639 35.7652 132.077 6.6 5
2010 9 11 18 55 26.0769 35.4867 131.99 14.2 6
2010 9 11 18 56 27.8345 36.1353 132.461 16 7
2010 9 11 18 57 22.7478 36.681 131.854 26.8 5
2010 9 11 18 57 22.8278 36.1619 132.552 27.2 5
2010 9 11 18 59 47.0321 36.1592 132.613 19.2 5
2010 9 11 19 0 16.7043 35.9899 133.56 16.9 6
2010 9 11 19 0 16.8686 35.6047 131.992 29 6
2010 9 11 19 2 2.47264 36.1679 132.65 25.3 10
2010 9 11 19 2 2.53459 36.1479 132.704 6.5 5
2010 9 11 19 3 11.4948 36.1272 132.611 24.9 7
2010 9 11 19 3 47.5168 36.1246 132.572 17 5
2010 9 11 19 4 39.7642 36.0579 132.547 19.3 6
2010 9 11 19 4 50.4457 36.2004 133.363 18.4 6
2010 9 11 19 4 50.5917 36.3265 133.523 21.2 10
2010 9 11 19 8 8.66951 36.1123 132.556 23.3 6
2010 9 11 19 8 23.7251 36.1312 132.595 23.5 9
2010 9 11 19 8 24.0203 36.1958 132.687 14.3 6
2010 9 11 19 8 48.1808 35.6374 132.058 21.1 9
2010 9 11 19 8 48.2265 35.6425 132.062 27.7 8
2010 9 11 19 8 48.2484 35.4957 132.013 27.8 5
2010 9 11 19 8 48.2648 35.4779 132.015 27.3 5
2010 9 11 19 8 48.379 35.6544 132.104 26.5 8
2010 9 11 19 10 56.5752 36.3972 133.369 10.7 5
2010 9 11 19 11 9.05222 35.639 132.256 8.3 5
2010 9 11 19 11 16.8378 36.1521 132.665 25.9 7
2010 9 11 19 11 16.8782 36.1971 132.71 8.8 7
2010 9 11 19 13 58.746 36.1614 132.615 22.1 5
2010 9 11 19 13 58.746 36.1395 132.611 16.3 6
2010 9 11 19 13 58.8091 36.0853 132.488 27 8
2010 9 11 19 14 24.7232 35.6504 132.179 22.6 7
2010 9 11 19 15 52.1287 36.2333 132.708 23.1 5
2010 9 11 19 15 55.2486 35.6589 132.151 21 7
2010 9 11 19 17 21.902 36.1276 132.744 16.8 6
2010 9 11 19 17 59.2335 35.7171 132.173 9.7 6
2010 9 11 19 20 34.0008 35.5534 132.124 24.3 5
2010 9 11 19 21 29.393 36.1818 132.78 6 5
2010 9 11 19 22 0.33879 36.0933 132.934 5.7 5
2010 9 11 19 23 53.8029 36.2081 132.997 9.3 5
2010 9 11 19 26 41.2494 36.1964 132.74 15.4 5
2010 9 11 19 27 40.9522 36.1429 132.918 24.3 5
2010 9 11 19 30 13.0407 36.1373 133.005 6.9 6
2010 9 11 19 30 13.4179 36.1701 132.972 28.5 9
2010 9 11 19 47 16.196 36.2582 133.57 17.7 6
2010 9 11 20 1 49.7553 36.2748 133.706 5.1 5
2010 9 11 20 27 28.6968 37.4798 137.824 20.5 5
2010 9 11 20 28 31.9178 37.5638 137.88 21 5
2010 9 11 20 32 33.2793 37.413 137.918 2.4 5
2010 9 11 20 40 47.9849 35.9044 133.365 17.7 6
2010 9 11 20 43 30.5631 35.8818 133.351 15.1 8
2010 9 11 20 43 30.6616 35.8618 133.383 4.2 5
2010 9 11 20 46 13.2563 37.4569 137.645 6.9 5
2010 9 11 20 46 13.5904 35.9133 133.407 14.2 7
2010 9 11 20 49 20.5026 35.9399 133.379 21 7
2010 9 11 20 49 54.6583 37.4301 137.661 14.3 6
2010 9 11 20 52 57.5131 35.9234 133.391 17.5 8
2010 9 11 20 53 9.28882 37.4199 137.664 8.2 5
2010 9 11 20 53 9.32808 37.4423 137.65 12 5
2010 9 11 20 55 43.7976 35.9082 133.446 14.1 11
2010 9 11 20 55 43.8396 35.8913 133.411 10.9 6
2010 9 11 20 55 43.868 35.9153 133.452 17.6 6
2010 9 11 20 57 24.6245 35.91 133.447 17.4 9
2010 9 11 20 57 24.6593 35.9112 133.449 15.8 6
2010 9 11 21 42 32.9508 36.9087 137.147 3 5
2010 9 11 21 48 54.6028 36.9878 137.252 20.4 5
2010 9 11 21 50 0.845714 35.953 132.52 19.1 5
2010 9 11 21 52 50.2762 35.9616 132.623 11.8 5
2010 9 11 22 13 44.3337 35.1472 129.399 14.5 6
2010 9 11 22 20 2.63137 35.0118 129.456 17.8 5
2010 9 11 22 22 12.3663 37.3396 138.215 18.7 5
2010 9 11 22 22 30.3966 37.4181 138.318 16.7 7
2010 9 11 22 26 2.70406 37.4309 138.313 9.6 6
2010 9 11 22 29 44.191 37.3747 138.269 12.7 6
2010 9 11 22 29 44.1934 37.3827 138.255 14.2 7
2010 9 11 22 31 53.6885 35.1779 129.737 16.9 6
2010 9 11 22 32 32.9367 35.1587 129.623 15.9 7
2010 9 11 22 43 44.8202 38.1943 131.688 8.3 6
2010 9 11 22 47 40.4103 36.89 137.203 17.2 5
2010 9 11 22 52 31.8519 36.865 137.213 17.9 7
2010 9 11 22 52 57.246 35.6942 129.526 4.9 5
2010 9 11 22 53 43.7705 38.0333 131.239 5.8 5
2010 9 11 23 4 51.3851 36.0122 129.599 14.6 5
2010 9 11 23 19 16.6827 36.0396 129.649 19.9 5
2010 9 11 23 20 48.2339 36.0461 129.696 17 5
2010 9 11 23 22 37.8673 37.4963 138.159 8.5 5
2010 9 11 23 24 0.932108 35.0535 130.332 16.6 5
2010 9 11 23 26 22.3522 35.5661 130.253 9.6 7
2010 9 11 23 26 22.3891 35.5347 130.248 13.6 7
2010 9 11 23 26 22.4366 35.526 130.213 6.4 7
2010 9 11 23 27 11.4093 36.0901 129.695 9.7 5
2010 9 11 23 33 41.4963 35.6786 130.396 9.4 6
2010 9 11 23 34 41.0143 38.3118 131.481 8 5
2010 9 11 23 37 52.4716 35.7904 130.526 18.8 5
2010 9 11 23 39 25.135 36.1487 129.893 11 6
2010 9 11 23 39 25.2089 36.1414 129.961 25.1 6
2010 9 11 23 45 28.2772 35.2501 130.602 17.4 6
2010 9 11 23 47 52.1673 35.308 130.481 16 6
2010 9 11 23 52 16.1024 36.2013 129.966 13.8 7
2010 9 12 0 10 35.2334 36.1462 130.482 12.4 7
2010 9 12 0 12 43.2797 36.2972 130.132 25.3 6
2010 9 12 0 15 11.425 36.4221 130.18 20.6 7
2010 9 12 0 16 41.7026 36.3851 130.213 12.6 6
2010 9 12 0 21 35.6663 36.4708 130.262 14.4 6
2010 9 12 0 21 35.8014 36.5173 130.058 1.6 5
2010 9 12 0 21 35.9663 36.3506 130.233 16.3 7
2010 9 12 0 21 37.7769 36.5178 130.036 23 6
2010 9 12 0 22 37.6711 36.5078 130.011 3.2 5
2010 9 12 0 24 59.9522 36.3865 130.217 13.7 7
2010 9 12 0 25 32.8585 36.3837 130.214 14 7
2010 9 12 0 26 34.3881 36.3829 130.231 19.9 6
2010 9 12 0 26 35.032 36.4095 130.247 15.5 7
2010 9 12 0 26 44.5242 36.4713 130.112 1.5 5
2010 9 12 0 27 53.132 36.4225 130.243 17.4 8
2010 9 12 0 28 38.7842 36.4262 130.289 15.8 7
2010 9 12 0 28 39.1617 36.4467 130.254 16.3 7
2010 9 12 0 28 39.5212 36.446 130.246 15.7 8
2010 9 12 0 29 34.0778 36.5303 130.08 13.5 6
2010 9 12 0 31 33.171 36.6011 130.133 13.6 6
2010 9 12 0 32 46.2288 36.4512 130.269 14.3 9
2010 9 12 0 32 46.2888 36.4649 130.289 17.4 8
2010 9 12 0 32 46.8702 36.4726 130.367 12.9 5
2010 9 12 0 32 47.0027 36.3927 130.324 1.9 5
2010 9 12 0 33 36.8299 36.5542 130.06 13 6
2010 9 12 0 34 58.6485 36.4366 130.612 17.5 5
2010 9 12 0 36 45.6461 36.4638 130.462 20.3 8
2010 9 12 0 36 45.8919 36.462 130.478 15 5
2010 9 12 0 38 28.3644 37.377 138.114 14.8 6
2010 9 12 0 38 28.4134 37.3392 138.091 16.7 6
2010 9 12 0 38 28.4316 37.3381 138.074 8.3 5
2010 9 12 0 43 25.2919 36.6174 130.23 8.9 5
2010 9 12 0 45 31.7972 37.3946 138.262 6.8 6
2010 9 12 0 47 33.2888 37.4036 138.26 6.5 7
2010 9 12 0 49 28.021 36.3255 131.223 19.7 9
2010 9 12 0 50 13.6866 36.6236 130.311 4.2 5
2010 9 12 0 50 24.0043 37.4526 138.259 17.5 9
2010 9 12 0 50 24.0585 37.4642 138.269 15.3 9
2010 9 12 0 51 50.9652 36.5934 130.517 18.4 5
2010 9 12 0 51 51.4777 36.5611 130.527 4.5 5
2010 9 12 0 51 51.7436 36.5368 130.48 1.1 5
2010 9 12 0 52 36.1765 37.4463 138.252 26.6 8
2010 9 12 0 52 36.2385 37.6016 138.162 6.8 5
2010 9 12 0 52 36.2385 37.4018 138.301 2.3 5
2010 9 12 0 53 42.0518 36.5721 130.512 8.2 7
2010 9 12 0 54 52.7155 37.4302 138.327 23.4 6
2010 9 12 0 55 50.7455 36.6452 130.477 12.2 7
2010 9 12 0 55 51.209 36.6528 130.445 14.7 6
2010 9 12 0 55 51.8102 36.5538 130.365 5.3 5
2010 9 12 0 57 5.75099 36.6157 130.414 10.1 6
2010 9 12 0 57 20.4653 36.5 130.936 14.7 9
2010 9 12 0 58 0.191976 36.6255 130.436 1.8 5
2010 9 12 1 0 27.4355 36.6393 130.61 8.6 6
2010 9 12 1 0 27.5124 36.6619 130.6 17.4 6
2010 9 12 1 0 27.5801 36.6607 130.588 16.4 6
2010 9 12 1 0 27.8417 36.6097 130.56 7.6 6
2010 9 12 1 0 55.5975 36.6058 130.592 18.6 7
2010 9 12 1 0 55.6868 36.5873 130.582 17.5 7
2010 9 12 1 1 16.4345 36.6724 130.56 15.1 9
2010 9 12 1 1 16.5105 36.6372 130.571 15.2 7
2010 9 12 1 1 16.7361 36.6892 130.536 17.7 8
2010 9 12 1 1 49.2636 36.6409 130.629 13.6 6
2010 9 12 1 2 28.8608 36.6132 130.834 13.3 8
2010 9 12 1 2 55.0323 36.6384 130.594 15.1 8
2010 9 12 1 3 26.0293 36.6955 130.62 24.5 8
2010 9 12 1 5 14.1401 36.58 130.825 6 5
2010 9 12 1 5 50.2061 36.7447 130.632 17.7 8
2010 9 12 1 5 50.2781 36.7558 130.631 15.6 7
2010 9 12 1 5 50.376 36.7326 130.576 14 6
2010 9 12 1 6 29.9354 36.6731 130.637 10.6 7
2010 9 12 1 6 44.134 36.7151 130.471 15.6 7
2010 9 12 1 6 59.1873 36.6642 130.563 7.9 5
2010 9 12 1 6 59.7547 36.7447 130.487 14.8 5
2010 9 12 1 7 8.34513 38.4244 132.647 21 5
2010 9 12 1 7 37.3739 36.6822 130.774 18.4 7
2010 9 12 1 7 37.842 36.6654 130.763 15.3 6
2010 9 12 1 8 37.9835 36.5914 130.887 6.8 5
2010 9 12 1 11 45.6773 36.3818 131.443 16.9 9
2010 9 12 1 12 37.8373 36.7257 130.595 16.5 9
2010 9 12 1 13 5.06952 36.7232 130.494 7 5
2010 9 12 1 13 5.15522 36.7744 130.612 17.3 6
2010 9 12 1 13 37.7752 36.7659 130.787 16.6 7
2010 9 12 1 13 37.8664 36.7795 130.798 17.8 5
2010 9 12 1 13 40.5992 36.687 130.626 24.3 5
2010 9 12 1 14 38.8945 36.7644 130.532 25.6 6
2010 9 12 1 14 39.3453 36.6751 130.512 8.5 5
2010 9 12 1 15 12.6318 36.5165 130.93 21.7 5
2010 9 12 1 16 50.7879 36.7744 130.528 11.7 5
2010 9 12 1 17 23.0899 36.7308 130.609 20.1 5
2010 9 12 1 18 6.16796 36.9541 130.406 4.5 5
2010 9 12 1 18 7.39074 36.7154 130.47 17.6 9
2010 9 12 1 18 7.53437 36.6764 130.473 1.8 5
2010 9 12 1 18 13.537 36.314 130.814 16.4 5
2010 9 12 1 21 14.1425 36.8115 130.97 17.3 7
2010 9 12 1 21 28.4268 36.1611 130.511 3.1 5
2010 9 12 1 22 16.5448 36.807 130.647 8.9 5
2010 9 12 1 23 42.0434 36.5565 130.872 5.2 5
2010 9 12 1 23 42.3111 36.5513 130.85 9.6 6
2010 9 12 1 24 41.1907 36.8012 130.754 6.6 7
2010 9 12 1 28 40.5046 36.8382 130.69 18.6 6
2010 9 12 1 29 58.5086 36.7243 131.032 18.6 6
2010 9 12 1 31 8.32194 36.9235 131.254 2.7 6
2010 9 12 1 31 8.38518 36.9581 131.323 17.2 7
2010 9 12 1 31 38.5474 36.8658 130.738 7.9 8
2010 9 12 1 34 45.5552 36.8661 130.924 4.1 5
2010 9 12 1 37 27.7248 36.833 130.839 1.8 5
2010 9 12 1 37 28.7858 36.9004 130.85 13.2 8
2010 9 12 1 37 33.3337 36.8951 131.068 3.6 5
2010 9 12 1 37 33.4018 36.9891 131.248 10.6 5
2010 9 12 1 38 42.8264 36.7438 130.814 4.8 5
2010 9 12 1 38 43.1086 36.7675 130.763 7.3 5
2010 9 12 1 39 12.2219 36.8568 130.769 12.9 6
2010 9 12 1 41 27.5365 36.9034 131.089 19 6
2010 9 12 1 41 27.7356 36.4899 131.13 4.4 5
2010 9 12 1 41 27.9208 36.4965 131.099 15.2 5
2010 9 12 1 42 31.4916 36.8004 130.895 2.4 5
2010 9 12 1 42 32.2121 36.9405 130.805 20.4 6
2010 9 12 1 42 32.5016 36.9066 130.783 6.3 5
2010 9 12 1 43 6.75276 36.8995 130.764 25.8 6
2010 9 12 1 43 55.9429 36.888 131.279 16.5 6
2010 9 12 1 47 34.6235 36.3778 131.877 16 7
2010 9 12 1 49 5.96295 36.9877 131.148 27.8 6
2010 9 12 1 52 25.5322 37.082 131.391 25.9 7
2010 9 12 1 58 22.3114 36.8994 131.387 15 5
2010 9 12 2 1 55.7718 36.9632 130.757 14.9 6
2010 9 12 2 1 55.8524 37.0159 130.772 21.8 7
2010 9 12 2 2 16.3398 36.9656 137.174 16.1 6
2010 9 12 2 4 26.1458 36.9644 130.766 7.4 5
2010 9 12 2 4 26.2123 37.0674 130.801 16.1 5
2010 9 12 2 4 47.7377 36.9437 137.3 2.5 5
2010 9 12 2 4 47.7644 37.086 137.305 21.2 5
2010 9 12 2 6 42.5868 36.9899 137.237 5.9 5
2010 9 12 2 7 15.6548 37.0949 130.893 29.6 7
2010 9 12 2 7 15.7299 37.0678 130.842 16.1 7
2010 9 12 2 7 39.2759 36.964 130.856 20 6
2010 9 12 2 9 19.4893 36.9905 130.808 13.2 7
2010 9 12 2 9 51.6963 37.1005 130.963 14.4 8
2010 9 12 2 9 51.8562 37.1265 130.973 15.5 6
2010 9 12 2 10 22.2598 36.9657 130.852 13.2 6
2010 9 12 2 11 8.9644 37.0217 131.043 3.6 5
2010 9 12 2 11 22.5242 37.0063 130.837 17.4 5
2010 9 12 2 11 25.8109 37.1064 130.97 18.7 5
2010 9 12 2 11 48.1891 36.9915 130.934 4.5 5
2010 9 12 2 12 14.122 37.0628 130.907 19 6
2010 9 12 2 12 14.2504 37.0979 130.954 18.4 6
2010 9 12 2 13 0.750885 37.0754 130.895 20.1 6
2010 9 12 2 13 0.827466 37.0666 130.937 17.8 6
2010 9 12 2 13 24.3656 36.8775 130.823 5.8 5
2010 9 12 2 13 31.2912 37.0963 131.046 24.5 5
2010 9 12 2 13 53.4851 37.1782 131.675 22.8 6
2010 9 12 2 13 53.7079 37.2731 131.613 16.1 8
2010 9 12 2 13 53.9626 37.039 131.578 16.2 8
2010 9 12 2 13 53.9986 37.0687 131.591 17.8 7
2010 9 12 2 13 54.0833 37.0365 131.578 15.2 6
2010 9 12 2 13 54.1186 37.2965 131.905 23.7 6
2010 9 12 2 13 59.1055 37.0234 130.873 21.5 5
2010 9 12 2 13 59.4792 37.0227 130.867 6.7 5
2010 9 12 2 14 9.76655 37.1054 130.962 14.9 5
2010 9 12 2 14 10.07 37.1198 130.964 14.5 6
2010 9 12 2 14 31.4727 37.0215 137.402 20.8 6
2010 9 12 2 15 32.5815 37.1248 130.954 6.7 6
2010 9 12 2 15 32.9589 36.1569 132.082 23.4 5
2010 9 12 2 15 52.7224 37.0665 130.884 12 6
2010 9 12 2 15 52.7884 36.9771 131.013 8.5 5
2010 9 12 2 16 3.24398 37.18 131.141 11.6 6
2010 9 12 2 17 47.3667 36.899 130.968 4.7 5
2010 9 12 2 18 11.6798 37.0263 130.947 11.7 5
2010 9 12 2 18 28.4004 37.0223 130.875 12.7 7
2010 9 12 2 18 28.4806 37.0068 130.914 14.9 7
2010 9 12 2 18 28.8292 37.0525 130.913 14.3 7
2010 9 12 2 18 40.5822 37.1512 131.067 17.2 7
2010 9 12 2 18 55.4537 37.0736 130.864 22.4 5
2010 9 12 2 18 56.2434 37.0913 132.054 5.7 5
2010 9 12 2 19 14.4788 37.0971 130.991 17.4 6
2010 9 12 2 19 14.6116 37.083 130.988 14.1 6
2010 9 12 2 19 26.3043 37.0834 130.978 22.3 5
2010 9 12 2 19 40.846 36.985 130.88 19 7
2010 9 12 2 19 41.1229 36.9622 130.971 4.5 5
2010 9 12 2 19 41.2728 37.0172 130.96 16.8 8
2010 9 12 2 20 10.3875 36.9951 130.996 4.2 5
2010 9 12 2 20 58.2079 37.1087 130.971 8.5 5
2010 9 12 2 21 12.1609 37.0157 130.913 15.2 8
2010 9 12 2 21 56.5085 37.0744 131 14.4 7
2010 9 12 2 21 56.5364 37.0499 130.941 7.1 6
2010 9 12 2 21 56.6168 37.078 130.986 23.9 7
2010 9 12 2 21 56.7006 37.0435 130.969 14.9 7
2010 9 12 2 22 20.7284 36.9669 130.931 18.3 7
2010 9 12 2 22 20.8215 36.9313 130.976 19.4 6
2010 9 12 2 22 20.927 36.9121 130.943 14 6
2010 9 12 2 22 47.2582 37.0506 130.965 2.1 5
2010 9 12 2 22 51.5774 36.9255 131.642 20.9 6
2010 9 12 2 22 52.0065 36.7418 131.754 6.6 7
2010 9 12 2 22 59.1915 37.0358 130.947 17.2 7
2010 9 12 2 23 8.14118 37.1313 131.059 10.7 5
2010 9 12 2 23 19.3827 36.9339 130.982 1.4 5
2010 9 12 2 23 53.589 37.1161 131.022 20.5 7
2010 9 12 2 23 54.9454 37.1527 131.563 8.6 6
2010 9 12 2 23 54.9706 37.151 131.627 18 9
2010 9 12 2 23 58.5269 37.1116 131.191 1.6 5
2010 9 12 2 24 11.7742 37.0832 131.02 16.2 11
2010 9 12 2 24 14.8255 37.1775 131.078 12.2 7
2010 9 12 2 24 14.9214 37.1619 131.065 15.4 8
2010 9 12 2 24 15.1745 37.2001 131.06 19.4 6
2010 9 12 2 24 30.4891 37.1729 131.06 21.4 6
2010 9 12 2 24 55.2502 36.9552 130.943 5.1 5
2010 9 12 2 24 55.406 36.9866 131.024 20.3 5
2010 9 12 2 25 19.0518 36.9409 131.004 15.8 6
2010 9 12 2 25 19.6039 36.9004 130.943 10 7
2010 9 12 2 25 32.5904 37.164 131.078 6.9 5
2010 9 12 2 25 32.7077 37.1192 131.143 2.6 5
2010 9 12 2 25 58.2518 37.1605 131.032 7.6 6
2010 9 12 2 25 58.6082 37.1391 131.072 15.8 7
2010 9 12 2 26 6.49785 37.197 131.079 17.8 5
2010 9 12 2 26 18.1802 37.1805 131.077 15.2 6
2010 9 12 2 26 52.009 37.1468 131.053 26 6
2010 9 12 2 26 52.127 37.1202 130.996 5.5 5
2010 9 12 2 26 52.9656 37.1036 131.02 7.4 5
2010 9 12 2 27 12.3347 37.112 131.047 15.7 7
2010 9 12 2 27 20.3371 36.7579 131.782 4.8 5
2010 9 12 2 27 30.6089 37.1466 131.095 15.1 7
2010 9 12 2 27 34.6831 37.1962 131.158 17.7 6
2010 9 12 2 27 34.7528 37.2414 131.153 3.8 5
2010 9 12 2 27 34.8778 37.1963 131.102 10.7 6
2010 9 12 2 27 34.9402 37.2093 131.147 17.7 7
2010 9 12 2 28 22.8088 37.1021 131.115 13.3 5
2010 9 12 2 28 23.0143 37.0848 131.025 9.5 5
2010 9 12 2 28 23.334 37.0887 131.067 14.7 7
2010 9 12 2 28 23.4643 37.1042 131.085 15.7 6
2010 9 12 2 28 54.2205 37.1163 131.054 10.2 7
2010 9 12 2 28 54.5655 37.0663 131.075 5.6 6
2010 9 12 2 28 55.1573 37.1818 131.136 7.1 5
2010 9 12 2 28 55.1902 36.7736 130.888 23 6
2010 9 12 2 28 55.2294 36.956 131.032 16.1 7
2010 9 12 2 28 55.2522 36.8887 131.078 4.1 5
2010 9 12 2 30 38.3343 37.164 131.103 16.6 6
2010 9 12 2 30 38.4093 37.0765 131.031 8.6 6
2010 9 12 2 30 38.4981 37.1284 131.083 18.7 8
2010 9 12 2 30 39.1744 37.1945 131.096 16.6 7
2010 9 12 2 30 41.5638 37.3373 131.222 19.2 7
2010 9 12 2 30 43.6844 37.113 131.128 4.9 5
2010 9 12 2 30 54.7796 37.1955 131.146 18.6 6
2010 9 12 2 30 55.1156 37.1691 131.133 29.4 6
2010 9 12 2 31 3.40989 37.0364 131.096 2.5 5
2010 9 12 2 31 7.14079 37.1161 131.223 5.2 5
2010 9 12 2 31 7.14944 37.1061 131.149 9.8 5
2010 9 12 2 31 22.7552 37.0606 131.075 21.4 6
2010 9 12 2 31 22.8 37.0953 131.103 20.5 5
2010 9 12 2 31 40.3934 37.1579 131.21 2.5 5
2010 9 12 2 31 45.9173 37.0401 131.188 2.8 5
2010 9 12 2 32 9.22441 37.123 131.1 4.2 5
2010 9 12 2 32 9.72676 37.0868 131.084 16.6 7
2010 9 12 2 32 21.9165 37.1503 131.099 7.4 6
2010 9 12 2 32 21.9616 37.1888 131.116 9.9 7
2010 9 12 2 32 28.7568 37.3757 131.279 6.6 7
2010 9 12 2 32 30.7173 37.0719 131.037 12.2 5
2010 9 12 2 32 42.4147 37.0517 131.024 8.4 5
2010 9 12 2 32 51.6767 37.344 131.339 7.1 6
2010 9 12 2 32 52.0574 37.1634 131.112 8.9 6
2010 9 12 2 32 52.4983 37.1449 131.146 19.5 6
2010 9 12 2 33 1.25708 37.2659 131.253 8.1 7
2010 9 12 2 33 10.2222 37.1503 131.099 15.2 6
2010 9 12 2 33 10.6076 37.135 131.106 9.9 5
2010 9 12 2 33 14.6086 37.0656 131.081 12.2 7
2010 9 12 2 33 14.7312 37.0692 131.099 19.7 7
2010 9 12 2 33 14.7884 37.0683 131.076 15.7 6
2010 9 12 2 33 14.8879 37.0766 131.071 14.9 8
2010 9 12 2 33 15.0072 37.0614 131.051 11.7 5
2010 9 12 2 33 21.6148 37.015 131.084 6 5
2010 9 12 2 33 21.9801 37.1224 131.087 9.3 7
2010 9 12 2 33 39.162 37.0753 131.1 14.5 7
2010 9 12 2 33 39.2207 37.0984 131.118 17.2 6
2010 9 12 2 33 39.3841 37.1015 131.1 21.8 7
2010 9 12 2 33 39.6152 37.1561 131.121 15.5 8
2010 9 12 2 33 46.7901 37.1194 131.108 17.2 6
2010 9 12 2 33 47.2025 37.1111 131.072 7.3 5
2010 9 12 2 33 47.2954 37.1241 131.108 15.7 7
2010 9 12 2 33 51.0861 37.1993 131.149 13.9 7
2010 9 12 2 33 52.1846 37.1389 131.172 18.7 8
2010 9 12 2 34 9.66051 37.3715 131.736 20.5 7
2010 9 12 2 34 13.3231 37.0416 131.136 14.4 6
2010 9 12 2 34 13.3829 37.0515 131.15 15.1 9
2010 9 12 2 34 24.0191 37.1395 131.146 22.1 6
2010 9 12 2 34 24.7036 37.1572 131.149 23 8
2010 9 12 2 34 28.249 37.1814 131.15 20 5
2010 9 12 2 34 49.0393 37.1556 131.19 24.8 6
2010 9 12 2 34 49.4761 37.1773 131.132 3.9 5
2010 9 12 2 35 0.349052 37.1917 131.152 17.9 7
2010 9 12 2 35 6.16725 37.0791 131.171 20.5 8
2010 9 12 2 35 30.7431 37.1526 131.133 15.4 7
2010 9 12 2 35 31.1729 37.0978 131.178 2.5 5
2010 9 12 2 35 31.3907 37.1346 131.13 10.7 6
2010 9 12 2 35 38.9389 37.1251 131.166 23.6 6
2010 9 12 2 35 39.0248 37.1109 131.1 19.2 6
2010 9 12 2 35 39.3183 37.0695 131.18 5.6 5
2010 9 12 2 35 39.6926 37.1276 131.13 16.1 8
2010 9 12 2 35 51.065 37.0493 131.117 15.2 7
2010 9 12 2 35 51.5878 37.1008 131.139 2.9 5
2010 9 12 2 36 2.36453 37.0221 131.108 4 5
2010 9 12 2 36 19.0818 37.1367 131.16 4.9 6
2010 9 12 2 36 25.033 37.1173 131.154 18.6 6
2010 9 12 2 36 34.3029 37.133 131.184 18.3 6
2010 9 12 2 36 44.6072 37.1452 131.14 17.2 6
2010 9 12 2 36 45.2047 37.1889 131.148 28.1 6
2010 9 12 2 36 49.3935 37.248 131.159 16.8 8
2010 9 12 2 36 50.5441 37.2936 131.173 17.3 8
2010 9 12 2 37 2.05594 37.1537 131.175 23.8 6
2010 9 12 2 37 13.9881 37.1517 131.112 10 6
2010 9 12 2 37 18.5137 37.3709 131.348 9.8 5
2010 9 12 2 37 18.9199 37.1931 131.192 5.2 5
2010 9 12 2 37 21.5759 37.113 131.168 22.5 6
2010 9 12 2 37 36.8901 37.0383 131.112 14.2 8
2010 9 12 2 37 36.9674 37.0577 131.117 12.9 7
2010 9 12 2 37 37.0508 37.0997 131.122 14 7
2010 9 12 2 37 37.172 37.0418 131.13 13.3 6
2010 9 12 2 37 37.2291 37.1523 131.019 2.2 5
2010 9 12 2 37 37.4069 37.0439 131.097 18.1 10
2010 9 12 2 37 41.5401 37.1643 131.167 17.9 9
2010 9 12 2 38 4.98834 37.1675 131.155 5.9 5
2010 9 12 2 38 6.1938 37.1903 131.154 6.5 8
2010 9 12 2 38 22.0031 37.3086 131.264 16.6 5
2010 9 12 2 38 37.6833 37.1896 131.184 4.9 5
2010 9 12 2 38 37.6899 37.2051 131.177 9.7 6
2010 9 12 2 38 46.0258 37.3048 131.314 25.6 8
2010 9 12 2 38 46.1507 37.2463 131.242 10.1 5
2010 9 12 2 38 47.2966 37.166 131.137 8.5 6
2010 9 12 2 39 9.26896 37.0686 131.147 5.4 5
2010 9 12 2 39 9.84783 37.0767 131.14 6.1 5
2010 9 12 2 39 34.2742 37.0828 131.245 3.1 5
2010 9 12 2 39 34.3449 37.0668 131.179 2.6 5
2010 9 12 2 39 34.553 37.0935 131.133 14.2 5
2010 9 12 2 39 35.0144 37.017 131.124 4.8 5
2010 9 12 2 39 58.6216 37.1898 131.191 2.3 5
2010 9 12 2 40 5.7694 37.1634 131.269 17.4 7
2010 9 12 2 40 6.63201 37.1729 131.267 1.6 5
2010 9 12 2 40 7.59602 37.138 131.16 15.9 6
2010 9 12 2 40 27.0053 37.3715 131.255 9.5 5
2010 9 12 2 40 27.0474 37.3068 131.3 23.2 5
2010 9 12 2 40 27.1041 37.2864 131.245 19 6
2010 9 12 2 40 27.7156 37.3058 131.335 9.1 5
2010 9 12 2 40 32.7276 37.0776 131.225 17.2 7
2010 9 12 2 40 32.7944 37.0668 131.263 24.2 8
2010 9 12 2 40 33.0418 37.0413 131.172 13.1 6
2010 9 12 2 40 45.9954 37.1928 131.25 12.7 7
2010 9 12 2 40 46.7199 37.1673 131.198 16.5 9
2010 9 12 2 40 46.7215 37.3106 131.256 22 6
2010 9 12 2 41 20.232 36.7612 131.972 5.3 5
2010 9 12 2 41 24.072 37.2892 131.254 17.4 7
2010 9 12 2 41 25.7907 37.0331 131.215 16.7 6
2010 9 12 2 41 45.9392 37.1956 131.256 5.2 6
2010 9 12 2 41 56.24 37.1732 131.247 20 9
2010 9 12 2 41 56.4075 37.1886 131.187 27.6 9
2010 9 12 2 41 56.7569 37.1824 131.232 6.5 6
2010 9 12 2 41 57.2733 37.2226 131.264 16.8 6
2010 9 12 2 42 17.6155 37.0638 137.522 15.4 8
2010 9 12 2 42 17.8541 37.0879 137.435 18 6
2010 9 12 2 42 20.4566 37.2884 131.223 9.2 6
2010 9 12 2 42 43.5175 37.1266 131.261 16.3 6
2010 9 12 2 42 43.5918 37.1417 131.23 6.4 7
2010 9 12 2 42 44.0128 37.1598 131.226 17.5 8
2010 9 12 2 42 44.5545 37.181 131.185 10.1 6
2010 9 12 2 43 24.9694 37.2959 131.278 14.9 6
2010 9 12 2 43 25.0001 37.4363 131.523 8 5
2010 9 12 2 43 25.0019 37.4526 131.512 8.3 5
2010 9 12 2 43 25.0701 37.2639 131.277 2.8 5
2010 9 12 2 43 36.6096 37.2003 131.413 7.2 5
2010 9 12 2 43 36.8033 37.1138 131.251 17.1 8
2010 9 12 2 43 40.2581 37.2753 131.272 15.5 8
2010 9 12 2 43 48.7471 36.4763 131.551 10.8 6
2010 9 12 2 44 6.99813 37.2153 131.246 13.2 6
2010 9 12 2 44 33.6395 37.1319 131.259 13.8 6
2010 9 12 2 44 33.7365 37.1089 131.262 6.2 6
2010 9 12 2 44 41.5808 37.2826 131.321 14 6
2010 9 12 2 44 41.8342 37.3065 131.304 18.3 6
2010 9 12 2 44 42.5252 37.246 131.259 18.7 7
2010 9 12 2 44 42.6523 37.2391 131.262 18.4 7
2010 9 12 2 45 6.24815 36.4658 131.57 16.1 5
2010 9 12 2 45 21.1964 37.3206 131.294 2.5 6
2010 9 12 2 45 44.9757 37.2858 131.266 7.3 5
2010 9 12 2 46 20.0749 37.2063 131.298 25.3 6
2010 9 12 2 46 45.7077 37.319 131.31 15.1 6
2010 9 12 2 47 26.0174 37.0811 131.262 20.3 5
2010 9 12 2 47 26.0429 37.138 131.236 6.7 5
2010 9 12 2 47 26.3754 37.1155 131.297 5.2 5
2010 9 12 2 48 10.59 37.2556 131.32 8.8 5
2010 9 12 2 48 10.6492 37.3205 131.358 13.8 8
2010 9 12 2 48 11.4187 37.3402 131.283 11.1 5
2010 9 12 2 48 34.7177 36.589 131.698 6.9 5
2010 9 12 2 48 50.5076 37.1601 131.327 11.8 6
2010 9 12 2 48 50.6991 37.2969 131.235 6.4 5
2010 9 12 2 49 9.36296 37.2439 131.38 15 6
2010 9 12 2 49 21.6169 37.1727 131.29 13.7 7
2010 9 12 2 49 22.1482 37.2293 131.298 22.8 5
2010 9 12 2 49 54.4465 37.2444 131.276 17.2 7
2010 9 12 2 49 54.5838 37.21 131.361 7.9 6
2010 9 12 2 49 54.5838 37.2114 131.314 7.8 5
2010 9 12 2 49 54.6763 37.2379 131.29 14.2 8
2010 9 12 2 49 54.7548 37.2493 131.311 21 6
2010 9 12 2 49 55.0358 37.1978 131.305 14.6 5
2010 9 12 2 50 41.541 36.5189 131.735 16.6 6
2010 9 12 2 51 22.1908 37.1439 131.347 14.7 6
2010 9 12 2 51 22.3551 37.1275 131.332 8.8 5
2010 9 12 2 51 22.4162 37.1574 131.392 17.6 6
2010 9 12 2 51 22.4748 37.1572 131.333 12.6 7
2010 9 12 2 51 22.5504 37.2485 131.329 6.1 5
2010 9 12 2 51 22.948 37.143 131.349 13 7
2010 9 12 2 52 18.1256 37.2774 131.338 15 8
2010 9 12 2 52 18.2676 37.2521 131.325 9.1 5
2010 9 12 2 52 21.7675 37.4018 131.725 5.1 6
2010 9 12 2 53 15.0109 36.8869 132.137 17 7
2010 9 12 2 53 15.5295 37.0754 131.992 18.9 8
2010 9 12 2 53 30.6201 37.244 131.398 10.2 5
2010 9 12 2 55 1.54745 37.5209 131.798 16.6 8
2010 9 12 2 56 28.5763 37.0726 131.445 0.9 5
2010 9 12 2 56 29.06 37.2516 131.454 7.9 5
2010 9 12 2 56 29.1597 37.1604 131.287 14.3 5
2010 9 12 2 56 32.0289 36.8616 132.143 20.3 6
2010 9 12 2 57 14.5165 37.2359 131.357 16 7
2010 9 12 2 57 14.5691 37.2364 131.352 19.7 7
2010 9 12 2 57 54.4138 37.2022 131.498 22.8 5
2010 9 12 2 58 6.52543 37.2597 131.368 25.2 6
2010 9 12 2 58 16.7085 37.4333 131.891 17.7 6
2010 9 12 2 58 40.3873 36.8071 132.148 1.1 5
2010 9 12 3 1 2.25969 37.2163 131.447 11.5 6
2010 9 12 3 1 13.1269 37.4256 131.714 11.6 6
2010 9 12 3 1 23.0069 37.3031 131.44 11.5 5
2010 9 12 3 1 59.715 37.2542 131.436 20.6 9
2010 9 12 3 3 8.25888 37.2646 131.492 11.8 6
2010 9 12 3 3 36.8579 37.2665 131.446 9.1 5
2010 9 12 3 4 8.61556 36.9078 132.253 15 9
2010 9 12 3 4 17.5206 37.2514 131.463 13 6
2010 9 12 3 5 24.6095 37.2418 131.503 7.7 6
2010 9 12 3 5 24.8646 37.2044 131.458 7.6 5
2010 9 12 3 5 25.1034 37.2079 131.547 4.3 5
2010 9 12 3 5 52.2844 37.273 131.512 16.5 5
2010 9 12 3 6 33.0386 37.5225 132.121 14.5 6
2010 9 12 3 6 35.6366 37.104 132.613 17.4 7
2010 9 12 3 7 54.8811 37.2118 131.534 14.7 7
2010 9 12 3 8 10.9211 37.4838 131.505 8.4 5
2010 9 12 3 8 11.1648 37.3236 131.52 5.6 6
2010 9 12 3 8 11.4072 37.3108 131.517 13.4 5
2010 9 12 3 8 11.8937 37.271 131.572 8.2 5
2010 9 12 3 8 37.0747 37.1211 131.55 6.7 5
2010 9 12 3 8 49.825 37.364 131.553 11.6 8
2010 9 12 3 8 49.8715 37.3197 131.477 6.7 6
2010 9 12 3 8 49.9158 37.3396 131.522 20.3 7
2010 9 12 3 8 50.372 37.342 131.526 13.9 5
2010 9 12 3 8 52.0334 37.3101 131.48 7.3 6
2010 9 12 3 9 11.5457 37.3307 131.504 16.8 5
2010 9 12 3 9 11.6487 37.3216 131.55 26 7
2010 9 12 3 9 39.6009 37.306 131.536 15.6 6
2010 9 12 3 9 45.1985 36.9651 132.386 8.1 5
2010 9 12 3 10 16.3292 36.6464 132.035 13 7
2010 9 12 3 10 18.4963 37.3133 132.403 3.8 6
2010 9 12 3 10 19.2734 37.4962 132.093 14.3 8
2010 9 12 3 10 19.3232 37.4507 132.154 3.3 5
2010 9 12 3 10 19.4091 37.4855 132.114 10.1 5
2010 9 12 3 10 19.4668 37.5092 132.127 19.6 7
2010 9 12 3 10 19.5249 37.5693 132.151 6.8 7
2010 9 12 3 10 46.8207 37.3758 131.61 13.4 6
2010 9 12 3 10 46.9074 37.4204 131.64 17.7 5
2010 9 12 3 10 48.2335 37.5177 131.622 14.2 5
2010 9 12 3 11 3.49361 37.2584 131.51 12.1 6
2010 9 12 3 11 26.9818 37.4529 131.609 8 5
2010 9 12 3 11 43.3975 37.5003 131.455 6 6
2010 9 12 3 11 43.4619 37.4062 131.635 19.4 6
2010 9 12 3 11 43.6776 37.3389 131.607 6.8 5
2010 9 12 3 12 55.0289 36.4518 131.745 9.7 5
2010 9 12 3 13 52.4108 37.3319 131.616 29.1 5
2010 9 12 3 13 55.2254 36.4776 131.813 16.1 7
2010 9 12 3 13 55.9354 36.4134 131.858 1.8 5
2010 9 12 3 14 41.0735 36.5649 132.091 2.2 5
2010 9 12 3 14 41.161 36.6209 132.044 20.2 7
2010 9 12 3 14 54.8185 37.3911 131.651 13.9 6
2010 9 12 3 14 54.8721 37.3601 131.637 17.3 7
2010 9 12 3 15 8.84773 36.4418 131.856 3.1 5
2010 9 12 3 15 9.7144 36.477 131.824 13.8 6
2010 9 12 3 15 36.744 37.0972 132.361 1.9 5
2010 9 12 3 16 7.21632 36.505 131.953 13.3 6
2010 9 12 3 16 45.7919 37.3578 131.679 16.9 7
2010 9 12 3 17 19.0992 37.4184 131.664 11.7 6
2010 9 12 3 17 31.0671 37.0067 132.464 6.7 5
2010 9 12 3 18 22.7581 37.3878 131.668 8.1 6
2010 9 12 3 18 22.8509 37.3969 131.654 6.5 5
2010 9 12 3 19 3.02041 37.2639 131.665 13.6 5
2010 9 12 3 19 5.74091 36.6677 132.007 17.6 5
2010 9 12 3 19 5.75439 36.6462 132.03 19.2 7
2010 9 12 3 19 5.7612 36.6046 132.003 10.3 6
2010 9 12 3 19 5.83554 36.5698 132.039 5.8 5
2010 9 12 3 19 17.2554 36.4379 131.921 3.3 5
2010 9 12 3 19 28.4824 37.3657 131.637 6.7 5
2010 9 12 3 19 45.7938 36.6729 132.22 2.9 5
2010 9 12 3 19 58.4204 37.4086 131.707 15.6 8
2010 9 12 3 19 58.5696 37.373 131.715 15.4 6
2010 9 12 3 20 8.651 37.3755 131.677 17.5 7
2010 9 12 3 20 16.0465 36.5099 131.942 11.1 6
2010 9 12 3 20 16.0977 36.5058 131.996 16.1 8
2010 9 12 3 20 16.1595 36.48 131.984 18.4 8
2010 9 12 3 20 16.6107 36.5021 131.993 23 6
2010 9 12 3 20 28.3355 37.0023 132.592 10.7 6
2010 9 12 3 20 35.8386 37.3277 131.637 13.6 7
2010 9 12 3 20 36.1532 37.285 131.61 2.8 5
2010 9 12 3 20 39.0117 36.6608 132.064 18.9 7
2010 9 12 3 21 15.2595 37.2519 131.703 4 5
2010 9 12 3 21 16.1372 37.2646 131.754 7.7 5
2010 9 12 3 21 24.8357 37.2685 131.629 15.1 8
2010 9 12 3 21 26.4439 36.6711 132.267 5.4 5
2010 9 12 3 21 38.651 37.3633 131.758 7.6 6
2010 9 12 3 21 38.8266 37.3853 131.675 15.6 6
2010 9 12 3 21 47.4838 36.9237 132.5 4.1 5
2010 9 12 3 22 14.0657 37.4116 131.736 20.6 7
2010 9 12 3 22 14.1169 37.4106 131.728 16.8 7
2010 9 12 3 22 14.2501 37.4029 131.701 16.2 8
2010 9 12 3 22 14.7115 37.3851 131.717 14.3 6
2010 9 12 3 22 33.9611 36.6245 132.115 5.1 5
2010 9 12 3 22 36.265 36.7922 132.277 18.9 6
2010 9 12 3 22 44.9927 36.5202 131.892 6.7 5
2010 9 12 3 22 45.1601 36.531 131.942 18.7 7
2010 9 12 3 22 45.2638 36.509 131.917 4 5
2010 9 12 3 22 45.539 36.4885 131.907 8.2 5
2010 9 12 3 22 45.6393 36.5256 131.948 17.9 8
2010 9 12 3 22 45.699 36.4848 131.913 6.5 5
2010 9 12 3 22 50.4925 37.2926 131.66 9.7 7
2010 9 12 3 22 59.8847 37.3851 131.872 2.6 6
2010 9 12 3 23 0.538124 37.2586 131.648 7.2 5
2010 9 12 3 23 9.92613 36.5163 131.951 18.9 6
2010 9 12 3 23 37.4172 37.2496 131.641 17.9 7
2010 9 12 3 23 37.5349 37.3289 131.654 17.4 6
2010 9 12 3 23 48.2186 36.5989 132.085 14.2 8
2010 9 12 3 24 5.24404 36.5419 131.977 13.2 7
2010 9 12 3 24 8.10885 36.5041 131.966 11.5 7
2010 9 12 3 24 28.2108 37.1432 132.618 18.2 8
2010 9 12 3 24 28.2132 37.136 132.589 23.7 7
2010 9 12 3 24 28.2397 37.1881 132.671 16.2 7
2010 9 12 3 24 37.6154 36.841 131.851 10.7 5
2010 9 12 3 24 37.649 36.6162 132.2 2.1 5
2010 9 12 3 25 10.8404 37.3641 131.86 3.6 5
2010 9 12 3 25 15.1533 36.5023 131.95 6.1 5
2010 9 12 3 25 15.7554 36.5305 131.995 19.1 5
2010 9 12 3 25 15.8782 36.5209 131.965 16.5 7
2010 9 12 3 25 16.0511 36.5439 131.996 29.7 7
2010 9 12 3 25 43.1454 37.424 131.802 21.2 6
2010 9 12 3 25 43.2667 37.4277 131.79 16.1 6
2010 9 12 3 25 43.3208 37.3967 131.779 4.6 7
2010 9 12 3 25 43.3825 37.4153 131.744 6.5 5
2010 9 12 3 25 43.8623 37.3854 131.851 17.5 6
2010 9 12 3 25 46.8317 37.1784 131.652 6.5 5
2010 9 12 3 25 52.7181 37.3588 131.794 7.8 6
2010 9 12 3 26 7.27928 36.4969 132.029 5.2 5
2010 9 12 3 26 8.12379 36.5872 132.031 23.7 5
2010 9 12 3 26 14.8802 37.3607 131.834 4.4 6
2010 9 12 3 26 14.9201 37.296 131.811 4.4 5
2010 9 12 3 26 15.5046 36.6866 132.173 16 9
2010 9 12 3 26 15.5514 36.669 132.231 15.4 7
2010 9 12 3 26 15.9628 36.7097 132.229 16.9 6
2010 9 12 3 26 23.1941 38.1734 134.794 16.7 7
2010 9 12 3 26 23.3398 38.1988 134.813 16.5 6
2010 9 12 3 27 13.4921 37.5797 131.699 0.9 5
2010 9 12 3 27 13.7403 37.4788 131.832 15.3 5
2010 9 12 3 27 25.512 36.5074 132.071 13.8 6
2010 9 12 3 28 4.11489 37.441 131.788 9.7 10
2010 9 12 3 28 4.74975 37.4426 131.773 7.3 6
2010 9 12 3 28 5.13495 36.4017 131.939 22.2 6
2010 9 12 3 28 9.00676 36.4993 132.077 14.6 6
2010 9 12 3 28 9.10982 36.5021 132.019 6.5 5
2010 9 12 3 28 9.75957 36.5145 132.105 16.2 8
2010 9 12 3 28 18.8256 36.6706 132.205 20.2 6
2010 9 12 3 28 29.2815 37.0824 137.666 20.7 6
2010 9 12 3 28 29.3063 37.0617 137.618 17.4 5
2010 9 12 3 28 37.2022 37.4228 131.819 18.4 7
2010 9 12 3 28 37.2599 37.3807 131.794 6 6
2010 9 12 3 28 37.4171 37.4575 131.803 14.4 6
2010 9 12 3 28 38.7455 37.103 132.718 9.8 5
2010 9 12 3 28 42.2898 36.528 132.099 17.2 6
2010 9 12 3 28 42.4651 36.5715 132.142 19.4 5
2010 9 12 3 28 43.0539 36.5657 132.248 16.5 6
2010 9 12 3 28 43.6479 36.516 132.073 13.2 7
2010 9 12 3 28 56.9691 36.3079 131.964 1.7 5
2010 9 12 3 28 59.6254 36.7142 132.299 8.2 6
2010 9 12 3 29 12.2339 37.4268 131.835 8.1 6
2010 9 12 3 30 50.3434 36.7756 132.391 19.4 7
2010 9 12 3 30 54.5893 36.3742 131.846 19.2 7
2010 9 12 3 31 0.489679 36.5245 132.134 18.5 6
2010 9 12 3 31 0.558483 36.535 132.123 17.9 8
2010 9 12 3 31 4.38894 36.3177 131.873 14 5
2010 9 12 3 31 16.5589 37.4323 137.561 18.7 6
2010 9 12 3 31 19.2292 37.2574 131.879 2.8 5
2010 9 12 3 31 19.5028 37.2374 131.964 1 5
2010 9 12 3 31 24.6847 36.4647 132.021 21.9 7
2010 9 12 3 31 24.9517 36.4637 131.983 3.1 6
2010 9 12 3 31 25.1708 36.4685 132.025 20.8 6
2010 9 12 3 31 41.5969 36.5904 132.212 4.4 5
2010 9 12 3 31 58.2445 36.528 132.155 17.1 7
2010 9 12 3 31 58.2979 36.4793 132.148 3.5 5
2010 9 12 3 31 58.8043 36.5649 132.15 17.2 7
2010 9 12 3 32 35.6121 36.554 132.181 16.1 5
2010 9 12 3 32 35.6618 36.5634 132.172 12.5 7
2010 9 12 3 32 35.7286 36.551 132.197 15.2 7
2010 9 12 3 32 35.8771 36.5555 132.178 21.5 5
2010 9 12 3 32 36.0796 36.5451 132.133 19.2 6
2010 9 12 3 32 43.1675 36.3504 131.89 17.1 6
2010 9 12 3 33 13.132 36.3114 131.922 2.9 5
2010 9 12 3 34 17.1621 36.2358 131.853 14.4 5
2010 9 12 3 34 33.6043 36.1432 131.726 4.2 5
2010 9 12 3 34 43.9453 36.5632 132.175 10.6 6
2010 9 12 3 34 44.2416 36.5482 132.177 7.3 5
2010 9 12 3 35 5.80262 36.8127 132.405 9.3 6
2010 9 12 3 35 6.56536 37.3998 131.913 2.3 6
2010 9 12 3 35 6.66644 36.8051 132.509 20.4 6
2010 9 12 3 35 6.71391 36.7489 132.526 3.1 5
2010 9 12 3 35 29.2771 36.3928 132.064 6.4 5
2010 9 12 3 35 40.246 36.5522 132.234 14.3 9
2010 9 12 3 35 40.2912 36.5717 132.268 24.3 5
2010 9 12 3 35 40.3991 36.5844 132.27 21.8 6
2010 9 12 3 35 40.5963 36.5522 132.173 15.6 8
2010 9 12 3 35 57.3109 37.4845 131.879 23 7
2010 9 12 3 35 57.5296 37.3934 131.899 1.8 5
2010 9 12 3 36 14.6174 36.5733 132.241 18.9 9
2010 9 12 3 36 25.0017 37.6269 132.025 24.4 6
2010 9 12 3 36 33.6826 38.2304 134.906 15.6 7
2010 9 12 3 37 17.782 36.6107 132.311 15.4 7
2010 9 12 3 37 39.6477 36.1315 131.789 2.8 5
2010 9 12 3 37 39.8459 36.151 131.832 12.2 7
2010 9 12 3 37 41.6113 36.3464 132.005 5 5
2010 9 12 3 38 1.91877 37.5307 131.958 27.8 6
2010 9 12 3 38 9.6786 36.6387 132.37 12.2 10
2010 9 12 3 38 19.3174 36.1461 131.784 2.3 5
2010 9 12 3 38 29.5961 36.5676 132.247 16.8 5
2010 9 12 3 38 29.6208 36.4897 132.237 11.9 5
2010 9 12 3 38 46.8151 36.657 132.298 17.1 5
2010 9 12 3 38 46.8906 36.6335 132.31 8.4 6
2010 9 12 3 38 47.2438 36.6728 132.277 18.1 7
2010 9 12 3 38 47.6665 36.6883 132.364 29 5
2010 9 12 3 38 51.8389 36.2011 131.807 25.4 5
2010 9 12 3 39 22.006 37.6247 132.011 17.5 8
2010 9 12 3 39 22.1306 37.6279 131.946 9.4 5
2010 9 12 3 39 44.5167 36.3989 132.058 15.8 6
2010 9 12 3 39 44.6721 36.4557 132.021 21 8
2010 9 12 3 39 44.6749 36.3989 132.028 18.2 6
2010 9 12 3 39 47.0238 36.3756 131.828 10.8 5
2010 9 12 3 40 11.2915 36.5488 132.301 14.6 6
2010 9 12 3 40 11.812 36.5794 132.285 28.5 6
2010 9 12 3 40 15.7279 36.7689 132.393 6.7 6
2010 9 12 3 40 21.8085 36.2248 131.807 26.8 6
2010 9 12 3 40 42.2346 36.2773 132.093 12.3 5
2010 9 12 3 40 53.4176 36.1743 132.02 15.5 6
2010 9 12 3 40 53.4954 36.1678 132.001 12.7 5
2010 9 12 3 41 3.19816 36.3884 132.086 19.8 7
2010 9 12 3 41 3.26021 36.4123 132.167 17.6 6
2010 9 12 3 41 4.08047 36.3938 132.084 17 6
2010 9 12 3 41 4.88643 36.3256 132.119 2.5 5
2010 9 12 3 41 4.96375 36.4549 132.412 10.5 5
2010 9 12 3 41 5.29818 36.516 132.384 26.4 10
2010 9 12 3 41 44.486 36.7744 132.483 21.4 7
2010 9 12 3 42 16.8279 36.3347 132 18.3 7
2010 9 12 3 42 19.9687 36.6385 132.421 20.9 7
2010 9 12 3 42 20.0129 36.7054 132.492 4.4 5
2010 9 12 3 42 21.8365 36.2495 131.802 17.3 5
2010 9 12 3 42 21.8446 36.2772 131.85 16.1 5
2010 9 12 3 42 26.6401 36.6367 132.385 5.9 5
2010 9 12 3 42 31.2991 36.6126 132.463 1.7 5
2010 9 12 3 42 39.5549 36.1974 131.877 16.4 6
2010 9 12 3 42 39.6266 36.2423 131.887 20.1 7
2010 9 12 3 42 39.661 36.2329 131.871 13.6 7
2010 9 12 3 42 58.5827 36.3522 132.124 3.8 5
2010 9 12 3 43 6.08746 36.8223 132.428 15.6 6
2010 9 12 3 43 11.3787 38.2593 135.131 16.1 6
2010 9 12 3 43 47.7121 36.4408 132.23 8.1 5
2010 9 12 3 43 47.7408 36.4506 132.224 7 5
2010 9 12 3 43 48.6621 36.4501 132.274 17.2 6
2010 9 12 3 43 49.1967 36.4541 132.249 20.6 7
2010 9 12 3 44 28.46 36.2951 131.83 13.1 5
2010 9 12 3 44 46.2608 36.7368 132.458 21.6 6
2010 9 12 3 45 29.2217 36.2197 131.908 14.7 7
2010 9 12 3 45 29.279 36.2203 131.908 11.5 6
2010 9 12 3 45 30.9046 36.6291 132.472 10.8 7
2010 9 12 3 45 30.9745 36.7034 132.478 12.2 7
2010 9 12 3 45 31.0292 36.6505 132.5 14.5 5
2010 9 12 3 45 31.1154 36.6368 132.482 19.2 7
2010 9 12 3 45 32.1409 36.6437 132.419 12.5 7
2010 9 12 3 45 32.3457 36.4369 132.226 20.3 6
2010 9 12 3 45 35.4864 36.1621 132.042 6.7 6
2010 9 12 3 46 4.25671 36.7669 132.443 14.2 8
2010 9 12 3 46 4.31068 36.7761 132.507 16.7 6
2010 9 12 3 46 4.38468 36.7508 132.412 8.6 5
2010 9 12 3 46 4.57719 36.761 132.401 8.2 5
2010 9 12 3 46 20.7188 36.4383 132.219 14.9 5
2010 9 12 3 46 20.8723 36.415 132.174 16.4 7
2010 9 12 3 46 45.9053 36.7889 132.799 17.1 8
2010 9 12 3 47 3.03485 36.7096 132.551 13.2 5
2010 9 12 3 47 47.6139 36.7051 132.508 3 5
2010 9 12 3 47 48.7079 36.4138 132.233 17.1 6
2010 9 12 3 47 49.0264 36.3501 132.263 2.7 5
2010 9 12 3 47 49.172 36.4223 132.242 17.9 7
2010 9 12 3 47 49.2989 36.4328 132.262 16.9 5
2010 9 12 3 47 49.3039 36.3106 132.152 0.7 5
2010 9 12 3 47 49.3893 36.4158 132.228 16.2 6
2010 9 12 3 48 22.2991 36.4177 132.198 18.2 7
2010 9 12 3 48 25.3423 36.6372 132.484 14.7 6
2010 9 12 3 48 54.3248 36.412 132.177 6.8 6
2010 9 12 3 49 5.95154 36.2732 131.877 20.6 7
2010 9 12 3 49 9.12143 36.5976 131.992 14.6 6
2010 9 12 3 49 9.94905 36.4341 132.198 10.6 6
2010 9 12 3 49 10.0396 36.4435 132.214 15.1 7
2010 9 12 3 49 10.1205 36.4186 132.197 11.5 6
2010 9 12 3 49 10.3013 36.4404 132.246 21.4 6
2010 9 12 3 50 6.6353 36.3971 132.169 11.2 11
2010 9 12 3 50 17.2369 36.6483 132.436 17.8 8
2010 9 12 3 50 17.3707 36.6483 132.427 22.1 7
2010 9 12 3 50 17.5861 36.5912 132.439 4.7 5
2010 9 12 3 50 17.5881 36.6113 132.355 7.6 5
2010 9 12 3 50 40.8522 37.4205 132.202 14.9 10
2010 9 12 3 51 20.2073 36.8208 132.649 13.5 5
2010 9 12 3 51 20.2462 36.7886 132.543 20.2 7
2010 9 12 3 51 35.3875 36.1735 131.976 3.2 5
2010 9 12 3 51 57.9447 36.4781 132.262 15.7 7
2010 9 12 3 51 58.0039 36.4458 132.285 18 8
2010 9 12 3 51 58.0078 36.4809 132.26 17.3 7
2010 9 12 3 51 58.0551 36.4376 132.312 20.3 6
2010 9 12 3 51 58.1877 36.426 132.278 5.1 5
2010 9 12 3 51 58.4441 36.4925 132.2 9.7 5
2010 9 12 3 51 59.2009 36.4941 132.285 24.5 8
2010 9 12 3 51 59.7835 36.5679 132.627 11.3 5
2010 9 12 3 52 40.7843 36.2573 131.942 7.3 6
2010 9 12 3 52 47.1721 36.2179 131.906 12.1 5
2010 9 12 3 52 55.1024 36.376 132.293 9.4 5
2010 9 12 3 52 55.3101 36.6548 132.001 10.9 5
2010 9 12 3 52 55.7741 36.471 132.294 15.6 6
2010 9 12 3 52 57.8794 36.6584 132.453 20.6 7
2010 9 12 3 52 57.9253 36.6699 132.485 19.4 6
2010 9 12 3 53 0.511069 36.2217 131.932 17 6
2010 9 12 3 53 17.1612 36.2733 131.896 13.9 9
2010 9 12 3 53 31.129 36.2322 131.961 22.1 6
2010 9 12 3 53 40.2396 36.2885 132.01 19.9 9
2010 9 12 3 53 40.3771 36.2874 132.025 12.7 8
2010 9 12 3 53 41.8477 37.5836 132.105 9.5 5
2010 9 12 3 53 57.2044 36.4804 132.287 11 6
2010 9 12 3 53 58.2727 36.4929 132.316 20.5 7
2010 9 12 3 53 58.3673 36.5906 132.599 11.1 5
2010 9 12 3 54 13.1118 36.2477 131.972 18.6 5
2010 9 12 3 54 13.3055 36.1918 131.934 4 5
2010 9 12 3 54 24.5417 36.4479 132.262 11.6 5
2010 9 12 3 54 25.564 36.4176 132.308 13.8 5
2010 9 12 3 54 34.1339 36.292 132.012 14.7 10
2010 9 12 3 54 34.3422 36.283 132.018 20.7 7
2010 9 12 3 55 4.60729 36.2476 131.983 26.1 9
2010 9 12 3 55 4.69692 36.1985 132.038 10.1 5
2010 9 12 3 55 4.91079 36.2887 131.972 5.8 5
2010 9 12 3 55 5.11953 36.3161 132.008 15.1 9
2010 9 12 3 55 20.884 36.8324 132.605 14.3 8
2010 9 12 3 55 20.9188 36.823 132.557 4.7 5
2010 9 12 3 55 21.4224 36.8386 132.621 19.2 8
2010 9 12 3 55 37.252 36.3906 132.387 3.6 5
2010 9 12 3 55 39.6541 36.625 132.486 11.6 6
2010 9 12 3 55 50.7449 36.268 131.928 16.6 8
2010 9 12 3 55 50.8483 36.4318 131.792 0.6 5
2010 9 12 3 55 59.7964 37.7317 132.289 18.2 9
2010 9 12 3 55 59.8546 37.7003 132.267 11.8 6
2010 9 12 3 55 59.883 37.6559 132.219 5.2 5
2010 9 12 3 55 59.9183 37.6813 132.317 28.2 8
2010 9 12 3 56 9.67374 36.8952 133.434 21.2 7
2010 9 12 3 56 31.058 36.6223 132.535 11.8 5
2010 9 12 3 56 35.7076 36.3131 131.97 15.7 7
2010 9 12 3 56 35.7708 36.2825 132.02 19.5 6
2010 9 12 3 56 35.8397 36.2535 131.982 11.7 5
2010 9 12 3 56 36.786 36.221 131.962 18.3 5
2010 9 12 3 56 37.0733 36.2493 131.975 17.4 5
2010 9 12 3 56 38.6604 36.7854 132.625 28 8
2010 9 12 3 56 38.8607 36.8604 132.647 17.5 5
2010 9 12 3 56 39.1437 36.848 132.615 18 7
2010 9 12 3 56 59.0655 36.2133 132.017 26.2 11
2010 9 12 3 57 17.0568 36.6438 132.55 22.1 8
2010 9 12 3 57 17.5346 36.5957 132.552 21.9 5
2010 9 12 3 57 17.5874 36.5865 132.528 19.3 7
2010 9 12 3 57 17.6309 36.6122 132.554 19.3 8
2010 9 12 3 57 27.2222 36.2962 132.065 14.7 7
2010 9 12 3 57 36.6094 36.2491 132.051 12.6 6
2010 9 12 3 57 40.3664 36.2435 132.013 10.3 6
2010 9 12 3 57 43.8358 38.3288 135.049 23.7 7
2010 9 12 3 57 51.5326 36.2483 132.03 18 6
2010 9 12 3 58 5.49625 36.6403 132.516 18.2 6
2010 9 12 3 58 7.38594 36.2587 132.012 6.7 7
2010 9 12 3 58 7.53268 36.2882 132.049 18.3 8
2010 9 12 3 58 7.59681 36.2732 132.023 16.2 7
2010 9 12 3 58 7.64621 36.392 131.988 4.4 5
2010 9 12 3 58 8.03287 36.2623 132.036 17.3 6
2010 9 12 3 58 22.3757 36.2878 132.102 14.9 8
2010 9 12 3 58 22.5989 36.2681 132.091 19.3 7
2010 9 12 3 58 37.6293 36.3062 132.146 15.3 9
2010 9 12 3 59 15.1102 36.2173 132.053 28.3 9
2010 9 12 3 59 15.1621 36.2399 132.083 18.9 6
2010 9 12 3 59 15.5972 36.2429 132.082 14.7 6
2010 9 12 3 59 15.7356 36.2706 132.077 11.4 7
2010 9 12 3 59 16.4284 36.2514 132.075 15.8 8
2010 9 12 3 59 17.0147 36.2362 132.085 15.3 6
2010 9 12 3 59 30.7011 37.1698 137.828 6 6
2010 9 12 3 59 30.8726 37.1832 137.895 19.7 6
2010 9 12 3 59 36.587 36.6344 132.56 7.1 7
2010 9 12 3 59 57.3674 36.2546 132.082 17.8 6
2010 9 12 3 59 57.424 36.2684 132.105 18.7 8
2010 9 12 4 0 0.304897 36.7816 132.677 9.6 6
2010 9 12 4 0 0.469705 36.798 132.706 16 8
2010 9 12 4 0 0.642813 36.812 132.712 14.5 6
2010 9 12 4 0 0.714896 36.8049 132.727 21.8 6
2010 9 12 4 0 0.869489 36.7414 132.716 1.8 5
2010 9 12 4 0 10.0217 36.5366 132.394 18.4 6
2010 9 12 4 0 38.7382 36.66 132.534 14.6 9
2010 9 12 4 0 38.8054 36.797 132.462 10.9 5
2010 9 12 4 0 39.3877 36.7534 132.742 3.7 5
2010 9 12 4 0 42.9378 36.268 132.123 17.8 8
2010 9 12 4 1 14.5828 36.256 132.096 17.2 9
2010 9 12 4 1 14.662 36.2127 132.092 16.6 5
2010 9 12 4 1 14.9422 36.3094 132.12 17 5
2010 9 12 4 1 47.4046 36.679 132.541 22.1 6
2010 9 12 4 1 47.5686 36.681 132.559 14.3 6
2010 9 12 4 1 49.3054 36.7369 132.795 16.1 6
2010 9 12 4 2 7.43926 36.2886 132.117 17.5 5
2010 9 12 4 2 7.43926 36.2232 132.046 14.2 5
2010 9 12 4 2 7.64556 36.2528 132.111 14.5 6
2010 9 12 4 2 7.69544 36.2625 132.095 18.1 5
2010 9 12 4 2 7.74957 36.2314 132.063 1.7 5
2010 9 12 4 2 7.8246 36.1784 132.109 6.5 5
2010 9 12 4 2 27.1656 36.2927 132.058 25.3 8
2010 9 12 4 2 37.6261 36.2234 132.061 6.3 5
2010 9 12 4 2 38.0963 36.1604 132.143 2.9 5
2010 9 12 4 2 40.2534 36.6741 132.66 15.3 7
2010 9 12 4 2 40.3116 36.9787 132.636 26.3 5
2010 9 12 4 2 40.5092 36.5706 132.592 4.8 5
2010 9 12 4 2 40.7081 36.2805 132.106 26.5 7
2010 9 12 4 2 40.7841 36.4187 132.191 15.7 5
2010 9 12 4 2 41.0763 36.3507 132.201 15.1 7
2010 9 12 4 3 0.066077 36.2429 132.081 25.6 6
2010 9 12 4 3 0.694498 36.4322 132.184 14.9 5
2010 9 12 4 3 5.26186 37.3831 132.711 30 6
2010 9 12 4 3 5.28917 37.3759 132.746 2.8 5
2010 9 12 4 3 24.2305 36.58 132.576 9.3 5
2010 9 12 4 3 24.8973 37.107 133.046 12.1 6
2010 9 12 4 3 27.0525 37.0885 133.605 17.9 6
2010 9 12 4 3 28.3304 36.3047 132.288 2.7 5
2010 9 12 4 3 29.0929 37.6715 133.768 9.4 5
2010 9 12 4 3 29.8508 37.8412 133.572 29.3 9
2010 9 12 4 3 45.5541 36.2724 132.095 10.7 5
2010 9 12 4 3 47.425 36.2813 132.053 14.5 7
2010 9 12 4 3 51.0252 36.892 132.788 23.9 9
2010 9 12 4 3 53.4504 36.5677 132.642 8.9 5
2010 9 12 4 3 57.6567 36.1977 132.124 2.3 5
2010 9 12 4 4 9.92491 36.3751 132.241 23.1 6
2010 9 12 4 4 10.5901 36.347 132.195 15.8 7
2010 9 12 4 4 11.2324 36.3344 132.216 19.1 6
2010 9 12 4 4 11.3499 36.576 132.569 2.6 5
2010 9 12 4 4 11.8697 36.6942 132.697 15.3 7
2010 9 12 4 4 31.7124 36.6243 132.609 2.7 5
2010 9 12 4 4 37.4163 36.8889 132.855 18.5 6
2010 9 12 4 4 37.444 36.8853 132.825 20.7 6
2010 9 12 4 4 37.6071 36.799 132.806 8.1 5
2010 9 12 4 4 37.7762 36.9956 132.827 14.3 5
2010 9 12 4 4 38.1603 36.8503 132.805 6.5 6
2010 9 12 4 4 57.9062 36.3043 132.115 23.7 7
2010 9 12 4 5 8.65543 36.671 132.645 15.7 6
2010 9 12 4 5 8.86688 36.6841 132.607 13.3 7
2010 9 12 4 5 9.00958 36.6773 132.618 5.7 5
2010 9 12 4 5 21.4575 36.245 132.089 20.7 7
2010 9 12 4 5 21.4993 36.253 132.159 18.7 6
2010 9 12 4 5 21.5478 36.2804 132.126 11.5 5
2010 9 12 4 5 21.649 36.2843 132.149 15 7
2010 9 12 4 5 21.7477 36.4918 131.84 12.7 6
2010 9 12 4 5 21.7496 36.229 132.139 18.2 8
2010 9 12 4 5 27.7341 36.5689 132.698 4.5 5
2010 9 12 4 5 31.4549 36.2558 132.131 17 5
2010 9 12 4 5 42.949 36.3974 132.225 13.2 7
2010 9 12 4 5 54.0514 36.3599 132.183 18.4 7
2010 9 12 4 5 54.9338 36.3682 132.288 10.6 5
2010 9 12 4 5 55.4673 36.5724 132.602 24.1 5
2010 9 12 4 5 55.5241 36.5564 132.596 16.7 7
2010 9 12 4 5 56.0659 36.5202 132.605 17.1 5
2010 9 12 4 5 56.4805 36.712 132.685 16.9 7
2010 9 12 4 5 56.5106 36.6639 132.632 23.2 6
2010 9 12 4 5 56.5921 36.6753 132.694 18.5 7
2010 9 12 4 6 17.2632 36.3156 132.138 14.2 6
2010 9 12 4 6 22.0423 36.6963 132.683 11.8 6
2010 9 12 4 6 22.1752 36.8177 132.552 2.1 5
2010 9 12 4 6 22.1804 36.7047 132.647 17 5
2010 9 12 4 6 22.2612 36.6739 132.661 16.3 5
2010 9 12 4 7 0.226104 36.2824 132.103 14.6 5
2010 9 12 4 7 0.295207 36.2186 132.027 19.3 5
2010 9 12 4 7 3.84603 36.5716 132.731 5 5
2010 9 12 4 7 12.9278 36.2794 132.091 15.6 7
2010 9 12 4 7 18.7273 36.2376 132.158 8.1 5
2010 9 12 4 7 20.739 36.3782 132.248 16.9 7
2010 9 12 4 7 21.1983 36.3222 132.235 3.6 5
2010 9 12 4 7 21.563 36.3759 132.211 21.9 7
2010 9 12 4 7 23.5907 36.6814 132.71 16.3 6
2010 9 12 4 7 23.7185 36.637 132.607 15.8 6
2010 9 12 4 7 51.2031 36.2989 132.03 16 6
2010 9 12 4 7 59.4242 36.6613 132.695 28.9 5
2010 9 12 4 7 59.7307 36.6693 132.727 16.4 5
2010 9 12 4 8 8.0229 36.2113 132.094 1.7 5
2010 9 12 4 8 14.5109 36.2615 132.149 10.6 6
2010 9 12 4 8 21.8534 36.8241 132.837 6.6 5
2010 9 12 4 8 27.9065 36.6406 132.669 9.5 5
2010 9 12 4 8 31.2446 36.4222 131.959 2.6 5
2010 9 12 4 8 31.5158 36.2987 132.074 16.2 8
2010 9 12 4 8 37.6401 36.4089 132.317 21.1 8
2010 9 12 4 8 37.6868 36.4027 132.299 17.9 9
2010 9 12 4 8 37.7065 36.4244 132.317 16.8 7
2010 9 12 4 8 37.7432 36.4075 132.296 19.4 8
2010 9 12 4 8 37.7829 36.4174 132.295 19.4 8
2010 9 12 4 8 37.8328 36.3951 132.292 19.2 7
2010 9 12 4 8 37.9293 36.4034 132.288 15.9 8
2010 9 12 4 8 50.2535 36.5636 132.525 13 5
2010 9 12 4 9 2.31815 36.6018 132.749 13.8 5
2010 9 12 4 9 9.1507 36.6909 132.679 18.6 7
2010 9 12 4 9 9.22598 36.6859 132.69 19.3 7
2010 9 12 4 9 35.1545 36.4275 132.63 28.6 6
2010 9 12 4 9 38.8761 36.4778 131.793 5.5 5
2010 9 12 4 9 47.6884 36.7342 132.717 14.4 7
2010 9 12 4 9 51.9686 37.1465 133.555 16.4 6
2010 9 12 4 10 2.17037 36.6489 132.707 7.7 6
2010 9 12 4 10 14.1114 36.3512 132.328 21.2 7
2010 9 12 4 10 20.8254 36.305 132.099 18.6 8
2010 9 12 4 10 20.9229 36.3202 132.133 25.6 9
2010 9 12 4 10 21.0727 36.282 132.107 14.9 8
2010 9 12 4 10 21.3943 36.2819 132.068 9.3 6
2010 9 12 4 10 30.3416 36.3 132.157 12.2 6
2010 9 12 4 10 37.7788 36.3085 132.123 18.7 6
2010 9 12 4 10 49.6239 36.2822 132.135 18.2 6
2010 9 12 4 11 3.06267 36.2932 132.15 20.5 5
2010 9 12 4 11 10.6215 36.1944 132.179 4.1 5
2010 9 12 4 11 17.3807 36.3167 132.143 13.8 7
2010 9 12 4 11 21.3847 36.31 132.166 10.7 5
2010 9 12 4 11 21.9984 36.6886 132.75 10 5
2010 9 12 4 11 22.1987 36.5908 132.045 14.2 5
2010 9 12 4 11 22.3751 36.3907 132.343 16.6 7
2010 9 12 4 11 22.4291 36.5427 132.15 3.5 5
2010 9 12 4 11 23.0878 36.3753 132.364 22.1 5
2010 9 12 4 11 53.0098 36.2752 132.155 16.5 9
2010 9 12 4 12 5.37116 36.3145 132.158 19.9 5
2010 9 12 4 12 6.122 36.2759 132.124 13.7 5
2010 9 12 4 12 7.88939 36.6061 132.778 3.3 5
2010 9 12 4 12 9.18768 36.2654 132.122 15.4 7
2010 9 12 4 12 9.26931 36.2843 132.142 19 8
2010 9 12 4 12 18.6712 36.3985 132.428 10.8 5
2010 9 12 4 12 31.7226 36.6509 132.787 20.6 5
2010 9 12 4 12 35.8723 36.403 132.363 10.3 6
2010 9 12 4 12 36.2345 36.4022 132.337 29 10
2010 9 12 4 12 36.3071 36.3225 132.409 3.6 5
2010 9 12 4 12 36.4889 36.4367 132.384 16.3 8
2010 9 12 4 12 36.5725 36.3208 132.401 2.3 5
2010 9 12 4 12 41.5015 36.2821 132.027 24.8 5
2010 9 12 4 12 41.9447 36.2462 132.154 14.3 6
2010 9 12 4 12 44.8962 36.2749 132.164 20.9 7
2010 9 12 4 12 48.7706 36.9119 132.929 20.7 8
2010 9 12 4 12 49.7825 36.5354 132.776 4.6 5
2010 9 12 4 13 10.3934 36.2935 132.386 6.6 5
2010 9 12 4 13 10.4724 36.309 132.416 3.6 5
2010 9 12 4 13 14.5024 36.2668 132.18 1.4 5
2010 9 12 4 13 35.7683 36.3623 132.245 23.1 6
2010 9 12 4 13 36.6155 36.3723 132.365 13 5
2010 9 12 4 13 51.9061 36.4982 131.906 7.4 6
2010 9 12 4 13 52.2123 36.2986 132.159 13.4 5
2010 9 12 4 14 2.62205 36.6361 132.733 24.7 5
2010 9 12 4 14 9.24206 36.7116 133.004 29.9 11
2010 9 12 4 14 9.24395 36.7574 133.064 17.5 5
2010 9 12 4 14 18.6448 36.29 132.172 24.1 7
2010 9 12 4 14 45.4253 36.6531 132.867 18.7 11
2010 9 12 4 14 46.7482 37.0668 133.595 17.7 7
2010 9 12 4 14 46.7859 36.2941 132.213 23.4 5
2010 9 12 4 14 47.4401 36.186 132.245 4 5
2010 9 12 4 14 47.7225 36.2967 132.239 7.6 5
2010 9 12 4 15 9.21675 36.3923 132.456 15.8 5
2010 9 12 4 15 18.3137 36.3115 132.241 26.4 8
2010 9 12 4 16 6.21146 36.3247 132.248 17.3 7
2010 9 12 4 16 31.3779 36.2978 132.27 19.1 5
2010 9 12 4 16 36.7194 36.3344 132.545 12.1 5
2010 9 12 4 16 36.8526 36.3912 132.501 15 7
2010 9 12 4 16 36.9518 36.552 132.493 5 5
2010 9 12 4 17 10.2688 36.3536 132.23 14.3 7
2010 9 12 4 17 10.373 36.5155 131.929 6.1 5
2010 9 12 4 17 10.3731 36.2562 132.207 7.9 6
2010 9 12 4 17 10.5397 36.3604 132.243 19.3 5
2010 9 12 4 17 11.4847 36.2623 132.234 15.8 6
2010 9 12 4 17 12.5355 36.2913 132.239 21.2 6
2010 9 12 4 17 47.1858 36.6266 132.865 20.1 7
2010 9 12 4 17 57.4834 36.383 132.199 15 6
2010 9 12 4 17 57.7072 36.3101 132.224 15.7 8
2010 9 12 4 17 57.9509 36.3242 132.23 13.8 7
2010 9 12 4 17 58.0155 36.3187 132.276 22 5
2010 9 12 4 17 58.1871 36.3216 132.225 19.7 9
2010 9 12 4 18 4.75719 36.3749 132.527 14.7 10
2010 9 12 4 18 4.88753 36.4574 132.519 17.5 5
2010 9 12 4 18 5.59106 36.4079 132.534 15 6
2010 9 12 4 18 11.7444 36.2201 132.137 15.9 5
2010 9 12 4 18 17.3521 37.4285 133.169 4.8 5
2010 9 12 4 18 42.522 36.8866 133.008 18.9 5
2010 9 12 4 18 51.7583 36.3359 132.262 8.4 6
2010 9 12 4 19 8.35353 36.4763 132.714 11.1 5
2010 9 12 4 19 14.4403 36.2861 132.193 18.4 9
2010 9 12 4 19 14.5906 36.2494 132.157 11 6
2010 9 12 4 19 35.1928 36.2501 132.184 9.6 8
2010 9 12 4 19 35.279 36.2764 132.201 14.6 5
2010 9 12 4 20 28.3561 36.2385 132.198 14.1 6
2010 9 12 4 20 28.481 36.2598 132.202 17.9 7
2010 9 12 4 20 28.8154 36.2 132.23 2.9 5
2010 9 12 4 20 51.0196 36.2691 132.192 19.5 7
2010 9 12 4 20 51.1395 36.2805 132.239 21.3 7
2010 9 12 4 20 51.7575 36.4588 132.002 7.9 6
2010 9 12 4 20 51.7596 36.1455 132.383 4.8 5
2010 9 12 4 21 1.95299 36.2645 132.179 15.6 6
2010 9 12 4 21 8.44277 38.7883 135.303 7.8 6
2010 9 12 4 21 17.6586 36.3322 132.617 5.3 5
2010 9 12 4 21 18.0639 36.2508 132.208 18.2 8
2010 9 12 4 21 18.2455 36.2107 132.3 5.7 5
2010 9 12 4 21 25.2392 36.4381 132.363 3.8 5
2010 9 12 4 21 40.5463 36.2286 132.394 17.4 6
2010 9 12 4 21 40.6034 36.3216 132.376 11.1 7
2010 9 12 4 21 58.0844 36.2585 132.109 11.4 6
2010 9 12 4 22 11.3523 36.364 132.58 12.2 7
2010 9 12 4 22 13.0871 36.2186 132.229 22.3 6
2010 9 12 4 22 13.1649 36.2295 132.213 3.7 6
2010 9 12 4 22 28.2205 36.7898 133.091 4.5 5
2010 9 12 4 22 34.4194 37.401 133.089 18.1 10
2010 9 12 4 22 41.9086 36.6197 132.708 10.1 7
2010 9 12 4 22 49.263 36.5841 133.37 9.5 5
2010 9 12 4 22 49.263 36.7705 132.987 15.3 5
2010 9 12 4 22 49.2994 36.7711 132.949 15.7 6
2010 9 12 4 23 36.2984 36.297 132.27 20.5 8
2010 9 12 4 23 36.4647 36.2483 132.239 8.2 5
2010 9 12 4 23 49.6083 36.3018 132.352 25.8 5
2010 9 12 4 23 55.2458 36.5605 132.181 7.2 5
2010 9 12 4 23 55.2945 36.3492 132.495 16.3 5
2010 9 12 4 24 9.37316 36.2633 132.342 15.4 5
2010 9 12 4 24 12.2891 36.4534 132.672 19.1 7
2010 9 12 4 24 12.3344 36.4053 132.612 17.8 7
2010 9 12 4 24 13.0864 36.4398 132.663 7.1 5
2010 9 12 4 24 14.4263 36.5574 132.86 18 8
2010 9 12 4 24 22.6531 36.2353 132.246 8 6
2010 9 12 4 24 33.0555 36.113 132.298 25.8 6
2010 9 12 4 24 43.8243 36.3322 132.429 21 5
2010 9 12 4 24 43.9222 36.5567 132.086 8.4 6
2010 9 12 4 24 43.9819 36.2376 132.43 3.4 5
2010 9 12 4 24 44.7894 36.2424 132.329 29.5 5
2010 9 12 4 24 59.7508 36.1979 132.384 9.1 5
2010 9 12 4 25 7.47221 36.3174 132.301 21 6
2010 9 12 4 25 7.5519 36.3024 132.341 28.1 7
2010 9 12 4 25 13.5422 36.2621 132.215 7.5 5
2010 9 12 4 25 20.8489 36.2577 132.374 6.3 5
2010 9 12 4 25 24.4945 36.6567 132.933 24 7
2010 9 12 4 25 25.52 36.4757 132.857 11.2 6
2010 9 12 4 25 25.5362 36.5475 132.929 14.6 6
2010 9 12 4 25 25.6179 36.487 132.705 14.4 8
2010 9 12 4 25 26.1424 36.3779 132.718 3.8 5
2010 9 12 4 25 26.8758 36.3456 132.156 16.9 5
2010 9 12 4 25 39.1427 36.329 132.643 14.7 7
2010 9 12 4 26 1.34204 36.2729 132.33 15.8 5
2010 9 12 4 26 1.42806 36.2751 132.31 19.1 6
2010 9 12 4 26 1.57931 36.2968 132.325 16.7 9
2010 9 12 4 26 16.318 36.2728 132.348 27.1 8
2010 9 12 4 26 16.3596 36.1606 132.317 9.4 5
2010 9 12 4 26 16.5193 36.2143 132.323 9.5 5
2010 9 12 4 26 21.7236 36.4232 132.783 21 5
2010 9 12 4 26 25.5723 36.2824 132.279 13.9 5
2010 9 12 4 26 29.6368 36.2922 132.343 15.6 7
2010 9 12 4 26 44.6376 36.2513 132.238 9.5 5
2010 9 12 4 26 44.7834 36.2491 132.265 5.8 5
2010 9 12 4 26 45.0043 36.2245 132.285 6 5
2010 9 12 4 26 45.1555 36.2621 132.316 18.2 8
2010 9 12 4 26 45.235 36.2779 132.328 20.4 6
2010 9 12 4 27 8.44757 36.6216 132.863 18.8 8
2010 9 12 4 27 19.7634 36.2879 132.332 15.6 7
2010 9 12 4 27 28.9759 36.2027 132.339 2.4 5
2010 9 12 4 28 1.302 37.3794 133.776 17.3 8
2010 9 12 4 28 1.8007 37.5738 133.684 10.9 6
2010 9 12 4 28 8.91054 36.3887 132.248 2.1 5
2010 9 12 4 28 9.03623 36.282 132.347 16.4 6
2010 9 12 4 28 9.15134 36.2638 132.358 17.6 10
2010 9 12 4 28 9.90169 36.2789 132.347 18.3 8
2010 9 12 4 28 10.0668 36.2996 132.329 16.4 9
2010 9 12 4 28 44.9439 36.2465 132.356 29.3 11
2010 9 12 4 28 45.0354 36.4413 132.283 1.5 5
2010 9 12 4 28 45.1838 36.265 132.309 8.4 6
2010 9 12 4 28 58.1924 36.4948 132.116 2.1 5
2010 9 12 4 29 12.1281 36.6495 133.246 17.2 6
2010 9 12 4 29 13.6274 36.2837 132.393 19.3 6
2010 9 12 4 29 13.8852 36.4673 132.214 3.3 5
2010 9 12 4 29 14.0403 36.1909 132.388 4.4 5
2010 9 12 4 29 31.2521 36.3172 132.359 13.8 5
2010 9 12 4 29 36.7417 36.4892 132.089 7.5 5
2010 9 12 4 29 36.7418 36.2384 132.373 10.8 6
2010 9 12 4 29 36.884 36.3484 132.389 20 5
2010 9 12 4 29 36.9671 36.2709 132.368 20.6 6
2010 9 12 4 29 37.0621 36.2854 132.362 18.9 7
2010 9 12 4 29 54.1529 36.2711 132.359 19.9 6
2010 9 12 4 30 23.2111 36.2988 132.421 19.6 6
2010 9 12 4 30 35.9651 36.3657 132.406 17.2 6
2010 9 12 4 30 54.4139 36.1788 132.223 11.2 5
2010 9 12 4 30 54.4431 36.2618 132.265 18.7 5
2010 9 12 4 31 11.8103 36.3253 132.428 20 7
2010 9 12 4 31 33.5794 36.3158 132.383 17.7 7
2010 9 12 4 31 39.7773 36.2726 132.439 19.9 8
2010 9 12 4 31 39.9626 36.3466 132.438 17 7
2010 9 12 4 31 40.0795 36.2467 132.358 22.1 6
2010 9 12 4 31 40.6088 36.2782 132.45 21.6 5
2010 9 12 4 31 40.8321 36.2647 132.381 11.4 7
2010 9 12 4 31 40.9239 36.7011 133.129 22.4 5
2010 9 12 4 31 46.2571 36.3395 132.378 15.5 8
2010 9 12 4 31 58.4067 36.3556 132.409 19.6 6
2010 9 12 4 32 0.227981 36.3208 132.445 21.2 6
2010 9 12 4 32 0.569473 36.2713 132.413 6.2 5
2010 9 12 4 32 13.3333 36.2357 132.463 2.1 5
2010 9 12 4 32 16.0995 36.3258 132.376 15 8
2010 9 12 4 32 26.6362 36.3093 132.382 20.3 5
2010 9 12 4 32 30.3537 36.8191 133.122 20 8
2010 9 12 4 32 41.2454 36.3252 132.363 4.6 7
2010 9 12 4 32 44.1543 36.2727 132.405 26.5 6
2010 9 12 4 33 3.1926 36.3493 132.394 23.7 6
2010 9 12 4 33 8.21182 36.2594 132.405 7.8 5
2010 9 12 4 33 14.2784 36.1707 132.45 6.6 5
2010 9 12 4 33 14.3739 36.2395 132.439 29.9 10
2010 9 12 4 33 15.1019 36.2834 132.502 16.9 8
2010 9 12 4 33 34.05 37.6055 133.085 27 6
2010 9 12 4 33 34.0501 37.5162 133.296 10.8 5
2010 9 12 4 33 36.3301 38.087 133.322 6.3 5
2010 9 12 4 33 36.3301 38.1602 133.052 26.1 6
2010 9 12 4 33 36.5885 38.0932 133.847 2.8 5
2010 9 12 4 34 12.0469 36.4446 132.705 19.7 9
2010 9 12 4 34 15.6924 36.2255 132.523 5.1 5
2010 9 12 4 34 36.6666 36.3697 132.727 17.2 7
2010 9 12 4 34 52.5322 36.5343 132.155 7.1 6
2010 9 12 4 35 41.2718 37.6039 133.449 16.4 7
2010 9 12 4 35 46.2958 36.2161 132.559 14.1 5
2010 9 12 4 36 1.47956 37.9246 132.8 0.8 5
2010 9 12 4 36 3.16496 37.5602 134.167 17.3 7
2010 9 12 4 36 8.77893 36.2343 132.565 2.4 5
2010 9 12 4 36 9.08468 36.2792 132.515 19.6 7
2010 9 12 4 36 9.08646 36.2685 132.564 4.2 5
2010 9 12 4 36 9.13858 36.298 132.518 18.7 7
2010 9 12 4 36 9.23391 36.3217 132.565 19.8 5
2010 9 12 4 36 9.42569 36.3218 132.527 15.4 6
2010 9 12 4 36 9.70371 36.3061 132.544 19.7 6
2010 9 12 4 36 28.2039 36.8999 133.086 5.5 5
2010 9 12 4 36 28.5462 36.7298 133.116 13.7 7
2010 9 12 4 36 54.8581 36.3283 132.632 10.5 6
2010 9 12 4 36 54.9606 36.2809 132.337 26.3 6
2010 9 12 4 37 7.42041 36.6406 133.17 4 5
2010 9 12 4 37 20.3388 36.2747 132.499 23.5 5
2010 9 12 4 37 39.9678 36.2433 132.477 21.7 6
2010 9 12 4 38 2.60535 36.3129 132.571 24.6 6
2010 9 12 4 38 15.5445 36.3051 132.547 19.8 7
2010 9 12 4 38 15.6064 36.4589 132.435 3.2 5
2010 9 12 4 38 16.1332 36.157 132.542 17.1 6
2010 9 12 4 38 16.276 36.29 132.478 16.5 8
2010 9 12 4 38 35.6037 36.2448 132.536 4.9 5
2010 9 12 4 38 49.2632 36.2171 132.421 20.3 6
2010 9 12 4 39 24.6222 36.2755 132.484 19.3 7
2010 9 12 4 39 24.6604 36.2704 132.51 12.6 6
2010 9 12 4 40 1.94472 36.1641 132.519 10.3 6
2010 9 12 4 40 3.68866 36.3941 132.725 15.7 7
2010 9 12 4 40 4.41085 36.3423 132.911 17.8 5
2010 9 12 4 40 17.5845 36.4973 132.212 5.7 5
2010 9 12 4 40 20.2626 37.8749 132.761 5.1 5
2010 9 12 4 40 20.6962 37.8907 132.749 3.9 5
2010 9 12 4 41 12.9339 36.2809 132.514 20.5 7
2010 9 12 4 41 13.0233 36.2561 132.488 16.5 6
2010 9 12 4 41 27.6645 37.8575 132.782 28.8 13
2010 9 12 4 41 41.5461 36.4967 132.951 11.8 5
2010 9 12 4 41 42.311 36.4759 132.829 20.3 8
2010 9 12 4 41 42.6393 36.4932 132.93 13.5 6
2010 9 12 4 41 49.0597 37.8927 132.879 12.6 7
2010 9 12 4 41 49.1317 37.9155 132.881 13.7 6
2010 9 12 4 41 49.2029 37.8554 132.749 15.7 11
2010 9 12 4 41 49.2996 37.9804 132.796 14.4 7
2010 9 12 4 42 17.2072 36.2087 132.441 3.4 5
2010 9 12 4 42 28.6133 36.3116 132.569 19.5 5
2010 9 12 4 42 28.7472 36.2571 132.56 16.2 7
2010 9 12 4 42 28.8534 36.177 132.609 9.1 5
2010 9 12 4 42 28.9625 36.3137 132.568 18.9 5
2010 9 12 4 42 54.5212 36.3916 132.349 2.9 5
2010 9 12 4 43 0.944121 37.874 132.81 6.8 6
2010 9 12 4 43 2.28058 36.3498 132.971 17.8 7
2010 9 12 4 43 2.28059 36.4489 132.943 18.6 7
2010 9 12 4 43 15.9654 37.0525 133.394 16.4 8
2010 9 12 4 43 16.9285 37.0187 133.904 16.3 5
2010 9 12 4 43 38.1442 37.894 132.835 18.1 8
2010 9 12 4 43 39.8239 36.3433 132.569 19.4 5
2010 9 12 4 43 40.1763 36.2537 132.593 12.9 5
2010 9 12 4 43 52.6158 36.2673 132.521 7.3 6
2010 9 12 4 44 6.55812 37.9381 132.905 13 7
2010 9 12 4 44 6.58929 37.9558 132.92 21.3 5
2010 9 12 4 44 6.60579 37.9414 132.904 19.2 7
2010 9 12 4 44 11.0202 36.2609 132.527 18.6 7
2010 9 12 4 44 31.2042 38.1246 132.548 11.6 5
2010 9 12 4 44 31.2707 37.9012 132.854 18.2 9
2010 9 12 4 44 31.7284 38.002 132.834 7.9 5
2010 9 12 4 44 43.7306 37.8658 132.892 27.6 5
2010 9 12 4 44 58.3813 36.2487 132.44 6.1 6
2010 9 12 4 45 1.52788 36.695 133.213 3.5 5
2010 9 12 4 45 4.94895 37.8941 132.82 17.2 7
2010 9 12 4 45 5.41383 37.8839 132.832 23.8 6
2010 9 12 4 45 14.6439 36.2453 132.518 14.7 8
2010 9 12 4 45 25.1766 36.3336 132.547 17.3 7
2010 9 12 4 45 29.1037 37.8154 132.839 10 6
2010 9 12 4 45 36.3713 37.8513 132.874 2.2 5
2010 9 12 4 45 36.5503 37.8734 132.862 3.5 5
2010 9 12 4 45 36.7539 36.242 132.539 16 5
2010 9 12 4 46 5.94936 37.9055 132.85 24.3 6
2010 9 12 4 46 6.00874 38.0711 132.724 4.6 5
2010 9 12 4 46 19.254 36.5191 133.234 14.3 6
2010 9 12 4 46 37.2047 36.1996 132.77 0.5 5
2010 9 12 4 46 42.7884 36.3071 132.532 25 6
2010 9 12 4 46 42.9173 38.1166 132.616 3.8 5
2010 9 12 4 46 43.5215 36.2679 132.642 11.2 5
2010 9 12 4 46 43.741 37.7356 133.014 22.6 10
2010 9 12 4 46 59.4371 36.3151 132.702 23.8 8
2010 9 12 4 46 59.4978 36.2548 132.709 24.1 8
2010 9 12 4 47 0.010959 36.3577 132.695 17.9 6
2010 9 12 4 47 24.3358 36.2948 132.552 10.4 6
2010 9 12 4 47 30.3441 37.936 132.915 21.4 7
2010 9 12 4 47 30.3853 37.8861 132.95 2.4 6
2010 9 12 4 47 30.4109 38.0103 132.923 17.8 5
2010 9 12 4 47 30.5089 37.9383 132.876 9.6 5
2010 9 12 4 47 35.3435 37.9148 132.889 26.4 6
2010 9 12 4 47 41.3243 36.3162 132.832 13.9 6
2010 9 12 4 47 52.8049 36.4589 132.302 4.2 5
2010 9 12 4 47 58.9955 36.3283 132.593 21.6 6
2010 9 12 4 47 59.0697 36.2444 132.582 11.7 6
2010 9 12 4 47 59.1669 36.2144 132.612 4.1 5
2010 9 12 4 47 59.4319 37.9378 132.887 28.7 10
2010 9 12 4 47 59.5046 37.8721 132.93 1.4 6
2010 9 12 4 48 26.5426 37.9249 132.877 21.2 6
2010 9 12 4 48 30.2538 36.2994 132.607 15.3 6
2010 9 12 4 48 30.358 36.301 132.553 9.7 7
2010 9 12 4 48 53.3815 37.9819 132.896 19.4 6
2010 9 12 4 48 53.4341 37.9876 132.918 11.1 5
2010 9 12 4 48 53.5131 37.979 132.887 19.4 7
2010 9 12 4 48 53.5671 37.9487 132.848 14.1 7
2010 9 12 4 48 53.6443 38.0095 132.919 4.6 6
2010 9 12 4 48 53.7889 37.9093 132.912 13.7 6
2010 9 12 4 49 16.2498 36.1416 132.645 20.7 6
2010 9 12 4 49 16.8295 37.1199 133.533 27.7 11
2010 9 12 4 49 18.9854 37.9126 132.879 20.8 7
2010 9 12 4 49 19.0609 37.8833 132.924 1.2 5
2010 9 12 4 49 19.2444 37.9001 132.901 18.7 6
2010 9 12 4 49 22.7837 36.2166 132.328 23.7 7
2010 9 12 4 49 23.0551 36.2026 132.309 20.7 7
2010 9 12 4 49 26.292 36.4338 133.147 14.4 11
2010 9 12 4 49 26.3393 36.451 133.087 11.1 5
2010 9 12 4 49 46.8715 36.246 132.654 7.7 5
2010 9 12 4 49 50.2383 37.9418 132.9 19.3 6
2010 9 12 4 49 50.7765 37.8739 132.934 7.4 6
2010 9 12 4 49 59.4786 36.2518 132.585 19.7 6
2010 9 12 4 50 25.3726 37.904 132.877 22.1 6
2010 9 12 4 50 25.5189 37.9587 132.938 18.2 8
2010 9 12 4 50 25.7354 37.9348 132.944 19.2 6
2010 9 12 4 50 42.5861 36.4991 133.006 3.6 5
2010 9 12 4 50 42.6793 36.5215 132.915 17.2 7
2010 9 12 4 50 42.767 36.5591 132.973 15.8 7
2010 9 12 4 50 46.5384 36.3412 132.675 22 5
2010 9 12 4 50 46.5385 36.2199 132.563 26.9 5
2010 9 12 4 50 46.9713 36.4447 132.555 6.8 5
2010 9 12 4 50 47.3043 36.2436 132.687 3 5
2010 9 12 4 50 48.7176 38.0269 132.961 13.3 8
2010 9 12 4 50 48.8315 37.9548 132.925 9.6 7
2010 9 12 4 50 48.8572 37.9338 132.943 1.6 5
2010 9 12 4 50 52.4493 36.2663 132.573 28.6 6
2010 9 12 4 51 11.5109 36.2657 132.566 22 6
2010 9 12 4 51 18.2201 38.102 132.885 8.9 5
2010 9 12 4 51 18.2805 37.9418 132.999 7.5 5
2010 9 12 4 51 34.4241 36.2138 132.362 23.6 8
2010 9 12 4 51 53.4252 36.273 132.541 17.6 5
2010 9 12 4 52 16.2482 36.4535 132.383 1.4 5
2010 9 12 4 52 16.2482 36.2008 132.581 6.2 5
2010 9 12 4 52 16.2779 36.2356 132.539 7.8 5
2010 9 12 4 52 57.2586 36.2765 132.618 22.4 6
2010 9 12 4 53 6.92812 36.1987 132.39 22.9 7
2010 9 12 4 53 7.11946 36.1124 132.43 4.5 5
2010 9 12 4 53 7.21695 36.1802 132.381 19.8 6
2010 9 12 4 53 16.4627 37.9355 132.907 15.5 7
2010 9 12 4 53 26.6147 36.1905 132.675 9.1 5
2010 9 12 4 53 31.5546 37.7026 133.578 19.3 6
2010 9 12 4 53 47.1619 36.6957 133.336 22.5 6
2010 9 12 4 53 51.3603 36.3307 132.664 20.4 7
2010 9 12 4 53 51.8973 36.3337 132.674 17.4 9
2010 9 12 4 53 52.0908 36.2868 132.724 15.8 8
2010 9 12 4 53 52.1708 36.2767 132.722 13.7 8
2010 9 12 4 54 6.35091 37.9448 133.109 4.4 5
2010 9 12 4 54 6.47792 38.0181 133.064 17.9 10
2010 9 12 4 54 6.53821 38.0218 133.07 15.1 9
2010 9 12 4 54 6.65954 37.9558 133.065 18 6
2010 9 12 4 54 25.8075 36.2718 132.656 19.4 7
2010 9 12 4 54 37.5129 36.2966 132.581 8.1 6
2010 9 12 4 54 37.7306 36.4534 132.529 5.8 5
2010 9 12 4 54 38.11 36.3354 132.626 19.7 8
2010 9 12 4 54 53.3798 37.8941 133.041 21.5 9
2010 9 12 4 54 53.5259 37.9608 133.032 18.2 9
2010 9 12 4 55 0.536894 36.9223 133.339 16.4 6
2010 9 12 4 55 0.596225 36.8432 133.357 26.1 6
2010 9 12 4 55 14.6973 36.3325 132.72 19.6 8
2010 9 12 4 55 34.4603 37.9643 133.05 5.1 5
2010 9 12 4 55 49.8256 37.99 133.047 18.4 6
2010 9 12 4 55 52.869 36.2881 132.607 7.9 6
2010 9 12 4 55 52.924 36.2718 132.652 20.4 7
2010 9 12 4 55 53.0497 36.3345 132.653 2.8 5
2010 9 12 4 55 53.2569 36.2614 132.659 16 5
2010 9 12 4 56 12.7806 37.93 133.078 2.5 5
2010 9 12 4 56 20.9838 36.5498 133.065 9 6
2010 9 12 4 56 59.4985 36.2454 132.596 20.2 5
2010 9 12 4 56 59.6682 36.2477 132.698 3 5
2010 9 12 4 56 59.742 36.3643 132.676 18.8 5
2010 9 12 4 56 59.9533 36.2963 132.608 9 5
2010 9 12 4 57 0.540612 37.62 133.529 6.5 6
2010 9 12 4 57 7.82525 36.1134 132.596 2.1 5
2010 9 12 4 57 15.7215 36.2934 132.687 23.9 5
2010 9 12 4 57 31.1625 36.3262 132.697 15.9 5
2010 9 12 4 57 38.384 36.5657 133.074 29 7
2010 9 12 4 57 38.5215 36.6108 133.079 21.8 9
2010 9 12 4 57 38.5728 36.5535 133.089 20.3 8
2010 9 12 4 57 38.6008 36.6022 133.067 19.4 7
2010 9 12 4 57 38.9112 36.63 133.074 20.1 7
2010 9 12 4 57 53.8797 36.3212 132.698 21 9
2010 9 12 4 57 53.9993 36.1596 132.671 16.9 5
2010 9 12 4 57 54.0727 36.2446 132.734 3.8 5
2010 9 12 4 57 56.6767 36.2082 132.482 20.8 7
2010 9 12 4 57 57.0497 36.2767 132.48 18.3 5
2010 9 12 4 58 1.32743 37.9438 132.988 11.2 6
2010 9 12 4 58 1.36487 37.9827 133.004 21.8 7
2010 9 12 4 58 1.42646 38.0496 133.024 14.5 7
2010 9 12 4 58 9.5266 36.491 133.032 17.9 5
2010 9 12 4 58 15.1532 36.277 132.716 29.8 11
2010 9 12 4 58 15.2104 36.3161 132.685 19.8 6
2010 9 12 4 58 15.2466 36.3856 132.694 23 5
2010 9 12 4 58 15.2693 36.3637 132.674 16.9 6
2010 9 12 4 58 49.6141 36.3094 132.762 24.2 6
2010 9 12 4 58 49.7534 36.3143 132.752 16.3 5
2010 9 12 4 59 4.2263 36.4751 133.148 4.1 5
2010 9 12 4 59 7.18769 36.2868 132.698 7 6
2010 9 12 4 59 7.40153 36.3324 132.738 19.6 9
2010 9 12 4 59 19.3892 36.3833 132.749 18.7 6
2010 9 12 4 59 19.6784 36.3718 132.754 18.3 5
2010 9 12 4 59 34.6433 36.1034 132.347 12.7 6
2010 9 12 4 59 34.6876 36.1085 132.334 6.9 5
2010 9 12 4 59 37.3923 36.3049 132.739 22.1 8
2010 9 12 4 59 38.8461 38.0927 133.088 21.5 5
2010 9 12 4 59 38.8791 37.9874 133.103 28.6 5
2010 9 12 4 59 38.9811 37.9752 133.038 2.2 5
2010 9 12 4 59 39.1353 37.9737 133.098 24.2 5
2010 9 12 4 59 41.3418 36.535 133.079 29.1 8
2010 9 12 4 59 41.4818 36.6137 133.119 13.8 8
2010 9 12 4 59 41.5925 36.828 132.903 4.9 5
2010 9 12 4 59 41.6436 36.8438 132.781 8.1 6
2010 9 12 4 59 41.6854 36.6086 133.089 15 8
2010 9 12 4 59 41.7504 36.6157 133.095 17 8
2010 9 12 4 59 41.806 36.6204 133.089 18.7 9
2010 9 12 4 59 49.0089 37.8326 132.996 17.8 6
2010 9 12 5 0 3.12447 36.1627 132.77 14.2 5
2010 9 12 5 0 24.7581 36.3207 132.756 9.1 6
2010 9 12 5 0 26.2201 37.9879 133.018 7.4 5
2010 9 12 5 0 26.2522 38.0658 133.073 16.7 7
2010 9 12 5 0 26.3071 38.1081 133.047 3.8 5
2010 9 12 5 0 44.4507 36.4963 133.147 3.5 5
2010 9 12 5 0 46.2111 36.2361 132.712 27.1 5
2010 9 12 5 0 57.9628 36.2976 132.783 24.6 6
2010 9 12 5 0 58.0335 36.2787 132.736 5.1 5
2010 9 12 5 1 12.5818 36.9216 133.354 4.4 5
2010 9 12 5 1 21.1469 37.9466 133.137 4.4 6
2010 9 12 5 1 21.4368 37.9391 133.127 1.7 5
2010 9 12 5 1 38.4704 36.5105 133.055 25.1 7
2010 9 12 5 1 38.5788 36.5578 133.084 17.5 6
2010 9 12 5 1 38.6641 36.5158 133.036 7.8 7
2010 9 12 5 1 51.4806 36.2739 132.807 24.2 5
2010 9 12 5 1 54.4785 37.9592 133.143 5.7 5
2010 9 12 5 2 19.9688 36.2859 132.896 14.2 6
2010 9 12 5 2 20.0308 36.355 132.897 20.8 7
2010 9 12 5 2 20.0947 36.3441 132.91 22.5 7
2010 9 12 5 2 29.8694 36.3985 132.777 18.3 6
2010 9 12 5 2 29.9143 36.3752 132.797 22.6 7
2010 9 12 5 2 39.853 38.0174 133.072 23.8 5
2010 9 12 5 2 54.4405 36.5749 133.179 18.2 5
2010 9 12 5 2 55.313 36.5801 133.174 23.2 6
2010 9 12 5 3 25.3458 37.9701 133.148 21.5 5
2010 9 12 5 3 27.4315 36.9228 133.578 13.7 6
2010 9 12 5 3 27.435 37.095 133.28 3.1 5
2010 9 12 5 4 0.736341 36.2714 132.838 10.3 5
2010 9 12 5 4 10.0707 36.1349 132.452 7.4 5
2010 9 12 5 4 10.3995 36.1251 132.457 24.2 8
2010 9 12 5 4 11.5515 37.9753 133.146 20.8 6
2010 9 12 5 4 12.8731 36.3985 132.72 21.5 5
2010 9 12 5 4 23.1797 36.1506 132.499 22.3 5
2010 9 12 5 4 23.3994 36.0367 132.488 3.6 5
2010 9 12 5 4 42.4817 36.3338 132.716 20.5 9
2010 9 12 5 4 43.6538 36.1558 132.782 16 5
2010 9 12 5 4 43.7206 36.1325 132.469 19.5 8
2010 9 12 5 4 43.9022 36.1314 132.494 17.5 8
2010 9 12 5 4 47.5211 36.2402 132.768 4.1 5
2010 9 12 5 4 47.5697 36.3054 132.715 13.8 6
2010 9 12 5 4 47.6781 36.3168 132.698 29.3 9
2010 9 12 5 5 6.16367 36.1449 132.303 16.8 5
2010 9 12 5 5 6.1637 36.1252 132.509 19.3 5
2010 9 12 5 5 6.27779 36.1197 132.458 22.6 6
2010 9 12 5 5 6.40565 36.0871 132.462 22.2 5
2010 9 12 5 5 17.4055 37.915 133.323 19.8 5
2010 9 12 5 5 20.006 36.3028 132.725 20.4 6
2010 9 12 5 5 23.1421 36.1156 132.451 19.6 8
2010 9 12 5 5 23.3595 36.0687 132.408 10 6
2010 9 12 5 5 26.4702 36.2705 132.889 8.4 5
2010 9 12 5 5 45.0274 36.1391 132.45 18.8 6
2010 9 12 5 5 45.16 36.1728 132.448 20.1 8
2010 9 12 5 5 59.3951 36.2575 132.935 26.9 9
2010 9 12 5 5 59.5755 36.3748 132.944 20 5
2010 9 12 5 5 59.6479 36.3045 132.931 22.6 5
2010 9 12 5 5 59.7208 36.336 132.959 18.1 8
2010 9 12 5 6 0.017947 36.5153 132.63 8.2 6
2010 9 12 5 6 3.16187 36.3075 132.728 17.9 5
2010 9 12 5 6 18.8653 36.2366 132.727 4.4 5
2010 9 12 5 6 47.5445 36.5985 132.414 15.5 5
2010 9 12 5 6 48.3888 36.4613 132.65 3.9 5
2010 9 12 5 6 49.0564 37.9683 133.144 3.6 5
2010 9 12 5 6 49.248 38.0939 133.141 14.8 8
2010 9 12 5 6 54.3497 36.3829 132.201 7.4 5
2010 9 12 5 6 54.3497 36.0961 132.49 7.9 5
2010 9 12 5 6 54.6338 36.1722 132.524 18.8 7
2010 9 12 5 6 54.6762 36.2315 132.529 21.5 5
2010 9 12 5 7 4.91343 36.969 133.437 29.6 7
2010 9 12 5 7 5.10322 36.9676 133.599 16.9 8
2010 9 12 5 7 7.04646 36.2263 132.781 2.8 5
2010 9 12 5 7 7.08981 36.3162 132.755 19.1 7
2010 9 12 5 7 8.60105 36.1706 132.486 15.7 7
2010 9 12 5 7 13.386 36.4579 133.268 14.2 5
2010 9 12 5 7 13.5025 36.4023 133.329 3.3 5
2010 9 12 5 7 14.3746 36.2995 132.935 14.9 11
2010 9 12 5 7 14.4573 36.2643 132.976 23.2 10
2010 9 12 5 7 14.5678 36.5688 132.565 7.2 5
2010 9 12 5 7 14.6437 36.3249 132.882 19.5 9
2010 9 12 5 7 14.8411 36.3294 132.87 18.1 7
2010 9 12 5 7 24.5655 37.6091 133.811 5.1 6
2010 9 12 5 7 24.7066 37.652 133.774 20.9 7
2010 9 12 5 7 53.174 38.1093 133.189 20.4 6
2010 9 12 5 7 53.3848 36.1802 132.525 16.6 6
2010 9 12 5 7 53.8285 36.1761 132.504 26 7
2010 9 12 5 8 0.312275 36.3036 132.696 9.4 5
2010 9 12 5 8 5.33069 36.302 132.818 22 6
2010 9 12 5 8 5.50709 36.3786 132.827 17.8 6
2010 9 12 5 8 5.66169 36.3152 132.828 22.7 6
2010 9 12 5 8 5.8744 36.2466 132.851 4.1 5
2010 9 12 5 8 6.07927 36.3216 132.846 15.9 6
2010 9 12 5 8 42.0424 36.2774 132.836 28.1 9
2010 9 12 5 8 42.681 36.3131 132.857 18.5 7
2010 9 12 5 9 3.51055 36.1405 132.511 8.2 7
2010 9 12 5 9 3.68729 36.0567 132.603 5.5 5
2010 9 12 5 9 3.75064 36.1317 132.555 21.8 5
2010 9 12 5 9 14.9259 36.3564 132.716 22.3 6
2010 9 12 5 9 15.0566 36.31 132.941 20 7
2010 9 12 5 9 15.8415 36.2951 132.947 20 7
2010 9 12 5 9 22.771 36.9636 133.62 9.4 5
2010 9 12 5 9 22.7728 36.8706 133.615 3.1 5
2010 9 12 5 9 24.4844 36.282 132.852 15.2 6
2010 9 12 5 9 38.0821 38.106 133.297 15.8 5
2010 9 12 5 9 38.1607 36.1746 132.528 22.7 7
2010 9 12 5 9 38.1867 38.0369 133.176 13.5 5
2010 9 12 5 9 38.3861 36.1736 132.514 27.5 5
2010 9 12 5 9 38.6746 36.0803 132.556 3.8 5
2010 9 12 5 9 52.7047 36.184 132.565 19.8 8
2010 9 12 5 9 52.755 36.146 132.54 4.1 6
2010 9 12 5 9 52.8265 36.1819 132.564 19.3 6
2010 9 12 5 10 19.4133 36.3405 132.851 19.3 12
2010 9 12 5 10 19.486 36.2977 132.78 6.3 5
2010 9 12 5 10 19.5873 36.2961 132.863 19.9 7
2010 9 12 5 10 50.8622 38.099 133.212 19.7 5
2010 9 12 5 10 54.0283 36.3606 132.691 24 5
2010 9 12 5 11 8.8474 36.1645 132.604 23 7
2010 9 12 5 11 20.2704 37.6514 133.915 2.1 5
2010 9 12 5 11 27.2463 36.3618 132.934 15.3 8
2010 9 12 5 11 28.1623 36.3473 132.948 20.1 5
2010 9 12 5 11 35.4407 36.1555 132.605 20.7 7
2010 9 12 5 11 53.9289 36.3738 132.89 20.1 9
2010 9 12 5 11 54.0202 36.3337 132.85 7.4 5
2010 9 12 5 11 54.265 36.614 132.62 10.8 5
2010 9 12 5 11 55.7306 36.3288 132.848 9 5
2010 9 12 5 11 59.8376 38.1479 133.231 8.3 5
2010 9 12 5 11 59.91 38.0679 133.205 16.4 6
2010 9 12 5 12 7.41245 36.1927 132.633 15.6 5
2010 9 12 5 12 7.59975 36.2297 132.617 18.9 5
2010 9 12 5 12 21.811 36.5088 132.773 2.4 5
2010 9 12 5 12 37.2617 36.2586 133.048 12.7 6
2010 9 12 5 12 43.5852 36.1769 132.478 29.8 8
2010 9 12 5 13 8.92528 36.3131 132.911 22.4 9
2010 9 12 5 13 28.2263 36.6052 133.41 17.1 11
2010 9 12 5 13 42.1991 37.6423 134.06 4.7 5
2010 9 12 5 13 52.655 36.1638 132.591 3.2 5
2010 9 12 5 13 57.152 36.2721 132.942 1.4 5
2010 9 12 5 14 16.3941 37.2189 133.366 10.4 5
2010 9 12 5 14 16.3942 36.9847 133.669 12.8 5
2010 9 12 5 14 35.6554 36.2669 133.036 26.9 9
2010 9 12 5 14 35.7655 36.2768 132.9 5.2 5
2010 9 12 5 14 35.8609 36.3054 132.901 14.6 6
2010 9 12 5 14 57.0812 38.0359 133.236 3.7 5
2010 9 12 5 14 57.123 38.085 133.231 13.5 5
2010 9 12 5 14 57.2039 38.063 133.22 21.5 7
2010 9 12 5 15 13.4759 36.1805 132.573 15.1 8
2010 9 12 5 15 18.1848 36.2325 132.946 3.1 5
2010 9 12 5 15 18.2478 36.3134 132.964 17.6 6
2010 9 12 5 15 18.3195 36.3129 132.936 19.9 8
2010 9 12 5 15 18.4507 36.2976 132.939 22.5 7
2010 9 12 5 15 18.7421 36.2793 132.948 16.4 7
2010 9 12 5 15 23.6064 36.1214 132.617 8.4 6
2010 9 12 5 16 5.93567 36.341 132.369 1.1 5
2010 9 12 5 16 29.8109 36.7545 133.405 7.6 7
2010 9 12 5 16 37.2132 36.1044 132.601 24.7 11
2010 9 12 5 16 37.633 36.0975 132.6 23.2 6
2010 9 12 5 16 37.7853 36.0792 132.564 9.1 7
2010 9 12 5 16 42.9889 37.0358 133.422 12.5 5
2010 9 12 5 16 42.9889 36.7704 133.54 5.4 5
2010 9 12 5 16 49.1048 36.3207 133.086 15.7 6
2010 9 12 5 17 13.3058 36.305 132.476 4.7 5
2010 9 12 5 17 13.5839 36.0594 132.647 2 5
2010 9 12 5 17 21.7837 36.6392 133.8 23.4 10
2010 9 12 5 17 21.7998 36.7372 133.838 23.3 5
2010 9 12 5 17 49.7766 36.0669 132.662 1.1 5
2010 9 12 5 18 9.55114 36.3606 132.38 2.7 6
2010 9 12 5 18 10.4904 36.1111 132.636 16.8 6
2010 9 12 5 18 10.5838 36.1115 132.642 19.5 6
2010 9 12 5 18 22.9353 36.316 132.976 20.1 6
2010 9 12 5 18 23.1835 36.3282 133.133 16.8 7
2010 9 12 5 18 23.2959 36.3343 133.166 19.9 8
2010 9 12 5 18 23.3365 36.2406 133.191 3.3 5
2010 9 12 5 18 23.3472 36.2877 133.11 6.8 5
2010 9 12 5 18 26.4309 36.2835 132.697 16 5
2010 9 12 5 18 43.0327 36.1405 132.649 21.7 6
2010 9 12 5 18 43.0861 36.1296 132.617 18.2 8
2010 9 12 5 19 34.3202 36.0916 132.646 27.6 10
2010 9 12 5 19 34.3534 36.1335 132.703 17.4 7
2010 9 12 5 19 34.3765 36.1551 132.697 16.8 5
2010 9 12 5 19 49.8377 36.1678 132.664 14.2 6
2010 9 12 5 19 55.3787 36.2288 132.69 29.4 6
2010 9 12 5 20 22.9196 37.6807 134.032 18.8 8
2010 9 12 5 20 26.7536 36.189 132.656 23.1 8
2010 9 12 5 20 44.2526 36.4014 132.364 8.2 6
2010 9 12 5 20 46.0944 36.2988 133.037 11.4 5
2010 9 12 5 20 46.3373 36.3779 133.072 17.3 8
2010 9 12 5 20 46.6635 36.3027 133.032 12.8 5
2010 9 12 5 20 50.2705 36.0958 132.7 2.4 5
2010 9 12 5 21 14.0646 36.0486 132.756 4 5
2010 9 12 5 21 25.7251 36.1342 132.645 3.8 5
2010 9 12 5 21 59.4855 36.3057 133.072 26.1 13
2010 9 12 5 22 3.0632 36.1025 132.775 2.3 5
2010 9 12 5 22 35.4713 36.2101 132.719 20.1 6
2010 9 12 5 22 55.8213 37.0008 133.93 21.1 6
2010 9 12 5 22 56.414 37.248 134.483 3.9 5
2010 9 12 5 23 2.67473 36.3235 132.979 29.6 10
2010 9 12 5 23 3.01848 36.0895 132.719 2.7 5
2010 9 12 5 23 3.08906 36.1935 132.689 19.9 9
2010 9 12 5 23 3.20125 36.2135 132.734 9.8 7
2010 9 12 5 23 3.46596 36.1302 132.704 15.5 5
2010 9 12 5 23 17.9256 36.136 132.688 18.7 8
2010 9 12 5 23 18.1664 36.0943 132.729 3.1 5
2010 9 12 5 23 32.1718 36.3658 133.152 19.4 8
2010 9 12 5 23 32.8385 36.2779 133.172 2.5 5
2010 9 12 5 23 37.5979 36.1716 132.73 26 5
2010 9 12 5 23 37.6923 36.1279 132.689 18.9 5
2010 9 12 5 24 12.9838 36.3861 133.267 19.5 6
2010 9 12 5 24 14.0098 36.1929 132.765 22.9 8
2010 9 12 5 24 14.5585 36.1821 132.753 19.5 7
2010 9 12 5 24 43.0739 36.265 133.137 26.6 5
2010 9 12 5 24 43.0739 36.3334 133.334 17.7 6
2010 9 12 5 24 43.0957 36.2634 133.197 3.8 5
2010 9 12 5 24 43.1639 36.3396 133.181 19.1 9
2010 9 12 5 24 52.7692 36.1031 132.787 1.2 5
2010 9 12 5 25 33.97 36.2033 132.731 23.4 7
2010 9 12 5 26 17.338 36.2995 133.213 16.6 5
2010 9 12 5 26 17.4128 36.4195 133.227 17 6
2010 9 12 5 26 17.6173 36.1662 132.72 16.2 7
2010 9 12 5 26 17.8855 36.1532 132.696 5 5
2010 9 12 5 26 18.742 36.1858 132.738 21 7
2010 9 12 5 26 29.4268 36.6003 133.444 19 6
2010 9 12 5 27 3.18365 36.1747 132.762 19.9 5
2010 9 12 5 27 3.23383 36.1665 132.736 17.9 7
2010 9 12 5 27 3.27994 36.2239 132.771 21.5 6
2010 9 12 5 27 31.7407 36.167 132.744 21.8 6
2010 9 12 5 28 40.5651 36.1948 132.666 20.8 7
2010 9 12 5 28 51.3206 36.1914 132.668 21.5 7
2010 9 12 5 29 10.4871 36.8193 133.611 10.3 5
2010 9 12 5 29 11.384 36.1756 132.72 8 5
2010 9 12 5 29 40.8105 36.1919 132.698 25.6 6
2010 9 12 5 29 44.4566 36.2862 133.193 2.4 5
2010 9 12 5 30 4.69508 36.2818 133.285 3.4 5
2010 9 12 5 30 20.1898 36.2427 132.743 15.6 6
2010 9 12 5 30 52.6628 36.1925 132.805 17.8 7
2010 9 12 5 30 52.7569 36.2058 132.929 14.6 6
2010 9 12 5 31 13.2583 36.1755 132.682 16.2 6
2010 9 12 5 31 25.6597 36.1475 132.804 3.3 5
2010 9 12 5 31 52.3349 36.4228 133.418 23.3 7
2010 9 12 5 32 41.8524 36.5612 133.724 6.5 5
2010 9 12 5 32 44.5627 36.1684 132.844 21.7 6
2010 9 12 5 32 52.0865 36.8632 134.083 19.1 8
2010 9 12 5 33 8.65301 36.9465 133.904 22.6 7
2010 9 12 5 33 23.6647 36.2045 132.808 17.9 8
2010 9 12 5 34 1.84872 36.1757 132.753 15.1 7
2010 9 12 5 35 6.44863 36.4524 132.491 10.5 6
2010 9 12 5 35 6.76719 36.1908 132.796 19.3 8
2010 9 12 5 35 6.84135 36.211 132.795 19 8
2010 9 12 5 35 43.5009 36.146 132.916 8.5 5
2010 9 12 5 35 44.3372 36.2231 132.852 21.7 6
2010 9 12 5 35 44.4536 36.193 132.814 18.7 8
2010 9 12 5 35 59.3171 38.0671 133.498 6.7 5
2010 9 12 5 36 7.53919 36.2983 132.877 15.3 5
2010 9 12 5 36 22.7639 36.1977 132.794 19.5 9
2010 9 12 5 36 22.9294 36.1738 132.984 15.3 6
2010 9 12 5 36 49.3672 36.4921 133.963 25.9 11
2010 9 12 5 36 50.0003 36.4709 133.874 7.9 5
2010 9 12 5 37 15.4182 36.183 132.795 23.1 5
2010 9 12 5 37 15.5166 36.2362 132.813 15.3 5
2010 9 12 5 37 15.5855 36.2087 132.831 21.9 5
2010 9 12 5 37 15.6367 36.128 132.825 3.4 5
2010 9 12 5 37 23.2396 36.3906 133.223 17.8 6
2010 9 12 5 37 23.3146 36.4388 133.235 18.4 8
2010 9 12 5 37 23.3798 36.3989 133.211 18.6 6
2010 9 12 5 37 23.4462 36.4179 133.226 17.4 7
2010 9 12 5 37 32.1825 36.7759 133.768 22.5 8
2010 9 12 5 37 34.6278 36.2311 132.972 12.1 6
2010 9 12 5 38 16.354 36.4263 133.283 17.2 7
2010 9 12 5 38 26.3051 36.1718 132.836 17 7
2010 9 12 5 39 31.853 36.4156 133.337 15.3 7
2010 9 12 5 40 2.53372 36.1949 132.836 5.2 5
2010 9 12 5 40 2.71947 36.2293 132.873 16.2 6
2010 9 12 5 40 12.7868 36.6603 133.637 21.4 5
2010 9 12 5 40 33.1766 36.1769 132.892 16.4 6
2010 9 12 5 40 33.3918 36.1313 132.9 11.4 5
2010 9 12 5 40 53.149 36.3736 133.404 26 6
2010 9 12 5 41 26.025 36.2412 132.912 12.7 5
2010 9 12 5 41 26.2818 36.2186 132.898 20 7
2010 9 12 5 41 47.1376 36.4028 133.372 9.4 7
2010 9 12 5 41 47.2098 36.4058 133.31 20.5 8
2010 9 12 5 42 1.75484 36.2623 133.38 3.7 5
2010 9 12 5 42 2.31712 36.2842 133.513 25.3 10
2010 9 12 5 42 15.3566 36.1736 132.891 20.5 5
2010 9 12 5 42 21.8486 36.379 132.844 7.3 5
2010 9 12 5 43 45.0814 36.2392 132.839 28.2 7
2010 9 12 5 45 54.7466 36.1588 132.868 14.8 7
2010 9 12 5 46 58.1112 36.1016 132.752 18.8 7
2010 9 12 5 46 58.1112 35.9878 132.636 17.8 6
2010 9 12 5 46 58.2214 36.1759 132.758 14.1 6
2010 9 12 5 47 0.519701 36.2489 132.801 5.4 5
2010 9 12 5 47 40.78 37.9803 134.088 21.1 6
2010 9 12 5 47 40.8922 38.1523 133.81 11.3 8
2010 9 12 5 47 55.3359 36.1952 132.961 10.3 6
2010 9 12 5 48 45.0169 36.048 132.828 8.3 6
2010 9 12 5 48 45.0169 36.1571 132.825 4.1 5
2010 9 12 5 49 50.4338 35.8215 132.068 6.6 6
2010 9 12 5 49 55.8118 36.3623 133.449 11.6 7
2010 9 12 5 50 26.7169 36.1742 132.912 29.4 12
2010 9 12 5 50 50.728 38.1777 133.625 16 10
2010 9 12 5 51 2.34985 38.085 133.558 25.5 8
2010 9 12 5 51 2.72038 38.4329 133.626 10.7 5
2010 9 12 5 51 3.58208 36.694 133.785 13 7
2010 9 12 5 51 3.74241 36.6856 133.812 17.8 6
2010 9 12 5 51 20.7434 36.1905 133.109 5.2 5
2010 9 12 5 51 23.0078 35.8285 132.146 18.5 9
2010 9 12 5 51 54.5946 37.833 134.628 17.6 10
2010 9 12 5 51 54.7535 37.8493 134.568 5.7 5
2010 9 12 5 51 56.6743 36.4068 132.559 10.3 5
2010 9 12 5 51 59.1861 36.7049 134.416 21.6 11
2010 9 12 5 52 29.9205 35.8267 132.113 29.8 8
2010 9 12 5 52 31.7605 36.2021 133.092 14.2 5
2010 9 12 5 53 14.6376 36.2889 133.363 4.9 6
2010 9 12 5 53 14.6376 36.3509 133.41 7.5 6
2010 9 12 5 53 19.7193 35.8478 132.161 18.7 6
2010 9 12 5 53 29.5446 36.7498 134.005 6.8 5
2010 9 12 5 53 59.7522 36.6634 133.798 4.7 5
2010 9 12 5 54 4.08972 36.4176 133.404 18.9 7
2010 9 12 5 54 4.09387 36.2822 133.562 8.9 5
2010 9 12 5 54 42.8409 36.2905 132.768 8.6 6
2010 9 12 5 54 42.8783 36.1022 132.802 20.8 5
2010 9 12 5 54 45.338 36.4107 133.473 17.6 11
2010 9 12 5 56 4.16721 36.1463 132.861 15.9 9
2010 9 12 5 56 4.38031 36.0523 132.881 3 5
2010 9 12 5 56 4.56977 36.1563 132.771 7.7 7
2010 9 12 5 56 5.93151 36.4139 133.491 18.1 8
2010 9 12 5 56 24.1732 36.1674 133.009 12.6 5
2010 9 12 5 57 7.95125 36.885 134.46 21.2 6
2010 9 12 5 57 8.18018 37.0804 135.128 21 6
2010 9 12 5 57 13.5786 36.3396 133.4 14.2 6
2010 9 12 5 57 51.9614 35.9023 132.27 16.2 10
2010 9 12 5 57 52.0309 35.8002 132.228 5 5
2010 9 12 5 57 56.3301 36.4238 133.444 21.3 6
2010 9 12 5 58 13.4028 38.2305 133.394 16 5
2010 9 12 5 58 36.8539 36.4541 133.459 18.6 8
2010 9 12 5 58 36.954 36.386 133.436 7.6 6
2010 9 12 5 59 32.1059 36.4403 133.485 18.2 7
2010 9 12 6 0 5.77267 36.1661 132.998 14.6 8
2010 9 12 6 0 5.82916 36.1545 132.933 14.4 8
2010 9 12 6 0 6.20919 36.1479 132.851 10.8 6
2010 9 12 6 0 49.7517 36.4627 133.796 17.2 7
2010 9 12 6 1 9.01958 36.2459 133.173 21.4 5
2010 9 12 6 1 39.9604 35.8323 132.131 7.7 5
2010 9 12 6 1 40.0153 35.885 132.258 19.7 7
2010 9 12 6 1 40.0218 35.8176 132.228 18.5 8
2010 9 12 6 1 47.5951 36.3396 133.45 4.8 5
2010 9 12 6 2 42.2188 36.4743 133.596 14.5 6
2010 9 12 6 2 49.3802 36.0902 132.852 16.3 9
2010 9 12 6 3 12.4939 36.7024 134.117 17.9 5
2010 9 12 6 3 31.9725 36.1991 133.091 20.8 5
2010 9 12 6 4 54.455 36.4618 133.578 14.6 10
2010 9 12 6 5 23.1277 36.1589 133.142 3 5
2010 9 12 6 5 38.3641 41.6677 131.447 19.6 10
2010 9 12 6 5 38.3961 41.659 131.43 4.4 5
2010 9 12 6 5 38.4176 41.6483 131.438 21.2 6
2010 9 12 6 5 44.0748 36.4104 133.592 18.5 8
2010 9 12 6 6 10.5104 36.9065 134.239 20.3 7
2010 9 12 6 6 48.7557 36.6976 134.091 4.3 7
2010 9 12 6 7 17.2592 36.4434 133.87 2.9 5
2010 9 12 6 7 48.0864 36.735 134.441 17.5 5
2010 9 12 6 7 48.4078 36.852 134.781 16 6
2010 9 12 6 8 11.2206 36.367 133.696 4.8 5
2010 9 12 6 8 11.2206 36.3375 133.795 7.5 5
2010 9 12 6 8 32.7258 36.1183 133.023 16 7
2010 9 12 6 8 33.0077 36.1058 132.95 18 6
2010 9 12 6 9 0.759553 41.7266 131.512 21.2 6
2010 9 12 6 9 5.02877 36.1819 133.117 19.7 7
2010 9 12 6 10 26.9756 36.4351 133.75 17.4 5
2010 9 12 6 10 27.1993 36.4138 133.632 21.7 6
2010 9 12 6 11 22.2737 47.6338 139.438 23 5
2010 9 12 6 11 29.3548 36.2034 133.109 17.1 7
2010 9 12 6 11 29.7263 36.1836 133.028 11.6 5
2010 9 12 6 11 57.718 36.8966 134.319 18.3 7
2010 9 12 6 12 50.5672 35.9218 132.411 15.7 6
2010 9 12 6 13 1.6446 36.0143 132.966 27.4 9
2010 9 12 6 13 46.4234 36.4225 133.127 11.5 5
2010 9 12 6 13 58.565 36.1982 133.072 19.4 7
2010 9 12 6 14 56.5043 36.2113 132.896 16.1 7
2010 9 12 6 14 56.5043 36.1148 133.171 21.1 5
2010 9 12 6 15 32.4412 36.412 133.874 4.8 5
2010 9 12 6 15 33.2625 36.4863 133.937 21 9
2010 9 12 6 15 33.6021 36.547 134.479 16.2 6
2010 9 12 6 15 35.8628 37.1731 135.571 22.3 6
2010 9 12 6 15 37.3386 36.2173 133.075 18.6 6
2010 9 12 6 15 37.7648 36.3481 133.127 17.6 5
2010 9 12 6 15 38.6125 36.12 132.807 19.4 6
2010 9 12 6 15 38.6125 36.0076 133.066 10 5
2010 9 12 6 16 18.4349 36.809 134.424 16.1 5
2010 9 12 6 16 44.3395 35.8427 131.843 9.7 6
2010 9 12 6 16 44.5117 35.8277 132.055 23.6 7
2010 9 12 6 16 52.3949 36.2689 133.486 18.5 10
2010 9 12 6 16 52.4993 36.339 133.516 11.5 6
2010 9 12 6 18 32.6447 36.2217 133.065 13.9 5
2010 9 12 6 19 50.671 36.1639 133.19 29.4 12
2010 9 12 6 21 47.9956 36.1616 133.177 22.3 6
2010 9 12 6 22 6.53101 36.4544 134.014 16.5 5
2010 9 12 6 22 22.9983 38.0249 133.651 23.3 6
2010 9 12 6 23 41.1962 35.8095 132.11 16.4 9
2010 9 12 6 24 7.84143 36.0618 133.039 6.9 5
2010 9 12 6 24 7.93505 36.1642 133.079 19.7 6
2010 9 12 6 24 48.0275 36.1741 133.332 18.9 7
2010 9 12 6 24 48.3278 36.2013 133.354 15.5 10
2010 9 12 6 25 5.88951 36.1422 133.176 19.8 7
2010 9 12 6 25 5.9874 36.3337 132.831 10.6 5
2010 9 12 6 25 53.8407 36.1488 133.067 20.4 8
2010 9 12 6 25 53.8407 36.0506 133.103 9.8 5
2010 9 12 6 26 13.3119 36.3917 134.002 15.7 9
2010 9 12 6 26 15.8636 36.7132 134.41 13.3 6
2010 9 12 6 26 15.8636 36.8376 134.133 19.1 6
2010 9 12 6 26 16.3905 36.8656 134.889 2.8 5
2010 9 12 6 26 29.0201 35.8803 132.483 21.1 6
2010 9 12 6 26 42.5072 41.2747 130.354 15.9 5
2010 9 12 6 26 56.1108 35.9069 132.999 13.6 6
2010 9 12 6 26 57.1372 36.1583 133.013 19.1 7
2010 9 12 6 28 21.5781 36.1043 133.093 22.9 8
2010 9 12 6 28 21.7607 36.1517 133.059 15.8 6
2010 9 12 6 28 27.5768 35.846 132.24 20 7
2010 9 12 6 29 18.3994 36.1361 133.095 18.4 6
2010 9 12 6 30 47.6496 35.8529 132.25 27.3 6
2010 9 12 6 31 30.9267 47.6038 139.573 2.9 5
2010 9 12 6 31 45.3397 36.2827 133.154 14.2 6
2010 9 12 6 31 45.3855 36.1803 133.138 21 5
2010 9 12 6 31 45.6663 36.1885 133.133 16.9 8
2010 9 12 6 31 46.0789 36.1488 133.131 22.9 5
2010 9 12 6 32 8.83454 35.8111 132.162 16.1 8
2010 9 12 6 32 47.3479 36.2472 133.207 19.4 6
2010 9 12 6 34 1.51928 36.1711 133.155 23.7 7
2010 9 12 6 34 1.61349 36.1522 133.119 6.9 7
2010 9 12 6 34 2.05833 36.1756 133.123 18 9
2010 9 12 6 34 13.2542 36.2735 133.613 16.4 5
2010 9 12 6 34 41.4646 36.2058 133.148 19.7 6
2010 9 12 6 35 0.749941 36.1816 133.138 8.2 6
2010 9 12 6 35 0.855183 36.1502 133.164 15.4 9
2010 9 12 6 36 9.73527 36.1698 133.357 22.1 8
2010 9 12 6 36 9.86875 36.1481 133.165 14.8 7
2010 9 12 6 36 10.033 36.1819 133.176 18.2 9
2010 9 12 6 36 40.8923 35.76 132.311 5.6 6
2010 9 12 6 36 41.0468 35.8373 132.355 19.4 7
2010 9 12 6 38 41.7956 36.1039 133.243 12.4 5
2010 9 12 6 38 50.1763 36.0774 133.25 8.9 5
2010 9 12 6 39 7.66345 36.1766 133.654 5.8 5
2010 9 12 6 39 7.66348 36.3005 133.718 22.7 7
2010 9 12 6 39 11.1745 36.1873 133.251 16.3 7
2010 9 12 6 39 56.3505 36.1981 133.241 18.4 5
2010 9 12 6 40 24.5155 35.8511 132.436 12.4 5
2010 9 12 6 41 12.113 36.48 134.28 14.5 5
2010 9 12 6 42 15.0369 35.8344 132.303 5.5 5
2010 9 12 6 43 37.6918 36.1236 133.282 2.5 5
2010 9 12 6 43 37.784 36.1425 133.291 16.8 10
2010 9 12 6 43 37.835 36.1186 133.311 12.9 6
2010 9 12 6 43 37.9571 36.1392 133.296 19.5 7
2010 9 12 6 43 38.123 36.1192 133.316 19 7
2010 9 12 6 44 6.69807 36.288 133.799 13.9 8
2010 9 12 6 44 6.75779 36.257 133.912 18.4 5
2010 9 12 6 44 7.18552 36.3413 133.762 21.2 5
2010 9 12 6 45 19.0035 36.1857 133.811 8.9 8
2010 9 12 6 45 19.0035 36.2837 133.793 18.9 8
2010 9 12 6 45 19.0913 36.2613 133.827 23 6
2010 9 12 6 45 19.5467 36.2181 132.881 27.7 5
2010 9 12 6 45 36.7466 35.8454 132.299 10.8 6
2010 9 12 6 45 36.7598 35.8844 132.323 17 5
2010 9 12 6 46 11.9415 36.4106 134.378 7.5 5
2010 9 12 6 46 11.9415 36.5455 134.335 18.5 7
2010 9 12 6 46 23.4885 35.9548 132.726 12.7 7
2010 9 12 6 46 24.106 35.9547 132.636 29.8 7
2010 9 12 6 47 28.3813 35.8816 132.394 28.2 9
2010 9 12 6 47 28.4233 35.809 132.321 1.7 5
2010 9 12 6 47 28.6283 35.895 132.351 25.5 5
2010 9 12 6 47 28.6283 35.8419 132.293 2.6 5
2010 9 12 6 47 28.6917 35.8553 132.282 1.8 5
2010 9 12 6 47 44.3591 36.0147 133.373 3.2 5
2010 9 12 6 47 49.7393 36.2568 133.788 8.7 6
2010 9 12 6 48 0.004565 35.9532 132.658 24 6
2010 9 12 6 48 0.004592 35.8695 132.618 18.6 7
2010 9 12 6 48 38.1869 36.1222 133.358 20.8 6
2010 9 12 6 48 45.6214 35.9161 132.627 26.9 8
2010 9 12 6 49 45.5514 35.9464 132.703 21.1 11
2010 9 12 6 50 41.232 36.0855 133.351 4.7 6
2010 9 12 6 50 41.3369 36.0932 133.351 2.2 5
2010 9 12 6 50 54.2915 35.9398 132.684 17.9 11
2010 9 12 6 50 57.813 36.3816 133.794 25.6 5
2010 9 12 6 51 22.8711 35.85 132.353 17.8 5
2010 9 12 6 51 49.049 36.1046 133.42 25 5
2010 9 12 6 51 49.1804 36.1752 133.425 21.7 5
2010 9 12 6 51 49.2607 36.1116 133.455 19.1 6
2010 9 12 6 52 29.4875 37.9645 134.101 4.3 5
2010 9 12 6 53 22.5298 36.1217 133.47 22.2 7
2010 9 12 6 53 22.8517 36.1018 133.407 14.6 9
2010 9 12 6 54 34.8883 35.8792 132.455 22.4 6
2010 9 12 6 54 34.8966 35.8463 132.4 22.5 8
2010 9 12 6 54 35.065 35.8481 132.377 3.7 6
2010 9 12 6 54 44.7023 37.0177 135.184 8.3 5
2010 9 12 6 54 46.2998 36.7927 135.335 19.8 12
2010 9 12 6 56 18.1025 35.8858 132.324 12.3 5
2010 9 12 6 56 18.1026 35.8906 132.427 24.9 6
2010 9 12 6 56 18.136 35.8699 132.428 13.5 5
2010 9 12 6 57 19.4009 35.9576 132.847 19 9
2010 9 12 6 57 19.4515 35.9335 132.827 11.6 6
2010 9 12 6 58 41.0592 36.2176 133.87 4.9 5
2010 9 12 7 2 25.8646 36.2987 133.988 3.3 5
2010 9 12 7 3 8.25953 35.8383 132.497 23.4 7
2010 9 12 7 3 44.7162 36.3512 133.97 18.5 6
2010 9 12 7 5 8.02305 35.9121 132.472 5.1 5
2010 9 12 7 5 48.7452 35.84 132.435 19.3 11
2010 9 12 7 6 58.0729 35.8562 132.468 18.8 10
2010 9 12 7 6 58.4175 35.8883 132.498 20.4 6
2010 9 12 7 8 1.02531 35.8845 132.476 22.2 8
2010 9 12 7 8 9.34714 36.3475 134.011 15 6
2010 9 12 7 8 38.672 38.1163 134.37 12.7 8
2010 9 12 7 10 20.4124 35.9463 132.559 13.3 5
2010 9 12 7 10 20.5161 35.8984 132.487 23.8 10
2010 9 12 7 12 38.6633 35.8612 132.521 16.9 9
2010 9 12 7 12 47.3836 36.3494 134.268 15.9 5
2010 9 12 7 13 25.3261 35.8157 132.549 15.2 5
2010 9 12 7 13 25.4773 35.8426 132.548 1.3 5
2010 9 12 7 14 38.0411 35.9135 132.478 12.7 5
2010 9 12 7 14 38.0412 35.8777 132.621 17.4 6
2010 9 12 7 15 5.42478 35.8281 132.603 3.2 6
2010 9 12 7 16 42.4305 35.8926 132.579 18.6 12
2010 9 12 7 16 42.536 35.8803 132.547 7.1 5
2010 9 12 7 16 56.5206 41.6115 131.654 4.4 5
2010 9 12 7 16 56.547 41.6783 131.646 23.6 6
2010 9 12 7 17 32.141 35.9187 132.65 10.5 5
2010 9 12 7 17 32.3265 35.8967 132.947 27.8 5
2010 9 12 7 18 35.6204 38.2146 134.487 9.5 8
2010 9 12 7 18 58.1528 36.7938 135.028 25.1 5
2010 9 12 7 19 6.5626 35.9222 132.605 28.6 12
2010 9 12 7 19 6.63943 35.9397 132.67 11.2 5
2010 9 12 7 21 5.71805 35.8888 132.514 9.9 7
2010 9 12 7 21 5.97488 35.8677 132.537 16.7 9
2010 9 12 7 21 6.11458 35.8859 132.582 16.5 8
2010 9 12 7 21 6.16639 35.9061 132.587 23.7 6
2010 9 12 7 22 17.5533 35.8938 132.609 20.5 6
2010 9 12 7 22 17.6076 35.8975 132.609 21.4 6
2010 9 12 7 22 17.6856 35.9042 132.582 25.8 7
2010 9 12 7 22 17.7353 35.9119 132.641 23.4 5
2010 9 12 7 23 27.0802 35.9087 132.718 14.9 8
2010 9 12 7 23 27.1382 35.9025 132.652 16.4 6
2010 9 12 7 23 27.2063 35.8502 132.713 3.2 5
2010 9 12 7 23 27.3363 35.9145 132.661 21.1 9
2010 9 12 7 24 4.27053 35.9059 132.703 16.2 7
2010 9 12 7 24 4.28932 35.9065 132.646 21.4 6
2010 9 12 7 24 40.5732 35.9156 132.687 18.1 8
2010 9 12 7 24 56.647 36.6978 134.803 7.3 6
2010 9 12 7 25 29.6972 38.2585 134.649 20 7
2010 9 12 7 25 38.6128 35.9134 132.535 18.6 8
2010 9 12 7 25 38.6859 35.877 132.702 21.5 7
2010 9 12 7 26 26.9906 35.9244 132.722 21.5 7
2010 9 12 7 26 45.5704 36.2482 133.828 16.1 6
2010 9 12 7 27 3.30432 35.9028 132.667 18.7 7
2010 9 12 7 27 3.41893 35.9248 132.693 16.6 5
2010 9 12 7 27 25.2473 35.8897 132.695 17.8 6
2010 9 12 7 27 54.5246 35.9238 132.856 22.6 5
2010 9 12 7 28 39.508 35.8687 132.795 11.1 6
2010 9 12 7 28 39.5654 35.8783 132.731 21.1 6
2010 9 12 7 29 17.3292 35.868 132.61 24 5
2010 9 12 7 30 17.3808 36.5352 134.713 17.9 6
2010 9 12 7 30 54.5962 35.871 132.812 18.7 6
2010 9 12 7 30 54.6018 35.9694 132.505 27.5 8
2010 9 12 7 31 51.3188 35.8976 132.712 19.5 7
2010 9 12 7 32 26.9912 35.9078 132.655 11.7 10
2010 9 12 7 33 31.2938 36.4746 134.342 6.1 5
2010 9 12 7 33 45.7138 35.8796 132.773 16.8 5
2010 9 12 7 35 19.2006 35.8811 132.66 30 6
2010 9 12 7 36 4.03798 35.8908 132.756 12.1 5
2010 9 12 7 36 4.10731 35.8752 132.645 18.7 12
2010 9 12 7 36 4.22516 35.9149 132.611 9.1 5
2010 9 12 7 36 27.0134 35.8804 132.664 16.2 10
2010 9 12 7 36 27.0782 35.9088 132.673 20.5 5
2010 9 12 7 36 27.6012 35.8591 132.662 15 5
2010 9 12 7 36 33.3668 36.6192 134.67 29.5 7
2010 9 12 7 37 41.7348 35.8796 132.683 18 10
2010 9 12 7 39 8.64202 35.8726 132.712 27.4 9
2010 9 12 7 39 8.67602 35.9355 132.688 15.4 7
2010 9 12 7 39 9.11766 35.862 132.693 25.1 5
2010 9 12 7 39 55.6836 35.8495 132.741 15.5 5
2010 9 12 7 39 55.7149 35.8613 132.648 20.5 5
2010 9 12 7 39 55.9609 35.8934 132.671 16.2 9
2010 9 12 7 40 22.0216 36.4148 134.481 21 9
2010 9 12 7 40 22.2561 36.4026 134.448 19.1 10
2010 9 12 7 40 32.2266 41.6867 131.518 26.8 6
2010 9 12 7 40 46.1796 35.898 132.683 19.4 11
2010 9 12 7 41 5.31007 35.9378 132.753 23.2 5
2010 9 12 7 41 22.0158 35.9072 132.726 20.1 8
2010 9 12 7 41 22.1382 35.8958 132.714 28.3 5
2010 9 12 7 41 38.9738 37.0464 135.216 16.8 7
2010 9 12 7 41 38.9776 37.0576 135.192 22.4 6
2010 9 12 7 41 41.7442 35.9065 132.82 21.6 8
2010 9 12 7 41 59.537 36.598 134.71 26.5 6
2010 9 12 7 42 3.13886 35.9084 132.72 13.6 11
2010 9 12 7 42 43.6254 35.9602 132.842 19.1 6
2010 9 12 7 42 43.6254 35.8967 132.716 26.4 11
2010 9 12 7 42 43.7291 35.9261 132.781 21.6 6
2010 9 12 7 42 43.7397 35.9224 132.729 20.8 10
2010 9 12 7 42 43.795 35.9342 132.758 18.5 6
2010 9 12 7 42 44.0158 35.9109 132.708 19.1 10
2010 9 12 7 44 44.8732 35.9473 132.862 20.9 5
2010 9 12 7 45 49.2819 35.9108 132.811 13.9 6
2010 9 12 7 46 38.3752 36.6494 134.852 16.7 12
2010 9 12 7 46 57.0162 35.9749 132.565 9 6
2010 9 12 7 46 57.0162 35.9143 132.863 27.2 10
2010 9 12 7 48 51.4664 37.0409 135.401 18.8 10
2010 9 12 7 49 11.6253 35.8821 132.775 19 10
2010 9 12 7 50 18.5686 35.9162 132.775 17.9 11
2010 9 12 7 50 18.6401 35.925 132.854 18.9 5
2010 9 12 7 50 36.8009 36.5913 135.043 20 10
2010 9 12 7 51 54.6299 36.6715 134.921 18.7 6
2010 9 12 7 52 16.1675 35.8975 132.87 15.5 12
2010 9 12 7 52 16.4891 35.9294 132.811 23.7 7
2010 9 12 7 53 21.4472 36.4333 134.592 18.1 7
2010 9 12 7 54 4.65204 35.9201 132.834 23.3 5
2010 9 12 7 54 40.1362 35.8984 132.83 18.7 8
2010 9 12 7 56 37.0013 35.919 132.868 22.7 7
2010 9 12 7 57 23.5773 35.9099 132.716 5.8 5
2010 9 12 7 57 23.7966 35.7656 132.832 12.4 5
2010 9 12 7 58 4.60133 35.8966 132.81 15.1 8
2010 9 12 7 59 7.88012 35.9492 132.921 24.5 6
2010 9 12 7 59 8.02833 35.9182 132.699 5.1 5
2010 9 12 7 59 8.15666 35.9403 132.876 20 5
2010 9 12 7 59 52.1222 35.8949 132.867 13.9 10
2010 9 12 8 0 25.0638 35.9192 132.871 18.7 11
2010 9 12 8 0 25.5259 35.9444 132.856 15.5 5
2010 9 12 8 1 22.3747 35.8859 132.821 28.6 9
2010 9 12 8 1 22.3748 35.9933 132.934 19.8 5
2010 9 12 8 1 22.5004 35.9082 132.878 13.9 6
2010 9 12 8 2 14.7609 35.9044 132.953 22 7
2010 9 12 8 2 25.1461 36.4999 134.848 27 6
2010 9 12 8 3 21.1901 35.9306 132.945 28.5 8
2010 9 12 8 3 21.4122 35.9063 132.9 24.8 8
2010 9 12 8 3 21.6788 35.9236 132.922 27.5 5
2010 9 12 8 4 3.62856 35.8927 132.927 25.6 6
2010 9 12 8 4 3.90857 35.8498 132.935 30 5
2010 9 12 8 5 16.9454 35.9435 132.995 18.3 5
2010 9 12 8 5 17.2073 35.9323 132.959 22.6 5
2010 9 12 8 5 17.4252 35.7886 132.979 12.5 5
2010 9 12 8 5 17.7817 35.9006 132.959 15.7 6
2010 9 12 8 6 7.30961 35.9557 133.011 24.1 5
2010 9 12 8 6 7.38403 35.9257 132.943 19.3 10
2010 9 12 8 6 24.0123 36.4809 134.835 23.5 5
2010 9 12 8 6 35.1167 35.9159 132.998 20.5 5
2010 9 12 8 8 54.3528 36.5028 134.877 22.6 5
2010 9 12 8 8 54.7221 36.4605 134.862 24.3 6
2010 9 12 8 9 42.9707 36.6023 134.99 1.8 5
2010 9 12 8 9 43.6151 36.6455 135.08 23.5 10
2010 9 12 8 12 11.6996 36.4457 134.84 19.6 10
2010 9 12 8 17 7.05396 37.1058 135.498 16.5 6
2010 9 12 8 17 7.10619 37.0377 135.577 18.7 6
2010 9 12 8 17 9.38259 36.7765 135.276 26.2 7
2010 9 12 8 19 19.4497 35.8774 132.863 18.4 8
2010 9 12 8 20 57.1194 36.5156 135.027 18.8 5
2010 9 12 8 20 57.1195 36.4715 134.989 0.8 5
2010 9 12 8 25 57.1468 36.7452 135.431 20.8 7
2010 9 12 8 30 10.1269 36.1398 133.605 20.1 7
2010 9 12 8 30 10.1934 36.0841 133.646 19.2 8
2010 9 12 8 30 10.223 36.1203 133.611 14.2 5
2010 9 12 8 31 41.9594 36.5715 135.137 10.4 5
2010 9 12 8 31 41.9908 36.6162 135.069 18.2 6
2010 9 12 8 33 38.6395 35.917 132.837 25.4 5
2010 9 12 8 35 0.489372 35.9398 132.75 22 8
2010 9 12 8 37 7.82504 35.9385 133.254 23.3 7
2010 9 12 8 38 52.1187 36.0072 133.508 27.6 10
2010 9 12 8 39 5.97145 36.7239 135.446 7.6 6
2010 9 12 8 39 17.1157 35.9248 132.767 17.3 6
2010 9 12 8 39 17.1214 35.8467 132.748 9.6 5
2010 9 12 8 39 17.1609 35.8981 132.721 25 5
2010 9 12 8 40 54.9167 35.9396 132.933 17.3 8
2010 9 12 8 42 47.4154 35.8712 132.9 20.1 7
2010 9 12 8 43 11.0025 36.8084 135.383 14.4 5
2010 9 12 8 44 31.9161 35.8496 132.793 21.2 5
2010 9 12 8 44 32.1861 35.8764 132.675 5.8 6
2010 9 12 8 50 2.24936 35.9375 133.651 16 6
2010 9 12 8 50 5.50898 35.9226 132.834 16.7 7
2010 9 12 8 51 22.5172 35.9323 133.03 17.8 5
2010 9 12 8 51 58.3562 35.9543 132.565 27.6 8
2010 9 12 8 52 49.7949 35.9301 133.077 23.9 5
2010 9 12 8 54 57.2428 36.0543 133.712 29.2 6
2010 9 12 8 54 57.4297 35.9316 133.054 11.3 7
2010 9 12 8 54 57.5271 35.9391 132.837 6.8 5
2010 9 12 8 55 12.6133 36.7363 135.659 22.5 9
2010 9 12 8 56 10.0455 35.9778 132.722 13 6
2010 9 12 8 59 10.6073 35.9701 132.725 28.2 8
2010 9 12 9 1 14.1213 36.7365 135.763 15.2 6
2010 9 12 9 5 0.328288 36.8008 135.829 27.3 10
2010 9 12 9 5 56.3452 35.9033 132.97 14 9
2010 9 12 9 7 51.8606 35.956 132.963 14.1 8
2010 9 12 9 9 2.24614 36.7716 135.477 14.2 5
2010 9 12 9 9 56.7801 35.941 133.139 6.1 6
2010 9 12 9 9 56.8139 35.8677 133.169 10.3 5
2010 9 12 9 10 33.9715 36.8222 135.696 9.4 8
2010 9 12 9 12 59.2562 36.8455 135.758 24.1 7
2010 9 12 9 14 49.5948 35.8286 133.287 11.2 7
2010 9 12 9 14 49.5948 35.9232 133.224 29.1 10
2010 9 12 9 16 29.6402 38.1224 136.575 24.6 8
2010 9 12 9 19 19.7785 36.7928 135.871 24.3 12
2010 9 12 9 21 54.104 36.8781 135.826 9 7
2010 9 12 9 23 20.4348 36.9006 135.869 27.6 9
2010 9 12 9 23 20.7249 37.001 135.646 23.4 5
2010 9 12 9 26 22.0278 35.9565 133.243 11 5
2010 9 12 9 29 30.5472 36.9337 136.016 13.6 5
2010 9 12 9 31 25.4626 36.7332 136.124 19.5 9
2010 9 12 9 34 27.1104 36.9664 136.043 13.6 6
2010 9 12 9 34 27.1104 37.005 135.993 23.8 6
2010 9 12 9 36 44.5972 36.9469 136.043 28 9
2010 9 12 9 48 47.3591 36.7603 136.099 13.7 6
2010 9 12 9 49 9.54981 36.9966 136.183 2.5 5
2010 9 12 9 49 50.9394 36.8528 136.273 27.2 5
2010 9 12 9 50 38.5931 36.7583 136.099 23 10
2010 9 12 9 50 38.7949 36.7432 136.145 13.9 5
2010 9 12 9 52 20.3067 36.8129 136.101 16.8 6
2010 9 12 9 53 44.0705 36.7997 136.159 9.7 7
2010 9 12 9 54 42.2472 36.8367 135.964 14.7 5
2010 9 12 9 55 12.3485 36.7962 136.192 22.6 11
2010 9 12 9 59 2.3393 37.0564 136.489 14.1 6
2010 9 12 10 1 16.7786 37.0705 136.516 22 9
2010 9 12 10 2 26.8554 37.0222 136.404 20.2 6
2010 9 12 10 2 26.94 36.9928 136.442 16.2 7
2010 9 12 10 2 27.0088 37.0462 136.196 14.9 6
2010 9 12 10 2 27.0088 37.0236 136.436 19.9 7
2010 9 12 10 10 34.2849 37.188 136.668 24.5 6
2010 9 12 10 10 34.2849 37.3817 136.571 13.2 6
2010 9 12 10 11 39.002 37.0985 136.588 13.4 10
2010 9 12 10 11 39.1421 37.0977 136.442 13.8 5
2010 9 12 10 11 39.1422 37.0937 136.519 16 8
2010 9 12 10 12 46.039 37.0373 136.603 25.4 9
2010 9 12 10 13 40.4768 37.0197 136.632 17.5 6
2010 9 12 10 13 40.7938 37.0785 136.365 15.6 6
2010 9 12 10 14 36.737 37.025 136.651 14.6 5
2010 9 12 10 14 54.2309 36.8579 136.447 25.5 5
2010 9 12 10 15 7.96138 38.0068 137.051 28.9 5
2010 9 12 10 19 15.6814 37.0294 136.653 24.7 7
2010 9 12 10 19 15.8509 37.1358 136.519 18.3 5
2010 9 12 10 19 15.88 37.0216 136.489 15.7 5
2010 9 12 10 22 59.5493 37.0839 136.533 16.2 8
2010 9 12 10 26 37.3133 38.3812 138.421 14 5
2010 9 12 10 33 5.21888 37.18 137.239 26.4 5
2010 9 12 10 36 10.1869 37.1352 137.103 25.9 8
2010 9 12 10 36 10.2683 37.2024 137.202 21.1 5
2010 9 12 10 37 29.3844 37.1122 137.125 25.4 9
2010 9 12 10 40 30.3252 37.0062 137.158 7.9 6
2010 9 12 10 42 24.0736 38.1798 137.687 15.8 5
2010 9 12 10 43 14.8222 37.062 137.131 20.4 5
2010 9 12 10 43 58.2445 38.05 137.581 19.5 7
2010 9 12 10 45 37.9296 37.0301 137.101 16.5 7
2010 9 12 10 46 28.6392 37.031 137.223 15.6 5
2010 9 12 10 46 29.3916 37.0888 137.214 8.8 6
2010 9 12 10 47 1.7884 37.9412 137.262 18.9 8
2010 9 12 10 47 53.0403 36.8583 137.205 18.4 5
2010 9 12 10 47 53.177 36.8761 137.225 11.2 6
2010 9 12 10 47 54.0461 37.058 137.174 20.3 8
2010 9 12 10 48 53.3497 37.1118 137.212 28.1 5
2010 9 12 10 49 19.6367 38.1052 137.5 16.7 8
2010 9 12 10 50 4.3949 37.12 137.204 22.5 6
2010 9 12 10 50 4.39491 37.0268 137.187 15.9 5
2010 9 12 10 50 4.43969 36.9631 137.194 18.7 5
2010 9 12 10 50 4.65137 37.0543 137.22 19.5 10
2010 9 12 10 50 4.76917 36.9235 137.297 3.7 5
2010 9 12 10 50 7.75279 37.9243 137.305 22 10
2010 9 12 10 50 7.80907 37.979 137.294 15.1 6
2010 9 12 10 50 8.10743 37.9317 137.343 18.2 7
2010 9 12 10 50 53.901 37.0826 137.256 6 5
2010 9 12 10 52 48.2406 37.0344 137.112 22.5 7
2010 9 12 10 52 48.3311 37.1011 137.186 20.4 5
2010 9 12 10 52 48.3581 37.0484 137.257 20 5
2010 9 12 10 54 0.883312 38.0348 137.6 28.3 5
2010 9 12 10 54 19.7091 36.9366 137.216 22.8 6
2010 9 12 10 54 19.7615 36.981 137.22 5.2 5
2010 9 12 10 58 8.03727 37.0725 137.3 27.9 9
2010 9 12 10 59 49.8208 37.9469 137.562 21.3 7
2010 9 12 11 1 6.85368 37.1919 137.244 25.8 8
2010 9 12 11 2 18.2759 37.0028 137.557 18.8 6
2010 9 12 11 4 5.14298 37.0912 137.344 17 5
2010 9 12 11 4 5.14298 37.1083 137.357 6.4 5
2010 9 12 11 5 44.7356 38.5163 137.537 28.4 5
2010 9 12 11 5 44.7356 38.345 137.652 16.5 5
2010 9 12 11 5 44.7357 38.2282 137.909 29 8
2010 9 12 11 11 58.9791 37.2191 137.383 28.4 7
2010 9 12 11 13 0.867774 38.0092 137.401 15.4 6
2010 9 12 11 13 6.53953 38.0369 137.637 25.8 6
2010 9 12 11 13 6.65687 38.0565 137.328 7.5 6
2010 9 12 11 13 6.65693 37.8851 137.684 19.6 8
2010 9 12 11 13 47.9959 37.0937 137.572 21.6 5
2010 9 12 11 15 57.8416 37.9217 137.435 28.3 6
2010 9 12 11 16 46.0831 37.2485 137.502 24.7 7
2010 9 12 11 16 46.1363 37.0674 137.55 22.3 7
2010 9 12 11 16 46.5162 37.2772 137.54 29.5 5
2010 9 12 11 16 46.5691 37.1619 137.502 23.4 6
2010 9 12 11 17 43.5798 37.8965 137.453 23.6 11
2010 9 12 11 17 51.3249 37.8533 137.741 11.3 5
2010 9 12 11 18 52.843 37.9082 137.415 21.8 9
2010 9 12 11 19 21.6042 37.843 137.573 25.3 7
2010 9 12 11 19 22.4285 37.8877 137.544 14.8 8
2010 9 12 11 20 29.4571 38.168 137.627 29 5
2010 9 12 11 20 29.5308 37.9545 137.594 15.3 5
2010 9 12 11 21 36.9283 37.8687 137.689 5.4 5
2010 9 12 11 22 54.5955 37.9569 137.514 13.6 6
2010 9 12 11 22 54.8172 38.0066 137.556 29.2 6
2010 9 12 11 22 55.1845 37.7801 137.615 23.1 5
2010 9 12 11 23 19.9029 37.9535 137.535 5.4 5
2010 9 12 11 23 20.253 37.9318 137.517 16.7 6
2010 9 12 11 23 40.1685 37.8308 137.618 18.4 5
2010 9 12 11 24 20.7081 37.9242 137.571 7.1 5
2010 9 12 11 24 21.196 38.0185 137.558 26.7 5
2010 9 12 11 24 52.3551 37.9405 137.525 23.8 10
2010 9 12 11 24 52.6586 37.8054 137.615 22.7 6
2010 9 12 11 25 41.5237 37.923 137.546 26.5 10
2010 9 12 11 26 28.1364 37.9306 137.665 20 6
2010 9 12 11 26 45.222 37.79 137.644 24 7
2010 9 12 11 28 0.458318 37.8897 137.626 24.2 7
2010 9 12 11 28 0.484742 37.9893 137.611 28.3 7
2010 9 12 11 28 0.536414 37.9721 137.624 7.5 7
2010 9 12 11 28 22.8624 37.8771 137.727 22.2 9
2010 9 12 11 28 22.9243 37.9358 137.658 18.6 6
2010 9 12 11 28 23.5195 37.9391 137.722 10 5
2010 9 12 11 29 41.8855 37.9299 137.679 3.5 6
2010 9 12 11 30 20.9827 37.9172 137.805 25.1 9
2010 9 12 11 30 32.2372 37.9072 137.67 20.8 7
2010 9 12 11 31 26.0653 37.9439 137.772 17.6 6
2010 9 12 11 31 26.1852 37.8766 137.637 3.3 5
2010 9 12 11 31 56.3315 37.709 137.855 5.7 5
2010 9 12 11 31 56.43 37.9131 137.819 7.8 6
2010 9 12 11 32 45.3293 38.0712 137.121 17.3 5
2010 9 12 11 32 45.3955 37.7693 137.88 8.9 5
2010 9 12 11 32 46.5291 37.9651 137.888 28 8
2010 9 12 11 32 46.7032 38.0346 137.836 25.5 11
2010 9 12 11 33 29.0285 37.6555 137.911 23 6
2010 9 12 11 34 6.037 37.8187 137.89 13.5 7
2010 9 12 11 34 52.2154 37.8994 137.941 5.7 5
2010 9 12 11 34 52.2616 37.9241 137.801 28.4 7
2010 9 12 11 35 45.6346 38.203 136.631 11.7 5
2010 9 12 11 35 45.9965 37.9274 137.842 21 10
2010 9 12 11 35 47.2758 37.778 138.003 14.1 7
2010 9 12 11 35 47.5413 37.9346 137.877 14.8 6
2010 9 12 11 36 26.8886 37.9224 137.844 24.9 7
2010 9 12 11 36 27.2076 37.9897 137.881 23.9 7
2010 9 12 11 37 10.501 37.9155 137.863 8.3 6
2010 9 12 11 37 54.2725 37.9838 137.652 21.5 7
2010 9 12 11 37 54.5226 37.9404 137.833 7.9 5
2010 9 12 11 38 39.9414 37.8945 137.898 19.6 11
2010 9 12 11 38 40.0313 37.9307 137.897 10.7 5
2010 9 12 11 42 30.3383 38.0952 138.208 19.1 9
2010 9 12 11 43 53.5781 37.9555 138.065 11.6 5
2010 9 12 11 48 42.9382 37.8759 137.983 23.7 7
2010 9 12 11 48 43.0255 37.7961 138.022 21.6 8
2010 9 12 11 48 43.715 37.8152 138.008 20.5 5
2010 9 12 11 51 47.1467 37.9871 137.738 28.5 6
2010 9 12 11 52 56.4409 37.9723 137.873 13.9 8
2010 9 12 11 55 32.2908 37.9426 137.836 12.6 5
2010 9 12 11 55 32.384 37.9505 137.974 16.8 5
2010 9 12 11 56 25.1997 37.9379 137.706 16.4 5
2010 9 12 11 56 39.7879 37.8958 137.899 23.6 8
2010 9 12 11 57 9.59822 37.9089 138.024 18.1 8
2010 9 12 11 58 30.1627 37.8409 138.15 15.4 6
2010 9 12 12 2 21.9748 37.8153 138.088 3.7 5
2010 9 12 12 2 21.9748 37.8354 138.049 22.6 8
2010 9 12 12 4 0.315224 37.8706 138.276 9.9 5
2010 9 12 12 5 45.2001 37.6618 138.268 25.3 6
2010 9 12 12 5 45.6134 37.7903 138.272 14.7 6
2010 9 12 12 8 36.1428 37.882 138.252 18.2 7
2010 9 12 12 12 49.0498 37.9128 138.261 20.1 8
2010 9 12 12 12 49.3944 37.9344 138.382 28.8 6
2010 9 12 12 38 34.4783 38.091 138.649 28.3 12
2010 9 12 12 59 0.877212 38.1303 138.846 15.3 5
2010 9 12 13 40 56.3415 35.9362 135.794 22.2 9
2010 9 12 13 42 4.49288 35.9372 135.817 7.7 6
2010 9 12 13 43 31.3816 35.9038 135.8 13.1 5
2010 9 12 13 43 31.4641 35.8715 135.826 18.1 7
2010 9 12 13 46 44.3769 35.9868 135.557 9.7 6
2010 9 12 13 46 44.4109 35.8876 135.813 10.2 7
2010 9 12 13 55 0.006276 35.972 135.791 11.9 5
2010 9 12 14 52 54.8331 35.8698 134.025 4.2 5
2010 9 12 16 28 44.9072 39.7607 131.427 15.3 6
2010 9 12 16 57 20.8028 39.04 139.347 13 5
2010 9 12 16 57 20.8176 39.1106 139.367 24.4 8
2010 9 12 17 47 26.7092 39.0721 139.689 22.2 6
2010 9 12 18 6 15.6547 38.8636 138.712 29.1 6
2010 9 12 18 6 15.6815 38.9757 138.744 24.8 6
2010 9 12 18 6 15.7862 38.9681 138.755 23.7 6
2010 9 12 18 50 29.4388 38.8908 138.994 23.1 9
2010 9 12 18 56 12.5521 38.9028 139.129 14.7 5
2010 9 12 18 57 55.9737 38.9412 139.174 23.9 5
2010 9 12 18 58 58.236 38.8788 139.138 11.5 7
2010 9 12 19 1 29.7535 38.9201 139.144 18.8 9
2010 9 12 19 3 21.5698 38.9173 139.229 6.5 5
2010 9 12 19 3 57.35 38.9336 139.227 7 5
2010 9 12 19 3 57.4026 38.9312 139.23 11.9 6
2010 9 12 19 3 57.4694 38.9216 139.233 14.3 5
2010 9 12 19 3 57.5169 38.9207 139.222 20.3 9
2010 9 12 19 4 55.3804 38.8349 139.209 8 5
2010 9 12 19 7 10.3943 38.9191 139.221 24 5
2010 9 12 19 7 10.8858 38.9074 139.182 18 8
2010 9 12 19 7 23.5806 38.9883 139.391 17.2 10
2010 9 12 19 7 48.133 38.9505 139.356 18.7 8
2010 9 12 19 10 36.3676 38.9146 139.301 16.1 6
2010 9 12 19 11 31.0462 38.9643 139.254 27.9 5
2010 9 12 19 12 2.11512 38.9508 139.482 10.9 6
2010 9 12 19 12 31.1064 39.0972 139.443 17.2 5
2010 9 12 19 12 40.4419 38.9975 139.481 19.7 5
2010 9 12 19 12 40.5548 38.9744 139.425 17.3 6
2010 9 12 19 13 30.4492 39.2063 139.498 21.8 5
2010 9 12 19 14 14.8913 38.974 139.408 12.5 5
2010 9 12 19 14 18.5806 38.9099 139.205 15.4 6
2010 9 12 19 14 45.193 39.0345 139.436 18.2 5
2010 9 12 19 15 6.49776 38.8856 139.26 19.8 6
2010 9 12 19 15 10.5478 39.0309 139.454 20.9 7
2010 9 12 19 15 49.7942 38.8106 139.268 15.6 6
2010 9 12 19 16 54.8758 38.9789 139.398 15 6
2010 9 12 19 17 47.8633 38.9185 139.342 17.1 11
2010 9 12 19 18 15.9939 39.0938 139.584 15.6 6
2010 9 12 19 18 16.0999 39.0407 139.539 29.6 6
2010 9 12 19 18 17.0675 39.015 139.51 17.6 7
2010 9 12 19 20 7.66481 38.8053 139.222 15 6
2010 9 12 19 20 7.66485 38.8933 139.343 16.6 6
2010 9 12 19 20 7.81853 38.8577 139.263 17.2 5
2010 9 12 19 20 29.5774 38.9838 139.432 10.9 5
2010 9 12 19 20 30.3586 38.9524 139.523 17.9 6
2010 9 12 19 20 55.6014 38.8565 139.337 19.9 5
2010 9 12 19 21 34.9917 39.0352 139.47 13.5 5
2010 9 12 19 21 35.1065 38.9266 139.434 16.9 10
2010 9 12 19 22 0.995137 39.1168 139.57 23.4 5
2010 9 12 19 22 23.7362 39.0114 139.501 12.3 5
2010 9 12 19 22 24.1817 39.0051 139.48 19.2 5
2010 9 12 19 23 24.3999 38.9931 139.544 10.7 5
2010 9 12 19 24 2.718 38.7755 139.293 10.8 5
2010 9 12 19 24 43.7123 39.1388 139.15 21.5 5
2010 9 12 19 25 32.2018 38.9676 139.544 13.1 5
2010 9 12 19 26 12.6889 38.8789 139.436 8 5
2010 9 12 19 26 26.8789 39.0184 139.584 10.4 5
2010 9 12 19 26 49.1733 38.9942 139.549 7.6 6
2010 9 12 19 29 1.77668 39.029 139.597 19.1 6
2010 9 12 19 29 1.77668 38.9672 139.536 1.8 5
2010 9 12 19 29 2.02416 38.972 139.348 17.2 5
2010 9 12 19 29 2.3939 39.033 139.561 23 7
2010 9 12 19 29 23.2326 50.5804 140.862 14 5
2010 9 12 19 30 20.762 38.8709 139.439 19 5
2010 9 12 19 31 15.4686 39.0276 139.627 16.7 9
2010 9 12 19 31 15.5237 39.0982 139.721 9.4 5
2010 9 12 19 31 15.5897 39.0492 139.643 9.4 5
2010 9 12 19 31 57.3465 39.0428 139.631 20.2 5
2010 9 12 19 32 18.4262 38.7153 139.49 19 9
2010 9 12 19 32 27.6265 39.0435 139.623 22.2 11
2010 9 12 19 34 4.14248 38.9882 139.663 4.7 5
2010 9 12 19 34 42.6345 38.9022 139.582 22 5
2010 9 12 19 35 1.7418 39.1055 139.734 7.3 6
2010 9 12 19 35 49.5709 38.9253 139.476 13.2 5
2010 9 12 19 36 2.90084 38.9106 139.608 19.5 5
2010 9 12 19 36 16.2828 39.0331 139.698 17 9
2010 9 12 19 37 56.9685 39.0606 139.702 10.7 7
2010 9 12 19 43 4.81112 38.8567 139.555 17.7 9
2010 9 12 19 48 34.7223 39.405 139.443 21.8 5
2010 9 12 19 48 37.4162 50.4363 140.75 23.1 5
2010 9 12 19 52 57.6044 50.2889 141.58 6.1 5
2010 9 12 19 56 2.9515 50.4399 141.068 11.4 6
2010 9 12 20 0 18.4347 50.4286 141.231 8.1 6
2010 9 12 20 3 47.7381 50.4214 141.201 17.9 7
2010 9 12 20 4 9.15057 50.4093 140.959 10.2 5
2010 9 12 20 6 29.5587 50.3745 141.091 10.2 7
2010 9 12 20 6 29.7666 50.4156 141.019 12 6
2010 9 12 20 7 9.43812 50.4008 141.246 15.1 8
2010 9 12 20 9 12.6755 50.3349 141.086 12.2 6
2010 9 12 20 15 10.5421 50.3667 141.272 13.8 5
2010 9 12 20 21 17.9521 50.2899 141.216 8.3 5
2010 9 12 20 22 36.7357 50.2891 141.122 9.2 6
2010 9 12 20 22 36.7807 50.277 141.137 10.1 5
2010 9 12 20 22 36.9281 50.1736 141.232 23 5
2010 9 12 20 23 53.4805 50.3145 141.197 5.4 6
2010 9 12 20 24 46.3143 50.1616 140.979 8.3 5
2010 9 12 20 25 17.9713 50.3086 141.21 11.5 6
2010 9 12 20 27 50.7976 50.301 141.223 9.5 7
2010 9 12 20 27 50.8331 50.2423 141.123 8 6
2010 9 12 20 27 50.8859 50.3144 141.149 10.1 5
2010 9 12 20 28 30.7101 50.3056 141.198 12.8 5
2010 9 12 20 31 54.3912 50.2256 141.166 9.5 6
2010 9 12 20 33 38.7391 50.2716 141.222 14.2 7
2010 9 12 20 35 4.06735 50.2648 141.34 13 5
2010 9 12 20 36 22.2318 50.2667 141.343 13.7 5
2010 9 12 20 37 10.87 50.2723 141.338 11.7 5
2010 9 12 20 37 18.7862 50.3155 141.248 11.2 7
2010 9 12 20 39 50.7165 50.2601 141.443 12.8 7
2010 9 12 20 44 29.8937 50.2338 141.43 11.4 6
2010 9 12 20 47 55.812 50.2452 141.495 6 5
2010 9 12 21 2 7.65523 49.9757 141.505 8.2 5
2010 9 12 21 9 3.27379 50.201 141.788 17.2 9
2010 9 12 21 16 58.3577 50.195 141.877 10.5 6
2010 9 12 21 36 16.6209 49.1071 140.809 25.6 5
2010 9 12 22 33 36.3177 49.5103 140.677 21.2 7
2010 9 12 22 39 11.2778 49.5644 140.747 5 7
2010 9 12 22 41 51.5009 49.6717 140.672 7.4 6
2010 9 12 22 44 22.6881 49.629 140.834 5.5 5
2010 9 12 22 44 22.7605 49.6568 140.639 5.1 5
2010 9 12 22 45 31.2122 49.6715 140.646 10.6 7
2010 9 12 22 45 31.9224 49.642 140.736 12.8 5
2010 9 12 22 50 41.23 49.549 140.749 5.5 5
2010 9 12 22 54 12.0481 49.4342 140.848 6.9 5
2010 9 12 22 57 56.051 49.6163 140.792 6.9 5
2010 9 12 23 1 17.6342 49.5916 140.913 6.4 5
2010 9 12 23 1 17.6342 49.6363 140.801 20.1 5
2010 9 12 23 7 25.1387 49.6037 140.934 12.5 9
2010 9 12 23 7 48.4744 48.6618 140.434 4.6 5
2010 9 12 23 10 47.572 49.6053 141.006 19.2 5
2010 9 12 23 10 47.8302 49.5885 140.922 12.5 6
2010 9 12 23 10 47.8573 49.633 140.887 15.9 7
2010 9 12 23 10 50.6561 48.7099 140.435 18 6
2010 9 12 23 21 34.7064 49.6064 141.001 16.1 6
2010 9 13 2 23 49.1221 38.708 135.105 7.7 6
2010 9 13 2 34 50.408 38.8263 134.394 3.5 6
2010 9 13 3 47 32.9305 48.3106 140.101 0.9 5
2010 9 13 3 48 25.2975 48.3275 140.119 11.7 6
2010 9 13 3 50 24.3195 48.333 140.161 6.5 5
2010 9 13 3 53 38.4948 48.3119 140.099 5.2 5
2010 9 13 3 54 40.8564 46.4077 138.303 6.6 5
2010 9 13 3 59 22.4684 48.2915 140.119 3.6 5
2010 9 13 4 0 8.06378 48.3047 140.148 9 6
2010 9 13 4 1 14.682 48.2925 140.092 10.9 7
2010 9 13 4 1 14.7417 48.2719 140.119 8.3 6
2010 9 13 4 1 53.0095 46.4872 138.39 17.4 9
2010 9 13 4 5 47.3749 48.2101 140.028 5.7 5
2010 9 13 4 8 20.6106 48.3521 140.215 4.8 5
2010 9 13 4 8 38.219 48.2466 140.087 6 5
2010 9 13 4 8 38.2334 48.1979 140.02 4.1 5
2010 9 13 4 9 58.6535 48.2336 140.09 4.7 5
2010 9 13 4 11 0.472683 48.2708 140.198 5.6 5
2010 9 13 4 11 0.484162 48.2737 140.231 7.7 6
2010 9 13 4 11 22.5923 48.1644 139.944 4.4 5
2010 9 13 4 13 55.9827 48.2262 140.076 4.6 5
2010 9 13 4 14 59.8087 48.2263 140.112 5 6
2010 9 13 4 15 51.9316 48.1613 140.009 3.9 5
2010 9 13 4 16 49.7216 46.079 138.162 6.7 5
2010 9 13 4 16 58.5918 48.08 140.146 19.5 5
2010 9 13 4 19 14.995 46.2809 138.407 8 5
2010 9 13 4 19 56.9606 48.139 139.961 4.3 5
2010 9 13 4 20 34.4454 39.9596 139.569 8.4 5
2010 9 13 4 21 58.6472 48.1482 140.156 4.3 5
2010 9 13 4 21 58.6484 48.1424 140.156 4 5
2010 9 13 4 21 58.6936 48.1822 140.164 18.1 11
2010 9 13 4 21 58.7387 48.269 140.156 13.7 6
2010 9 13 4 21 58.8001 48.1376 140.212 9.9 6
2010 9 13 4 22 15.8604 48.1262 139.905 3.8 5
2010 9 13 4 22 58.5324 48.1611 140.078 11 6
2010 9 13 4 24 28.9059 48.0748 139.972 4.8 5
2010 9 13 4 25 7.44024 48.1159 139.887 11.9 7
2010 9 13 4 25 10.7736 48.1312 140.196 4.6 6
2010 9 13 4 25 10.9846 48.1355 140.208 8.7 6
2010 9 13 4 25 38.8917 48.1353 140.027 4.9 5
2010 9 13 4 26 23.7538 48.1512 140.114 16.7 10
2010 9 13 4 26 50.247 48.1201 140.083 7.1 6
2010 9 13 4 27 36.1665 48.1347 140.011 21.2 9
2010 9 13 4 27 36.218 48.0952 140.032 6.4 6
2010 9 13 4 27 36.2695 48.1374 140.009 11.1 5
2010 9 13 4 27 36.3023 48.1015 140.001 4.6 5
2010 9 13 4 27 36.3498 48.1001 140.044 7.8 6
2010 9 13 4 27 36.397 48.0903 139.942 4.5 5
2010 9 13 4 27 36.4669 48.1139 139.966 7.9 5
2010 9 13 4 27 36.5433 48.0923 140 18.7 7
2010 9 13 4 27 36.64 48.0777 139.921 9.3 5
2010 9 13 4 27 36.6966 48.0939 140.042 6.2 6
2010 9 13 4 28 56.8567 48.1336 140.117 18.7 6
2010 9 13 4 28 57.2139 48.092 140.176 6.8 6
2010 9 13 4 28 57.315 48.0997 140.148 5.9 5
2010 9 13 4 28 57.4402 48.0914 140.123 4.7 5
2010 9 13 4 31 23.6606 46.0406 138.204 18.1 5
2010 9 13 4 31 39.7572 48.1277 140.255 6.9 5
2010 9 13 4 31 39.7808 48.1336 140.059 7.2 5
2010 9 13 4 31 40.4697 48.1873 140.041 16.5 5
2010 9 13 4 31 40.5572 48.1444 140.066 5.4 5
2010 9 13 4 33 1.33269 48.0843 139.996 4.6 5
2010 9 13 4 33 1.98459 48.0935 140.199 12.8 7
2010 9 13 4 33 2.07403 48.0875 140.068 7.6 6
2010 9 13 4 33 2.18397 48.0917 140.159 4.9 5
2010 9 13 4 33 52.7142 48.1317 140.001 21.4 11
2010 9 13 4 36 28.6815 48.0973 140.094 23.2 10
2010 9 13 4 37 11.3432 45.9942 138.21 10.3 5
2010 9 13 4 39 53.0637 48.0635 140.153 6.6 6
2010 9 13 4 39 53.6516 48.1191 139.982 16.4 8
2010 9 13 4 40 50.0088 48.1032 139.895 28.2 11
2010 9 13 4 40 50.0371 48.0623 140.14 8.4 5
2010 9 13 4 42 52.1067 46.0592 138.132 5.6 5
2010 9 13 4 45 14.9073 48.0937 140.077 26.7 9
2010 9 13 4 45 14.9556 48.0239 140.08 23.1 5
2010 9 13 4 46 41.3707 48.0657 140.139 19.2 8
2010 9 13 4 46 41.417 48.0165 140.148 10.3 6
2010 9 13 4 48 11.8481 48.1091 139.868 12.8 6
2010 9 13 4 48 11.893 48.058 140.096 9.2 9
2010 9 13 4 48 11.9612 48.0332 140.137 21 6
2010 9 13 4 48 12.0266 48.0041 140.161 9.1 5
2010 9 13 5 34 0.779699 38.4119 139.215 3 5
2010 9 13 5 51 55.0926 47.7443 139.474 15.7 6
2010 9 13 5 59 30.6884 45.2474 137.12 7.9 6
2010 9 13 6 5 28.8594 45.2128 137.098 9.5 5
2010 9 13 6 10 50.8245 47.6347 139.498 21.2 8
2010 9 13 6 17 24.8562 47.649 139.452 4.9 5
2010 9 13 6 17 24.8562 47.6686 139.753 19.8 5
2010 9 13 6 34 2.0653 45.097 137.072 8.4 6
2010 9 13 6 42 30.7104 47.403 139.772 7.6 5
2010 9 13 7 34 59.3893 47.7313 139.436 15.2 11
2010 9 13 8 10 30.2139 46.0683 138.122 19.3 7
2010 9 13 8 11 23.2251 46.04 138.163 7.3 5
2010 9 13 8 23 4.73635 45.9822 138.162 8.6 6
2010 9 13 8 28 0.384211 47.7043 139.448 10.6 5
2010 9 13 8 46 56.5085 47.606 139.542 25.3 11
2010 9 13 9 5 11.0948 47.4801 139.707 18.4 5
2010 9 13 9 6 40.7971 45.8663 138.416 10.8 7
2010 9 13 9 10 55.6011 44.779 136.793 15.8 6
2010 9 13 9 43 10.4716 47.2607 140.064 15.3 5
2010 9 13 9 53 27.6549 45.6445 138.439 8.4 8
2010 9 13 10 3 34.7914 45.5087 138.093 20.9 7
2010 9 13 10 3 34.7914 45.4686 138.284 13.4 6
2010 9 13 10 7 46.6245 38.3254 133.006 14.4 9
2010 9 13 10 7 57.6898 45.5164 137.944 24.6 7
2010 9 13 10 10 29.3819 45.4771 138.166 17.1 7
2010 9 13 10 12 39.3458 47.1745 139.82 17.6 8
2010 9 13 10 12 57.9013 45.4687 138.28 14 8
2010 9 13 10 22 7.68009 45.3413 138.347 23.2 5
2010 9 13 10 22 25.1605 45.9031 138.245 26.1 8
2010 9 13 10 22 25.1605 45.9203 138.252 20.8 6
2010 9 13 10 25 1.1165 45.3051 138.238 8.3 5
2010 9 13 10 29 34.3667 45.8527 138.815 15.1 5
2010 9 13 10 34 58.0926 45.8404 138.28 2.9 6
2010 9 13 10 37 29.1254 45.8431 138.259 10.3 6
2010 9 13 10 42 5.90448 45.3545 138.155 11.1 6
2010 9 13 10 46 52.3959 45.8152 138.346 15.3 6
2010 9 13 10 51 10.9054 45.2599 138.484 9.3 5
2010 9 13 10 51 11.1133 45.3006 138.151 13.4 6
2010 9 13 10 53 4.34268 45.6758 138.397 25.4 5
2010 9 13 10 54 46.4118 45.7934 138.32 20.3 9
2010 9 13 10 55 20.6509 45.3181 138.451 6.5 5
2010 9 13 10 56 23.6706 45.28 138.263 7.3 6
2010 9 13 11 4 8.93584 45.7516 138.295 12.6 6
2010 9 13 11 6 38.8422 45.9478 138.205 13.1 7
2010 9 13 11 10 28.2244 45.7327 138.348 6 5
2010 9 13 11 10 28.3109 45.6887 138.375 11.2 5
2010 9 13 11 10 28.3684 45.7401 138.363 10.9 6
2010 9 13 11 10 28.5267 45.7245 138.375 21.3 8
2010 9 13 11 11 13.7206 45.7125 138.69 12 5
2010 9 13 11 13 10.9949 45.928 138.337 9.7 5
2010 9 13 11 16 54.8991 45.9045 138.253 11.2 6
2010 9 13 11 20 30.9332 45.6726 138.351 25.3 7
2010 9 13 11 20 30.9611 45.6694 138.394 22.4 7
2010 9 13 11 32 43.2018 45.7683 138.303 14.3 5
2010 9 13 11 34 4.26831 45.1018 138.273 15 9
2010 9 13 11 35 50.8711 45.5771 138.317 18.6 5
2010 9 13 12 21 31.8955 37.4633 131.443 26.3 5
2010 9 13 16 27 8.65706 37.6912 137.658 17.7 5
2010 9 14 6 34 31.0725 43.0485 134.12 26.4 5
2010 9 14 17 39 39.5509 36.0989 131.468 14.9 5
2010 9 14 17 39 39.551 36.0692 131.505 14.3 5
2010 9 14 18 54 26.4706 36.2849 132.088 12.5 6
2010 9 14 19 10 39.4702 36.2243 132.127 21.8 10
2010 9 14 19 13 29.3873 36.2288 132.052 15.3 6
2010 9 14 19 23 56.5132 36.2508 131.431 22.9 6
2010 9 14 19 52 54.3259 36.3248 131.566 16.6 9
2010 9 14 20 48 31.8853 36.2849 131.534 12.9 5
2010 9 14 21 5 19.9356 36.3243 130.75 7.3 6
2010 9 14 21 22 58.5652 35.779 133.059 11.9 8
2010 9 14 22 31 15.3601 36.41 130.503 20.5 5
2010 9 14 22 45 33.0419 36.3293 132.003 6.9 6
2010 9 14 23 40 18.3942 36.3761 131.933 16.3 7
2010 9 14 23 40 18.4171 36.3546 131.919 3.7 5
2010 9 14 23 40 18.4644 36.3322 131.948 1.4 5
2010 9 14 23 46 8.56424 36.3097 131.888 6.6 5
2010 9 15 0 4 21.9118 36.4516 131.864 27 6
2010 9 15 0 8 21.6636 36.4522 131.826 4.1 5
2010 9 15 0 28 41.4126 36.3837 131.778 21.9 7
2010 9 15 0 40 16.0828 36.3158 132.014 3.9 5
2010 9 15 0 47 1.25317 36.2889 131.997 2.9 5
2010 9 15 0 48 9.6997 36.2764 132.316 27.5 5
2010 9 15 0 58 39.333 36.3995 131.985 20.7 7
2010 9 15 0 58 39.7808 36.3744 131.944 5.7 5
2010 9 15 0 59 37.0428 36.3588 131.988 16.8 6
2010 9 15 1 2 42.7924 36.2763 132.054 10 5
2010 9 15 1 3 25.1304 36.3892 131.991 16.4 5
2010 9 15 1 9 44.1051 36.3266 132.039 2.6 5
2010 9 15 1 10 28.1396 36.3783 132.017 7.1 6
2010 9 15 1 10 28.2988 36.4307 132.015 16.9 5
2010 9 15 1 12 14.6786 36.3865 132.021 13.9 6
2010 9 15 1 12 15.024 36.3853 132.006 14.3 7
2010 9 15 1 13 15.0424 36.3059 132.048 3.5 5
2010 9 15 1 16 40.6357 36.375 132.063 16.5 6
2010 9 15 1 18 26.6219 36.3444 132.145 8.3 6
2010 9 15 1 20 42.4694 36.6142 131.417 4.9 5
2010 9 15 1 21 57.0424 37.1311 131.065 17.8 5
2010 9 15 1 23 34.1467 36.3977 132.148 16.3 8
2010 9 15 1 23 34.1809 36.3827 132.158 18.8 6
2010 9 15 1 24 35.5832 36.3685 132.076 18.7 6
2010 9 15 1 28 18.4619 36.3743 132.126 4.3 6
2010 9 15 1 29 52.0384 36.3195 132.079 3.2 5
2010 9 15 1 30 31.5213 36.3202 132.108 2.4 5
2010 9 15 1 33 30.9155 36.3846 132.261 12.3 7
2010 9 15 1 38 54.0756 36.5173 131.911 13.6 7
2010 9 15 1 54 2.26839 36.2639 130.286 4.2 5
2010 9 15 1 54 23.2546 36.4585 132.019 12.8 5
2010 9 15 1 54 50.0307 36.4163 131.949 4.6 5
2010 9 15 2 3 32.2798 36.4312 132.201 17.7 8
2010 9 15 2 4 52.1918 36.3584 130.339 17.6 8
2010 9 15 2 6 52.1829 36.3595 130.338 15.6 7
2010 9 15 2 12 27.7891 36.28 130.295 14.9 8
2010 9 15 2 15 46.0452 36.4216 132.103 8.8 7
2010 9 15 2 27 48.5952 36.3899 132.138 3.5 5
2010 9 15 2 27 48.8111 36.4008 132.169 3.4 5
2010 9 15 2 30 59.6241 36.2928 130.305 18.7 6
2010 9 15 2 31 35.9254 36.4394 132.106 6.4 5
2010 9 15 2 31 36.0042 36.482 132.197 17.5 5
2010 9 15 2 31 36.0863 36.4324 132.114 4.8 5
2010 9 15 2 31 36.1403 36.4012 132.157 4.4 5
2010 9 15 2 32 44.4547 36.4383 132.142 17.7 8
2010 9 15 2 39 40.8385 36.4134 132.233 15.1 8
2010 9 15 2 39 40.8763 36.3413 132.272 3.2 5
2010 9 15 2 43 52.579 36.404 132.274 19.4 8
2010 9 15 4 14 5.73846 36.6959 131.317 5.1 5
2010 9 15 4 25 48.2201 36.627 131.356 10.9 5
2010 9 15 4 27 26.562 36.7661 131.259 7.4 6
2010 9 15 6 1 35.7568 35.663 130.007 23.2 7
2010 9 15 6 10 6.77653 35.7011 130.201 5.8 5
2010 9 15 6 24 37.2849 35.9265 130.265 26.6 5
2010 9 15 6 38 7.51282 35.9963 130.342 4.8 5
2010 9 15 6 43 12.353 35.7256 130.045 20.1 7
2010 9 15 6 50 13.4013 35.7131 130.01 17.7 6
2010 9 15 6 56 57.2263 36.1427 130.279 19.4 5
2010 9 15 6 56 57.3664 36.1029 130.309 15 7
2010 9 15 7 6 20.9456 36.0736 130.326 14.2 5
2010 9 15 8 9 32.6515 36.2248 130.579 9.9 6
2010 9 15 8 23 11.6644 36.2432 130.531 18 8
2010 9 15 8 44 25.0178 36.2179 130.348 21.6 7
2010 9 15 8 51 25.9159 36.1768 130.333 1.9 5
2010 9 15 8 51 25.9289 36.2339 130.348 21.2 5
2010 9 15 8 53 27.4869 36.2038 130.372 24.1 5
2010 9 15 8 53 27.4929 36.192 130.36 27.4 7
2010 9 15 9 9 19.3575 36.0568 130.075 27 7
2010 9 15 9 15 3.33229 36.7935 130.843 25.4 5
2010 9 15 9 16 54.7035 36.0692 130.008 13.1 6
2010 9 15 9 18 34.9557 35.561 131.457 26.5 5
2010 9 15 9 23 52.521 36.1057 130.189 18.7 8
2010 9 15 9 28 13.9987 36.8135 134.803 4.2 5
2010 9 15 9 35 6.30841 35.4733 131.337 24 5
2010 9 15 9 40 3.62837 36.4472 132.203 21.8 12
2010 9 15 10 1 50.4761 36.4432 131.925 17 5
2010 9 15 10 9 43.8191 36.4069 132.274 25.9 6
2010 9 15 10 13 52.2289 36.4757 132.26 28.9 5
2010 9 15 10 14 14.3174 36.462 132.223 17 5
2010 9 15 10 14 14.3591 36.4202 132.249 12.3 5
2010 9 15 10 18 3.25813 36.4297 132.252 26.2 9
2010 9 15 10 30 2.68561 36.4319 131.922 20.5 6
2010 9 15 10 38 18.2068 36.4319 132.303 22 10
2010 9 15 10 40 20.0132 36.2414 130.869 12.5 5
2010 9 15 11 4 16.9637 37.8353 134.968 14.6 6
2010 9 15 11 4 17.0279 37.8019 135.076 14.6 5
2010 9 15 11 7 23.9028 37.7982 134.927 21.3 9
2010 9 15 11 42 11.1381 36.8674 135.382 27.3 5
2010 9 15 11 42 11.1778 36.8911 135.344 15.4 6
2010 9 15 11 58 9.08326 35.8067 130.655 13.1 5
2010 9 15 11 59 53.0509 35.8282 130.588 28.4 7
2010 9 15 12 20 46.7569 35.6896 130.758 8.3 5
2010 9 15 12 25 23.1918 35.8583 133.112 10.7 5
2010 9 15 12 26 25.0117 35.81 133.164 9.7 6
2010 9 15 12 27 21.9032 35.841 133.152 19.9 6
2010 9 15 12 27 32.6587 35.7258 130.975 20.1 5
2010 9 15 12 28 56.1478 35.6851 130.552 20.5 9
2010 9 15 12 30 27.4047 35.467 130.784 12.1 5
2010 9 15 12 31 59.5948 35.6989 130.643 12.5 7
2010 9 15 12 32 47.7083 35.6662 130.417 3.7 5
2010 9 15 12 35 22.1968 35.8524 133.139 6.1 5
2010 9 15 12 35 22.1968 35.8751 133.1 29.1 8
2010 9 15 12 41 2.03605 35.8754 133.244 10.8 6
2010 9 15 12 41 39.5143 38.2364 134.915 17.5 5
2010 9 15 12 54 2.66373 36.3727 130.977 23.5 6
2010 9 15 13 8 45.9203 37.3198 135.701 15.5 5
2010 9 15 13 8 45.9204 37.3371 135.65 6.7 6
2010 9 15 13 9 48.1504 37.3915 135.611 12.1 5
2010 9 15 13 13 12.3767 37.3372 135.755 17.6 6
2010 9 15 13 13 12.4769 37.3592 135.73 19 6
2010 9 15 13 14 25.7175 37.3923 135.722 10.1 7
2010 9 15 13 17 36.5673 37.3429 135.751 1.2 5
2010 9 15 13 19 7.90631 37.3964 135.669 11.8 7
2010 9 15 13 19 7.92668 37.3608 135.695 19 8
2010 9 15 13 20 23.4143 37.3628 135.738 10.1 7
2010 9 15 13 21 5.70656 37.3717 135.565 9.3 5
2010 9 15 13 21 5.73685 37.4285 135.646 9.6 6
2010 9 15 13 22 37.5221 37.3681 135.718 3.4 6
2010 9 15 13 22 37.5943 37.3594 135.728 11.3 5
2010 9 15 13 23 12.6914 37.4246 135.663 14.8 6
2010 9 15 13 23 12.8245 37.3264 135.778 14.3 6
2010 9 15 13 24 12.5107 37.3648 135.682 25.5 7
2010 9 15 13 25 29.4797 37.3722 135.735 22.6 10
2010 9 15 13 25 29.4929 37.4234 135.688 8.2 6
2010 9 15 13 45 52.8123 37.05 133.533 4.3 5
2010 9 15 13 46 23.3755 37.0329 133.708 6.7 5
2010 9 15 13 46 55.3561 37.3486 133.889 29.1 6
2010 9 15 13 51 24.7891 37.2293 133.801 8.8 5
2010 9 15 14 2 57.8554 37.3252 133.687 20.6 11
2010 9 15 14 2 57.8885 37.2303 133.903 18.6 5
2010 9 15 14 9 50.3042 37.2147 133.679 22.1 9
2010 9 15 14 12 24.1932 36.0923 132.33 8.4 5
2010 9 15 14 12 41.4468 37.3606 133.78 11 7
2010 9 15 14 12 41.4701 37.3471 133.796 16.5 10
2010 9 15 14 15 6.64307 36.136 132.329 15.4 5
2010 9 15 14 15 21.3677 36.1084 132.287 13.8 6
2010 9 15 14 16 5.21432 36.1211 132.303 17.3 6
2010 9 15 14 23 7.24194 37.2821 133.588 6 5
2010 9 15 14 45 39.9689 35.945 132.154 12.2 5
2010 9 15 15 6 4.92237 37.4241 133.638 9.7 5
2010 9 15 15 7 39.0825 37.3149 133.608 24.9 7
2010 9 15 15 10 2.61793 35.8614 132.173 17.3 6
2010 9 15 15 12 10.7975 37.2944 133.567 6.4 5
2010 9 15 15 46 22.3135 37.2303 133.934 21.8 7
2010 9 15 15 48 42.0332 37.2585 133.917 25.8 9
2010 9 15 15 51 33.8302 37.2646 133.912 17.7 7
2010 9 15 16 1 32.9775 36.8134 133.253 29.5 8
2010 9 15 16 39 41.4628 37.392 133.338 22.5 6
2010 9 15 17 2 4.64672 36.0613 132.647 25.6 7
2010 9 15 17 8 51.7245 38.0017 134.218 24.3 5
2010 9 15 17 18 0.150517 35.9548 132.526 16.3 7
2010 9 15 17 22 29.4597 35.9894 132.512 18.3 5
2010 9 15 17 24 15.2858 36.1572 132.519 25 6
2010 9 15 17 24 57.6248 36.0172 132.505 29.5 6
2010 9 15 17 24 57.6749 35.9367 132.522 19.2 9
2010 9 15 17 28 30.7907 37.9032 134.247 14.4 5
2010 9 15 17 30 14.0949 35.9935 132.327 21.1 5
2010 9 15 17 32 7.4962 35.8622 132.503 8.1 5
2010 9 15 17 32 9.94004 36.1529 132.556 16.7 6
2010 9 15 17 35 21.2201 36.0915 132.505 25.7 14
2010 9 15 17 35 21.2616 36.0361 132.52 21.5 9
2010 9 15 17 37 32.0781 35.9064 132.461 22.2 5
2010 9 15 17 59 18.9435 35.7641 132.413 27.4 6
2010 9 15 18 0 54.4173 35.8692 132.454 26 7
2010 9 15 18 37 36.7765 37.6383 132.811 5.4 5
2010 9 15 18 49 50.1337 37.1213 134.977 16.3 8
2010 9 15 18 58 17.1123 37.3013 132.531 20.3 9
2010 9 15 18 58 17.1702 37.1895 132.498 28.5 6
2010 9 15 19 7 36.6648 38.0113 134.944 23.1 11
2010 9 15 20 7 38.0998 37.9388 132.38 14.9 5
2010 9 15 20 22 24.3097 37.174 132.307 18.9 7
2010 9 15 20 33 9.9308 38.0917 134.78 8.8 5
2010 9 15 20 35 8.86413 37.9228 132.369 16.2 6
2010 9 15 21 6 58.7311 35.9958 133.45 8.3 5
2010 9 15 21 14 34.1017 36.0198 133.505 14.7 5
2010 9 15 21 21 45.7144 36.091 133.535 7.3 5
2010 9 15 21 25 21.3146 36.0602 133.503 11.2 5
2010 9 15 21 25 58.1052 36.0956 133.52 11.9 6
2010 9 15 21 25 58.116 36.0726 133.493 16.3 6
2010 9 15 21 30 17.4797 36.132 133.536 16.2 6
2010 9 15 21 32 12.1001 36.0169 133.498 20.8 5
2010 9 15 21 38 6.32853 36.0308 133.493 26.3 7
2010 9 15 21 43 13.2239 36.1477 133.43 6.1 5
2010 9 15 21 44 59.6323 38.0659 132.15 1.6 5
2010 9 15 21 44 59.8861 38.089 132.155 4.9 6
2010 9 15 21 45 21.6457 37.9787 132.125 28.4 6
2010 9 15 21 52 52.5728 35.9023 133.531 15.9 6
2010 9 15 21 52 56.3599 38.1489 132.104 10.9 5
2010 9 15 21 52 56.3662 38.0985 132.105 5.1 5
2010 9 15 21 53 3.08824 35.8591 133.537 5.4 5
2010 9 15 21 53 47.3154 35.9161 133.522 16.4 5
2010 9 15 21 53 47.3181 36.0087 133.519 25.9 5
2010 9 15 21 54 32.8156 36.1856 133.411 17.3 5
2010 9 15 21 54 39.2285 36.2094 133.418 15.4 5
2010 9 15 21 56 28.0855 36.1392 133.06 26.1 5
2010 9 15 21 57 23.1502 35.9472 133.517 15.1 6
2010 9 15 21 57 30.9597 36.1693 133.402 13.7 6
2010 9 15 21 57 55.6332 36.0484 133.377 3.9 5
2010 9 15 21 57 55.6333 36.0191 133.539 26.3 5
2010 9 15 21 58 24.0577 36.1968 133.42 13.7 6
2010 9 15 21 58 35.885 36.8052 133.837 15.4 5
2010 9 15 22 0 38.1341 38.1408 132.087 17.2 7
2010 9 15 22 1 50.6607 36.802 133.77 19.8 6
2010 9 15 22 1 50.6625 36.8179 133.767 16.5 7
2010 9 15 22 2 23.7516 37.9647 133.199 11.4 5
2010 9 15 22 3 10.4166 37.9595 133.191 10.2 5
2010 9 15 22 3 12.6556 38.0819 132.104 8.5 6
2010 9 15 22 5 7.76914 37.9845 133.162 6.4 6
2010 9 15 22 5 17.0036 35.8453 133.542 10.1 5
2010 9 15 22 5 17.0053 35.9276 133.527 16.5 5
2010 9 15 22 7 24.3863 38.0742 132.029 8.6 5
2010 9 15 22 8 10.6533 38.0046 132.09 24.1 10
2010 9 15 22 8 20.4796 36.837 133.829 14.3 7
2010 9 15 22 9 14.4394 37.9397 133.156 8.1 6
2010 9 15 22 9 25.6908 36.3559 132.997 18.5 5
2010 9 15 22 9 25.7335 36.1357 133.438 18.6 5
2010 9 15 22 12 11.4971 37.9395 133.133 9.1 5
2010 9 15 22 13 12.9657 35.7731 133.614 7.7 5
2010 9 15 22 13 13.0429 35.9023 133.569 13.7 6
2010 9 15 22 13 28.0691 36.745 133.816 15.5 7
2010 9 15 22 14 43.1646 37.9633 133.133 16.5 7
2010 9 15 22 18 34.6825 37.886 133.108 6.5 5
2010 9 15 22 18 40.1314 37.4205 133.076 17.6 5
2010 9 15 22 19 54.2783 37.9237 133.13 20.2 8
2010 9 15 22 25 33.4504 36.6971 133.861 17.5 6
2010 9 15 22 32 46.3707 36.922 133.474 17.2 5
2010 9 15 22 33 41.3891 36.6042 133.809 4.4 5
2010 9 15 22 50 55.7677 38.7375 136.92 5.1 5
2010 9 15 22 50 55.7776 38.8043 136.928 21.8 7
2010 9 15 22 51 16.6658 36.6543 133.905 26.2 7
2010 9 15 23 0 45.9955 37.9421 133.193 13.4 7
2010 9 15 23 4 12.1663 37.9486 133.226 12.4 5
2010 9 15 23 4 12.4331 37.9002 133.198 23.1 7
2010 9 15 23 4 12.5132 37.938 133.2 0.8 5
2010 9 15 23 4 12.551 37.9809 133.113 6.6 5
2010 9 15 23 4 12.5726 37.9867 133.141 5.9 5
2010 9 15 23 4 12.6324 38.0155 133.165 16.6 7
2010 9 15 23 9 8.13029 37.8837 133.201 4.6 5
2010 9 15 23 10 45.1562 38.7948 136.96 4 5
2010 9 15 23 10 45.2487 38.8764 136.963 17.6 5
2010 9 15 23 12 9.24534 37.5806 132.649 13.1 6
2010 9 15 23 13 21.2908 37.6125 132.621 14.7 7
2010 9 15 23 13 21.3133 37.6428 132.601 14.4 7
2010 9 15 23 13 32.5966 37.6179 132.63 17.2 7
2010 9 15 23 14 27.6022 38.8115 136.958 4.9 5
2010 9 15 23 14 27.6353 38.8107 136.956 4.3 5
2010 9 15 23 14 41.3542 37.7134 132.493 4.4 5
2010 9 15 23 19 59.1992 37.6539 132.568 14.2 7
2010 9 15 23 20 44.1997 37.4912 132.679 5.9 6
2010 9 15 23 20 53.1439 37.5258 132.672 0.9 6
2010 9 15 23 21 26.676 37.53 132.613 25.2 6
2010 9 15 23 23 32.6683 37.5671 132.609 3.7 6
2010 9 15 23 23 56.1948 39.7929 138.036 19.3 6
2010 9 15 23 27 35.4459 37.598 132.655 12 6
2010 9 15 23 27 35.6203 37.4738 132.666 4.7 6
2010 9 15 23 27 35.7045 37.5262 132.636 15.2 6
2010 9 15 23 27 35.8288 37.491 132.666 2.7 6
2010 9 15 23 30 33.8137 37.4889 132.663 1.2 6
2010 9 15 23 32 2.76223 37.488 132.644 1.3 6
2010 9 15 23 40 54.2004 37.5843 132.557 15.4 7
2010 9 15 23 41 23.2318 37.532 132.589 3 6
2010 9 15 23 41 23.2332 37.5259 132.584 1.5 6
2010 9 15 23 43 50.9201 37.5133 132.564 9.5 6
2010 9 15 23 44 14.8042 37.5195 132.634 1.1 5
2010 9 15 23 44 49.4295 37.5604 132.59 14 6
2010 9 15 23 44 49.5481 37.5547 132.568 16.6 6
2010 9 15 23 50 56.7225 37.5109 132.605 3 5
2010 9 15 23 51 4.16083 37.5138 132.606 1.9 6
2010 9 15 23 56 53.7513 37.5281 132.585 7.5 5
2010 9 16 0 1 13.7344 37.491 132.604 1.7 6
2010 9 16 0 1 13.7396 37.5833 132.582 15.1 5
2010 9 16 0 4 33.4376 37.5507 132.569 18.1 7
2010 9 16 0 5 29.5877 37.7322 133.9 16.1 6
2010 9 16 0 5 52.093 37.5039 132.622 2.7 5
2010 9 16 0 6 40.4672 37.5607 132.59 16 8
2010 9 16 0 7 35.4952 37.5139 132.63 12.1 7
2010 9 16 0 10 29.9771 37.5375 132.596 13.2 6
2010 9 16 0 10 50.1355 37.8365 132.961 16.8 6
2010 9 16 0 10 50.1548 37.8234 132.934 7.6 5
2010 9 16 0 13 45.013 38.0556 132.574 9.4 5
2010 9 16 0 15 47.0031 37.5332 132.588 13.6 6
2010 9 16 0 15 47.0934 37.5409 132.616 16.8 5
2010 9 16 0 16 53.9213 36.0379 133.429 15.9 5
2010 9 16 0 20 35.5551 37.8167 133.014 13.4 7
2010 9 16 0 21 34.3988 37.4983 132.589 27.2 8
2010 9 16 0 21 34.4352 37.4893 132.599 15.3 7
2010 9 16 0 21 34.4747 37.4992 132.579 19.2 7
2010 9 16 0 22 16.8191 38.8962 136.59 2.6 5
2010 9 16 0 22 36.288 38.1758 132.989 7.8 5
2010 9 16 0 22 36.3188 38.1884 133.018 14.8 7
2010 9 16 0 22 36.3618 38.1849 132.979 6.5 5
2010 9 16 0 22 55.485 37.4294 132.609 2.8 5
2010 9 16 0 23 21.4448 37.3794 132.346 8.1 7
2010 9 16 0 29 9.84035 38.1414 132.926 4.5 5
2010 9 16 0 31 13.4085 37.5538 133.869 1 5
2010 9 16 0 31 13.4502 37.6572 133.838 13.1 6
2010 9 16 0 34 39.1476 37.7305 132.997 2.3 6
2010 9 16 0 34 39.4106 37.7375 133.048 7.1 6
2010 9 16 0 35 8.96487 39.77 137.347 17.4 5
2010 9 16 0 35 19.7668 37.2478 132.883 12.5 6
2010 9 16 0 35 58.4417 39.7914 137.358 14.9 7
2010 9 16 0 36 24.6781 38.9783 136.635 3.2 6
2010 9 16 0 36 37.0377 37.7299 132.965 23.2 7
2010 9 16 0 36 47.0934 39.7907 137.332 17.6 7
2010 9 16 0 36 47.1171 39.756 137.353 11.9 5
2010 9 16 0 37 20.19 37.817 132.954 7.2 5
2010 9 16 0 37 43.6879 37.8384 133.135 1.9 6
2010 9 16 0 39 47.5219 39.0342 136.687 1.5 5
2010 9 16 0 40 40.6185 37.8254 132.966 15.8 7
2010 9 16 0 40 40.7247 37.8035 132.96 15.2 6
2010 9 16 0 40 40.7751 37.7927 132.971 9.5 6
2010 9 16 0 40 40.9169 37.8095 132.978 16.9 7
2010 9 16 0 40 40.9387 37.8019 132.948 16.7 6
2010 9 16 0 42 1.5365 37.2257 132.846 13.7 8
2010 9 16 0 42 59.9905 37.7462 132.109 14.2 5
2010 9 16 0 43 0.051146 37.1893 132.808 7 5
2010 9 16 0 45 43.6573 37.7409 133.006 2 5
2010 9 16 0 45 43.8356 37.799 132.974 17.3 6
2010 9 16 0 46 49.9291 37.1354 132.851 24.1 7
2010 9 16 0 46 49.9625 37.1954 132.832 17.2 6
2010 9 16 0 48 54.1909 37.6958 133.04 3.3 6
2010 9 16 0 49 34.2045 37.7251 132.977 20.8 7
2010 9 16 0 50 13.504 37.7212 132.975 1.9 5
2010 9 16 0 50 14.724 38.0721 133.195 15.4 5
2010 9 16 0 51 24.1395 37.7531 132.974 6.9 5
2010 9 16 0 51 39.8902 37.7648 133 15.5 6
2010 9 16 0 51 39.931 37.6833 133.056 3.1 5
2010 9 16 0 52 11.7601 37.7527 133.05 14 5
2010 9 16 0 52 11.7751 37.7135 133.013 4.6 5
2010 9 16 0 52 40.1433 37.7961 132.983 22.3 7
2010 9 16 0 53 4.44784 37.7746 132.966 15.9 7
2010 9 16 0 53 4.55635 39.1333 136.696 15.4 6
2010 9 16 0 53 54.2009 39.0986 136.651 18.6 7
2010 9 16 0 54 9.64397 37.7804 132.994 12.7 6
2010 9 16 0 54 9.68306 37.7157 133.011 14.3 8
2010 9 16 0 54 47.1628 37.6756 133.032 2.7 5
2010 9 16 0 55 0.703515 39.1285 136.787 4.8 6
2010 9 16 0 55 0.961048 39.1655 136.758 15.7 6
2010 9 16 0 55 56.327 39.161 136.71 16.2 6
2010 9 16 0 56 21.2661 37.7391 132.972 12.4 6
2010 9 16 0 56 33.6144 39.1678 136.74 13.5 5
2010 9 16 0 56 33.8742 39.1626 136.738 12.3 5
2010 9 16 0 56 33.946 39.172 136.727 16.5 6
2010 9 16 0 56 35.3442 37.9451 133.018 16.1 11
2010 9 16 0 56 35.4368 37.9375 133.011 15.9 6
2010 9 16 0 57 36.1389 37.7487 132.958 15.8 7
2010 9 16 0 57 36.1812 37.6952 133.014 2.5 6
2010 9 16 0 57 53.856 39.1292 136.738 11.9 6
2010 9 16 0 58 51.1497 39.209 136.737 15.9 6
2010 9 16 0 58 51.2218 39.1544 136.68 14.6 5
2010 9 16 0 58 51.2865 39.1951 136.732 12.1 6
2010 9 16 1 0 38.2018 39.1758 136.743 8.5 6
2010 9 16 1 2 39.4373 39.154 136.737 13.3 5
2010 9 16 1 5 31.1655 37.8807 133.009 15.2 5
2010 9 16 1 6 6.32935 37.7322 132.949 7.1 5
2010 9 16 1 6 23.6179 39.3771 137.67 20.4 8
2010 9 16 1 6 36.6936 37.7286 132.941 7.2 5
2010 9 16 1 6 55.1038 37.8479 132.996 16.5 6
2010 9 16 1 7 28.1892 39.7506 137.385 17.7 5
2010 9 16 1 7 38.7 39.1451 136.76 3.3 5
2010 9 16 1 7 58.8491 37.7184 132.982 11.4 6
2010 9 16 1 8 8.53631 38.0318 133.075 15.4 7
2010 9 16 1 8 20.104 39.1966 136.78 2.9 5
2010 9 16 1 10 9.97513 37.9794 133.132 3.4 5
2010 9 16 1 10 40.4613 37.7566 132.956 20.9 6
2010 9 16 1 10 40.5059 37.7456 132.962 16.8 6
2010 9 16 1 10 40.5384 37.7074 132.987 8.8 6
2010 9 16 1 10 40.603 37.7123 132.985 1.5 5
2010 9 16 1 10 40.7669 37.6892 132.99 2.8 6
2010 9 16 1 12 7.16548 37.917 133.071 15.2 5
2010 9 16 1 12 14.285 37.6703 133.008 3.5 5
2010 9 16 1 12 14.3233 37.7319 132.947 16.7 5
2010 9 16 1 12 14.3676 37.7182 133.002 16.1 6
2010 9 16 1 12 39.4052 37.6198 132.93 8.2 5
2010 9 16 1 12 39.6771 37.7344 132.96 12.1 6
2010 9 16 1 13 34.4539 37.667 132.977 1.9 5
2010 9 16 1 13 34.4974 38.0201 132.371 19.5 5
2010 9 16 1 14 18.4093 37.6628 133.005 2.4 5
2010 9 16 1 14 18.5041 37.7062 132.94 16.2 9
2010 9 16 1 14 48.4662 38.0069 133.126 6.7 6
2010 9 16 1 15 1.67197 37.724 132.95 22.5 6
2010 9 16 1 15 1.72807 37.6969 133.013 0.4 5
2010 9 16 1 15 1.75076 37.7253 132.978 15.4 7
2010 9 16 1 15 1.8081 37.7658 133 17 5
2010 9 16 1 15 2.00695 37.7352 132.995 14.2 5
2010 9 16 1 16 13.3536 37.6528 132.97 4.3 6
2010 9 16 1 16 13.3767 37.7117 132.933 7.9 7
2010 9 16 1 16 33.4523 37.7452 133.049 0.5 5
2010 9 16 1 16 56.924 37.7614 132.974 17.8 6
2010 9 16 1 17 38.917 37.7968 132.995 15.6 6
2010 9 16 1 17 41.8552 37.1577 133.895 14.7 7
2010 9 16 1 18 8.72699 38.017 133.153 25.1 5
2010 9 16 1 18 8.89556 38.0814 133.112 12.6 6
2010 9 16 1 20 50.9233 37.7937 132.998 16.5 8
2010 9 16 1 20 51.0104 37.738 132.959 13.6 6
2010 9 16 1 20 57.4279 37.7747 133.003 18 7
2010 9 16 1 20 59.1066 38.005 133.103 17 6
2010 9 16 1 20 59.167 38.0145 133.12 11.6 6
2010 9 16 1 21 57.106 37.7111 133.017 2.4 6
2010 9 16 1 22 23.1982 37.7393 133.004 2.7 6
2010 9 16 1 22 48.4767 37.9782 133.123 3.6 5
2010 9 16 1 23 37.1171 38.0149 133.139 10.9 6
2010 9 16 1 23 56.7941 37.725 133.013 5.1 5
2010 9 16 1 24 24.9066 37.7656 132.978 15.4 7
2010 9 16 1 24 25.785 37.9839 133.13 9.1 7
2010 9 16 1 24 25.7863 37.9891 133.119 19.7 9
2010 9 16 1 24 25.8233 38.0157 133.149 10 5
2010 9 16 1 27 43.8475 39.2651 136.818 3.4 6
2010 9 16 1 28 56.3673 37.6653 132.922 23.5 7
2010 9 16 1 29 6.53403 37.9842 133.115 12.2 6
2010 9 16 1 29 6.5857 37.9279 133.158 3.8 6
2010 9 16 1 30 47.8238 38.061 133.188 14.1 5
2010 9 16 1 33 1.08507 37.7745 133.052 16.1 7
2010 9 16 1 33 1.14794 37.7371 133.008 6.9 5
2010 9 16 1 33 1.15036 37.9835 133.1 14.7 6
2010 9 16 1 33 20.8497 37.1705 133.237 15 5
2010 9 16 1 33 38.2858 37.9408 133.135 1 5
2010 9 16 1 33 38.3095 37.9286 133.145 5 6
2010 9 16 1 34 29.1782 37.7959 133.101 21.4 5
2010 9 16 1 34 29.2414 37.7466 133.063 13.5 7
2010 9 16 1 34 48.4182 37.9369 133.201 3.9 6
2010 9 16 1 34 48.4415 38.0331 133.187 10.6 5
2010 9 16 1 34 48.4824 37.9492 133.2 1.7 6
2010 9 16 1 34 48.5119 37.997 133.169 17.2 6
2010 9 16 1 35 10.3891 37.9445 133.141 2.3 5
2010 9 16 1 35 54.7853 37.7207 133.025 8.8 5
2010 9 16 1 36 14.8323 37.0702 133.236 1.9 5
2010 9 16 1 37 31.7808 37.7038 133.146 2.5 5
2010 9 16 1 38 14.8392 37.0402 133.26 4.9 5
2010 9 16 1 39 27.3139 37.6776 133.132 6.8 6
2010 9 16 1 39 27.3302 37.7602 133.143 15.9 5
2010 9 16 1 41 4.93638 37.0659 133.213 9.2 5
2010 9 16 1 42 9.04155 38.3571 133.568 2.3 5
2010 9 16 1 42 22.8827 37.7326 133.139 13 7
2010 9 16 1 42 44.7404 39.7892 137.313 13.7 6
2010 9 16 1 43 19.5339 39.8186 137.296 14.4 7
2010 9 16 1 43 53.9471 37.8669 133.146 8.3 5
2010 9 16 1 43 54.0414 37.9858 133.147 17.5 6
2010 9 16 1 44 6.46901 37.6585 133.155 1.8 5
2010 9 16 1 44 26.6548 38.4283 133.478 15.9 7
2010 9 16 1 45 31.4166 37.0755 133.238 15 6
2010 9 16 1 45 54.2176 37.9806 133.181 14.6 7
2010 9 16 1 46 21.4572 37.0225 133.254 4.4 5
2010 9 16 1 48 16.9203 38.3517 133.534 24.8 6
2010 9 16 1 49 6.53051 37.9773 133.206 15.2 6
2010 9 16 1 49 6.57792 37.9659 133.169 16.2 7
2010 9 16 1 49 6.64818 37.8851 133.224 4.7 6
2010 9 16 1 49 19.7879 39.4837 137.254 4.9 6
2010 9 16 1 50 12.6195 37.0336 133.215 23.8 11
2010 9 16 1 50 12.6525 37.0136 133.258 4.2 5
2010 9 16 1 51 57.0432 38.4167 133.533 7.2 5
2010 9 16 1 54 10.7709 37.9306 133.218 9.1 6
2010 9 16 1 54 10.8651 37.8974 133.232 4.1 5
2010 9 16 1 56 9.51597 37.4798 133.524 7.7 5
2010 9 16 1 56 36.1724 37.4345 133.429 6.1 5
2010 9 16 1 59 55.207 37.5255 133.414 7.8 5
2010 9 16 2 2 38.2226 37.4653 133.357 6.2 6
2010 9 16 2 2 38.2778 37.4751 133.494 4.3 5
2010 9 16 2 4 22.6641 39.7974 137.398 18.1 6
2010 9 16 2 6 29.3558 38.2294 133.532 5.7 7
2010 9 16 2 6 29.3937 38.2908 133.505 16.2 6
2010 9 16 2 6 29.4165 38.2286 133.502 3 5
2010 9 16 2 6 29.6159 38.2595 133.516 2.9 5
2010 9 16 2 10 17.8629 36.6075 134.343 11.2 6
2010 9 16 2 10 45.3384 38.3858 133.637 13.2 5
2010 9 16 2 13 35.9014 38.215 133.463 15.4 7
2010 9 16 2 14 34.8197 38.0994 133.431 7.2 5
2010 9 16 2 15 2.89271 36.2159 132.124 13.9 5
2010 9 16 2 15 15.1484 38.1601 133.497 1.9 6
2010 9 16 2 15 15.1547 38.1987 133.443 9.2 5
2010 9 16 2 16 18.8242 38.3116 133.636 2.6 5
2010 9 16 2 16 29.2418 37.626 133.776 1.9 5
2010 9 16 2 17 4.01171 36.1911 132.203 16.6 5
2010 9 16 2 18 31.8703 38.1672 133.494 3.9 6
2010 9 16 2 22 47.2244 38.7895 134.076 2.9 5
2010 9 16 2 22 49.3988 39.5531 136.983 9.4 6
2010 9 16 2 23 59.8519 39.7364 137.207 10.1 5
2010 9 16 2 25 10.6545 37.6778 133.755 10.7 6
2010 9 16 2 25 11.5687 39.5604 136.909 15.7 5
2010 9 16 2 25 11.6132 39.6007 136.915 18.4 5
2010 9 16 2 25 44.1148 38.7394 133.952 5.6 6
2010 9 16 2 25 44.1927 38.7643 133.921 16.1 7
2010 9 16 2 25 51.7225 38.1437 133.488 1.9 6
2010 9 16 2 26 43.6893 38.7534 133.962 16.3 7
2010 9 16 2 27 29.4912 38.5108 133.754 13.8 6
2010 9 16 2 28 16.1641 38.8261 134.024 15 7
2010 9 16 2 28 16.4161 38.8196 134.025 7.3 5
2010 9 16 2 28 44.431 38.7879 134.083 5.1 5
2010 9 16 2 29 34.2073 37.6671 133.714 10.2 6
2010 9 16 2 29 36.9373 38.8315 134.025 9.2 5
2010 9 16 2 29 43.0145 38.7204 133.982 20.6 8
2010 9 16 2 30 29.3882 36.5105 134.431 4.3 5
2010 9 16 2 33 9.33346 37.5396 133.809 12.7 5
2010 9 16 2 33 17.2758 35.9856 132.32 3.6 5
2010 9 16 2 33 17.3267 36.0419 132.23 15.1 5
2010 9 16 2 33 49.1344 37.4028 133.928 18 6
2010 9 16 2 33 49.2135 37.3971 133.913 13 6
2010 9 16 2 36 23.9925 37.4065 133.951 10.7 6
2010 9 16 2 36 52.6432 38.6357 133.91 9.1 5
2010 9 16 2 37 3.79414 38.7627 134.091 3.3 6
2010 9 16 2 37 35.6722 38.6596 133.964 15.8 6
2010 9 16 2 37 35.7236 38.6982 133.977 15.7 5
2010 9 16 2 37 35.7666 38.6594 133.939 7.3 5
2010 9 16 2 37 35.8467 38.6764 133.957 18.5 5
2010 9 16 2 37 39.8537 38.8062 134.06 14.1 6
2010 9 16 2 37 39.8631 38.7651 134.071 12.8 6
2010 9 16 2 37 54.3766 38.8159 134.057 16.1 6
2010 9 16 2 38 14.2525 38.6647 133.949 13.6 7
2010 9 16 2 38 14.2687 38.6199 133.97 2.9 6
2010 9 16 2 40 0.196253 38.5885 133.984 2.9 5
2010 9 16 2 41 26.7237 39.3732 133.165 24.7 5
2010 9 16 2 41 26.724 38.6269 134.028 1.2 6
2010 9 16 2 41 51.6342 37.3935 133.935 13.3 7
2010 9 16 2 42 44.0841 38.7514 134.068 3.1 5
2010 9 16 2 42 48.1157 38.6574 133.932 16.9 6
2010 9 16 2 42 48.1185 38.6534 133.938 16.1 6
2010 9 16 2 44 12.9982 36.0038 132.113 15.2 8
2010 9 16 2 44 35.9821 38.6303 133.926 2.6 5
2010 9 16 2 45 19.113 35.9573 132.082 9.8 5
2010 9 16 2 47 4.82302 36.6203 134.544 1.1 5
2010 9 16 2 47 31.0605 38.602 133.899 22.2 9
2010 9 16 2 47 31.0926 38.5903 133.926 24.4 8
2010 9 16 2 47 31.1209 38.6596 133.912 16.1 6
2010 9 16 2 54 18.9314 39.2009 135.717 4 6
2010 9 16 3 3 44.0593 36.6753 134.429 5.4 5
2010 9 16 3 3 44.0724 36.6002 134.467 17.3 7
2010 9 16 3 3 44.1305 36.588 134.485 17.4 6
2010 9 16 3 9 35.3622 36.5221 134.434 24.8 9
2010 9 16 3 9 35.4689 36.6454 134.43 5.8 5
2010 9 16 3 11 30.7561 38.717 134.081 15.3 5
2010 9 16 3 14 54.9784 38.746 134.052 7.1 5
2010 9 16 3 15 3.75025 38.4256 133.893 3.3 6
2010 9 16 3 17 49.9498 38.4506 133.883 18 5
2010 9 16 3 20 52.6228 40.0317 137.22 15.9 6
2010 9 16 3 20 52.6566 40.0434 137.215 17.7 6
2010 9 16 3 24 18.3023 40.0458 137.218 21.5 9
2010 9 16 3 24 18.3228 40.0651 137.22 17.5 5
2010 9 16 3 24 18.3564 40.0692 137.223 15.4 7
2010 9 16 3 27 2.87169 39.9974 137.234 1.8 5
2010 9 16 3 27 2.87171 40.0158 137.161 23.2 6
2010 9 16 3 27 2.90016 40.0641 137.227 17.8 6
2010 9 16 3 27 2.93084 40.0725 137.224 14.9 7
2010 9 16 3 57 51.3384 36.2401 134.415 4.3 5
2010 9 16 4 37 8.54341 40.3345 137.781 18.4 7
2010 9 16 4 37 8.58915 40.3093 137.79 19.3 5
2010 9 16 5 34 39.3559 50.0576 140.99 10 5
2010 9 16 5 52 32.2364 49.9175 141.18 10.8 5
2010 9 16 5 55 11.3961 50.2558 141.473 0.8 5
2010 9 16 5 55 16.707 49.9335 140.851 6.5 6
2010 9 16 5 56 8.49435 50.2577 141.444 7.6 6
2010 9 16 5 56 8.93195 50.2454 141.457 11.6 7
2010 9 16 6 5 15.196 50.2299 141.678 6.3 5
2010 9 16 6 9 46.1687 38.8218 135.634 9 5
2010 9 16 6 9 46.2172 38.8748 135.589 18.8 6
2010 9 16 6 11 29.2134 50.0202 141.521 5.3 5
2010 9 16 6 11 35.5588 38.8337 135.634 9.8 6
2010 9 16 6 12 43.6221 38.8622 135.614 18.9 6
2010 9 16 6 12 43.7759 38.8801 135.532 6.7 5
2010 9 16 6 12 43.7759 38.8811 135.614 19.4 6
2010 9 16 6 15 26.5631 38.7357 135.309 1.8 5
2010 9 16 6 15 37.6956 38.7345 136.901 9.5 6
2010 9 16 6 19 39.7082 50.2177 141.728 5.4 5
2010 9 16 6 22 49.256 50.2106 141.914 8.5 5
2010 9 16 6 27 46.9677 49.679 140.64 6.6 5
2010 9 16 6 39 39.5909 50.1408 141.837 11.8 9
2010 9 16 7 14 36.2418 49.9819 141.622 13.9 7
2010 9 16 7 22 2.4671 36.702 136.582 1.6 5
2010 9 16 7 27 14.3122 36.7454 136.556 16.7 7
2010 9 16 7 33 23.6384 37.849 134.46 15.7 7
2010 9 16 7 34 48.392 38.4929 135.371 13.4 7
2010 9 16 7 37 24.4469 37.7655 134.447 10 7
2010 9 16 7 43 27.8597 37.2974 134.675 19.6 6
2010 9 16 7 48 8.14123 38.575 135.379 16 9
2010 9 16 7 49 22.435 38.6327 135.365 7.6 6
2010 9 16 7 50 10.3059 38.6003 135.438 20.2 6
2010 9 16 7 51 9.06532 38.5856 135.445 18.2 7
2010 9 16 7 52 39.8268 38.5484 135.4 12.3 7
2010 9 16 7 53 1.53505 37.2002 134.689 19.2 5
2010 9 16 7 55 8.52462 38.6493 135.335 7.1 6
2010 9 16 7 55 8.5968 38.5826 135.357 12.9 6
2010 9 16 7 56 42.8121 38.6277 135.476 18.9 5
2010 9 16 7 59 2.0445 38.5731 135.393 7.2 5
2010 9 16 8 1 37.6305 38.5486 135.356 12.2 7
2010 9 16 8 2 36.7672 38.5462 135.384 5.2 5
2010 9 16 8 4 50.0649 49.2604 141.107 12.5 7
2010 9 16 8 5 40.8441 38.4994 135.397 11.2 7
2010 9 16 8 5 40.8441 38.5118 135.261 30 7
2010 9 16 8 6 30.588 49.235 141.043 12.4 6
2010 9 16 8 6 30.588 49.1548 141.113 9.4 5
2010 9 16 8 24 21.9894 37.1002 134.813 28.7 6
2010 9 16 8 25 56.4125 42.9991 131.681 24.6 7
2010 9 16 8 30 27.0627 37.0698 137.164 9.8 5
2010 9 16 8 30 36.1012 42.9648 131.556 13 5
2010 9 16 8 32 16.7788 42.9499 131.547 14.5 6
2010 9 16 8 32 49.1559 42.9896 131.568 13.9 6
2010 9 16 8 34 12.5695 42.9434 131.594 13.7 5
2010 9 16 8 37 53.5417 42.9213 131.569 4.9 5
2010 9 16 8 41 42.6986 42.8883 131.578 5.4 5
2010 9 16 8 42 52.5426 37.7947 137.605 5.9 5
2010 9 16 9 1 32.2161 48.7348 140.527 14.6 5
2010 9 16 9 8 40.244 37.8064 137.628 24.9 10
2010 9 16 9 11 9.43776 48.8462 140.494 5.1 5
2010 9 16 9 15 55.7373 37.8475 137.625 17.2 6
2010 9 16 9 17 45.4865 48.743 140.405 17 5
2010 9 16 9 18 32.2013 36.9417 137.373 10.1 5
2010 9 16 9 19 16.2085 48.6504 140.33 15.6 7
2010 9 16 9 21 55.0643 36.9585 137.412 22.2 7
2010 9 16 9 24 16.5049 36.7722 134.657 21.2 11
2010 9 16 9 33 40.8812 36.8542 137.208 17.6 5
2010 9 16 9 40 7.90283 48.9022 140.921 15.8 6
2010 9 16 9 48 13.0121 48.714 140.54 23.1 6
2010 9 16 9 55 6.86788 48.9168 140.725 27.6 5
2010 9 16 10 36 29.543 38.2718 137.006 20.7 6
2010 9 16 12 45 27.707 37.6525 135.234 13.8 6
2010 9 16 12 46 21.3051 37.6704 135.184 14.2 5
2010 9 16 12 47 31.5861 37.6972 135.194 16.8 8
2010 9 16 12 47 31.7178 37.575 135.216 16.8 5
2010 9 16 12 48 38.1432 37.701 135.2 14.4 7
2010 9 16 12 49 22.7017 37.7513 135.223 18.2 5
2010 9 16 12 49 22.747 37.6108 135.232 18.4 6
2010 9 16 12 50 10.1955 37.7168 135.123 29.5 6
2010 9 16 12 58 30.4414 37.6864 135.168 23.6 8
2010 9 16 13 1 3.34019 37.8905 138.465 8.5 5
2010 9 16 13 2 17.8136 37.6181 135.19 20.3 6
2010 9 16 13 2 17.8865 37.5583 135.239 12.2 6
2010 9 16 13 5 9.58901 37.6055 135.167 25.7 6
2010 9 16 13 7 55.7889 37.5466 135.232 14.7 5
2010 9 16 13 8 49.5085 37.6421 135.197 14.6 8
2010 9 16 13 8 49.5286 37.5749 135.055 25.8 6
2010 9 16 13 12 25.7413 37.6241 135.214 18.3 6
2010 9 16 13 13 53.6761 37.7728 135.135 29.5 6
2010 9 16 13 15 48.9544 37.9687 138.526 13.7 7
2010 9 16 13 17 8.70074 37.8194 138.311 15.7 7
2010 9 16 13 17 8.8813 37.9553 138.213 16.4 8
2010 9 16 13 25 39.1031 37.9435 138.571 21.4 5
2010 9 16 14 25 55.2762 37.9928 138.71 14.6 8
2010 9 16 14 35 8.25926 38.0345 138.75 9.5 7
2010 9 16 15 23 3.00148 36.5495 136.087 10.1 9
2010 9 16 15 40 4.25467 36.7995 136.431 7.2 6
2010 9 16 16 14 3.73331 35.734 135.673 11.3 7
2010 9 17 12 59 48.6582 45.0651 140.746 12.5 5
2010 9 17 13 10 0.967575 45.6537 141.15 8.9 5
2010 9 17 13 35 23.5837 42.1177 138.83 12.4 5
2010 9 17 13 42 39.7872 45.4287 140.763 22.6 5
2010 9 17 13 43 21.4294 45.4116 140.906 22.8 6
2010 9 17 13 50 59.4018 45.4399 140.884 21.9 6
2010 9 17 13 50 59.4564 45.3701 140.934 22.6 6
2010 9 17 14 10 53.6899 45.5432 140.961 16.2 7
2010 9 17 14 21 7.75486 45.3487 141.393 12.8 6
2010 9 17 14 23 30.4567 45.3799 141.081 16.7 6
2010 9 17 14 30 4.89785 45.3904 141.344 19.4 5
2010 9 17 14 30 4.89788 45.4076 141.375 18.7 5
2010 9 17 14 52 57.0031 45.2649 141.333 25.9 9
2010 9 17 15 21 47.6723 45.1323 141.284 12.1 6
2010 9 17 16 1 34.8641 44.0495 141.279 19.5 5
2010 9 17 16 4 31.9705 44.0188 141.541 11.3 5
2010 9 18 0 55 37.5576 38.4262 129.525 15.6 5
2010 9 19 20 27 4.21731 36.6088 130.702 14.1 6
2010 9 19 20 30 3.73211 36.5519 130.636 19.5 9
2010 9 19 20 34 51.9422 37.5235 138.275 25.2 5
2010 9 19 21 22 2.22767 36.7948 130.527 3.7 5
2010 9 19 21 26 51.6788 36.7486 130.64 6.1 5
2010 9 19 22 33 12.5653 38.7431 139.103 4.6 5
2010 9 19 22 33 12.5668 38.7704 139.126 3.1 5
2010 9 19 23 3 44.4954 38.5788 138.153 5.4 6
2010 9 19 23 3 44.5025 38.5771 138.144 3.8 5
2010 9 20 1 7 0.696886 38.6142 139.255 4.5 5
2010 9 20 1 7 0.703658 38.591 139.248 9.4 8
2010 9 20 5 58 16.351 50.3929 141.944 13.3 9
2010 9 20 6 0 27.0748 50.623 141.779 29.5 6
2010 9 20 6 10 16.4283 50.1033 141.924 14.5 5
2010 9 20 6 29 21.8964 49.4806 141.64 9.9 8
2010 9 20 6 33 4.48726 50.3607 140.937 6.4 5
2010 9 20 6 33 7.04317 49.8589 141.964 12.1 5
2010 9 20 6 35 11.0479 40.9755 139.99 17.6 5
2010 9 20 6 41 10.9737 40.9808 140.013 23.6 6
2010 9 20 8 13 28.8024 48.6403 140.499 20.6 5
2010 9 20 10 17 51.338 43.3322 139.769 3.4 5
2010 9 20 10 19 24.7789 43.3394 139.779 9.5 5
2010 9 20 10 19 24.8732 43.4251 139.745 17.8 5
2010 9 20 10 42 53.4481 43.4878 140.118 21.6 9
2010 9 20 11 20 21.9408 44.9533 140.566 23.1 7
2010 9 20 11 27 37.6901 45.6016 141.326 11.9 5
2010 9 20 11 33 10.654 45.1215 140.784 18.6 7
2010 9 20 11 35 11.7972 45.0983 140.78 16.7 5
2010 9 20 11 38 24.3944 45.1004 140.813 6 6
2010 9 20 11 42 43.5357 45.0785 140.91 13 5
2010 9 20 11 49 21.6059 44.9942 140.894 21.9 5
2010 9 20 11 49 21.647 44.9957 140.829 14.3 7
2010 9 20 11 49 21.7099 44.9749 140.855 24.9 6
2010 9 20 11 50 17.5319 44.9118 140.871 10.3 5
2010 9 20 11 51 2.41682 44.6138 140.481 22 8
2010 9 20 11 52 25.3331 45.2663 141.045 29 9
2010 9 20 11 52 52.067 44.7219 140.696 10.5 8
2010 9 20 11 54 43.3471 45.0562 140.792 19 6
2010 9 20 11 59 14.1038 45.0037 140.794 23.6 8
2010 9 20 11 59 16.2233 45.8075 141.796 7.5 5
2010 9 20 11 59 27.0978 45.3517 141.018 18.5 5
2010 9 20 12 0 50.9539 45.858 141.708 29.9 8
2010 9 20 12 0 50.9539 45.9688 141.774 24.2 5
2010 9 20 12 6 15.0054 44.4318 140.583 28.6 6
2010 9 20 12 9 59.2748 45.2333 141.286 13.4 5
2010 9 20 12 12 5.95692 44.9675 141.127 14 5
2010 9 20 12 12 11.7225 45.3189 141.405 17.2 5
2010 9 20 12 17 12.2466 45.2713 141.391 13.1 7
2010 9 20 12 17 12.2676 45.2316 141.386 15.8 6
2010 9 20 12 18 54.3983 45.3035 141.287 17.4 5
2010 9 20 12 18 54.78 45.2801 141.512 10.6 5
2010 9 20 12 18 54.8755 45.3051 141.414 13.1 5
2010 9 20 12 22 21.3637 44.9626 141.081 11.2 5
2010 9 20 12 22 21.3637 44.9343 141.082 23.8 6
2010 9 20 12 23 30.7369 44.9929 141.008 14.3 5
2010 9 20 12 24 41.3542 45.0718 141.021 26.3 6
2010 9 20 12 24 55.3569 45.3842 141.435 22 9
2010 9 20 12 26 35.9475 45.0603 141.095 23.1 7
2010 9 20 12 26 36.1606 45.1624 141.231 18.2 5
2010 9 20 12 26 36.2186 45.0971 141.211 13.1 5
2010 9 20 12 27 23.5831 45.4753 141.585 14.1 6
2010 9 20 12 27 26.9371 45.0509 141.097 12.4 5
2010 9 20 12 29 20.6837 45.4686 141.141 17.4 5
2010 9 20 12 29 20.6837 45.2829 141.393 13.2 6
2010 9 20 12 30 40.7936 45.4006 141.54 8.4 5
2010 9 20 12 32 7.51168 44.6507 140.72 13.1 5
2010 9 20 12 32 8.66712 45.1533 141.088 11.5 6
2010 9 20 12 33 28.1159 45.1437 141.058 18.6 5
2010 9 20 12 33 28.2285 45.1519 141.181 19.9 5
2010 9 20 12 34 30.2766 45.3779 141.495 13.4 5
2010 9 20 12 34 52.4968 45.1003 141.092 14 6
2010 9 20 12 41 12.0011 44.7475 140.901 23 9
2010 9 20 12 43 31.0793 45.1795 141.207 15.1 5
2010 9 20 12 44 12.8528 45.5892 141.323 6.9 5
2010 9 20 12 45 44.5799 45.0866 141.306 11.6 6
2010 9 20 12 46 42.0459 45.195 141.287 14.9 5
2010 9 20 12 47 53.7509 45.21 141.31 16.5 5
2010 9 20 12 48 15.5905 45.1219 141.375 9.6 6
2010 9 20 12 50 7.68461 45.1212 141.487 12.7 7
2010 9 20 13 12 1.32752 44.8697 141.381 20.1 5
2010 9 20 14 24 19.5992 44.6289 141.505 5.8 5
2010 9 20 14 24 41.3192 44.8056 141.535 4.2 5
2010 9 20 16 49 45.4747 35.9199 133.59 22.5 5
2010 9 20 16 52 56.276 35.8126 133.492 15.7 7
2010 9 20 18 46 34.2028 35.8607 134.101 25.5 5
2010 9 20 18 53 6.41497 35.8209 134.121 20.6 8
2010 9 20 18 53 6.53439 35.6964 134.092 25 7
2010 9 20 18 58 58.7657 35.8814 134.226 29.6 6
2010 9 20 19 0 52.6879 35.6977 134.028 17.2 5
2010 9 20 19 7 3.30155 35.7369 134.227 8 5
2010 9 20 19 19 14.2912 35.7354 134.064 16.9 9
2010 9 20 19 30 38.2515 35.7064 134.123 19 7
2010 9 20 19 35 20.7008 35.7523 133.965 15.9 9
2010 9 20 19 38 38.9376 35.6838 134.142 13.4 7
2010 9 20 19 43 20.6567 35.7851 134.054 22.2 5
2010 9 21 5 56 42.2091 37.7787 129.177 18.5 8
2010 9 21 10 17 2.79892 37.6178 131.916 24.6 5
2010 9 21 12 2 44.6895 37.7634 133.389 16.5 6
2010 9 21 12 5 59.8439 37.7285 133.542 7.3 8
2010 9 21 12 5 59.9414 37.5654 133.398 19.7 5
2010 9 21 12 7 18.565 37.7326 133.505 18.4 7
2010 9 21 12 7 18.7312 37.6727 133.488 20.3 6
2010 9 21 12 8 20.6492 37.6264 133.582 15.8 5
2010 9 21 12 10 55.1781 37.7355 133.489 21 8
2010 9 21 12 57 13.6931 37.2912 132.772 23.6 7
2010 9 21 13 41 10.4755 38.1572 134.978 9.1 5
2010 9 21 15 25 18.3787 37.8951 136.064 22.2 8
2010 9 21 15 30 50.8853 38.1088 136.13 3.2 5
2010 9 21 15 30 51.0671 38.1093 135.915 14.2 5
2010 9 21 15 39 34.5298 38.166 136.109 2.5 5
2010 9 21 15 42 44.298 38.0952 136.361 4.2 5
2010 9 21 15 55 23.2744 38.1578 136.633 8.2 6
2010 9 21 15 58 5.51012 38.2021 136.504 9.1 8
2010 9 21 16 12 2.12112 38.4384 136.878 6.3 5
2010 9 21 16 16 50.28 38.041 136.56 10 5
2010 9 21 16 19 37.6914 38.0628 136.738 13.4 7
2010 9 21 16 19 37.8832 37.9844 136.758 15.3 6
2010 9 21 16 21 38.1206 37.7355 135.935 12.6 6
2010 9 21 16 23 34.0074 38.1382 136.981 14.6 6
2010 9 21 16 27 26.9285 38.4594 137.008 21.2 5
2010 9 21 16 30 34.2632 38.325 137.033 17.3 8
2010 9 21 16 30 34.6038 38.2796 136.999 23.6 7
2010 9 21 16 31 23.7372 38.7769 137.717 20.7 10
2010 9 21 16 35 25.5994 38.2494 137.125 17.8 8
2010 9 21 16 35 25.9986 38.2187 137.106 22.2 10
2010 9 21 16 36 51.636 38.3728 137.018 4.1 5
2010 9 21 16 37 38.8922 37.794 136.206 19.9 6
2010 9 21 16 38 30.3071 37.8654 136.468 13.3 5
2010 9 21 16 38 30.3659 37.8965 136.523 22.9 6
2010 9 21 16 40 33.8523 38.178 137.117 26.5 7
2010 9 21 16 40 43.7945 37.9002 136.557 21 5
2010 9 21 16 41 17.4861 38.3958 137.529 11 5
2010 9 21 16 41 17.8785 38.4285 137.081 20.3 5
2010 9 21 16 41 18.166 38.3648 137.036 16.2 6
2010 9 21 16 42 21.5777 37.9464 136.625 19.2 6
2010 9 21 16 42 29.471 38.1582 137.059 9.2 5
2010 9 21 16 42 33.1547 38.4393 137.077 23.2 7
2010 9 21 16 42 33.21 38.3371 137.049 12.9 6
2010 9 21 16 42 33.2701 38.3565 137.117 23.5 9
2010 9 21 16 44 22.839 38.1008 136.979 15.6 5
2010 9 21 16 44 23.683 38.3009 137.248 23.3 10
2010 9 21 16 47 6.38232 38.4357 137.231 16.3 7
2010 9 21 16 47 44.951 37.8668 136.598 19.8 5
2010 9 21 16 49 6.21944 38.1182 137.2 20 7
2010 9 21 16 51 38.4114 38.0982 137.275 19.4 6
2010 9 21 16 54 1.02197 37.7174 136.602 20.2 6
2010 9 21 16 54 11.7008 38.4233 137.81 24.9 6
2010 9 21 16 55 5.3128 37.7205 136.155 19.7 8
2010 9 21 16 56 11.0088 37.765 136.543 9.5 6
2010 9 21 16 56 18.2377 38.4123 137.342 19.5 9
2010 9 21 16 56 18.2633 38.3649 137.363 9.2 5
2010 9 21 16 56 18.3395 38.3811 137.362 17.5 7
2010 9 21 16 56 47.5133 37.898 136.687 20 5
2010 9 21 16 58 4.82801 37.6883 136.481 11 5
2010 9 21 16 59 7.48138 37.9484 136.833 25.1 7
2010 9 21 16 59 42.8115 38.4314 137.392 19.5 6
2010 9 21 16 59 50.322 38.0037 136.967 22.1 6
2010 9 21 17 1 51.9758 37.6835 136.254 8.6 5
2010 9 21 17 2 28.5959 38.3323 137.432 10.6 5
2010 9 21 17 2 32.685 37.9802 137.031 10.7 5
2010 9 21 17 5 29.6002 38.1218 137.169 22.4 5
2010 9 21 17 5 49.0076 37.8616 136.67 22.6 8
2010 9 21 17 7 38.9161 37.863 136.686 15.5 5
2010 9 21 17 7 45.0425 37.9627 137.084 17.6 5
2010 9 21 17 7 45.2393 38.0153 137.111 2 5
2010 9 21 17 8 13.2836 38.0299 136.847 24.1 5
2010 9 21 17 10 6.22258 37.8812 136.945 16.8 5
2010 9 21 17 11 39.2083 38.0371 137.14 25.9 8
2010 9 21 17 12 51.9375 37.7888 136.876 20.7 7
2010 9 21 17 13 45.748 37.7735 136.572 22 7
2010 9 21 17 14 36.2014 38.1112 137.343 26.8 6
2010 9 21 17 15 57.7839 37.7334 136.619 22.5 6
2010 9 21 17 17 16.6438 37.6204 136.524 29.5 6
2010 9 21 17 17 16.683 37.5354 136.514 10.3 5
2010 9 21 17 17 16.7397 37.6644 136.503 21.3 8
2010 9 21 17 17 17.1811 37.6988 136.515 27.8 8
2010 9 21 17 17 36.5849 38.0237 137.23 29.8 7
2010 9 21 17 19 12.8712 37.7094 136.584 23.2 6
2010 9 21 17 19 25.4004 38.0513 137.41 15.2 5
2010 9 21 17 19 50.6016 38.4589 137.731 22.8 10
2010 9 21 17 19 50.6548 38.2723 137.754 10 5
2010 9 21 17 19 50.7471 38.2505 137.791 11.5 5
2010 9 21 17 19 50.8871 38.4082 137.719 26 10
2010 9 21 17 20 35.6372 37.6699 136.868 8.7 5
2010 9 21 17 20 35.7369 37.7369 136.994 20.4 7
2010 9 21 17 20 50.4794 37.9988 137.136 25.2 9
2010 9 21 17 21 25.0537 38.5211 137.681 12.9 5
2010 9 21 17 21 41.981 37.722 136.434 7.1 5
2010 9 21 17 21 42.6838 37.7086 136.687 15 5
2010 9 21 17 22 21.1505 38.4612 137.887 25.6 8
2010 9 21 17 22 21.1983 38.3208 137.933 9.6 5
2010 9 21 17 22 40.3216 38.0975 137.432 24.4 7
2010 9 21 17 22 40.3861 37.9835 137.472 27.1 5
2010 9 21 17 22 40.4708 37.9983 137.422 19.6 5
2010 9 21 17 22 40.7003 38.0569 137.461 19.8 7
2010 9 21 17 22 56.281 37.7143 136.494 29.5 8
2010 9 21 17 23 43.0755 37.899 136.934 27.2 9
2010 9 21 17 23 43.1482 37.8934 137.015 29.9 7
2010 9 21 17 24 7.39542 37.7859 137.03 12 5
2010 9 21 17 24 41.8918 37.863 136.953 24.1 7
2010 9 21 17 24 41.9281 37.7567 136.992 21.5 5
2010 9 21 17 25 58.4659 37.6233 136.605 10 5
2010 9 21 17 26 5.69648 38.0179 137.512 17.6 6
2010 9 21 17 26 5.73608 37.754 136.573 23 11
2010 9 21 17 26 5.95502 37.781 136.6 30 7
2010 9 21 17 26 6.55703 38.1454 137.494 28.3 10
2010 9 21 17 26 6.64274 38.0826 137.495 22.5 7
2010 9 21 17 26 30.2312 38.3261 137.788 19.5 6
2010 9 21 17 26 34.1235 38.0402 137.483 21 7
2010 9 21 17 26 34.5151 37.9161 137.357 6.4 5
2010 9 21 17 28 22.0639 37.8697 137.367 8 5
2010 9 21 17 29 40.3676 37.5903 136.625 17.6 5
2010 9 21 17 30 5.83907 38.0003 137.209 12.9 6
2010 9 21 17 31 6.56844 38.1408 137.636 28.4 7
2010 9 21 17 31 34.6279 38.3191 137.962 7.5 5
2010 9 21 17 33 7.27207 38.0982 137.495 23.3 8
2010 9 21 17 33 35.418 37.6755 136.675 22.3 5
2010 9 21 17 33 35.5117 37.6623 136.669 23.3 5
2010 9 21 17 33 35.9455 37.5879 136.737 9.2 5
2010 9 21 17 35 23.5405 37.6346 136.726 18.2 5
2010 9 21 17 35 35.8059 37.9711 137.478 23.7 5
2010 9 21 17 37 30.2634 37.657 136.753 15.7 5
2010 9 21 17 37 34.5479 38.0469 137.564 15 5
2010 9 21 17 38 1.31402 37.6912 136.798 13.9 5
2010 9 21 17 38 6.84088 38.4741 137.933 15.3 5
2010 9 21 17 38 7.61095 38.4413 138.083 9 5
2010 9 21 17 39 14.516 38.1838 137.833 24.7 6
2010 9 21 17 40 0.520901 37.6903 136.731 20.6 8
2010 9 21 17 40 0.573312 37.6389 136.803 7.1 6
2010 9 21 17 40 0.681154 37.6166 136.767 18.9 6
2010 9 21 17 40 56.1521 37.9327 137.329 8.9 5
2010 9 21 17 41 2.32516 37.8142 137.003 21.1 5
2010 9 21 17 41 12.8811 38.4554 138.135 3.9 5
2010 9 21 17 41 37.3489 38.0364 137.663 22.5 5
2010 9 21 17 41 37.4586 38.0279 137.695 18.5 8
2010 9 21 17 42 7.30598 37.7934 136.872 26.7 8
2010 9 21 17 42 7.64016 37.7769 136.848 24.4 9
2010 9 21 17 42 59.7172 38.4462 138.101 12.9 5
2010 9 21 17 44 56.5692 37.7197 136.897 21.1 6
2010 9 21 17 45 32.4097 38.1426 137.669 14.2 6
2010 9 21 17 45 44.6059 35.0208 130.535 25.8 7
2010 9 21 17 46 7.47044 37.7994 137.237 23.5 5
2010 9 21 17 46 31.4317 37.655 136.857 26.9 9
2010 9 21 17 46 31.5676 37.5763 136.886 15.8 8
2010 9 21 17 46 31.7626 37.7688 136.991 22.8 6
2010 9 21 17 48 1.10127 35.0256 130.567 26.1 8
2010 9 21 17 48 45.692 38.49 138.024 16.4 7
2010 9 21 17 48 45.8238 38.3725 138.041 8.1 6
2010 9 21 17 48 45.9849 38.5442 138.033 30 5
2010 9 21 17 49 22.7458 38.4807 138.005 14.6 8
2010 9 21 17 49 42.3136 37.7807 136.989 21.5 5
2010 9 21 17 50 13.3356 38.4728 138.085 14.5 9
2010 9 21 17 51 19.1761 38.4903 138.103 12.1 5
2010 9 21 17 51 20.6811 38.2835 138.351 11.9 5
2010 9 21 17 52 6.53169 38.3321 137.965 10.4 5
2010 9 21 17 52 6.57997 38.4805 138.08 10.4 5
2010 9 21 17 52 6.69245 38.4784 138.126 11.3 5
2010 9 21 17 52 6.78172 38.484 138.066 16.4 7
2010 9 21 17 52 6.92558 38.5619 138.088 27.7 8
2010 9 21 17 52 36.4641 38.0156 137.577 24 6
2010 9 21 17 52 36.6506 38.0068 137.607 18 10
2010 9 21 17 52 50.9511 37.782 137.16 24.5 8
2010 9 21 17 53 13.5804 38.0911 137.049 23.9 5
2010 9 21 17 54 35.7495 37.6927 137.167 11.9 5
2010 9 21 17 55 29.0553 37.6064 136.98 25.2 6
2010 9 21 17 55 42.8541 38.4286 138.315 16.9 8
2010 9 21 17 56 26.8865 37.6526 137.135 10.3 5
2010 9 21 17 56 27.101 37.7141 137.128 15.3 6
2010 9 21 17 56 27.3864 37.7255 137.092 21.6 6
2010 9 21 17 57 3.75923 38.1464 137.769 13.2 5
2010 9 21 17 57 25.3986 38.4582 138.318 15.5 5
2010 9 21 17 57 25.5329 38.5304 138.376 25.9 6
2010 9 21 17 57 47.5789 37.794 137.196 22.6 6
2010 9 21 17 57 55.3651 35.0162 130.551 24.7 12
2010 9 21 17 58 17.3477 37.7766 137.333 14.5 6
2010 9 21 17 59 2.07378 38.2389 137.924 23.6 5
2010 9 21 17 59 13.0228 35.0001 130.573 22.9 7
2010 9 21 17 59 43.0977 38.0096 137.508 20.5 7
2010 9 21 17 59 43.0977 37.9554 137.516 20.8 5
2010 9 21 17 59 52.5893 38.4414 138.327 16.2 6
2010 9 21 18 0 44.9942 38.4892 138.324 8.5 7
2010 9 21 18 0 48.5759 37.7501 137.226 23 5
2010 9 21 18 1 20.254 37.9147 137.498 17.1 7
2010 9 21 18 1 35.5887 38.4862 138.332 13.9 6
2010 9 21 18 1 56.8356 38.4307 138.277 11.9 6
2010 9 21 18 2 32.3338 37.9946 137.517 23.6 8
2010 9 21 18 2 56.1713 38.1946 137.869 28.5 7
2010 9 21 18 3 7.26201 38.5165 138.324 0.9 5
2010 9 21 18 3 23.8016 37.6408 137.143 17.2 8
2010 9 21 18 3 38.457 38.5127 138.356 10 7
2010 9 21 18 4 29.1504 38.4649 138.36 7.1 5
2010 9 21 18 5 48.3988 37.4986 136.872 14.7 7
2010 9 21 18 5 53.4617 38.8489 138.419 27.4 6
2010 9 21 18 6 0.408903 38.3779 138.601 14.5 6
2010 9 21 18 6 0.433653 38.4053 138.614 8.9 6
2010 9 21 18 8 11.8592 37.8881 137.418 24.8 7
2010 9 21 18 8 11.9074 37.8236 137.386 19.6 7
2010 9 21 18 8 12.0221 37.7995 137.437 1.8 5
2010 9 21 18 8 15.8139 38.5185 138.38 25.7 8
2010 9 21 18 9 12.3044 38.0036 137.721 20.7 5
2010 9 21 18 9 34.1447 38.5372 138.376 10.1 6
2010 9 21 18 9 49.8675 38.4385 138.681 13.5 5
2010 9 21 18 11 22.2648 38.1567 138.055 7.3 5
2010 9 21 18 12 21.3032 37.6575 137.107 18.8 6
2010 9 21 18 12 58.4317 38.5322 138.451 11.5 6
2010 9 21 18 12 58.5166 38.4949 138.464 23 6
2010 9 21 18 12 58.5607 38.5059 138.47 21.1 7
2010 9 21 18 13 54.6385 38.4598 138.382 6.9 5
2010 9 21 18 14 11.3586 37.8966 137.734 9 5
2010 9 21 18 14 24.8341 37.5221 136.863 22.9 10
2010 9 21 18 14 32.9678 38.5313 138.432 3.2 5
2010 9 21 18 15 4.06215 37.697 137.43 26.8 8
2010 9 21 18 15 38.1842 38.1291 138.225 11.6 6
2010 9 21 18 16 25.3195 38.4141 138.441 9.4 5
2010 9 21 18 17 3.33666 38.4355 138.489 25.9 6
2010 9 21 18 17 22.2602 38.4629 138.715 17.1 7
2010 9 21 18 18 26.5943 37.99 137.945 10.3 5
2010 9 21 18 18 34.4892 37.7242 137.326 16 5
2010 9 21 18 19 2.61618 38.4602 138.575 24.7 5
2010 9 21 18 19 22.4352 38.4644 138.499 20.3 5
2010 9 21 18 19 22.7829 38.5498 138.479 23.8 6
2010 9 21 18 19 43.2172 38.5315 138.569 26 9
2010 9 21 18 20 50.5855 38.028 137.846 26.5 10
2010 9 21 18 22 8.66411 38.4125 138.674 22.7 5
2010 9 21 18 22 10.9026 37.9473 136.896 20.4 5
2010 9 21 18 22 42.579 38.4944 138.661 7.7 5
2010 9 21 18 23 21.4557 38.0425 137.922 25.8 6
2010 9 21 18 23 53.8801 37.5892 137.136 14.3 7
2010 9 21 18 23 54.0481 37.5583 137.027 25.1 5
2010 9 21 18 24 4.13156 38.4623 138.619 7.2 5
2010 9 21 18 25 4.19695 38.4147 138.69 23.8 5
2010 9 21 18 25 42.4244 37.7398 137.391 22.2 6
2010 9 21 18 28 20.7019 38.5182 138.724 7.9 6
2010 9 21 18 28 31.8589 37.9712 138.159 14 5
2010 9 21 18 28 31.9514 38.1218 138.236 14.9 5
2010 9 21 18 29 32.8232 37.5459 137.098 24.8 6
2010 9 21 18 32 44.3429 38.7306 138.856 3.3 5
2010 9 21 18 33 24.1648 38.5233 138.809 19 6
2010 9 21 18 33 24.2427 38.7208 138.428 26.1 5
2010 9 21 18 33 36.22 37.9481 138.009 15.2 5
2010 9 21 18 35 53.8923 38.5909 139.056 9.6 5
2010 9 21 18 35 53.9768 38.4823 138.911 1.9 5
2010 9 21 18 36 39.5994 38.6046 138.926 22.1 8
2010 9 21 18 39 8.32238 37.641 136.921 18.6 5
2010 9 21 18 39 19.699 38.493 138.969 21 7
2010 9 21 18 39 20.1603 38.5696 138.955 19.7 8
2010 9 21 18 41 15.7296 37.6229 137.079 4.3 5
2010 9 21 18 42 34.735 38.1171 138.357 14.8 5
2010 9 21 18 42 34.8191 38.1081 138.355 23.7 11
2010 9 21 18 42 35.8715 38.7521 139.47 21.1 9
2010 9 21 18 43 3.31039 38.4469 139.01 17.6 5
2010 9 21 18 43 3.36005 38.4169 139.023 23.4 5
2010 9 21 18 44 20.0973 38.6704 139.168 7 5
2010 9 21 18 44 43.293 38.4864 139.037 18.5 10
2010 9 21 18 44 43.5057 38.5339 139.113 24.9 8
2010 9 21 18 46 59.4632 38.5596 139.148 18.2 5
2010 9 21 18 49 22.9396 38.5667 139.171 22.6 6
2010 9 21 18 54 33.3447 38.3842 139.127 11.2 6
2010 9 21 18 54 33.4836 38.4507 139.217 23 5
2010 9 21 18 55 12.6171 37.9419 138.125 14.7 7
2010 9 21 18 56 42.7071 38.5442 139.216 23.8 5
2010 9 21 18 57 54.7099 38.1692 138.557 15.8 5
2010 9 21 18 58 13.9964 37.5798 137.058 15.5 6
2010 9 21 18 58 54.86 38.627 139.317 19 6
2010 9 21 19 0 49.3817 37.5412 137.101 18.9 7
2010 9 21 19 2 16.1744 37.5554 137.121 19.2 7
2010 9 21 19 2 34.038 38.6286 139.461 19.2 7
2010 9 21 19 2 45.5238 37.653 137.562 12.6 7
2010 9 21 19 2 45.5854 37.5442 137.61 18.8 5
2010 9 21 19 8 12.247 37.6993 136.958 12.9 5
2010 9 21 19 9 45.9628 35.5485 131.562 21.5 5
2010 9 21 19 12 3.78439 37.6183 137.213 9.6 6
2010 9 21 19 13 8.02802 35.6015 131.617 21.4 11
2010 9 21 19 13 26.4485 38.1858 138.763 27.8 6
2010 9 21 19 14 54.5343 35.539 131.657 10.9 5
2010 9 21 19 18 15.4932 38.0301 138.475 9.9 5
2010 9 21 19 18 28.0264 35.0178 131.088 20.6 9
2010 9 21 19 18 50.8149 38.2592 139.132 5.1 6
2010 9 21 19 23 57.2576 35.0926 131.444 26.3 5
2010 9 21 19 24 4.06633 35.5106 131.74 29.4 6
2010 9 21 19 24 29.8314 35.0374 131.385 21.4 8
2010 9 21 19 26 55.3208 35.0839 131.414 23.7 9
2010 9 21 19 26 55.9618 35.0457 131.367 18.2 5
2010 9 21 19 29 13.9098 35.1024 131.472 13.8 8
2010 9 21 19 32 2.8371 37.6086 137.888 15.4 6
2010 9 21 19 36 8.00985 37.5963 137.716 8.7 6
2010 9 21 19 36 33.4635 35.1319 131.602 9 5
2010 9 21 19 39 42.5624 35.1594 131.693 8 5
2010 9 21 19 40 30.1126 35.1163 131.615 18.2 7
2010 9 21 19 42 11.2752 37.5643 137.717 11.8 5
2010 9 21 19 44 5.22541 35.1198 131.637 12.7 6
2010 9 21 19 44 49.9131 35.0551 131.628 19.6 5
2010 9 21 19 53 25.771 35.0459 131.804 14 6
2010 9 21 19 58 8.41367 35.9804 133.731 17 9
2010 9 21 19 59 59.7711 35.1077 131.927 14.1 5
2010 9 21 20 12 24.1656 37.2384 137.409 20.2 6
2010 9 21 20 14 14.2406 35.3419 132.048 17.4 5
2010 9 21 20 17 53.5781 35.8147 132.821 15.2 6
2010 9 21 20 18 38.5551 35.6532 132.405 15.9 6
2010 9 21 20 29 14.3876 37.5396 138.252 28.7 5
2010 9 21 20 29 53.3487 37.4309 138.285 6.6 5
2010 9 21 20 30 54.8993 35.7611 132.603 15.1 6
2010 9 21 20 32 4.16958 35.6591 132.447 26.5 5
2010 9 21 20 32 4.69053 37.4549 138.284 13.9 6
2010 9 21 20 32 13.8674 37.3232 137.724 7 5
2010 9 21 20 34 43.6352 37.4687 138.304 5.6 6
2010 9 21 20 35 57.8211 35.7088 132.648 22.1 6
2010 9 21 20 37 45.9349 35.6402 132.716 16.8 5
2010 9 21 20 38 29.7092 35.3823 132.436 23.6 7
2010 9 21 20 38 50.2209 35.7318 132.719 15.6 5
2010 9 21 20 41 49.0515 35.7479 132.788 13.7 7
2010 9 21 20 44 41.0995 35.8037 132.811 9.6 5
2010 9 21 20 44 41.203 35.8014 132.82 20.1 5
2010 9 21 20 46 6.0965 35.7191 132.781 14.1 8
2010 9 21 20 47 45.1466 35.7761 132.865 14.9 9
2010 9 21 20 50 48.9325 35.757 132.913 5.2 7
2010 9 21 20 51 57.3751 37.3633 137.867 6 6
2010 9 21 20 54 41.6708 35.7982 133.055 16.9 6
2010 9 21 20 56 52.4131 35.8946 133.742 5.1 5
2010 9 21 21 21 42.5999 35.4746 132.368 17.1 7
2010 9 21 21 30 11.803 35.895 133.741 14.8 7
2010 9 21 22 45 59.4246 35.0477 132.233 13.9 7
2010 9 21 22 48 11.5063 35.0439 132.241 16.1 7
2010 9 21 22 48 11.5497 35.0953 132.283 8.9 5
2010 9 22 4 2 21.7776 35.3952 129.537 19.9 6
2010 9 22 8 6 12.9295 35.6617 135.413 19.4 7
2010 9 22 8 7 32.7374 35.6973 135.364 22.3 9
2010 9 22 8 9 3.89383 35.7054 135.449 20.2 8
2010 9 22 8 9 4.07201 35.6772 135.414 18.7 5
2010 9 22 8 10 47.4692 35.6857 135.413 16 9
2010 9 22 8 11 39.8018 35.6993 135.447 15.2 11
2010 9 22 8 12 22.4339 35.6845 135.433 7.9 7
2010 9 22 8 12 22.6029 35.6937 135.474 18.8 6
2010 9 22 8 13 26.0601 35.7432 135.464 14.4 5
2010 9 22 8 13 49.3561 35.7183 135.441 14.5 7
2010 9 22 8 14 38.3015 35.6981 135.454 16.9 6
2010 9 22 8 15 18.8542 35.6904 135.457 15.6 8
2010 9 22 8 15 19.2173 35.719 135.475 15.7 6
2010 9 22 8 16 44.709 35.6752 135.454 26.1 7
2010 9 22 8 16 44.7091 35.9797 135.384 12 7
2010 9 22 8 16 44.8425 35.7395 135.486 15.2 5
2010 9 22 8 16 44.8875 35.81 134.87 19 7
2010 9 22 8 16 44.9981 35.7601 135.494 11.6 6
2010 9 22 8 18 22.901 35.7242 135.529 19.8 6
2010 9 22 8 20 1.72927 37.5974 137.715 13.4 5
2010 9 22 8 24 16.3398 35.7127 135.402 4.6 6
2010 9 22 8 24 16.3398 35.7098 135.521 9.4 5
2010 9 22 8 24 16.4559 35.7012 135.564 17.8 6
2010 9 22 8 24 16.5059 35.6761 135.488 28.6 12
2010 9 22 8 28 35.4494 35.6942 135.507 13.9 10
2010 9 22 8 29 26.3597 35.7677 135.495 18.2 5
2010 9 22 8 38 12.7918 35.7526 135.59 2.3 6
2010 9 22 8 42 30.2305 36.6031 135.755 11.3 5
2010 9 22 8 54 0.629213 40.2131 138.244 23.1 5
2010 9 22 9 11 2.22217 37.0083 135.611 12.6 5
2010 9 22 9 14 49.73 39.2611 130.593 28.3 5
2010 9 22 9 29 41.4776 39.3975 138.358 25.3 5
2010 9 22 9 36 59.7187 36.2075 133.819 26.4 5
2010 9 22 10 11 33.5947 36.5282 132.79 21.7 5
2010 9 22 10 14 6.01775 38.5843 138.216 26.6 5
2010 9 22 10 20 16.1771 35.8349 132.059 21.6 5
2010 9 22 11 19 8.78811 37.0606 132.764 19.7 5
2010 9 22 11 52 15.0603 35.883 135.407 11 5
2010 9 22 13 22 46.3457 37.2947 138.077 23.4 5
2010 9 22 13 22 46.3457 37.2252 138.091 16.9 6
2010 9 22 15 9 6.73749 36.9456 137.408 3.5 6
2010 9 22 15 18 49.795 36.9414 137.386 5 5
2010 9 22 15 49 15.5987 37.1306 137.881 20.5 9
2010 9 22 22 29 6.70077 39.3205 134.029 29.4 5
2010 9 22 22 43 6.85425 36.7135 133.002 22.2 5
2010 9 23 10 4 52.9972 47.8689 139.976 24.2 9
2010 9 23 10 21 29.1272 47.9112 140.168 18.1 6
2010 9 23 10 22 9.84904 47.8371 140.019 14.1 10
2010 9 23 10 22 50.7729 47.8782 140.102 21.7 9
2010 9 23 10 23 33.6318 47.7973 140.087 3.2 5
2010 9 23 10 31 45.7919 45.5234 141.599 11.3 5
2010 9 23 10 48 20.8595 45.4548 141.757 17.1 7
2010 9 23 10 53 46.0601 47.7722 140.043 24.6 9
2010 9 23 10 53 46.2205 47.9598 140.145 5.5 5
2010 9 23 10 55 47.0872 42.8531 138.736 15.7 9
2010 9 23 10 56 25.3075 45.4785 141.735 5.3 5
2010 9 23 10 59 58.3167 42.8486 139.322 28.9 5
2010 9 23 11 0 7.43497 38.5997 134.645 25.6 6
2010 9 23 11 13 33.6706 42.893 138.778 15.3 6
2010 9 23 11 17 34.5937 43.1129 139.169 19.1 5
2010 9 23 11 21 14.7311 43.1305 136.886 20.4 7
2010 9 23 11 29 39.3333 42.1632 138.97 16.5 5
2010 9 23 11 32 47.1336 47.7575 140.296 18.4 11
2010 9 23 11 34 41.6194 47.7002 140.298 7.2 6
2010 9 23 11 34 49.5515 47.9477 140.436 14.1 5
2010 9 23 11 43 4.70574 44.649 140.399 11.2 5
2010 9 23 11 45 1.39941 45.6381 139.875 4.9 5
2010 9 23 11 45 1.39941 45.599 139.964 19.2 9
2010 9 23 11 45 38.1598 47.687 140.381 15 7
2010 9 23 11 46 18.4141 45.6043 140.082 3.1 5
2010 9 23 11 47 46.0225 45.6699 139.98 13.5 5
2010 9 23 11 49 34.9702 45.5423 141.038 19.4 6
2010 9 23 11 49 35.0195 45.5242 141.03 10.5 5
2010 9 23 11 51 44.0159 47.669 140.427 11.8 5
2010 9 23 11 51 44.0159 47.7507 140.243 15.4 6
2010 9 23 11 52 17.7829 45.5037 140.115 10.2 5
2010 9 23 11 55 11.438 42.3614 139.15 16.3 5
2010 9 23 11 57 18.5215 45.6511 141.149 19.3 5
2010 9 23 11 57 18.5473 45.6616 141.065 19.5 6
2010 9 23 11 58 30.3153 42.256 139.227 24.4 9
2010 9 23 12 4 10.7924 42.3744 139.201 9.1 6
2010 9 23 12 5 31.0714 45.614 141.201 9.3 5
2010 9 23 12 5 33.4678 43.7905 140.056 15.8 6
2010 9 23 12 11 58.2008 42.8867 139.584 14.6 6
2010 9 23 12 17 31.5158 45.6184 140.085 12.1 5
2010 9 23 12 19 13.508 43.1429 139.818 14 5
2010 9 23 12 19 13.6533 43.0913 139.669 17.4 6
2010 9 23 12 34 51.8809 45.6503 141.283 13.3 7
2010 9 23 12 38 51.5689 43.8533 140.646 19.3 5
2010 9 23 12 42 16.5022 42.3543 139.565 18.2 5
2010 9 23 12 47 9.78031 45.1598 141.253 16.9 8
2010 9 23 12 47 9.88581 45.0532 141.277 11.7 5
2010 9 23 12 55 33.3888 42.4058 139.444 11.5 6
2010 9 23 12 55 46.4777 47.7128 140.828 22.2 5
2010 9 23 12 58 48.5041 45.4917 141.598 17.9 6
2010 9 23 12 59 19.0452 47.6966 139.687 22.7 5
2010 9 23 13 0 14.4396 47.6646 140.903 21.9 8
2010 9 23 13 0 14.5927 46.3558 138.37 28.6 5
2010 9 23 13 0 14.5935 47.9993 140.73 28 5
2010 9 23 13 0 14.6647 45.6187 141.405 18.5 9
2010 9 23 13 0 14.7076 45.6595 141.363 17.4 6
2010 9 23 13 0 15.4069 45.7315 141.467 19.5 6
2010 9 23 13 0 46.996 42.5788 139.173 19.3 5
2010 9 23 13 1 23.1913 45.5579 141.564 17.6 5
2010 9 23 13 3 5.24056 47.761 139.745 22.7 6
2010 9 23 13 3 24.8394 45.3038 141.508 19 5
2010 9 23 13 3 47.2812 47.7823 140.773 21 6
2010 9 23 13 4 56.2309 45.8504 141.657 16.7 7
2010 9 23 13 5 39.4696 41.7448 138.698 11.7 5
2010 9 23 13 5 39.47 42.5368 139.603 15.8 5
2010 9 23 13 12 43.5084 45.8853 141.508 18.6 6
2010 9 23 13 12 43.761 45.9148 141.616 27.5 7
2010 9 23 13 16 27.2272 45.5301 141.621 14.9 5
2010 9 23 13 22 3.09903 45.0062 141.494 17 5
2010 9 23 13 22 32.5949 45.6226 141.609 13.5 5
2010 9 23 13 24 17.3487 45.665 141.669 21.8 6
2010 9 23 13 24 17.3568 45.5736 141.701 14 5
2010 9 23 13 25 38.0155 47.2295 139.758 20.1 5
2010 9 23 13 31 23.5103 45.5551 141.786 28.6 7
2010 9 23 13 31 41.2372 45.6073 141.714 2.7 5
2010 9 23 13 37 7.03879 43.5511 141.196 19.3 6
2010 9 23 13 39 23.8186 42.578 139.781 14.9 5
2010 9 23 13 49 50.9429 42.7606 139.911 6.8 5
2010 9 23 13 49 50.9816 42.5368 139.717 7.1 5
2010 9 23 13 53 42.396 42.6636 139.751 14.3 7
2010 9 23 14 5 27.026 36.8505 133.273 25.7 5
2010 9 23 14 10 14.0066 44.2417 141.35 25.3 10
2010 9 23 14 57 32.9213 47.067 141.609 2.5 5
2010 9 23 15 7 12.4023 48.3368 140.542 9.7 6
2010 9 23 15 8 36.1164 47.3879 141.623 9.5 5
2010 9 23 15 53 4.58491 46.65 141.51 26.3 6
2010 9 23 16 6 20.8206 47.477 139.566 0.4 5
2010 9 23 16 22 43.9122 47.45 139.618 18.5 5
2010 9 23 16 52 24.9127 47.392 139.746 20 5
2010 9 23 17 5 59.6513 48.264 140.318 25.5 5
2010 9 23 17 16 16.6735 47.4311 139.919 11.7 5
2010 9 23 17 16 16.7071 47.5576 139.856 26.8 5
2010 9 23 17 38 49.3462 47.3787 139.912 24.8 12
2010 9 23 17 38 49.3897 47.3792 139.937 23.1 6
2010 9 23 17 38 49.3998 47.3004 139.916 16.5 5
2010 9 23 17 49 42.5257 47.5146 140.036 21.2 6
2010 9 23 17 59 9.80061 47.4278 140.021 28.4 8
2010 9 23 18 27 19.0892 47.3406 140.289 21.5 8
2010 9 23 18 27 19.2683 47.4176 140.278 29.9 5
2010 9 23 18 30 0.982432 47.2285 140.182 24 6
2010 9 23 18 33 54.5706 47.3499 140.703 12 5
2010 9 23 18 35 19.9438 47.4761 140.423 11.6 5
2010 9 23 18 36 29.3693 47.1976 140.213 21.4 5
2010 9 23 18 43 11.7215 45.5143 141.822 18.1 7
2010 9 23 18 45 4.47417 47.1695 140.137 22.5 6
2010 9 23 18 45 43.7236 47.2041 140.258 19.4 5
2010 9 23 18 50 48.6908 47.1669 140.693 24.1 6
2010 9 23 18 56 12.8433 47.6144 140.482 27.1 12
2010 9 23 18 57 28.2602 47.1316 140.472 18.1 5
2010 9 23 18 58 38.2252 47.1736 140.389 19.7 7
2010 9 23 19 0 46.4625 47.2288 140.4 21.2 8
2010 9 23 19 0 47.0567 47.2691 140.268 17.3 6
2010 9 23 19 1 43.9714 47.6417 140.508 17 5
2010 9 23 19 2 50.1361 47.1645 140.397 17.1 6
2010 9 23 19 5 45.9282 47.6882 140.294 18.3 7
2010 9 23 19 6 59.868 47.089 140.782 18 7
2010 9 23 19 11 51.6827 47.7672 140.145 24.7 6
2010 9 23 19 15 8.22185 47.4235 140.424 27.4 7
2010 9 23 19 19 50.5019 47.0823 140.945 20.7 8
2010 9 23 19 20 32.271 47.2077 140.493 23.8 6
2010 9 23 19 29 49.2499 47.0893 140.722 8.9 5
2010 9 23 19 31 32.6839 47.5812 140.675 19.5 8
2010 9 23 19 33 40.3915 47.5944 140.679 19.1 10
2010 9 23 19 35 31.5471 47.5874 140.672 18.2 7
2010 9 23 19 37 21.1683 47.518 140.66 29 5
2010 9 23 19 37 21.1684 47.6231 140.714 14.5 5
2010 9 23 19 39 3.03102 47.1227 140.987 16.3 7
2010 9 23 19 49 26.5865 47.0051 141.332 8.9 5
2010 9 23 19 51 22.8911 47.6503 140.7 17.7 6
2010 9 23 19 52 56.5441 47.5127 140.967 17 5
2010 9 23 19 57 58.8335 47.1127 141.368 13.5 6
2010 9 23 20 1 16.13 47.3964 140.888 22.6 7
2010 9 23 20 4 15.6157 47.391 140.85 18.4 7
2010 9 23 20 4 15.6261 47.4206 140.959 9.1 6
2010 9 23 20 6 26.4965 47.0345 141.363 12.4 5
2010 9 23 20 7 15.8847 47.0383 141.27 16 6
2010 9 23 20 9 52.1236 47.3874 140.955 9.4 7
2010 9 23 20 13 42.0771 47.5663 140.565 16.4 6
2010 9 23 20 13 42.8284 47.3711 140.661 14.6 7
2010 9 23 20 13 44.1032 47.0258 141.453 15.1 5
2010 9 23 20 18 52.1996 46.8487 141.486 7.8 5
2010 9 23 20 20 13.8816 47.0501 141.266 28.2 9
2010 9 23 20 22 44.1243 46.9859 141.159 8.5 6
2010 9 23 20 25 4.78482 47.2776 141.029 14.6 8
2010 9 23 20 27 15.4204 47.0482 141.515 15.2 6
2010 9 23 20 31 23.0074 47.1167 141.339 6.7 5
2010 9 23 20 33 26.428 46.9378 141.71 12.8 9
2010 9 23 20 33 37.5571 47.0587 141.508 16.3 6
2010 9 23 20 33 38.3127 46.8759 141.484 11.1 6
2010 9 23 20 36 14.4797 47.0298 141.555 9.6 5
2010 9 23 20 36 15.1002 47.3889 141.191 9.1 6
2010 9 23 20 42 14.8396 47.0724 141.579 17.9 8
2010 9 23 20 44 4.56468 46.9746 141.754 1.5 5
2010 9 23 20 44 41.7107 47.0551 141.61 16.6 5
2010 9 23 20 45 58.5961 47.0429 141.68 12.2 5
2010 9 23 20 46 32.4801 47.0279 141.493 15.8 5
2010 9 23 20 48 12.9988 47.3408 141.456 11 6
2010 9 23 20 50 37.3896 47.7053 141.915 12.8 6
2010 9 23 20 51 38.1069 47.3879 141.213 15.3 6
2010 9 23 20 51 38.168 47.3233 141.031 14.5 6
2010 9 23 20 55 37.8171 47.7624 141.913 9.6 6
2010 9 23 20 56 47.9043 47.1928 141.443 14.8 5
2010 9 23 20 57 56.9022 47.085 141.282 8.3 5
2010 9 23 20 57 56.9221 47.0793 141.277 14 5
2010 9 23 21 11 43.4634 47.5012 141.497 18.6 6
2010 9 23 21 12 1.60689 46.9221 141.815 11.7 6
2010 9 23 21 13 12.875 47.4762 141.536 14.1 5
2010 9 23 21 14 29.7625 47.5356 141.534 16.2 5
2010 9 23 21 17 58.8505 47.5086 141.49 25.8 14
2010 9 23 21 56 48.9536 47.5248 141.864 25.8 10
2010 9 23 22 17 52.1039 46.3925 141.328 5.6 5
2010 9 23 22 37 45.9856 46.3367 141.591 7 5
2010 9 23 22 57 36.5162 46.3693 141.472 18.7 6
2010 9 23 23 2 37.5105 46.3581 141.506 13.3 7
2010 9 23 23 12 23.8564 46.2609 141.628 26.2 7
2010 9 23 23 24 31.7809 46.2868 141.704 19 7
2010 9 23 23 50 48.7821 46.1524 141.287 12.8 8
2010 9 23 23 52 39.5073 46.1337 141.343 1.5 5
2010 9 24 17 47 21.0493 47.8206 141.818 18.8 8
2010 9 26 10 39 21.7154 38.8061 133.045 22.3 5
2010 9 26 11 54 33.2209 43.6237 138.466 9.5 5
2010 9 26 11 59 41.4216 43.5564 138.549 6 5
2010 9 26 11 59 41.4216 43.6592 138.498 12.7 5
2010 9 26 12 0 45.2366 43.5668 138.586 8 5
2010 9 26 12 22 51.1504 43.6474 138.603 20.8 5
2010 9 26 12 26 15.9244 43.6331 138.698 20.1 5
2010 9 26 12 30 9.64311 43.7507 138.745 14.9 5
2010 9 26 12 31 55.6278 43.7604 138.547 19 6
2010 9 26 12 37 0.517699 43.7435 138.904 14.9 6
2010 9 26 12 37 20.2084 39.1421 133.247 23.6 9
2010 9 26 12 40 9.73614 43.7446 138.917 27.4 6
2010 9 26 12 44 15.8279 43.8235 139.11 24.5 6
2010 9 26 12 56 43.5354 43.7555 138.777 12 6
2010 9 26 13 2 47.7651 43.7372 138.832 18.1 5
2010 9 26 13 9 23.2227 42.4225 130.931 9.2 5
2010 9 26 13 9 26.0918 43.7663 138.788 19 5
2010 9 26 13 9 53.9975 43.7216 139.831 20.3 6
2010 9 26 13 14 9.63022 42.39 130.927 9.3 5
2010 9 26 13 15 35.2925 42.5232 130.98 18.7 8
2010 9 26 13 16 1.49948 43.762 138.826 18.1 5
2010 9 26 13 18 44.2177 43.7206 138.858 16.2 5
2010 9 26 13 19 28.6945 43.6865 139.776 16.8 7
2010 9 26 13 23 22.4187 43.7169 139.673 29.7 7
2010 9 26 13 23 22.4188 43.6643 139.826 15.8 8
2010 9 26 13 26 5.8885 43.7777 138.8 20.8 5
2010 9 26 13 27 40.3338 43.6756 139.465 13.2 5
2010 9 26 13 27 41.6784 43.8292 138.789 26.5 6
2010 9 26 13 31 9.31639 43.8201 139.024 21.8 6
2010 9 26 13 36 29.1448 42.4514 131.039 18.1 6
2010 9 26 13 36 42.4509 43.7158 138.955 16.4 5
2010 9 26 13 39 47.2379 42.3661 130.935 6.8 5
2010 9 26 13 43 53.1902 43.8642 139.446 20.4 5
2010 9 26 13 48 43.0814 42.4247 130.96 13.7 5
2010 9 26 13 49 27.66 42.4796 130.936 17.9 9
2010 9 26 13 50 24.0068 43.6558 139.416 19.5 6
2010 9 26 13 50 25.7168 42.4414 131.025 11.1 5
2010 9 26 13 52 26.6406 43.8913 138.882 23.7 9
2010 9 26 13 53 4.78421 43.695 139.461 9 6
2010 9 26 13 53 40.0989 43.1109 131.758 9.8 6
2010 9 26 13 54 48.0411 43.792 138.88 14.6 7
2010 9 26 13 59 40.4052 43.8824 138.886 26.2 6
2010 9 26 14 0 20.4496 43.8278 138.9 18.8 5
2010 9 26 14 0 55.3703 43.5044 139.581 18.6 5
2010 9 26 14 1 18.134 43.8218 138.899 18.3 5
2010 9 26 14 4 34.673 43.7351 139.194 12.8 5
2010 9 26 14 5 47.4945 43.07 131.637 13.5 6
2010 9 26 14 7 23.1402 43.1338 131.743 12.5 9
2010 9 26 14 8 9.47324 43.8142 138.942 17.8 5
2010 9 26 14 11 47.0912 43.4984 139.822 20.2 5
2010 9 26 14 13 51.2444 43.4815 139.874 16.3 5
2010 9 26 14 14 33.9543 43.9648 139.461 19.6 7
2010 9 26 14 16 2.67774 42.4649 131.023 11 5
2010 9 26 14 16 6.4684 43.5359 139.871 9 5
2010 9 26 14 16 10.1881 43.8031 139.004 11.4 6
2010 9 26 14 17 36.3714 43.6049 139.926 29.4 5
2010 9 26 14 18 2.1126 42.4483 131.032 8.4 6
2010 9 26 14 19 48.3618 43.5941 139.566 17.4 5
2010 9 26 14 27 20.5523 43.5628 139.666 5.2 5
2010 9 26 14 27 58.5313 43.962 138.966 22.6 6
2010 9 26 14 28 48.0945 43.5543 139.662 19.7 6
2010 9 26 14 30 14.7312 43.6344 139.965 17.2 6
2010 9 26 14 31 47.8229 43.697 139.986 26.3 5
2010 9 26 14 32 54.315 43.6742 140.147 13.1 5
2010 9 26 14 33 50.3339 42.356 131.072 5.1 5
2010 9 26 14 34 41.8832 43.6268 139.438 13.3 5
2010 9 26 14 35 22.5664 44.0101 138.99 27.1 6
2010 9 26 14 36 18.5012 43.9544 138.95 24.4 7
2010 9 26 14 36 20.1148 42.4784 131.152 12.2 5
2010 9 26 14 37 4.46913 42.4841 131.139 16.6 7
2010 9 26 14 44 7.59432 43.4863 139.932 20.3 6
2010 9 26 14 46 12.922 43.3891 140.001 4.7 5
2010 9 26 14 46 22.1381 42.5394 131.274 15.2 7
2010 9 26 14 46 47.2362 43.6755 139.992 10.5 5
2010 9 26 14 47 9.44277 42.476 131.247 17.1 6
2010 9 26 14 47 9.48396 42.5333 131.259 16.9 6
2010 9 26 14 47 9.55723 42.5132 131.252 10.8 7
2010 9 26 14 47 9.6525 42.4716 131.244 10.1 5
2010 9 26 14 49 8.91013 42.535 131.379 10.4 5
2010 9 26 14 49 25.6014 43.4878 139.957 6.8 5
2010 9 26 14 53 4.64842 43.7578 140.059 19.5 7
2010 9 26 14 53 34.2648 42.4747 131.206 11.8 5
2010 9 26 14 55 1.59427 43.142 131.922 25.7 7
2010 9 26 14 55 7.61096 43.5711 140.089 24.8 6
2010 9 26 14 55 7.68769 43.5635 139.88 22.1 6
2010 9 26 14 56 45.0873 43.4697 139.989 15.6 6
2010 9 26 14 57 31.7435 44.0478 139.098 4.3 6
2010 9 26 14 57 52.62 43.689 139.623 21.4 6
2010 9 26 14 59 16.2468 39.637 133.415 17.6 7
2010 9 26 14 59 16.6464 43.613 140.132 15.4 7
2010 9 26 15 0 40.5312 39.6636 133.387 5.5 5
2010 9 26 15 4 18.2719 43.516 140.045 20.4 6
2010 9 26 15 4 18.3026 43.4672 140.122 16 5
2010 9 26 15 7 56.0002 42.5599 131.204 29.4 6
2010 9 26 15 12 56.8875 43.6326 139.751 22.9 5
2010 9 26 15 15 15.2479 42.5542 131.441 17.2 6
2010 9 26 15 16 1.13567 45.235 137.896 16.5 6
2010 9 26 15 16 39.3557 42.5442 131.478 10.2 6
2010 9 26 15 18 30.8803 43.5749 140.264 13.2 5
2010 9 26 15 23 20.5727 42.5586 131.589 13.5 6
2010 9 26 15 23 34.4392 44.0385 139.148 23.4 7
2010 9 26 15 23 34.4815 44.0265 139.408 11.1 6
2010 9 26 15 23 34.5021 44.0678 139.139 21.8 8
2010 9 26 15 23 34.5633 44.0509 139.155 23.8 8
2010 9 26 15 25 57.2414 42.5242 131.329 17 5
2010 9 26 15 28 53.6548 44.5105 138.191 21.6 7
2010 9 26 15 29 50.3852 42.5198 131.604 13.7 6
2010 9 26 15 32 26.3506 44.733 138.852 4 5
2010 9 26 15 35 24.6351 42.5351 131.368 16.6 5
2010 9 26 15 36 13.3211 44.5367 138.238 8.5 6
2010 9 26 15 36 20.7908 43.5001 140.25 12 6
2010 9 26 15 36 33.0969 42.5613 131.667 12.8 7
2010 9 26 15 37 28.9312 42.5518 131.628 20.8 6
2010 9 26 15 40 37.0321 42.7091 131.791 9.2 8
2010 9 26 15 40 37.1537 42.704 131.718 17 6
2010 9 26 15 44 6.60475 42.5667 131.523 11.9 5
2010 9 26 15 44 26.3463 43.513 140.232 9.6 5
2010 9 26 15 44 51.1024 44.0683 139.203 14.3 5
2010 9 26 15 46 37.6801 44.104 139.297 6.2 5
2010 9 26 15 47 53.219 43.4638 140.217 11.3 7
2010 9 26 15 48 2.38179 42.6546 131.591 28.2 8
2010 9 26 15 48 2.5629 42.6545 131.576 10.9 7
2010 9 26 15 49 59.6637 42.4983 131.443 5.5 5
2010 9 26 15 54 20.2382 42.5615 131.68 10.9 6
2010 9 26 16 8 15.8674 43.4948 140.459 22.3 6
2010 9 26 16 9 10.7116 45.5534 138.702 10.9 6
2010 9 26 16 10 57.7463 44.1627 139.355 20.4 9
2010 9 26 16 11 10.5367 45.6082 138.716 16.2 7
2010 9 26 16 12 42.7339 42.6508 131.523 17.8 8
2010 9 26 16 26 54.7058 42.6877 133.882 13.4 7
2010 9 26 16 29 14.6051 44.9047 139.466 21.7 8
2010 9 26 16 32 9.80725 44.1679 139.416 18.7 6
2010 9 26 16 35 22.6855 42.8546 131.839 18.4 10
2010 9 26 16 37 26.4512 42.6035 131.115 16.6 8
2010 9 26 16 38 39.1336 42.684 131.474 17.8 9
2010 9 26 16 39 49.8186 43.9074 139.752 19.6 5
2010 9 26 16 41 58.6779 42.8434 132.085 22.6 8
2010 9 26 16 48 58.5225 43.9422 139.786 18.7 8
2010 9 26 16 51 0.076379 44.9739 139.697 12.5 5
2010 9 26 16 52 51.7438 42.5906 131.254 15.2 5
2010 9 26 16 54 13.3714 42.6273 131.373 15.4 5
2010 9 26 17 0 30.8231 43.9548 139.838 18.1 10
2010 9 26 17 1 42.6714 45.0623 139.724 24.3 5
2010 9 26 17 2 9.61414 43.9222 139.874 16.8 10
2010 9 26 17 2 41.5271 44.7316 140.235 20.5 7
2010 9 26 17 4 1.89007 45.3912 139.115 21.2 8
2010 9 26 17 4 19.1398 45.5431 139.304 22.8 9
2010 9 26 17 7 38.3355 45.6985 139.483 21.1 9
2010 9 26 17 10 40.2534 45.6798 139.422 22.8 11
2010 9 26 17 10 40.3098 45.656 139.421 25.6 8
2010 9 26 17 12 49.7636 45.3476 139.212 21.8 9
2010 9 26 17 12 49.8015 45.3623 139.22 20.3 9
2010 9 26 17 13 14.7714 42.3578 133.013 27.6 8
2010 9 26 17 14 36.9379 42.854 134.138 24 5
2010 9 26 17 14 48.6772 45.4651 139.331 12.7 5
2010 9 26 17 14 56.1306 42.6461 131.762 11.1 5
2010 9 26 17 15 26.0259 43.1553 134.619 8.5 5
2010 9 26 17 17 0.87491 42.7284 131.477 28.4 5
2010 9 26 17 17 4.85688 42.7245 132.231 12.9 5
2010 9 26 17 17 20.4144 43.9437 140.085 23.4 9
2010 9 26 17 17 25.0997 42.5883 131.421 14.5 6
2010 9 26 17 19 27.5637 45.4172 139.294 20.1 7
2010 9 26 17 19 35.8901 42.7045 131.632 29.7 6
2010 9 26 17 20 9.47069 45.1483 139.878 22.3 6
2010 9 26 17 20 34.801 42.5718 133.21 25.5 5
2010 9 26 17 21 23.2417 42.6047 131.592 14.9 5
2010 9 26 17 22 11.4359 42.6298 131.314 21.7 5
2010 9 26 17 23 27.2071 42.6115 133.204 17 5
2010 9 26 17 23 27.2209 42.567 133.309 11.8 5
2010 9 26 17 23 56.0481 42.6313 131.482 13.5 5
2010 9 26 17 23 56.3145 42.6798 131.484 20.2 7
2010 9 26 17 24 10.7881 40.5845 134.13 21.6 6
2010 9 26 17 27 15.6656 42.7798 131.617 27.8 7
2010 9 26 17 27 35.6935 42.5636 133.243 25.4 10
2010 9 26 17 28 22.4398 45.1619 139.949 15.4 5
2010 9 26 17 28 44.0121 45.2387 139.78 5.4 6
2010 9 26 17 28 54.2252 45.317 139.408 13.2 6
2010 9 26 17 30 12.3145 42.9051 132.21 21.7 7
2010 9 26 17 30 12.4086 42.7059 132.187 12.9 5
2010 9 26 17 32 13.1623 42.6932 131.405 26.7 7
2010 9 26 17 41 8.44874 42.7521 131.606 8.7 5
2010 9 26 17 42 33.6815 43.1286 134.489 19.7 5
2010 9 26 17 42 43.832 42.7742 131.625 20.5 7
2010 9 26 17 43 31.4722 45.6748 139.626 19.6 9
2010 9 26 17 46 24.4419 43.1361 134.416 26 8
2010 9 26 17 48 4.58165 45.637 139.665 15.6 6
2010 9 26 17 48 15.5049 42.6995 131.562 23.8 6
2010 9 26 17 49 31.3401 42.8092 131.76 23 8
2010 9 26 17 49 45.1503 44.832 140.535 12.2 6
2010 9 26 17 50 42.1858 42.7027 133.405 25.3 9
2010 9 26 17 51 5.88935 45.7046 139.766 18.7 9
2010 9 26 17 52 8.8382 42.8087 131.852 27.1 5
2010 9 26 17 52 45.2495 43.2373 134.799 18.6 6
2010 9 26 17 54 19.8169 42.9645 134.494 15 7
2010 9 26 17 54 19.8437 43.1756 134.537 9.2 5
2010 9 26 17 54 41.4174 42.7055 133.413 24 5
2010 9 26 17 56 47.5357 42.4567 131.466 13.1 6
2010 9 26 17 56 58.4588 42.6843 133.373 25.9 9
2010 9 26 17 56 59.0035 42.8038 133.679 23.2 9
2010 9 26 17 58 45.0555 42.6625 132.035 19 6
2010 9 26 17 59 35.2667 45.5435 139.959 8.5 6
2010 9 26 17 59 35.4037 45.792 139.854 17.4 6
2010 9 26 18 3 47.7163 45.7069 139.758 14.5 7
2010 9 26 18 3 47.9318 45.6125 139.823 14 5
2010 9 26 18 4 36.7657 42.5432 133.302 20 9
2010 9 26 18 4 37.4839 42.8142 131.829 21.1 6
2010 9 26 18 5 57.8139 45.6268 140.009 9.9 6
2010 9 26 18 7 22.6259 42.6932 133.453 21.9 8
2010 9 26 18 8 0.593629 45.6762 139.709 14.2 8
2010 9 26 18 8 55.7589 43.084 134.877 10 5
2010 9 26 18 13 29.6095 42.7278 133.575 21.9 6
2010 9 26 18 14 44.0518 42.7163 131.467 19.2 6
2010 9 26 18 20 27.2054 43.2272 134.767 17.1 6
2010 9 26 18 20 53.6049 42.5915 133.368 23.8 6
2010 9 26 18 21 43.5222 42.6748 131.58 6.6 5
2010 9 26 18 21 57.6442 42.66 133.565 7.5 7
2010 9 26 18 22 37.5474 42.643 133.361 23.2 13
2010 9 26 18 29 53.1414 42.8223 132.374 17.9 9
2010 9 26 18 30 53.3971 42.7211 131.583 17 7
2010 9 26 18 32 20.204 42.6866 131.72 13.2 7
2010 9 26 18 42 44.5331 42.7754 133.96 18.2 5
2010 9 26 18 44 10.5588 43.2988 134.945 4 5
2010 9 26 18 50 15.6085 43.3881 135.082 15.5 8
2010 9 26 18 51 18.4886 42.0511 131.057 12.4 5
2010 9 26 18 54 2.00277 43.2357 135.056 14.1 5
2010 9 26 18 54 13.8801 42.5717 133.444 17.1 8
2010 9 26 18 55 7.6405 41.9165 130.911 17.1 8
2010 9 26 18 55 29.3352 42.8328 131.846 20.6 5
2010 9 26 18 58 57.5086 44.8021 140.607 7.1 6
2010 9 26 18 58 57.8091 45.1112 140.994 20.2 6
2010 9 26 19 0 27.2623 43.0474 134.555 6.9 5
2010 9 26 19 3 2.00683 42.9162 132.215 21.6 6
2010 9 26 19 3 34.164 43.4345 135.161 11.4 5
2010 9 26 19 7 20.3663 42.7809 134.044 9.2 5
2010 9 26 19 10 36.207 44.8183 140.812 24.7 9
2010 9 26 19 10 57.9545 42.6494 131.441 13.5 5
2010 9 26 19 10 59.1778 43.0476 132.152 13.7 9
2010 9 26 19 11 41.017 44.9776 139.631 7.9 5
2010 9 26 19 11 54.3757 42.8849 134.218 13.6 5
2010 9 26 19 15 8.00546 42.6145 133.51 18.8 7
2010 9 26 19 15 26.6241 42.6405 131.394 21.1 8
2010 9 26 19 16 45.8697 42.5911 133.563 14.5 11
2010 9 26 19 18 23.2737 42.631 133.572 18.5 10
2010 9 26 19 19 41.5884 42.8336 131.753 12.3 6
2010 9 26 19 21 43.2031 41.6514 130.728 3.2 5
2010 9 26 19 21 43.2032 41.6913 130.844 11.8 5
2010 9 26 19 22 19.4208 42.4123 133.607 12.4 6
2010 9 26 19 24 54.8572 42.8567 134.149 27.5 6
2010 9 26 19 26 8.46109 42.6668 132.722 21.8 6
2010 9 26 19 29 53.0115 42.8101 132.482 15.5 7
2010 9 26 19 33 24.7754 43.534 135.759 19.8 7
2010 9 26 19 33 25.1858 43.4518 135.374 16.1 9
2010 9 26 19 33 40.1868 43.1114 134.695 14.9 11
2010 9 26 19 35 44.1025 43.2048 134.701 15.1 10
2010 9 26 19 35 44.4173 43.1536 134.579 16.8 11
2010 9 26 19 37 41.4109 42.5863 131.427 10.7 5
2010 9 26 19 38 43.5615 43.4151 138.616 16.2 6
2010 9 26 19 39 11.4475 43.5824 135.476 7.4 6
2010 9 26 19 39 11.4475 43.5449 135.381 20.2 5
2010 9 26 19 39 25.2846 42.7384 132.836 12 7
2010 9 26 19 39 42.5864 43.2304 134.703 20 6
2010 9 26 19 39 56.0574 42.5287 133.34 21.8 10
2010 9 26 19 43 27.5865 43.2093 134.653 16.1 6
2010 9 26 19 43 27.9596 43.1243 134.582 4.5 5
2010 9 26 19 43 30.1492 43.5085 135.503 14.2 6
2010 9 26 19 48 17.2772 41.8621 130.99 11.2 8
2010 9 26 19 48 20.2449 43.168 134.719 11.3 6
2010 9 26 19 48 20.3749 43.2668 134.907 16.4 5
2010 9 26 19 49 35.2345 42.7746 133.983 14.4 7
2010 9 26 19 50 0.896255 43.1035 134.739 13.6 5
2010 9 26 19 52 29.1924 43.2318 134.804 13.8 10
2010 9 26 20 0 25.6468 42.6151 133.589 20.1 5
2010 9 26 20 1 16.7675 45.2866 140.591 7.8 6
2010 9 26 20 1 56.26 42.6551 133.73 17.1 8
2010 9 26 20 3 54.6207 43.7572 135.83 16.9 9
2010 9 26 20 4 23.4209 42.6456 131.54 8.7 8
2010 9 26 20 5 8.91026 43.6989 139.535 15.3 6
2010 9 26 20 5 57.1895 43.8888 136.008 25.2 5
2010 9 26 20 6 41.5101 43.7301 135.86 14 6
2010 9 26 20 8 40.0346 43.7286 139.571 10.9 7
2010 9 26 20 13 57.2176 43.7679 135.883 10.3 7
2010 9 26 20 17 37.5347 43.7032 139.675 6.2 5
2010 9 26 20 17 37.5347 43.6587 139.6 4.5 5
2010 9 26 20 17 47.0589 42.7949 132.908 17.9 6
2010 9 26 20 18 27.7024 45.4741 141.109 9.1 5
2010 9 26 20 19 15.7199 43.8013 135.975 12.6 7
2010 9 26 20 19 42.4918 41.7966 130.875 6.6 5
2010 9 26 20 23 5.72811 43.7858 136.014 14.7 9
2010 9 26 20 24 59.0856 43.7462 136.031 13.6 10
2010 9 26 20 28 37.2115 44.697 140.905 13.1 6
2010 9 26 20 29 41.2387 43.7423 139.69 17.8 6
2010 9 26 20 30 46.095 43.7746 139.48 16 8
2010 9 26 20 32 57.7495 43.9018 140.332 7.4 5
2010 9 26 20 34 5.70355 43.7653 139.493 10.4 8
2010 9 26 20 38 38.8089 43.87 140.021 17.9 6
2010 9 26 20 38 43.9491 45.8466 139.642 15.5 7
2010 9 26 20 39 9.50162 43.2368 135.039 15.2 9
2010 9 26 20 39 9.74135 43.0835 134.691 16.7 8
2010 9 26 20 42 43.3642 42.4761 133.426 14.7 5
2010 9 26 20 43 21.4298 43.2124 135.052 13.4 5
2010 9 26 20 43 23.6427 45.6309 140.027 10 5
2010 9 26 20 45 53.8306 43.222 135.069 12.9 8
2010 9 26 20 45 53.892 43.2526 135.041 14.5 7
2010 9 26 20 47 1.78716 43.8648 136.243 8.5 5
2010 9 26 20 47 27.5996 43.7813 139.684 13.8 6
2010 9 26 20 48 18.2418 42.445 133.469 8.8 5
2010 9 26 20 48 47.8593 45.7009 140.053 6.4 5
2010 9 26 20 49 28.1264 42.0544 131.548 12.5 5
2010 9 26 20 49 39.1492 43.3928 137.659 11.8 8
2010 9 26 20 50 11.7717 45.5966 140.937 19.3 5
2010 9 26 20 50 38.9638 43.7862 139.766 0.5 5
2010 9 26 20 51 47.632 43.9192 140.239 11.9 6
2010 9 26 20 52 6.7111 43.8821 136.222 6.2 5
2010 9 26 20 52 38.2071 45.6201 140.887 5.4 5
2010 9 26 20 52 57.2137 42.2521 132.276 21.4 7
2010 9 26 20 54 9.79656 45.5851 140.898 16.2 5
2010 9 26 20 54 43.8376 45.0332 141.295 18 6
2010 9 26 20 54 58.4309 45.7584 140.074 13.2 6
2010 9 26 20 57 2.46425 43.7635 139.72 22.2 6
2010 9 26 20 57 18.954 45.704 140.968 16.5 5
2010 9 26 20 58 33.9021 42.3048 132.024 15.7 7
2010 9 26 20 59 27.2716 42.1548 131.828 9.1 5
2010 9 26 21 1 38.4728 43.465 135.198 27.8 5
2010 9 26 21 1 58.9946 45.0911 141.326 18.6 6
2010 9 26 21 2 26.074 42.3293 132.017 13.3 5
2010 9 26 21 2 36.0926 45.626 140.976 14.1 6
2010 9 26 21 5 36.3684 44.11 136.391 11.1 6
2010 9 26 21 8 32.6506 43.4443 135.272 6.3 5
2010 9 26 21 9 11.6518 45.6549 140.991 16.2 6
2010 9 26 21 12 9.43523 43.4698 139.721 18 7
2010 9 26 21 12 33.2045 43.8199 139.689 21.7 8
2010 9 26 21 14 18.7841 45.6079 141.111 10.9 5
2010 9 26 21 14 36.162 43.154 135.16 25.9 10
2010 9 26 21 15 44.4756 43.9148 139.772 14.4 6
2010 9 26 21 16 19.1692 43.9598 140.293 16.2 8
2010 9 26 21 16 31.7601 45.6594 141.058 19.9 7
2010 9 26 21 17 40.5306 45.8959 140.069 14.8 7
2010 9 26 21 18 46.8353 45.6597 141.053 23.6 7
2010 9 26 21 18 47.2852 45.6911 141.045 14.9 6
2010 9 26 21 18 56.7276 43.5879 138.92 16.9 6
2010 9 26 21 20 9.95176 45.6559 141.091 20.2 5
2010 9 26 21 20 10.1647 45.7449 140.255 6.4 5
2010 9 26 21 22 49.4695 45.1188 141.442 11.8 5
2010 9 26 21 22 52.9348 42.5851 133.511 14.9 5
2010 9 26 21 24 34.463 45.1346 141.385 17.1 6
2010 9 26 21 25 55.1793 45.1381 141.381 13.5 7
2010 9 26 21 26 27.4662 44.1652 136.599 12.8 8
2010 9 26 21 26 51.4129 43.5467 135.579 11.1 5
2010 9 26 21 28 12.5847 42.5388 133.561 8.9 5
2010 9 26 21 31 23.3825 43.9455 140.383 13.9 7
2010 9 26 21 34 17.0948 42.1558 131.829 9 5
2010 9 26 21 34 44.7518 43.5952 137.507 11.1 5
2010 9 26 21 34 55.2304 45.1193 141.437 4.1 5
2010 9 26 21 34 55.534 44.003 140.416 8.3 5
2010 9 26 21 36 8.67387 42.2844 131.977 19.3 5
2010 9 26 21 36 56.7405 42.6684 133.66 14.2 7
2010 9 26 21 40 16.1599 45.7402 140.202 16.9 7
2010 9 26 21 42 25.3917 45.3613 140.92 23.3 5
2010 9 26 21 43 7.03274 45.7588 140.223 19.3 7
2010 9 26 21 43 42.721 44.0022 136.781 15.3 5
2010 9 26 21 46 5.67005 45.7753 140.244 16 6
2010 9 26 21 46 17.6561 45.3616 141.34 8.8 5
2010 9 26 21 47 54.2566 45.1899 141.466 23.8 5
2010 9 26 21 48 27.3167 43.9908 136.778 18.1 5
2010 9 26 21 49 43.9863 43.3053 135.44 13 6
2010 9 26 21 49 55.5067 43.5709 137.648 23.2 7
2010 9 26 21 50 55.0518 42.2491 131.966 7.1 5
2010 9 26 21 51 53.9432 42.7984 134.081 15.7 5
2010 9 26 21 52 3.94237 41.9351 131.075 16.3 5
2010 9 26 21 53 33.8945 43.5198 135.828 14.8 7
2010 9 26 21 54 10.7749 43.5246 140.301 17.9 6
2010 9 26 21 54 13.7004 45.709 140.441 18.1 7
2010 9 26 21 54 14.6126 44.063 136.799 14.6 7
2010 9 26 21 56 19.0714 42.4348 132.121 15.8 6
2010 9 26 21 56 50.5381 43.666 139.994 17.8 7
2010 9 26 21 57 36.5245 43.54 135.766 15.1 5
2010 9 26 21 58 32.6936 43.6274 140.026 15.6 5
2010 9 26 21 59 32.3773 43.4667 135.688 14.2 7
2010 9 26 22 0 22.371 45.1031 141.303 13.6 5
2010 9 26 22 1 19.9012 42.33 132.118 11.5 5
2010 9 26 22 1 47.1262 45.0422 141.321 17 7
2010 9 26 22 2 20.7955 43.5004 135.698 16.3 5
2010 9 26 22 2 22.8879 44.1445 140.637 17.4 5
2010 9 26 22 2 57.1979 44.2248 136.902 15.6 5
2010 9 26 22 2 57.3539 44.3612 136.842 18.1 5
2010 9 26 22 3 17.4789 41.9343 131.154 12.8 5
2010 9 26 22 3 19.718 43.2931 135.394 20.9 5
2010 9 26 22 4 6.99721 42.3517 132.089 4.3 5
2010 9 26 22 7 39.1975 44.1147 140.725 17.5 6
2010 9 26 22 8 18.5076 42.0504 131.387 29.1 5
2010 9 26 22 8 42.7645 42.3717 131.923 25.8 5
2010 9 26 22 8 42.9161 42.5666 132.35 5.3 5
2010 9 26 22 11 20.9048 41.8677 131.272 27 5
2010 9 26 22 14 2.27267 44.1269 140.782 19.8 5
2010 9 26 22 14 14.5649 45.683 141.441 13.6 7
2010 9 26 22 15 37.598 44.063 137.067 11.5 7
2010 9 26 22 16 56.7411 43.8338 140.199 20.2 7
2010 9 26 22 16 56.832 43.898 140.305 16.7 6
2010 9 26 22 17 40.3625 44.127 140.938 15.5 5
2010 9 26 22 18 29.5503 45.6321 141.209 20.9 6
2010 9 26 22 19 22.3392 43.3755 135.761 23.1 5
2010 9 26 22 21 5.93981 43.6946 135.931 19.5 6
2010 9 26 22 21 6.08371 43.68 135.916 10.9 5
2010 9 26 22 22 17.3462 43.4607 135.834 24.7 8
2010 9 26 22 23 36.6216 42.1709 132.11 17.1 5
2010 9 26 22 23 54.628 44.1203 137.258 18.2 5
2010 9 26 22 24 15.576 44.04 140.867 22.1 6
2010 9 26 22 25 20.4948 42.6909 133.556 5.9 5
2010 9 26 22 25 20.5309 42.7629 133.563 17.6 5
2010 9 26 22 27 21.6936 44.0513 140.762 5.9 5
2010 9 26 22 28 9.04545 45.1137 141.405 18.1 5
2010 9 26 22 28 20.7253 44.2729 137.126 13.7 6
2010 9 26 22 30 19.2226 44.2976 137.177 16.8 6
2010 9 26 22 31 2.0262 43.4714 135.938 23.4 10
2010 9 26 22 31 11.4641 43.0396 135.053 18.1 5
2010 9 26 22 31 34.7609 42.893 134.062 10.4 6
2010 9 26 22 32 4.53948 43.6254 136.008 26.3 9
2010 9 26 22 32 49.0529 42.0994 131.481 5.8 5
2010 9 26 22 33 6.03551 42.539 132.929 9.3 5
2010 9 26 22 35 10.5754 44.401 137.254 14.7 5
2010 9 26 22 35 35.1253 43.0517 135.081 11.4 5
2010 9 26 22 36 42.2979 43.0415 135.052 24.5 5
2010 9 26 22 36 42.8605 45.1629 141.131 24.8 7
2010 9 26 22 37 19.5098 44.0529 137.259 29.8 5
2010 9 26 22 38 10.024 42.6981 133.217 10.8 5
2010 9 26 22 38 54.797 44.1155 137.249 12.1 5
2010 9 26 22 39 57.6684 44.085 137.287 12.1 7
2010 9 26 22 43 45.4779 44.3692 137.377 15.7 5
2010 9 26 22 44 8.27938 43.9605 140.392 17.5 8
2010 9 26 22 44 11.8116 43.1707 134.948 20.8 6
2010 9 26 22 44 11.8116 43.1121 135.331 13.1 5
2010 9 26 22 44 22.8386 42.6861 135.228 21.2 5
2010 9 26 22 45 40.7687 43.103 135.305 13.3 7
2010 9 26 22 46 6.56238 44.3829 137.042 11 5
2010 9 26 22 47 44.2786 43.6398 136.114 15.4 6
2010 9 26 22 49 5.45065 45.2033 141.234 24.9 8
2010 9 26 22 51 31.6309 42.6704 133.249 17.4 5
2010 9 26 22 51 31.6917 42.6615 133.232 12.9 5
2010 9 26 22 51 57.4643 44.0837 138.882 18 6
2010 9 26 22 51 57.6197 44.1831 138.79 12 5
2010 9 26 22 52 6.4468 43.257 134.984 22.2 5
2010 9 26 22 52 15.1905 43.6194 136.12 8.9 5
2010 9 26 22 52 15.9627 42.6856 133.23 14 5
2010 9 26 22 52 28.5007 45.9137 140.906 18.9 5
2010 9 26 22 53 36.5801 43.551 136.066 23.5 5
2010 9 26 22 54 27.6498 45.966 141.078 13.8 6
2010 9 26 22 54 43.771 43.6876 136.185 15.3 5
2010 9 26 22 56 3.76766 43.1829 135.082 25.5 8
2010 9 26 22 57 26.2217 45.8532 141.039 19.4 5
2010 9 26 22 58 47.2164 44.4744 137.476 16.1 7
2010 9 26 23 0 8.6603 43.5214 135.911 12.9 7
2010 9 26 23 1 30.2797 43.2918 135.538 20.7 6
2010 9 26 23 3 9.61937 44.8074 141.122 16 5
2010 9 26 23 3 34.4087 45.5927 141.607 7.1 5
2010 9 26 23 3 46.7449 43.5985 136.114 26.2 7
2010 9 26 23 6 9.09591 45.8765 141.106 20.8 5
2010 9 26 23 6 26.9886 44.0817 140.124 20.7 5
2010 9 26 23 6 32.45 43.1481 135.511 20.8 5
2010 9 26 23 6 55.1495 43.7046 140.211 19.8 5
2010 9 26 23 7 5.74004 44.4199 140.511 12.4 7
2010 9 26 23 7 34.776 44.8005 141.146 19.1 7
2010 9 26 23 7 35.5607 43.5281 136.003 25.2 6
2010 9 26 23 8 54.5578 44.8087 141.097 18.6 6
2010 9 26 23 9 54.4643 43.1214 135.543 13 5
2010 9 26 23 10 13.2793 43.694 136.272 13 7
2010 9 26 23 10 13.7994 43.5847 136.078 18.9 5
2010 9 26 23 19 4.48613 43.8047 139.563 6.3 5
2010 9 26 23 20 11.486 43.5486 136.041 8.9 6
2010 9 26 23 21 38.5259 42.3962 133.182 26 7
2010 9 26 23 25 9.61566 44.2998 137.662 9.1 5
2010 9 26 23 25 9.94673 44.2172 137.628 11.1 6
2010 9 26 23 25 11.3761 45.0593 141.246 16.4 6
2010 9 26 23 27 25.6543 43.731 136.397 22.9 10
2010 9 26 23 27 38.5314 44.0854 139.174 26 8
2010 9 26 23 28 25.6933 44.2714 137.61 26.4 8
2010 9 26 23 32 34.8029 43.6853 136.385 14.1 9
2010 9 26 23 33 26.2853 44.1271 139.311 8.4 6
2010 9 26 23 34 33.1532 44.266 137.631 17.6 7
2010 9 26 23 34 37.3207 44.6344 137.859 15 6
2010 9 26 23 34 40.4647 43.7274 136.431 13.8 5
2010 9 26 23 37 36.1719 44.3037 139.03 20.9 5
2010 9 26 23 37 49.1581 44.4403 137.868 14.8 7
2010 9 26 23 41 57.6331 42.4424 133.144 11.5 5
2010 9 26 23 42 3.04613 43.4466 135.946 16.6 6
2010 9 26 23 42 4.02676 44.0636 138.702 18.4 5
2010 9 26 23 42 48.8483 42.473 133.157 15.6 6
2010 9 26 23 43 5.01057 43.5757 136.37 22.5 9
2010 9 26 23 43 19.0286 44.0635 138.745 5.5 5
2010 9 26 23 48 0.548016 45.7304 141.403 6.1 5
2010 9 26 23 48 53.7681 43.4586 135.931 24.4 7
2010 9 26 23 50 15.1154 42.5164 133.169 19.2 5
2010 9 26 23 50 37.9033 43.497 135.995 16.1 6
2010 9 26 23 50 39.9972 44.1371 140.885 3.6 5
2010 9 26 23 52 28.3802 42.7954 133.535 9.8 5
2010 9 26 23 52 46.4324 43.4752 136 15.3 5
2010 9 26 23 52 59.8079 42.6745 133.437 8.6 5
2010 9 26 23 52 59.8643 42.6863 133.428 8.6 5
2010 9 26 23 53 44.8477 42.5292 133.157 16.9 5
2010 9 26 23 53 57.2267 44.0043 141.034 15.6 7
2010 9 26 23 54 7.14642 42.3252 132.846 10.5 5
2010 9 26 23 58 0.532242 43.5226 136.014 17.4 5
2010 9 26 23 58 29.6078 44.1406 140.967 16.9 5
2010 9 26 23 58 29.6461 44.0548 141.007 21.2 7
2010 9 26 23 59 49.8112 44.2164 140.972 17.1 6
2010 9 26 23 59 52.2255 44.3451 139.555 3.7 5
2010 9 27 0 1 16.2001 44.1421 140.996 17.1 7
2010 9 27 0 2 9.90511 42.3289 132.905 7.9 5
2010 9 27 0 2 9.94122 42.346 132.907 6.9 5
2010 9 27 0 3 19.797 42.3442 132.911 8.5 5
2010 9 27 0 3 20.483 44.1626 141.03 12.7 6
2010 9 27 0 6 33.4347 44.395 139.603 17.9 5
2010 9 27 0 10 50.9731 45.7815 141.579 7.3 5
2010 9 27 0 13 11.477 45.1477 141.414 10.9 6
2010 9 27 0 17 4.85032 42.4345 133.12 6.2 5
2010 9 27 0 17 16.7784 42.5453 133.151 16.9 5
2010 9 27 0 17 35.2627 42.6225 133.417 2.5 5
2010 9 27 0 19 24.8132 44.173 138.881 21 7
2010 9 27 0 19 59.399 43.7843 140.151 17.3 7
2010 9 27 0 22 41.524 43.789 140.169 14.6 6
2010 9 27 0 24 29.3951 43.4967 136.23 8.3 5
2010 9 27 0 24 58.0239 44.7894 138.378 6.5 6
2010 9 27 0 26 56.1844 45.1588 141.383 5.4 5
2010 9 27 0 27 8.39324 42.5877 133.313 6.4 5
2010 9 27 0 27 26.4032 43.7837 140.181 6.5 5
2010 9 27 0 27 53.0115 45.1731 141.351 7.8 5
2010 9 27 0 28 29.6765 42.3928 133.05 7.4 5
2010 9 27 0 29 18.1037 45.747 141.753 14.4 7
2010 9 27 0 33 2.00149 42.4559 133.214 8.2 5
2010 9 27 0 35 45.9329 42.1794 130.904 3.3 5
2010 9 27 0 35 49.6756 42.5093 133.24 15.2 5
2010 9 27 0 38 13.8041 44.7687 138.657 9 5
2010 9 27 0 40 0.54956 44.8004 138.663 4.5 5
2010 9 27 0 40 0.591815 44.7986 138.679 13.8 6
2010 9 27 0 40 25.8447 43.8551 140.171 17 6
2010 9 27 0 43 13.7855 42.4093 133.149 8.4 5
2010 9 27 0 44 8.84659 42.1694 131.012 3.5 5
2010 9 27 0 46 20.1024 44.5817 140.156 15.7 7
2010 9 27 0 51 44.6777 45.6584 141.592 21.1 6
2010 9 27 0 57 4.86402 42.6728 133.631 10.4 6
2010 9 27 0 58 55.4739 44.9151 138.841 11.3 5
2010 9 27 0 59 2.40251 43.9788 140.708 16.8 5
2010 9 27 1 0 38.1537 43.9756 140.73 21.8 5
2010 9 27 1 1 23.5017 42.5123 133.383 5.1 5
2010 9 27 1 1 59.1327 43.892 140.19 6.1 5
2010 9 27 1 2 33.2847 42.6609 133.653 20.7 9
2010 9 27 1 9 11.8051 44.0125 140.739 16.3 6
2010 9 27 1 15 18.091 44.8926 138.949 7.2 5
2010 9 27 1 22 33.7403 44.7214 138.83 18 7
2010 9 27 1 22 49.1419 42.4975 133.389 7.3 5
2010 9 27 1 22 49.161 42.5349 133.374 16.7 5
2010 9 27 1 23 30.2009 44.7084 138.876 8.7 5
2010 9 27 1 25 36.8641 42.0259 131.256 4.2 5
2010 9 27 1 26 46.4241 42.5365 133.456 9.4 5
2010 9 27 1 27 13.6675 44.7953 139.131 14.5 5
2010 9 27 1 27 26.3119 44.7854 140.558 17.2 6
2010 9 27 1 27 38.2096 45.0182 139.107 16.5 5
2010 9 27 1 27 38.2265 45.0147 139.148 13.7 6
2010 9 27 1 28 4.82601 44.9684 139.148 2.7 5
2010 9 27 1 28 25.3366 44.9994 139.12 10.9 6
2010 9 27 1 29 15.7858 45.0411 139.145 19.4 5
2010 9 27 1 29 55.5637 42.6924 133.691 13.5 6
2010 9 27 1 31 13.5674 45.0136 139.116 23 5
2010 9 27 1 31 18.8237 44.8063 138.973 11.8 9
2010 9 27 1 32 57.6318 44.7427 138.555 9.2 5
2010 9 27 1 32 57.6318 44.8097 139.002 9.1 9
2010 9 27 1 34 46.4666 44.8345 140.541 6.5 6
2010 9 27 1 35 57.7737 44.8105 140.559 4.8 6
2010 9 27 1 36 22.777 44.8431 139.108 7.3 5
2010 9 27 1 36 22.8271 44.7971 139.133 22.5 6
2010 9 27 1 36 32.547 42.6614 133.719 8 5
2010 9 27 1 36 34.7279 45.1866 140.999 16.1 5
2010 9 27 1 37 19.4242 45.5586 141.486 5.9 6
2010 9 27 1 38 31.3583 44.8866 139.006 18.9 5
2010 9 27 1 38 31.3583 44.8641 139.088 4.8 5
2010 9 27 1 38 31.6641 44.8594 139.061 8.8 5
2010 9 27 1 39 24.3658 46.2084 140.605 15.8 5
2010 9 27 1 39 38.6012 44.8734 139.028 14.5 5
2010 9 27 1 40 1.59138 45.2065 141.012 18.2 8
2010 9 27 1 40 12.0101 45.0739 139.212 15.4 5
2010 9 27 1 40 12.0137 45.07 139.24 5.9 5
2010 9 27 1 41 9.42042 44.8434 139.046 13.2 5
2010 9 27 1 42 48.0786 45.1067 139.233 17.6 7
2010 9 27 1 42 48.1025 45.0763 139.201 9.1 6
2010 9 27 1 42 48.1198 45.0988 139.26 22.7 5
2010 9 27 1 44 31.027 45.1045 139.273 18.4 6
2010 9 27 1 48 54.4513 44.8684 139.273 4.6 6
2010 9 27 1 49 24.5116 45.1372 139.267 18.4 5
2010 9 27 1 49 41.0904 45.1999 140.895 7.5 5
2010 9 27 1 49 58.2744 44.4197 140.651 28 6
2010 9 27 1 50 26.5976 44.8885 139.288 7.4 5
2010 9 27 1 50 57.0109 44.9318 139.279 15.6 6
2010 9 27 1 52 27.4303 45.1438 139.329 17.8 5
2010 9 27 1 53 4.39323 45.8352 141.762 13.3 5
2010 9 27 1 53 50.4502 44.9146 139.274 8.8 5
2010 9 27 1 55 3.00889 44.8949 139.314 15.8 7
2010 9 27 1 56 26.188 44.8856 139.362 28.7 6
2010 9 27 1 56 28.087 45.1545 139.418 12.5 6
2010 9 27 1 59 1.65245 45.2353 141.011 10.7 5
2010 9 27 1 59 52.2178 45.1543 139.42 20.6 5
2010 9 27 2 1 4.70262 45.1322 139.433 2.9 6
2010 9 27 2 1 30.1656 44.9622 139.371 14.7 5
2010 9 27 2 2 26.6156 45.2367 141.043 7 5
2010 9 27 2 2 26.6369 45.2561 141.026 15.2 5
2010 9 27 2 2 47.2488 45.1967 139.113 14.2 6
2010 9 27 2 2 47.2684 45.1797 139.413 15.3 5
2010 9 27 2 2 57.7108 45.1039 140.645 15.2 6
2010 9 27 2 4 37.7706 45.1117 140.691 12.3 6
2010 9 27 2 5 49.3088 45.1223 140.916 4.9 5
2010 9 27 2 5 49.3299 45.1491 140.888 6.5 5
2010 9 27 2 6 9.1614 44.9596 139.474 6.9 5
2010 9 27 2 6 9.18572 44.9831 139.478 4.7 5
2010 9 27 2 6 57.088 44.9717 139.463 15.9 5
2010 9 27 2 6 57.1288 44.9865 139.427 16.2 6
2010 9 27 2 11 49.0021 45.4816 141.624 10.3 6
2010 9 27 2 17 22.0858 45.2375 139.625 3 5
2010 9 27 2 17 22.0995 45.2345 139.59 14.3 6
2010 9 27 2 17 32.7568 42.67 133.84 13.7 5
2010 9 27 2 17 52.0925 45.2783 140.984 17.5 6
2010 9 27 2 19 31.9193 45.0754 139.519 5.1 5
2010 9 27 2 19 31.9625 45.2267 139.623 5.4 5
2010 9 27 2 25 24.3843 45.0531 139.587 15.2 5
2010 9 27 2 25 24.4032 45.0545 139.602 12.6 6
2010 9 27 2 27 41.5943 42.7597 133.618 28.8 6
2010 9 27 2 28 21.2893 45.075 139.655 5.3 5
2010 9 27 2 29 13.3503 45.5535 141.407 16.9 6
2010 9 27 2 33 39.7601 45.396 139.697 17.1 7
2010 9 27 2 36 13.9253 45.3579 141.166 9.7 6
2010 9 27 2 39 57.7349 45.3462 139.802 6 5
2010 9 27 2 39 57.846 45.3809 139.861 11.8 5
2010 9 27 2 41 39.8007 42.4725 132.123 7.7 5
2010 9 27 2 41 42.5583 45.3939 139.874 4.7 5
2010 9 27 2 42 3.24688 42.4817 132.14 6.5 5
2010 9 27 2 42 46.3566 45.3968 139.829 4.4 5
2010 9 27 2 43 46.4418 45.4008 139.813 19.4 5
2010 9 27 2 43 46.6571 45.3046 139.91 21.4 6
2010 9 27 2 45 54.6222 45.353 139.999 15.8 5
2010 9 27 2 48 17.6138 45.4019 139.921 10.2 6
2010 9 27 2 48 17.7178 45.4192 139.94 18.2 5
2010 9 27 2 48 25.3567 42.4936 132.162 8.9 5
2010 9 27 2 51 2.63572 42.4851 132.151 7.7 5
2010 9 27 2 53 8.37777 42.4833 132.196 8 5
2010 9 27 2 53 8.43662 42.4914 132.178 9.6 5
2010 9 27 2 53 33.2159 42.5134 132.161 6.5 5
2010 9 27 2 53 52.4256 42.4534 132.173 7.6 5
2010 9 27 2 57 30.2625 45.4288 140.012 4 5
2010 9 27 3 0 45.8148 45.4785 140.097 4.7 5
2010 9 27 3 7 41.0589 45.6777 139.983 8.9 5
2010 9 27 3 7 51.4927 45.6568 141.283 13.1 5
2010 9 27 3 7 56.2602 45.3924 140.234 20.4 5
2010 9 27 3 8 15.7363 45.5336 140.126 20 7
2010 9 27 3 9 46.8262 45.5717 141.139 17.3 6
2010 9 27 3 10 49.8042 45.5103 140.146 20.5 7
2010 9 27 3 11 13.4082 45.3916 140.263 14.6 5
2010 9 27 3 11 50.6266 42.9033 134.207 19.6 9
2010 9 27 3 12 13.583 45.5032 140.143 14.2 5
2010 9 27 3 12 56.5158 45.5298 140.207 18.7 6
2010 9 27 3 13 33.7674 45.5557 140.21 19.8 6
2010 9 27 3 14 10.4236 45.5285 140.278 8.3 5
2010 9 27 3 17 17.6955 45.4145 140.376 5.3 5
2010 9 27 3 20 50.1398 45.5873 140.288 21.1 6
2010 9 27 3 29 6.54733 45.8946 141.749 18 8
2010 9 27 3 29 6.76341 45.8894 141.76 18.8 7
2010 9 27 3 34 16.823 45.6498 140.474 13.8 5
2010 9 27 3 37 23.538 45.6254 140.537 0.6 5
2010 9 27 3 37 23.5894 45.6596 140.518 12.4 6
2010 9 27 3 37 26.0382 45.5622 140.234 0.7 5
2010 9 27 3 38 17.315 45.5557 140.994 10 6
2010 9 27 3 41 0.808765 45.6413 140.758 24.6 6
2010 9 27 3 41 0.808794 45.5507 141.039 3.4 5
2010 9 27 3 46 6.33777 45.8965 141.722 12.3 6
2010 9 27 3 54 39.0176 45.8212 141.358 24.6 7
2010 9 27 3 55 22.6123 45.7424 140.762 5.5 5
2010 9 27 3 59 1.18966 45.6084 141.068 5.6 5
2010 9 27 4 0 51.0341 45.8054 140.75 18.7 6
2010 9 27 4 9 56.6604 45.7776 140.893 16.1 8
2010 9 27 4 11 55.362 45.6842 141.116 5.7 5
2010 9 27 4 16 26.7293 45.8942 141.681 6.6 5
2010 9 27 4 16 26.9232 45.7609 141.257 8.6 5
2010 9 27 4 18 7.08233 45.7007 141.301 8.2 5
2010 9 27 4 18 7.30457 45.7119 141.251 15.7 5
2010 9 27 4 26 2.37469 45.6548 141.346 9.3 6
2010 9 27 4 26 2.55763 45.7263 141.349 13.5 5
2010 9 27 4 26 44.6392 45.6946 141.364 17 9
2010 9 27 4 27 8.69276 45.9326 141.037 11.7 6
2010 9 27 4 31 5.4592 45.7577 141.299 27 7
2010 9 27 4 38 45.9008 43.0093 135.801 16.4 7
2010 9 27 4 38 48.834 45.889 141.392 27 7
2010 9 27 4 38 48.9088 45.8781 141.54 17.6 9
2010 9 27 4 40 0.357738 44.769 140.643 13.8 7
2010 9 27 4 42 14.3279 43.0689 135.821 20.9 5
2010 9 27 4 44 57.6494 44.7617 140.651 16.4 8
2010 9 27 4 51 45.873 46.1089 141.401 20.9 5
2010 9 27 4 54 21.7882 45.7844 141.625 16.6 9
2010 9 27 4 55 11.2938 45.3602 140.639 22.1 5
2010 9 27 5 16 40.7859 43.4324 135.298 17.4 5
2010 9 27 5 19 26.9656 45.4691 140.832 22.4 5
2010 9 27 5 21 14.3764 43.3249 136.087 10.6 6
2010 9 27 5 23 47.7235 43.3269 136.069 17.5 6
2010 9 27 5 39 6.6006 45.4582 140.81 20.8 9
2010 9 27 5 43 39.6743 45.5926 141.052 11.3 6
2010 9 27 5 43 39.6744 45.6027 141.263 22.6 5
2010 9 27 6 35 58.672 44.8997 140.102 13.6 6
2010 9 27 6 37 23.6546 44.8755 140.068 18.2 9
2010 9 27 6 40 41.0785 44.8517 140.042 24 6
2010 9 27 6 40 41.0785 44.8204 140.002 7.6 5
2010 9 27 6 43 33.3198 44.995 139.933 7.9 5
2010 9 27 6 43 33.3198 44.9474 140.17 8.7 5
2010 9 27 6 49 2.57892 45.932 141.201 5.8 5
2010 9 27 6 52 14.5388 45.9178 141.221 19.4 6
2010 9 27 7 19 24.2322 45.0392 140.368 19 7
2010 9 27 7 22 45.2112 45.1758 140.923 19.2 5
2010 9 27 7 26 20.9069 45.0775 140.599 11.8 6
2010 9 27 7 35 57.2281 45.0829 140.59 17.4 8
2010 9 27 7 37 10.0427 45.2206 140.975 12.6 6
2010 9 27 7 38 28.4367 45.2341 140.971 18.2 7
2010 9 27 8 2 7.88235 45.2344 140.761 19.8 5
2010 9 27 8 6 48.1978 45.4099 141.083 20.6 5
2010 9 27 8 8 11.2847 42.3413 138.598 8.5 6
2010 9 27 8 8 11.2847 42.2186 138.978 16.5 7
2010 9 27 8 8 11.3293 42.2415 138.975 16.9 5
2010 9 27 8 9 59.3351 42.2308 139.026 21.3 8
2010 9 27 8 9 59.3771 42.2799 138.998 21.6 6
2010 9 27 8 10 31.6756 42.2431 139.039 15.5 6
2010 9 27 8 12 7.28835 42.3034 138.998 22.2 7
2010 9 27 8 12 24.4792 45.2424 141.137 27.5 8
2010 9 27 8 19 11.6256 43.5996 135.912 19.1 5
2010 9 27 8 19 14.6291 45.169 140.607 16 7
2010 9 27 8 19 14.8437 45.1315 140.575 17.9 5
2010 9 27 8 21 16.2591 45.2763 140.837 18.5 5
2010 9 27 8 23 34.6905 45.5583 141.16 14 7
2010 9 27 8 27 47.0592 45.3832 140.915 20.4 5
2010 9 27 8 30 27.7373 45.3557 141.241 21.2 6
2010 9 27 8 39 58.0773 45.6386 141.433 18.6 7
2010 9 27 8 39 58.2067 45.6275 141.391 9.4 6
2010 9 27 8 49 6.29327 45.4329 141.347 17.4 5
2010 9 27 8 52 47.9611 45.474 141.333 12.8 6
2010 9 27 9 12 14.438 45.5946 141.853 18.4 6
2010 9 27 9 14 10.075 45.6677 141.516 26.9 8
2010 9 27 9 17 41.6462 44.0242 136.605 22.7 5
2010 9 27 9 19 53.6999 45.6828 141.529 23.3 5
2010 9 27 9 24 1.80378 45.5407 141.411 16.2 6
2010 9 27 9 29 39.5481 45.7919 141.704 10 5
2010 9 27 9 32 35.9969 45.5772 141.503 17.5 7
2010 9 27 9 34 15.6091 44.0959 136.765 9 5
2010 9 27 9 36 2.32126 45.6178 141.468 24.2 5
2010 9 27 9 55 31.562 45.3475 141.471 6.8 6
2010 9 27 10 2 17.352 43.7543 136.549 10.5 5
2010 9 27 10 5 22.0559 42.5491 130.968 18.1 5
2010 9 27 10 6 47.5285 41.6944 138.386 22 5
2010 9 27 10 9 56.3005 41.7371 138.511 26.6 5
2010 9 27 10 13 8.06062 43.2601 131.944 17.5 5
2010 9 27 10 22 5.62806 43.9339 136.743 25.8 7
2010 9 27 10 23 56.3413 45.4037 141.509 16.6 5
2010 9 27 10 24 30.3236 43.9742 136.66 7.7 5
2010 9 27 10 26 51.955 42.6518 131.082 15.6 5
2010 9 27 10 38 19.1012 43.8486 136.92 5.1 5
2010 9 27 10 38 22.2198 41.7952 138.238 24.5 7
2010 9 27 10 38 26.973 44.2638 137.486 26.2 5
2010 9 27 10 57 36.8963 42.8684 139.021 18.7 5
2010 9 27 10 58 49.6815 42.9379 139.094 24.1 5
2010 9 27 11 1 5.89403 43.6318 138.853 27.4 5
2010 9 27 11 2 17.9222 42.8791 132.005 21.8 5
2010 9 27 11 5 56.6962 43.6167 138.9 12.6 6
2010 9 27 11 6 48.5637 42.8174 131.735 25.7 5
2010 9 27 11 6 48.8963 42.7208 131.66 15.8 7
2010 9 27 11 10 53.1903 42.8944 131.862 24 7
2010 9 27 11 14 18.9136 42.8269 131.804 24.8 5
2010 9 27 11 17 47.7473 42.8568 131.87 19.2 5
2010 9 27 11 20 43.1818 44.5372 137.161 9.2 5
2010 9 27 11 21 30.0162 42.7468 131.679 22.1 6
2010 9 27 11 24 56.9358 42.6738 131.67 19.2 5
2010 9 27 11 26 40.4214 42.659 138.907 24.7 8
2010 9 27 11 28 44.8302 44.0073 136.777 17.7 6
2010 9 27 11 31 59.4668 42.7007 131.707 22.2 5
2010 9 27 11 32 12.7774 45.1474 141.256 21.4 6
2010 9 27 11 33 17.0873 43.2069 132.178 18 5
2010 9 27 11 34 9.84007 43.1699 132.181 12.3 5
2010 9 27 11 38 5.1405 42.9593 132.002 18.5 6
2010 9 27 11 41 50.7132 44.2185 137.107 21.5 6
2010 9 27 11 42 14.4194 42.811 131.703 26.9 8
2010 9 27 11 43 20.6365 45.241 141.433 1.7 5
2010 9 27 11 44 19.2248 42.3542 131.236 22.9 6
2010 9 27 11 45 16.5506 42.5921 131.277 15.5 5
2010 9 27 11 46 15.1517 45.283 141.418 12.7 5
2010 9 27 11 46 15.1517 45.3328 141.442 20.6 7
2010 9 27 11 46 52.3506 43.6498 136.263 14.2 5
2010 9 27 11 48 36.6217 45.2386 141.471 2.4 5
2010 9 27 11 49 9.7096 42.7602 138.993 29.3 5
2010 9 27 11 50 6.02574 43.0819 139.468 7.4 5
2010 9 27 11 50 6.02577 43.2009 139.46 23.2 5
2010 9 27 11 51 23.15 45.322 141.487 3.3 5
2010 9 27 11 52 30.0752 43.1621 132.135 21.1 6
2010 9 27 11 54 44.3104 42.3997 131.389 19.1 5
2010 9 27 11 54 50.1287 45.3006 141.447 29 7
2010 9 27 11 54 56.8975 44.2263 137.014 20.1 5
2010 9 27 11 55 11.6822 43.769 136.274 26.8 7
2010 9 27 11 57 1.36754 42.6837 131.726 23.1 5
2010 9 27 11 58 55.4763 42.6661 131.795 18.5 6
2010 9 27 11 59 1.76914 42.0477 131.044 23.2 5
2010 9 27 12 1 26.3437 43.0185 132.123 17.2 5
2010 9 27 12 2 59.4319 42.9931 132.065 17.1 6
2010 9 27 12 5 5.43847 42.5508 131.526 20.3 8
2010 9 27 12 5 26.3328 43.8337 136.378 15.5 5
2010 9 27 12 6 53.5672 43.0143 132.158 21.3 5
2010 9 27 12 7 41.1244 42.9189 139.068 9.5 6
2010 9 27 12 9 58.9188 43.0366 132.099 19.3 6
2010 9 27 12 10 20.5483 42.7155 131.78 22.3 5
2010 9 27 12 10 20.5897 42.6991 131.79 19.6 6
2010 9 27 12 10 27.8472 42.1218 131.194 16.9 5
2010 9 27 12 11 36.5447 43.2357 132.209 20.6 5
2010 9 27 12 12 25.6771 42.4866 131.596 22 5
2010 9 27 12 13 6.84724 42.5428 131.694 9.7 5
2010 9 27 12 13 54.6105 42.6691 131.837 17.5 5
2010 9 27 12 14 58.8646 42.9783 132.129 17.1 5
2010 9 27 12 15 32.6455 42.3151 131.346 26.5 11
2010 9 27 12 16 15.1272 42.8694 132.049 23.1 5
2010 9 27 12 17 3.77708 42.3764 131.479 22 5
2010 9 27 12 17 32.1371 42.5255 131.678 23.8 8
2010 9 27 12 17 32.1371 42.5888 131.666 17.9 7
2010 9 27 12 17 56.8483 42.9588 139.118 20.3 5
2010 9 27 12 18 5.17996 43.0008 132.284 23.6 6
2010 9 27 12 18 5.25093 43.0206 132.156 20.8 8
2010 9 27 12 18 24.3732 42.411 131.157 27.3 6
2010 9 27 12 18 46.1004 43.2359 132.236 17.2 5
2010 9 27 12 19 5.65201 43.0072 132.192 18.9 5
2010 9 27 12 19 5.73841 42.9401 132.123 13.6 5
2010 9 27 12 20 51.3812 42.6898 131.851 16.9 5
2010 9 27 12 22 19.3158 42.4278 131.542 12.4 9
2010 9 27 12 23 9.85684 42.7793 131.952 20.4 5
2010 9 27 12 23 9.88739 42.7565 131.96 17.2 6
2010 9 27 12 23 46.1632 42.6844 131.78 26.7 5
2010 9 27 12 23 46.1633 42.7933 131.84 26.3 6
2010 9 27 12 24 22.7252 42.8094 131.842 9.7 5
2010 9 27 12 24 22.9418 42.8107 131.869 24.6 6
2010 9 27 12 27 38.1584 43.1097 132.261 17.3 5
2010 9 27 12 27 42.8127 42.8569 132.019 21 5
2010 9 27 12 28 6.42543 44.1054 136.646 8.3 5
2010 9 27 12 28 46.9659 42.7623 131.979 9.8 5
2010 9 27 12 29 13.9284 42.9278 139.196 10.6 5
2010 9 27 12 31 42.8344 42.7522 132.033 18.6 5
2010 9 27 12 32 16.0532 42.9205 139.407 5.4 5
2010 9 27 12 32 21.8419 42.9426 139.283 19 5
2010 9 27 12 33 57.3165 43.0548 132.26 13.6 5
2010 9 27 12 36 4.21213 42.252 131.389 20.6 6
2010 9 27 12 36 35.2279 42.189 131.36 15.5 6
2010 9 27 12 37 13.9806 42.7798 131.988 19.8 6
2010 9 27 12 37 19.695 42.2187 131.463 9.1 5
2010 9 27 12 37 19.7702 42.2473 131.333 24 8
2010 9 27 12 37 57.5631 42.8358 132.052 15.7 5
2010 9 27 12 39 40.3616 42.2253 131.381 17.3 8
2010 9 27 12 40 42.0049 42.8259 132.016 23.1 5
2010 9 27 12 42 17.2163 44.1431 136.754 14.7 5
2010 9 27 12 43 37.26 42.9439 132.099 19.8 6
2010 9 27 12 43 37.3806 42.9613 132.149 20.8 5
2010 9 27 12 46 42.2669 42.3327 131.406 20.9 6
2010 9 27 12 51 21.6765 44.1668 136.542 10.9 6
2010 9 27 12 52 57.1665 43.0116 139.232 8.7 5
2010 9 27 12 54 18.5792 42.4318 131.727 19 8
2010 9 27 12 55 1.39924 44.1261 136.767 10.5 5
2010 9 27 12 55 31.2439 43.037 132.296 16.3 7
2010 9 27 12 55 54.4991 42.1712 131.399 21.5 7
2010 9 27 12 55 57.6022 44.053 136.456 1.9 5
2010 9 27 12 59 12.8847 43.1456 139.421 19.8 6
2010 9 27 12 59 22.9477 42.8832 132.227 16.2 7
2010 9 27 12 59 48.4062 43.0766 139.355 8.6 6
2010 9 27 13 1 55.9188 42.9757 132.306 11.5 6
2010 9 27 13 2 58.5413 44.2112 136.811 4.7 5
2010 9 27 13 3 22.4737 42.4271 131.765 14.4 6
2010 9 27 13 3 22.4772 42.4786 131.745 18.8 8
2010 9 27 13 5 11.1219 44.0568 136.407 15.4 7
2010 9 27 13 6 2.69052 42.8232 132.367 15.4 5
2010 9 27 13 7 3.80018 42.827 132.138 17.3 8
2010 9 27 13 10 34.1177 42.3309 131.57 23.9 7
2010 9 27 13 13 18.8169 42.3736 131.703 13.9 6
2010 9 27 13 15 19.3487 44.2469 136.909 22.1 7
2010 9 27 13 28 39.7364 44.2886 136.554 8.1 6
2010 9 27 13 28 44.838 44.4297 136.92 4.3 5
2010 9 27 13 30 5.77971 44.2498 138.757 28.6 5
2010 9 27 13 32 40.168 43.3995 139.758 6.5 5
2010 9 27 13 34 16.295 44.3039 136.956 17.5 6
2010 9 27 13 37 31.4681 42.8476 132.409 15.7 5
2010 9 27 13 37 31.5647 42.6973 132.158 16 6
2010 9 27 13 38 42.5752 43.3587 139.741 11.7 6
2010 9 27 13 39 36.2282 44.3669 136.957 5 5
2010 9 27 13 40 21.4691 43.2309 139.609 0.9 5
2010 9 27 13 40 55.1769 44.3781 136.998 16.7 6
2010 9 27 13 40 57.5823 42.5816 132.082 14.6 5
2010 9 27 13 42 33.7738 44.2011 136.892 17.1 6
2010 9 27 13 44 54.7081 44.4463 139.303 6.8 5
2010 9 27 13 46 3.69531 44.3226 136.999 18.3 6
2010 9 27 13 46 3.72996 44.3955 136.98 10.6 5
2010 9 27 13 49 29.4642 44.4397 137.034 15.3 6
2010 9 27 13 53 46.8796 41.6855 131.477 9.5 5
2010 9 27 13 59 12.2768 43.4164 139.892 20.5 6
2010 9 27 13 59 12.3174 43.4999 139.865 11.1 5
2010 9 27 14 3 36.3555 43.3045 139.032 9.1 6
2010 9 27 14 4 51.1435 41.7808 131.52 13.6 6
2010 9 27 14 5 0.496778 45.2031 139.903 14.3 5
2010 9 27 14 6 30.8895 41.8846 131.609 17.7 7
2010 9 27 14 7 19.1842 42.7922 132.946 4.4 5
2010 9 27 14 10 51.5213 41.9104 131.743 19.1 7
2010 9 27 14 14 49.3634 43.6621 140.212 16.3 5
2010 9 27 14 15 55.9299 41.7992 131.602 14.1 6
2010 9 27 14 16 35.4747 42.9208 139.227 20.7 5
2010 9 27 14 18 42.7307 45.2867 139.937 13 6
2010 9 27 14 20 47.1185 44.6239 139.443 9.9 6
2010 9 27 14 21 23.2295 43.2464 139.054 22.3 7
2010 9 27 14 21 39.1739 43.4288 139.334 19.2 5
2010 9 27 14 22 16.8152 45.2913 140.392 5.9 5
2010 9 27 14 31 43.1606 44.2268 138.881 19.2 6
2010 9 27 14 31 43.1816 44.2357 138.895 20.8 5
2010 9 27 14 31 43.2736 44.3206 138.86 27.4 6
2010 9 27 14 31 43.5717 45.344 140.021 10.7 9
2010 9 27 14 32 33.0362 40.4572 138.146 7.4 5
2010 9 27 14 36 17.4807 42.0077 131.888 16.7 9
2010 9 27 14 38 8.52653 42.8113 139.177 28 6
2010 9 27 14 41 4.05474 42.128 132.089 18.2 7
2010 9 27 14 46 15.3108 42.1929 132.113 15.4 7
2010 9 27 14 48 52.7405 44.5592 139.659 8.3 5
2010 9 27 14 51 36.9268 44.7071 139.488 4.9 6
2010 9 27 14 58 16.7905 42.9766 139.435 5.9 5
2010 9 27 15 0 9.8188 45.5171 140.442 7.7 5
2010 9 27 15 5 56.1102 40.5557 138.453 13.3 5
2010 9 27 15 6 29.6672 43.0306 139.23 13 5
2010 9 27 15 7 9.26645 45.521 140.412 7.2 6
2010 9 27 15 7 19.6399 44.6891 139.633 20.8 6
2010 9 27 15 12 56.7428 42.975 139.357 11.5 5
2010 9 27 15 15 31.7453 44.8358 139.747 20.2 9
2010 9 27 15 17 49.1247 44.8542 139.732 14.6 5
2010 9 27 15 18 33.0447 44.3998 139.021 11.3 5
2010 9 27 15 19 43.1839 41.6731 132.461 4.1 5
2010 9 27 15 24 50.2389 44.7963 139.748 22.6 6
2010 9 27 15 27 32.3967 43.0254 139.278 12.7 5
2010 9 27 15 29 23.0972 41.8379 132.399 27.1 6
2010 9 27 15 32 20.3757 44.8167 139.838 18.9 6
2010 9 27 15 35 40.4538 41.348 131.37 12.4 6
2010 9 27 15 36 40.222 44.8182 139.984 18.2 5
2010 9 27 15 36 58.01 43.1432 139.45 22.9 6
2010 9 27 15 37 59.0848 41.9477 132.789 24.7 8
2010 9 27 15 39 33.5457 43.9499 136.166 18.4 7
2010 9 27 15 39 45.2149 44.0118 136.637 15.8 5
2010 9 27 15 44 15.8445 44.1211 136.647 9.6 8
2010 9 27 15 44 28.6486 44.6807 139.143 15.2 8
2010 9 27 15 49 52.0049 42.0367 132.851 9.7 7
2010 9 27 15 50 8.45545 44.1744 136.742 9.3 5
2010 9 27 15 54 52.656 40.6917 138.659 7.3 5
2010 9 27 15 56 28.8341 40.6475 138.525 15.5 6
2010 9 27 15 56 31.5842 43.9138 136.667 7.8 5
2010 9 27 15 57 30.9643 43.7235 136.189 26 7
2010 9 27 15 57 45.007 43.2721 139.606 20.1 5
2010 9 27 15 57 45.0287 43.1656 139.564 9.5 5
2010 9 27 15 57 51.5485 44.2661 136.843 9.3 5
2010 9 27 15 58 46.6004 43.01 134.055 8.6 5
2010 9 27 16 0 32.3861 40.5737 138.528 9.4 6
2010 9 27 16 1 26.8381 43.784 136.201 11.4 6
2010 9 27 16 1 58.4986 40.6951 138.539 19.3 9
2010 9 27 16 3 38.8676 40.3673 138.186 13.4 5
2010 9 27 16 3 53.4138 43.9439 136.666 8.9 5
2010 9 27 16 4 52.9616 44.9803 139.883 6.6 5
2010 9 27 16 5 26.7764 43.3253 139.559 28.2 6
2010 9 27 16 7 11.991 45.0042 139.893 10.8 6
2010 9 27 16 7 51.4 45.1819 140.027 16.1 7
2010 9 27 16 9 11.9321 43.3227 139.596 11.7 9
2010 9 27 16 9 43.6873 46.1375 138.892 21.6 5
2010 9 27 16 9 50.124 44.9813 139.997 13.4 6
2010 9 27 16 10 17.7058 45.5648 138.636 14.9 5
2010 9 27 16 10 52.804 45.2162 139.988 13.8 7
2010 9 27 16 11 11.8805 46.1596 138.788 20.7 6
2010 9 27 16 13 38.5224 44.9616 139.44 7.7 5
2010 9 27 16 13 51.6365 44.9792 140.071 16.8 5
2010 9 27 16 16 50.5113 41.5837 132.83 8.2 5
2010 9 27 16 17 16.7535 43.2999 139.619 10.8 7
2010 9 27 16 19 6.94416 45.1284 139.557 22.1 5
2010 9 27 16 19 16.2444 45.7591 141.364 26.4 8
2010 9 27 16 19 47.3902 43.7723 136.723 26.7 6
2010 9 27 16 20 28.1334 45.2675 140.167 19.2 7
2010 9 27 16 20 35.5495 45.0312 140.096 16.5 6
2010 9 27 16 20 50.5606 45.6327 141.256 30 7
2010 9 27 16 20 58.0366 43.7667 136.655 26.8 8
2010 9 27 16 21 32.9555 40.5894 138.444 6.1 5
2010 9 27 16 21 49.6712 41.9439 133.07 9.4 6
2010 9 27 16 21 54.2661 45.2114 140.101 15.9 5
2010 9 27 16 21 54.2844 45.2269 140.222 10.3 5
2010 9 27 16 21 59.0292 43.7571 136.734 12.2 5
2010 9 27 16 23 40.2725 41.6096 132.58 21.1 7
2010 9 27 16 24 10.2602 43.8511 139.907 17.8 7
2010 9 27 16 25 39.6902 43.8224 136.346 7.8 5
2010 9 27 16 26 22.2466 41.4167 138.981 2.9 5
2010 9 27 16 27 16.9117 43.863 136.71 23.9 8
2010 9 27 16 27 41.7991 45.1651 139.693 9.9 5
2010 9 27 16 28 1.48769 43.1526 134.362 24.9 8
2010 9 27 16 28 47.7687 45.1864 140.085 19.9 6
2010 9 27 16 29 25.2121 40.9222 138.812 16.1 5
2010 9 27 16 29 25.6562 40.764 138.753 5.2 5
2010 9 27 16 29 25.697 40.7838 138.774 13.4 5
2010 9 27 16 29 35.258 45.1873 140.159 17.5 5
2010 9 27 16 29 56.8956 45.2224 139.701 28.6 5
2010 9 27 16 30 19.3077 44.1607 136.784 13.5 7
2010 9 27 16 32 57.1616 42.1984 133.346 17.5 7
2010 9 27 16 33 19.1376 41.6231 132.84 18.2 5
2010 9 27 16 33 36.2511 40.6236 138.587 6.9 5
2010 9 27 16 35 2.41445 43.4535 139.471 15.7 7
2010 9 27 16 35 47.4262 40.9541 138.922 10.8 5
2010 9 27 16 36 11.3398 43.2399 134.469 10 5
2010 9 27 16 36 44.1132 44.1711 136.898 14 6
2010 9 27 16 38 6.38946 44.2271 136.825 25.6 5
2010 9 27 16 38 8.67296 44.3677 137.026 17.3 7
2010 9 27 16 38 59.7632 45.1882 140.147 17.5 7
2010 9 27 16 39 1.13504 45.7937 138.753 18 6
2010 9 27 16 39 1.35617 45.7715 138.761 16.7 6
2010 9 27 16 39 36.4456 41.8112 133.107 23.5 10
2010 9 27 16 40 44.4306 45.9428 140.956 15.3 7
2010 9 27 16 41 5.24145 41.3651 132.757 28.7 7
2010 9 27 16 41 13.501 44.2177 136.835 7.6 6
2010 9 27 16 42 28.184 44.2194 136.832 11 5
2010 9 27 16 43 5.35782 42.0361 133.348 22.7 10
2010 9 27 16 43 58.646 45.7428 140.437 20.1 7
2010 9 27 16 43 58.6931 45.7188 140.469 11.7 5
2010 9 27 16 44 20.5105 44.3021 136.851 23.4 6
2010 9 27 16 44 20.5441 44.3636 136.963 28.1 6
2010 9 27 16 45 31.4193 44.4245 137.054 26.9 9
2010 9 27 16 45 40.3282 44.2868 136.847 10.3 5
2010 9 27 16 45 40.3282 44.4413 136.854 22.3 5
2010 9 27 16 47 18.3283 44.3122 137.12 29.9 5
2010 9 27 16 47 59.0902 44.1842 136.841 26.6 5
2010 9 27 16 48 12.6008 40.6844 138.538 20.8 6
2010 9 27 16 48 27.9653 45.2688 140.211 13.7 5
2010 9 27 16 49 26.0358 44.3714 136.922 27.8 8
2010 9 27 16 49 30.2057 41.3513 132.837 16.9 8
2010 9 27 16 49 31.6012 44.6223 137.171 29.5 5
2010 9 27 16 50 4.93337 42.0234 133.453 16.1 7
2010 9 27 16 50 4.93773 42.0794 133.71 24.4 6
2010 9 27 16 50 52.1144 44.3283 137.043 9.2 5
2010 9 27 16 51 14.8685 40.5868 138.452 16.4 6
2010 9 27 16 52 2.22699 42.0328 133.383 29.5 7
2010 9 27 16 52 2.26002 42.0414 133.657 10.9 5
2010 9 27 16 52 2.3518 41.9633 133.435 7.6 5
2010 9 27 16 52 24.4621 44.4207 137.107 18.7 6
2010 9 27 16 53 39.1437 45.4007 140.186 25.9 8
2010 9 27 16 54 9.17502 44.2299 136.492 30 5
2010 9 27 16 54 28.7581 40.6719 138.553 22.6 7
2010 9 27 16 55 52.8365 43.9571 136.754 18.9 7
2010 9 27 16 57 47.1026 45.2008 140.14 13.2 6
2010 9 27 16 58 6.19426 45.9182 140.774 11.5 5
2010 9 27 16 58 31.9141 45.6841 140.466 13.6 5
2010 9 27 16 58 32.4083 44.3602 136.956 13.2 6
2010 9 27 16 58 32.4268 44.3445 136.952 13.3 5
2010 9 27 16 58 32.4488 44.4147 136.986 19.2 7
2010 9 27 17 0 40.7167 44.2077 136.837 26.3 6
2010 9 27 17 1 37.3938 45.7896 140.876 13 6
2010 9 27 17 2 23.2199 44.0145 136.844 29.1 9
2010 9 27 17 2 25.2399 45.2561 140.359 19.2 5
2010 9 27 17 3 57.5615 45.2451 139.732 27.2 9
2010 9 27 17 3 58.2008 45.2502 140.22 21.4 5
2010 9 27 17 4 0.169147 44.1169 136.862 10.4 5
2010 9 27 17 4 10.6252 43.4657 139.322 24.9 5
2010 9 27 17 4 30.5439 45.8376 140.559 25.1 7
2010 9 27 17 5 23.9129 44.1433 136.869 6.2 5
2010 9 27 17 6 38.7548 45.8685 140.659 12.7 5
2010 9 27 17 7 14.0351 44.2333 136.856 25 8
2010 9 27 17 7 14.0727 44.2055 136.855 25 7
2010 9 27 17 7 14.1583 44.1995 136.907 23.7 5
2010 9 27 17 8 15.6565 46.0706 138.938 15.4 6
2010 9 27 17 8 27.7572 45.1613 140.143 12.9 5
2010 9 27 17 10 51.0027 45.8662 140.563 27.3 5
2010 9 27 17 11 14.1909 45.2845 140.267 24.9 6
2010 9 27 17 11 56.6064 43.494 139.494 26.7 5
2010 9 27 17 12 12.1556 44.4708 137.564 12.4 5
2010 9 27 17 13 57.2753 44.2958 136.552 29.1 7
2010 9 27 17 14 17.8266 45.8477 140.61 16.6 5
2010 9 27 17 15 1.56587 45.9239 140.856 25.3 5
2010 9 27 17 15 25.5893 45.9836 139.027 24.1 6
2010 9 27 17 16 16.8234 45.8211 141.404 17.8 5
2010 9 27 17 17 17.3608 45.8759 140.638 21.9 7
2010 9 27 17 17 27.626 44.0872 136.86 15.4 5
2010 9 27 17 17 27.6457 44.0661 136.938 14.6 5
2010 9 27 17 18 15.0909 45.8938 140.502 17.5 5
2010 9 27 17 20 30.8877 43.4447 139.691 16.4 6
2010 9 27 17 20 46.541 45.8444 141.106 19.7 8
2010 9 27 17 20 46.5423 45.8277 141.107 28.3 5
2010 9 27 17 20 56.3694 44.2964 137.015 20.4 5
2010 9 27 17 21 13.1711 40.9027 138.74 3.5 5
2010 9 27 17 21 34.1986 44.7978 137.392 18.7 8
2010 9 27 17 21 54.345 45.8179 138.87 17.2 5
2010 9 27 17 22 30.8441 44.0608 136.957 19.4 7
2010 9 27 17 22 33.6228 44.2448 137.242 12.1 5
2010 9 27 17 22 45.704 45.467 140.384 28.7 6
2010 9 27 17 23 1.71231 44.0307 136.991 23.3 5
2010 9 27 17 23 51.7668 44.7644 137.582 2.3 5
2010 9 27 17 24 6.62337 46.0963 139.059 14.8 6
2010 9 27 17 24 7.20929 46.2657 139.122 23.4 6
2010 9 27 17 25 51.8451 43.5385 139.516 20.1 6
2010 9 27 17 25 51.8966 43.5346 139.838 14.2 5
2010 9 27 17 25 51.9221 43.597 139.546 28.7 7
2010 9 27 17 26 6.18966 44.2939 136.991 29.3 5
2010 9 27 17 26 6.33643 44.3008 137.066 24.5 5
2010 9 27 17 27 37.1538 45.73 140.533 24.1 6
2010 9 27 17 27 56.8288 45.4586 140.441 17.3 6
2010 9 27 17 27 56.9051 45.4941 140.526 18.1 7
2010 9 27 17 28 29.5082 43.6488 139.529 25.7 8
2010 9 27 17 28 41.3497 45.6184 140.483 27.8 8
2010 9 27 17 29 5.13358 46.0081 140.52 26.4 8
2010 9 27 17 30 58.9563 46.1056 141.616 25.7 7
2010 9 27 17 31 1.897 45.4113 140.413 21.2 5
2010 9 27 17 31 1.91891 45.4954 140.537 25.2 5
2010 9 27 17 31 21.7146 44.3053 137.053 16.9 5
2010 9 27 17 31 21.7656 44.3148 137.052 19.5 5
2010 9 27 17 31 52.7851 45.6065 140.415 27.7 6
2010 9 27 17 32 28.1451 45.5377 140.486 14.4 5
2010 9 27 17 32 40.0946 43.6192 139.599 28 7
2010 9 27 17 32 57.6604 44.1473 137.032 21.3 6
2010 9 27 17 33 32.1948 45.8827 141.183 15.8 7
2010 9 27 17 34 54.6429 44.673 137.555 20 6
2010 9 27 17 35 31.1122 43.5798 139.4 17 7
2010 9 27 17 37 12.6968 44.3787 137.06 23.9 5
2010 9 27 17 39 8.62983 45.4224 140.451 28.9 5
2010 9 27 17 39 8.70986 43.7127 139.62 24 10
2010 9 27 17 39 28.8547 43.7122 139.506 24.4 5
2010 9 27 17 39 39.083 45.4506 140.442 27.7 5
2010 9 27 17 40 22.0754 44.3022 137.76 12 5
2010 9 27 17 41 6.70334 45.9219 141.191 19.4 6
2010 9 27 17 41 47.7577 44.4405 137.108 29.3 6
2010 9 27 17 42 4.94288 45.3598 140.448 24 9
2010 9 27 17 42 26.1377 45.4113 140.465 26.2 7
2010 9 27 17 42 28.7995 44.5683 137.414 18.7 6
2010 9 27 17 42 33.4189 44.4635 137.226 19.1 8
2010 9 27 17 42 38.1997 45.7087 140.546 22.5 7
2010 9 27 17 42 42.0344 46.0485 140.518 19.1 6
2010 9 27 17 42 50.4425 41.1577 139.034 27.8 5
2010 9 27 17 43 30.3741 45.4279 140.447 28.5 6
2010 9 27 17 43 57.3322 44.4438 137.172 22.7 8
2010 9 27 17 44 34.4153 45.653 140.658 20 6
2010 9 27 17 44 55.5766 43.6813 136.728 25.5 7
2010 9 27 17 45 29.2749 45.4363 140.474 5.2 5
2010 9 27 17 45 29.7491 45.5151 140.427 21.4 9
2010 9 27 17 45 49.7821 44.687 137.272 26.4 5
2010 9 27 17 46 0.03059 44.7301 137.567 16.1 5
2010 9 27 17 46 1.23636 44.3235 137.166 15 5
2010 9 27 17 46 39.4317 45.4559 140.49 20.7 5
2010 9 27 17 47 18.8185 44.7764 137.619 24.2 8
2010 9 27 17 47 41.8459 45.4236 140.489 26.8 9
2010 9 27 17 47 44.8374 44.388 137.177 13.3 5
2010 9 27 17 47 54.8201 43.1838 134.844 16.7 5
2010 9 27 17 50 1.94262 43.2184 134.972 24.2 5
2010 9 27 17 50 14.9998 45.5602 140.517 22.7 8
2010 9 27 17 52 11.3713 45.9679 141.174 23.7 6
2010 9 27 17 52 19.0735 44.901 137.868 25.3 5
2010 9 27 17 52 30.8528 44.811 137.548 28.3 7
2010 9 27 17 52 34.6428 40.7306 138.391 22.1 9
2010 9 27 17 52 34.9946 44.3383 137.171 23.2 7
2010 9 27 17 53 18.7487 40.584 138.17 20.9 6
2010 9 27 17 54 37.3267 45.947 141.258 16.6 6
2010 9 27 17 57 48.4718 44.3826 137.246 29.6 7
2010 9 27 17 58 6.22262 45.954 141.192 15 6
2010 9 27 17 58 17.8304 45.7417 140.617 15.3 7
2010 9 27 17 58 44.6676 44.4602 137.26 20.9 6
2010 9 27 17 58 45.2382 43.592 139.167 17.1 5
2010 9 27 17 58 51.0215 43.6979 139.744 10 5
2010 9 27 17 59 10.7569 45.9536 141.441 14.2 6
2010 9 27 18 1 41.6054 44.869 137.68 18.6 7
2010 9 27 18 2 52.4773 44.4232 137.282 12.5 5
2010 9 27 18 2 59.1203 43.0324 134.819 23.9 10
2010 9 27 18 3 13.0837 44.7973 137.599 19.4 9
2010 9 27 18 4 4.08745 43.7926 139.978 18.2 6
2010 9 27 18 5 18.068 45.8066 140.822 20 8
2010 9 27 18 6 41.8283 45.5809 140.658 7.1 5
2010 9 27 18 7 32.4019 44.6946 137.575 19.2 5
2010 9 27 18 7 36.7402 44.6255 137.806 12.2 5
2010 9 27 18 7 58.3408 46.0647 141.303 16.5 5
2010 9 27 18 7 58.5726 46.0285 141.609 13.3 6
2010 9 27 18 7 58.7693 46.0976 141.552 20 8
2010 9 27 18 8 41.0069 44.9382 137.726 21.4 8
2010 9 27 18 9 36.9666 45.9116 141.141 8.6 5
2010 9 27 18 11 4.39016 43.1333 135.07 8.4 5
2010 9 27 18 13 23.9991 45.2177 137.744 23 6
2010 9 27 18 13 24.1264 44.949 137.609 3.7 5
2010 9 27 18 14 19.557 44.9482 137.847 15.5 5
2010 9 27 18 14 47.9484 44.4718 137.449 19 5
2010 9 27 18 15 17.8584 43.1239 134.977 24.8 9
2010 9 27 18 16 24.5594 45.0649 137.721 18.7 5
2010 9 27 18 17 0.681148 44.6567 137.67 18.4 6
2010 9 27 18 18 22.0065 43.1689 134.991 20.2 7
2010 9 27 18 18 49.7067 45.9822 141.138 16.4 5
2010 9 27 18 19 9.04393 40.7441 138.417 19.7 6
2010 9 27 18 19 14.3849 43.5735 139.095 19 6
2010 9 27 18 19 24.6792 45.6248 140.707 8.8 5
2010 9 27 18 19 24.9795 45.5975 140.706 20.2 7
2010 9 27 18 20 35.8101 43.1314 134.968 21.7 11
2010 9 27 18 22 54.5047 43.856 136.866 22.9 9
2010 9 27 18 22 59.8347 43.8786 139.882 18.4 8
2010 9 27 18 23 30.4878 45.7457 140.723 21.2 7
2010 9 27 18 25 55.0635 46.0436 141.163 20 7
2010 9 27 18 26 54.2111 45.8948 140.645 21.7 8
2010 9 27 18 27 36.9526 43.273 135.059 20.9 8
2010 9 27 18 27 37.9001 43.1135 134.753 18.4 5
2010 9 27 18 33 6.15399 45.9211 141.137 20.5 7
2010 9 27 18 33 14.1057 44.7377 137.795 23.1 5
2010 9 27 18 35 56.6976 44.1469 135.904 18.3 5
2010 9 27 18 36 23.278 44.0846 140.069 23.1 7
2010 9 27 18 36 47.6211 45.366 137.605 13.9 5
2010 9 27 18 38 56.221 45.123 137.925 14.9 5
2010 9 27 18 39 10.0287 43.8632 140.066 12.7 7
2010 9 27 18 39 53.5108 45.9703 141.111 17.9 7
2010 9 27 18 42 29.3332 45.6573 140.435 14.4 5
2010 9 27 18 44 44.244 46.1699 141.362 17.4 6
2010 9 27 18 44 44.2601 46.146 141.376 14.1 6
2010 9 27 18 46 7.27236 44.9447 138.196 15.3 5
2010 9 27 18 46 40.1401 44.5976 137.566 24.5 10
2010 9 27 18 48 30.8222 45.6609 140.393 18.5 6
2010 9 27 18 51 52.8205 44.1348 136.012 18.7 5
2010 9 27 18 52 16.0491 44.649 137.732 21.5 5
2010 9 27 18 52 44.2128 40.7795 138.595 11.7 5
2010 9 27 18 53 17.4393 46.4934 139.735 8.7 8
2010 9 27 18 53 49.6756 44.596 137.678 18.1 7
2010 9 27 18 55 41.0318 46.1827 141.447 21.3 6
2010 9 27 18 55 41.0816 46.1104 141.464 13.6 5
2010 9 27 18 56 9.60242 45.7056 140.346 19.7 8
2010 9 27 18 56 29.3761 44.5953 137.747 16.6 5
2010 9 27 18 56 59.4885 46.2116 141.281 22.4 6
2010 9 27 18 57 27.3276 45.3873 138.069 17.3 7
2010 9 27 18 58 22.215 44.6307 137.745 20.7 10
2010 9 27 18 59 11.0735 39.9859 137.961 18.1 7
2010 9 27 18 59 12.8867 44.8211 137.977 12.4 6
2010 9 27 18 59 15.3966 43.6112 136.718 21.9 8
2010 9 27 19 0 11.3648 46.3465 141.515 21.7 8
2010 9 27 19 3 17.3569 45.7617 140.495 13.7 6
2010 9 27 19 4 49.895 46.0735 141.325 10.7 5
2010 9 27 19 6 25.1988 46.3101 141.398 18 5
2010 9 27 19 9 6.86684 46.0997 141.565 24.6 9
2010 9 27 19 10 11.1462 44.6845 137.951 11.4 5
2010 9 27 19 11 9.21642 46.0734 141.227 21.1 9
2010 9 27 19 11 9.31471 46.0972 141.391 18.3 9
2010 9 27 19 11 9.48257 46.3919 141.702 25 7
2010 9 27 19 12 15.2097 44.3718 137.498 14.7 5
2010 9 27 19 12 24.2419 44.2584 137.034 24.4 6
2010 9 27 19 14 28.5295 46.1067 141.47 17.4 5
2010 9 27 19 14 28.547 46.1168 141.435 16.9 6
2010 9 27 19 15 48.1633 46.2405 141.351 14.8 8
2010 9 27 19 19 3.99098 46.0165 141.206 16.6 8
2010 9 27 19 21 3.36004 44.7545 137.964 15.7 7
2010 9 27 19 30 2.90422 44.9372 138.181 13.3 7
2010 9 27 19 31 18.6392 46.1986 141.485 10.2 6
2010 9 27 19 33 16.075 45.2224 138.427 12 5
2010 9 27 19 33 47.5106 43.8927 136.97 23.1 7
2010 9 27 19 34 32.0896 43.6979 136.945 13.1 6
2010 9 27 19 35 16.8027 44.435 136.422 17.4 6
2010 9 27 19 38 36.1034 44.377 136.475 11.9 7
2010 9 27 19 39 19.3631 43.9699 137.037 2.7 5
2010 9 27 19 39 34.206 46.3676 141.636 14.5 5
2010 9 27 19 39 34.5884 46.3103 141.724 22.2 5
2010 9 27 19 40 7.68461 44.3162 140.534 21.1 5
2010 9 27 19 45 3.69268 46.8817 140.02 16.5 5
2010 9 27 19 45 7.5019 44.292 140.503 15.6 5
2010 9 27 19 45 33.177 44.0131 139.403 18.3 8
2010 9 27 19 46 15.3861 40.7793 138.609 16.3 5
2010 9 27 19 48 52.9416 44.5799 137.486 19 6
2010 9 27 19 51 30.6342 45.3362 138.612 16.4 7
2010 9 27 19 51 30.6991 45.3793 138.404 17.9 5
2010 9 27 19 54 42.2727 44.9909 139.461 20.9 8
2010 9 27 20 0 27.6291 43.2431 136.889 13.1 5
2010 9 27 20 3 1.59798 45.0656 139.594 16.2 5
2010 9 27 20 3 41.1786 44.0867 139.771 14.5 6
2010 9 27 20 6 52.8034 43.8102 137.241 11.7 5
2010 9 27 20 8 43.0637 43.8414 137.201 7.4 7
2010 9 27 20 10 54.0298 44.1954 137.339 11.4 5
2010 9 27 20 12 41.8816 41.1408 139.208 14.3 7
2010 9 27 20 13 21.4338 44.6356 140.81 20.4 8
2010 9 27 20 18 3.18689 45.1053 139.684 14 5
2010 9 27 20 18 59.7323 45.1099 139.666 10.8 6
2010 9 27 20 19 11.3872 43.8772 137.262 15.7 6
2010 9 27 20 20 44.0288 46.1093 141.173 16.8 7
2010 9 27 20 20 44.2052 46.201 141.136 15.3 6
2010 9 27 20 21 5.27302 44.5474 140.465 19.2 6
2010 9 27 20 21 5.35211 44.5301 140.514 3.9 5
2010 9 27 20 22 9.07647 45.1732 139.685 14.3 6
2010 9 27 20 23 50.0808 44.3511 139.995 6.9 6
2010 9 27 20 29 15.1613 44.4172 137.593 5.9 5
2010 9 27 20 30 3.98597 44.7873 137.774 14 6
2010 9 27 20 30 29.7065 45.792 139.032 11.7 5
2010 9 27 20 32 54.8688 44.5511 137.774 11.4 6
2010 9 27 20 32 54.9199 44.5426 137.792 5.3 5
2010 9 27 20 33 24.1161 44.5653 140.707 4.8 5
2010 9 27 20 34 29.1073 45.2431 139.579 15.1 7
2010 9 27 20 38 51.9305 44.3585 137.651 5.2 5
2010 9 27 20 39 17.7757 44.8451 137.844 10.7 7
2010 9 27 20 39 22.4255 45.2446 139.634 12.3 7
2010 9 27 20 40 37.8913 43.6096 137.178 10.8 5
2010 9 27 20 40 37.9135 43.6203 137.234 11.6 6
2010 9 27 20 43 59.685 45.3196 139.603 7 5
2010 9 27 20 44 1.12683 44.4984 137.759 3.2 5
2010 9 27 20 44 23.778 44.716 140.691 6.6 5
2010 9 27 20 45 49.8525 44.4647 136.946 5.7 5
2010 9 27 20 45 59.977 44.6044 137.873 3 5
2010 9 27 20 47 14.6878 44.6534 137.877 5.1 5
2010 9 27 20 47 27.6595 43.6962 137.249 8 5
2010 9 27 20 51 5.86466 45.576 138.851 4.2 5
2010 9 27 20 52 17.9903 44.3312 137.603 14.7 5
2010 9 27 20 52 44.8641 44.5643 137.896 7.3 5
2010 9 27 20 55 13.3646 46.0648 139.823 5.2 5
2010 9 27 20 55 13.4142 46.0457 139.802 4.8 5
2010 9 27 20 55 16.7405 45.2648 138.881 6.3 6
2010 9 27 20 56 38.0472 45.2891 138.883 14.8 6
2010 9 27 20 57 36.9336 44.7708 137.956 11.7 6
2010 9 27 20 57 44.3926 45.8737 139.14 6.1 5
2010 9 27 20 59 29.1094 44.795 137.965 16.1 6
2010 9 27 20 59 56.2682 45.5458 139.898 14.5 5
2010 9 27 20 59 57.2764 44.3696 139.936 14.2 5
2010 9 27 21 0 17.6633 46.1038 139.798 15.5 8
2010 9 27 21 0 58.9925 44.7648 140.83 6.2 5
2010 9 27 21 1 3.22364 44.3469 139.956 9 5
2010 9 27 21 1 41.6635 44.5883 137.871 15.2 5
2010 9 27 21 4 31.3086 43.8781 137.356 15 7
2010 9 27 21 5 0.74954 44.8465 137.923 17.7 6
2010 9 27 21 6 39.0595 46.1192 139.696 7.2 5
2010 9 27 21 7 25.1136 44.8299 137.95 12.5 6
2010 9 27 21 9 9.72254 45.4923 139.751 4.2 5
2010 9 27 21 11 37.3946 44.9341 138.022 19.5 5
2010 9 27 21 12 10.1074 44.1569 137.599 10 9
2010 9 27 21 12 10.128 44.1687 137.648 14.5 8
2010 9 27 21 13 39.1587 45.5864 139.937 14.5 9
2010 9 27 21 15 21.3907 44.1659 137.646 10.6 5
2010 9 27 21 17 31.4199 41.2738 139.35 15.2 6
2010 9 27 21 18 49.6631 46.007 141.283 16.3 7
2010 9 27 21 20 14.8073 46.019 141.318 16.4 6
2010 9 27 21 21 25.2242 45.1978 141.319 6.2 5
2010 9 27 21 21 31.7524 44.0083 137.518 8.2 5
2010 9 27 21 21 47.1423 46.0625 141.326 18.8 5
2010 9 27 21 21 47.2742 46.055 141.32 18.3 5
2010 9 27 21 21 52.0232 44.7535 140.776 20.8 5
2010 9 27 21 21 52.1387 44.8963 140.848 14.4 6
2010 9 27 21 22 34.8087 41.2841 139.385 10.4 5
2010 9 27 21 22 51.4272 44.5272 139.849 13.8 5
2010 9 27 21 22 53.9316 46.055 141.338 13.4 5
2010 9 27 21 22 54.0516 46.0601 141.375 10.7 5
2010 9 27 21 23 58.8191 45.1391 141.199 15.4 7
2010 9 27 21 27 26.8788 44.5905 137.889 15.8 7
2010 9 27 21 27 27.1102 46.0899 141.041 14.6 5
2010 9 27 21 27 58.6878 46.0459 139.29 5.6 5
2010 9 27 21 28 13.5574 44.9749 140.895 17.2 8
2010 9 27 21 29 10.6915 46.2681 139.961 17.9 7
2010 9 27 21 29 34.4776 44.5276 137.915 16.6 7
2010 9 27 21 29 34.4969 44.5354 137.912 11.3 5
2010 9 27 21 29 34.5201 44.527 137.915 11.9 5
2010 9 27 21 31 53.6162 44.5936 137.979 18.4 6
2010 9 27 21 31 58.018 45.8917 139.139 17.2 8
2010 9 27 21 32 0.835368 44.3082 137.729 14.9 6
2010 9 27 21 33 22.717 45.7387 139.898 16.7 6
2010 9 27 21 35 35.6232 45.7584 140.241 4.2 5
2010 9 27 21 36 47.4434 46.0891 139.299 11.1 6
2010 9 27 21 39 20.9209 46.2394 139.655 3.3 5
2010 9 27 21 41 30.9872 45.5795 139.89 8.7 5
2010 9 27 21 42 5.75638 45.8287 140.082 10 6
2010 9 27 21 42 25.7273 44.3555 137.859 14.9 5
2010 9 27 21 46 5.29202 45.1265 138.323 7.2 5
2010 9 27 21 47 41.6774 45.6228 139.866 6.1 5
2010 9 27 21 50 35.0058 45.136 138.322 13 6
2010 9 27 21 53 11.4732 46.004 140.143 18 5
2010 9 27 21 54 27.6809 45.988 140.165 15.9 7
2010 9 27 21 54 27.7271 45.9494 140.172 9.9 5
2010 9 27 21 55 56.4082 42.1568 135.519 18.3 7
2010 9 27 21 57 41.9265 44.8426 140.592 11.5 5
2010 9 27 21 58 6.14357 44.7033 138.197 10.3 5
2010 9 27 21 59 39.2044 44.343 137.999 9.9 5
2010 9 27 21 59 43.7963 44.8878 138.112 15 7
2010 9 27 21 59 44.2717 44.9201 138.228 18.8 7
2010 9 27 22 2 47.2658 43.8878 137.661 12.4 6
2010 9 27 22 2 51.1483 44.5607 138.09 12.4 6
2010 9 27 22 3 56.7406 44.7697 140.404 5.4 5
2010 9 27 22 5 46.0748 44.2928 137.98 6.5 5
2010 9 27 22 8 12.5089 45.1328 141.099 17.9 6
2010 9 27 22 9 32.7616 43.7785 139.244 15 6
2010 9 27 22 9 43.0521 46.2846 139.505 4.8 5
2010 9 27 22 10 23.8295 46.1629 140.069 11.7 5
2010 9 27 22 12 13.0137 46.402 139.411 14.5 6
2010 9 27 22 15 40.3646 44.7599 137.74 6.6 5
2010 9 27 22 15 56.4493 44.9639 140.428 19.2 6
2010 9 27 22 15 56.529 44.9608 140.422 16.7 7
2010 9 27 22 17 43.5365 45.0527 140.73 19.1 5
2010 9 27 22 20 13.0061 45.2527 141.094 5.7 6
2010 9 27 22 20 41.5104 44.6746 138.339 4.2 5
2010 9 27 22 23 20.5556 44.9122 140.404 14 5
2010 9 27 22 23 24.1572 46.2912 139.681 15.7 6
2010 9 27 22 23 31.6498 44.8109 140.38 7 5
2010 9 27 22 23 31.6944 44.7765 140.374 8.9 5
2010 9 27 22 23 49.1069 41.3778 139.213 28.4 8
2010 9 27 22 24 44.2157 44.6244 138.346 9.1 5
2010 9 27 22 29 26.6551 46.3111 140.234 7.3 5
2010 9 27 22 29 26.6586 46.2996 140.18 25.1 6
2010 9 27 22 30 22.9806 44.0249 137.875 12.2 8
2010 9 27 22 30 23.0737 44.1537 137.908 15 6
2010 9 27 22 31 15.5732 44.4656 139.933 7.3 5
2010 9 27 22 31 33.498 46.3011 140.225 8.8 5
2010 9 27 22 31 58.081 46.378 139.818 25.8 5
2010 9 27 22 32 17.1516 44.782 140.425 10.3 6
2010 9 27 22 32 17.478 44.8194 140.441 6.5 5
2010 9 27 22 32 57.0355 44.7118 138.455 8.6 5
2010 9 27 22 33 6.673 41.4703 139.211 9.9 5
2010 9 27 22 33 6.96016 41.5247 139.272 15.2 5
2010 9 27 22 33 53.4535 45.0182 140.6 13.3 6
2010 9 27 22 34 25.132 44.7483 138.389 1.9 5
2010 9 27 22 35 24.7437 46.3442 140.186 13.8 7
2010 9 27 22 35 24.8268 46.3519 140.262 7.5 5
2010 9 27 22 35 44.0495 44.8643 140.435 13.1 5
2010 9 27 22 35 44.0823 44.8106 140.475 10.9 5
2010 9 27 22 36 7.03669 46.3279 140.218 18.2 7
2010 9 27 22 36 15.3776 45.031 140.574 11.4 5
2010 9 27 22 37 36.8318 46.3586 140.222 13.9 7
2010 9 27 22 37 36.935 46.3666 140.28 7.8 5
2010 9 27 22 38 11.4352 46.3974 139.827 19.3 7
2010 9 27 22 38 32.7627 46.3489 140.175 29 7
2010 9 27 22 38 32.7864 46.3693 140.259 14.9 5
2010 9 27 22 39 32.052 43.8251 139.329 8.3 5
2010 9 27 22 39 49.813 44.5348 139.976 12.1 5
2010 9 27 22 40 2.37639 46.3619 140.248 11.8 6
2010 9 27 22 40 49.8948 46.2089 140.907 13.2 6
2010 9 27 22 42 16.2935 44.5468 138.35 17.9 5
2010 9 27 22 42 59.97 46.3985 140.304 7.4 5
2010 9 27 22 44 50.1115 46.4081 140.247 20.1 8
2010 9 27 22 45 40.2791 46.4161 140.253 13.5 7
2010 9 27 22 46 22.9151 41.4545 139.351 14.2 6
2010 9 27 22 49 10.5997 43.9867 139.509 18.9 7
2010 9 27 22 49 44.0682 45.1153 140.685 9.7 5
2010 9 27 22 49 44.1289 45.113 140.69 9.5 5
2010 9 27 22 49 44.1857 45.1126 140.69 10.2 5
2010 9 27 22 50 44.2129 44.9689 138.503 14.9 5
2010 9 27 22 50 44.3897 44.8571 138.55 8.4 5
2010 9 27 22 52 29.2011 46.3673 139.979 8.1 5
2010 9 27 22 54 5.83608 44.0758 139.512 14.6 7
2010 9 27 22 54 49.5713 46.3889 139.978 16.3 6
2010 9 27 22 54 54.013 44.596 140.047 19 5
2010 9 27 22 54 54.3226 44.5437 139.932 18.3 6
2010 9 27 22 55 46.0521 45.1058 140.741 14.5 5
2010 9 27 22 56 32.8631 46.438 139.991 15.8 8
2010 9 27 22 57 17.6195 44.8093 140.484 16.7 7
2010 9 27 22 57 18.9691 45.1129 140.721 19.4 6
2010 9 27 22 57 35.3871 43.6038 137.645 13.2 5
2010 9 27 22 57 58.2636 46.4109 139.972 18.2 7
2010 9 27 22 57 58.4879 46.4494 139.939 15.7 6
2010 9 27 22 58 12.0543 45.1282 140.691 7.3 5
2010 9 27 22 59 22.3912 46.1593 139.801 21.5 6
2010 9 27 23 1 37.693 44.8715 140.547 12.7 5
2010 9 27 23 1 37.9562 45.0792 140.786 19.2 5
2010 9 27 23 4 1.62931 43.9894 139.536 14.4 7
2010 9 27 23 10 50.6918 43.5694 139.281 11.9 6
2010 9 27 23 11 18.3497 44.5743 139.932 10.1 6
2010 9 27 23 12 37.8158 44.6656 140.143 8.9 5
2010 9 27 23 13 19.1744 45.2103 140.826 8 5
2010 9 27 23 15 58.1499 45.6099 141.629 16.6 7
2010 9 27 23 17 9.17066 45.2302 140.93 12.6 5
2010 9 27 23 18 55.3936 44.1412 139.58 15.3 5
2010 9 27 23 20 12.8018 42.3192 136.05 11.6 5
2010 9 27 23 21 18.6629 44.7761 140.23 23.2 7
2010 9 27 23 21 23.6941 46.5781 140.039 3.7 5
2010 9 27 23 21 23.8839 46.8368 140.21 7.3 5
2010 9 27 23 21 28.3094 44.9128 140.653 16.3 6
2010 9 27 23 22 6.7555 45.2773 140.92 4.6 5
2010 9 27 23 24 0.407806 43.3381 139.105 8.5 5
2010 9 27 23 27 58.8998 46.645 140.039 16.2 6
2010 9 27 23 27 58.9134 46.6357 140.101 3.4 5
2010 9 27 23 27 58.9301 46.5944 140.091 14.5 7
2010 9 27 23 27 59.0419 46.8826 140.242 2.2 5
2010 9 27 23 28 8.43355 45.2938 140.973 6.2 5
2010 9 27 23 28 13.1051 44.797 140.242 17 7
2010 9 27 23 28 54.8839 44.8987 138.857 5.8 5
2010 9 27 23 29 10.5084 45.2253 140.906 4.6 5
2010 9 27 23 29 28.7685 44.7872 140.321 7.5 5
2010 9 27 23 29 28.8059 44.7784 140.317 5.3 5
2010 9 27 23 31 0.260195 45.3169 140.986 12.8 5
2010 9 27 23 31 52.04 45.3282 140.993 19.3 7
2010 9 27 23 33 17.9039 44.9369 138.894 4.1 5
2010 9 27 23 33 44.0474 43.3755 139.09 19.1 8
2010 9 27 23 34 10.0678 44.9577 140.591 17.1 5
2010 9 27 23 35 49.6865 44.8969 140.458 5.1 5
2010 9 27 23 36 31.4008 45.0114 140.749 17.3 5
2010 9 27 23 36 31.4444 45.0027 140.766 5.7 5
2010 9 27 23 37 24.9262 43.3892 139.156 7.1 5
2010 9 27 23 38 34.646 44.9842 140.64 5.4 5
2010 9 27 23 39 50.6183 44.2811 139.886 4.2 5
2010 9 27 23 40 3.03319 45.0585 140.797 7.6 6
2010 9 27 23 40 3.07015 45.0747 140.792 7.3 5
2010 9 27 23 41 31.0295 45.482 141.026 16.3 8
2010 9 27 23 42 14.3922 45.0106 140.646 5 5
2010 9 27 23 44 24.7288 45.0712 140.649 18.4 8
2010 9 27 23 46 28.707 43.4644 139.262 11.1 6
2010 9 27 23 47 8.58572 44.4289 139.823 13.6 6
2010 9 27 23 49 18.8391 45.4269 141.005 17.6 8
2010 9 27 23 50 2.4945 43.7397 139.316 3.9 5
2010 9 27 23 53 48.0648 44.9352 140.27 17.4 7
2010 9 27 23 54 47.2757 42.6961 136.43 16.3 5
2010 9 27 23 54 50.9995 45.0594 139.009 16.5 6
2010 9 27 23 54 51.0111 45.047 139.06 5.2 5
2010 9 27 23 55 42.0445 44.899 140.382 5.3 5
2010 9 27 23 56 18.0139 45.5387 141.174 16.1 7
2010 9 27 23 57 55.955 45.0448 140.588 5.4 5
2010 9 28 0 0 15.2242 44.9085 140.4 5.3 5
2010 9 28 0 1 42.4694 44.4035 140.007 16.8 5
2010 9 28 0 1 52.2228 44.9785 140.53 4 5
2010 9 28 0 2 49.2637 45.3595 141.105 5.5 5
2010 9 28 0 3 36.3968 42.7275 136.507 10.6 6
2010 9 28 0 3 59.2911 44.4966 140.01 7.5 5
2010 9 28 0 4 6.16844 45.1969 140.778 3.9 5
2010 9 28 0 4 9.61826 43.636 139.309 15.8 7
2010 9 28 0 4 13.0565 44.9498 140.435 8.5 6
2010 9 28 0 5 39.8142 44.9474 140.41 10.4 6
2010 9 28 0 5 46.4617 44.5996 139.925 10.3 6
2010 9 28 0 5 46.487 44.6042 139.897 18.3 7
2010 9 28 0 6 16.0053 45.1809 140.841 18.8 8
2010 9 28 0 6 16.8533 45.1099 140.272 12.6 5
2010 9 28 0 6 16.9376 44.9602 140.448 6.4 5
2010 9 28 0 7 14.2001 45.188 140.861 9.4 6
2010 9 28 0 7 14.2253 45.1921 140.88 6.7 5
2010 9 28 0 7 25.3073 45.0097 140.562 19.7 5
2010 9 28 0 7 25.3377 45.0034 140.582 6.2 5
2010 9 28 0 7 48.897 44.9714 140.438 4.4 5
2010 9 28 0 8 52.2664 44.9755 140.443 4.6 5
2010 9 28 0 8 52.3003 44.9781 140.441 3.6 5
2010 9 28 0 10 11.2182 45.1811 140.78 5.3 5
2010 9 28 0 10 11.3367 45.0488 140.509 19.2 6
2010 9 28 0 10 11.3536 45.0411 140.534 13.8 6
2010 9 28 0 12 48.9264 45.24 140.928 4.3 5
2010 9 28 0 13 34.4649 45.2379 140.912 19.2 6
2010 9 28 0 13 34.4866 45.2629 141.113 27 5
2010 9 28 0 13 56.5559 45.2272 140.917 9.5 5
2010 9 28 0 16 25.7643 45.257 140.939 16.5 8
2010 9 28 0 16 25.7826 45.2589 140.884 8.7 5
2010 9 28 0 17 18.9003 45.268 140.973 4.3 5
2010 9 28 0 18 5.3498 45.401 141.149 4.8 5
2010 9 28 0 20 46.7982 45.1982 140.569 6.5 5
2010 9 28 0 21 35.3982 44.3988 140.108 19.5 5
2010 9 28 0 22 33.727 43.7634 139.358 14.5 7
2010 9 28 0 23 39.4401 45.2494 140.985 7.3 6
2010 9 28 0 23 54.9624 45.7246 141.694 15.4 7
2010 9 28 0 24 14.6248 44.456 140.03 20.8 7
2010 9 28 0 27 20.8484 44.0135 139.621 15.3 6
2010 9 28 0 27 28.9519 45.3129 141 3.5 5
2010 9 28 0 27 48.3907 44.4483 140.086 6 5
2010 9 28 0 29 11.0465 45.3142 141.043 14.1 6
2010 9 28 0 30 0.31539 45.3333 141.013 11.6 6
2010 9 28 0 30 8.37106 45.2682 140.787 4.7 5
2010 9 28 0 30 30.697 44.6613 140.214 17.1 7
2010 9 28 0 30 30.7155 44.6544 140.242 6.4 5
2010 9 28 0 30 30.7472 44.6516 140.25 6.7 5
2010 9 28 0 31 2.53629 44.9944 140.394 19.8 7
2010 9 28 0 31 16.8759 45.3137 141.042 15.9 6
2010 9 28 0 32 13.7305 45.2089 140.76 9.5 5
2010 9 28 0 33 2.91449 45.3421 141.085 2.3 5
2010 9 28 0 33 2.94874 45.3387 141.035 7.3 6
2010 9 28 0 33 14.252 45.0051 140.395 17.9 8
2010 9 28 0 34 55.0248 45.376 141.046 18 8
2010 9 28 0 37 8.5192 44.984 140.349 16.7 6
2010 9 28 0 38 58.9152 45.3335 140.868 5.2 5
2010 9 28 0 40 6.1819 45.0369 140.513 18 7
2010 9 28 0 41 10.6946 44.0725 139.72 7.1 5
2010 9 28 0 41 10.7366 44.0493 139.732 7.6 5
2010 9 28 0 41 18.9603 45.2976 140.924 5.2 6
2010 9 28 0 43 37.9872 47.0713 140.524 22.5 9
2010 9 28 0 45 25.8299 47.1542 140.727 13 5
2010 9 28 0 45 34.724 45.4013 141.109 16.6 5
2010 9 28 0 45 38.9913 42.9824 136.763 13.2 5
2010 9 28 0 46 9.36269 45.3977 141.123 5.8 5
2010 9 28 0 46 37.9331 45.2843 140.825 16.2 7
2010 9 28 0 47 44.4391 45.0606 140.423 13.5 5
2010 9 28 0 47 56.0966 43.4121 139.158 14.7 5
2010 9 28 0 50 17.1013 45.3318 140.851 17.9 7
2010 9 28 0 50 17.1488 45.3127 140.841 5.9 5
2010 9 28 0 50 17.2445 45.32 140.829 6 6
2010 9 28 0 50 40.7485 45.4373 141.132 16.5 8
2010 9 28 0 50 41.373 45.6523 141.419 12.2 6
2010 9 28 0 51 16.7869 42.9972 136.823 17 6
2010 9 28 0 52 7.204 45.4511 141.156 18.5 7
2010 9 28 0 52 7.22131 45.4404 141.172 6 5
2010 9 28 0 53 50.2001 45.5086 141.108 7.9 5
2010 9 28 0 53 50.2824 45.5193 141.146 4.8 5
2010 9 28 0 54 2.90902 42.9921 136.842 19.1 5
2010 9 28 0 55 18.7372 42.3851 136.413 16.4 5
2010 9 28 0 55 47.1285 47.2296 140.538 27.7 7
2010 9 28 0 56 2.56414 45.5295 141.041 16.2 8
2010 9 28 0 58 37.3881 44.1773 139.689 21.7 9
2010 9 28 1 0 43.7448 45.4379 141.011 13.8 5
2010 9 28 1 2 7.24915 45.3696 140.88 17.8 6
2010 9 28 1 3 12.0118 43.0579 136.946 8.9 5
2010 9 28 1 5 10.8228 43.0988 136.922 16.1 5
2010 9 28 1 6 14.3044 42.4633 136.539 9 5
2010 9 28 1 7 23.8659 44.3149 139.865 12.1 5
2010 9 28 1 7 42.6458 44.6993 140.304 13.7 7
2010 9 28 1 8 59.6606 45.1459 140.413 19 6
2010 9 28 1 9 32.1369 44.7236 140.305 16.7 5
2010 9 28 1 9 32.2416 44.7084 140.327 13.7 5
2010 9 28 1 9 33.6504 45.2502 140.655 1.7 5
2010 9 28 1 9 44.5876 43.5775 139.144 17.3 7
2010 9 28 1 13 33.2549 45.5894 141.284 13.1 7
2010 9 28 1 16 21.2756 45.4526 141.092 4 5
2010 9 28 1 17 32.2379 45.2067 140.481 4.3 5
2010 9 28 1 18 22.4166 45.4322 141.07 18.6 7
2010 9 28 1 19 30.6479 45.4467 141.055 17 7
2010 9 28 1 19 30.912 45.4572 141.101 6.8 5
2010 9 28 1 24 11.1466 45.1629 140.388 14.7 7
2010 9 28 1 24 11.4056 45.2297 140.431 5.1 5
2010 9 28 1 24 21.6905 45.3894 139.54 15.6 6
2010 9 28 1 25 14.0248 45.6724 141.15 3.2 5
2010 9 28 1 25 14.4664 45.479 140.829 9.1 5
2010 9 28 1 25 58.2582 43.1799 137.095 13.6 5
2010 9 28 1 27 47.5729 45.5448 141.092 6.8 6
2010 9 28 1 28 6.3806 45.4157 139.623 4.4 5
2010 9 28 1 30 3.18447 45.5342 141.13 5.3 6
2010 9 28 1 31 35.8163 45.2228 140.503 8.7 5
2010 9 28 1 33 4.92391 45.561 141.202 4.9 5
2010 9 28 1 36 9.14926 45.5679 141.174 4.4 5
2010 9 28 1 36 9.24546 45.6126 141.101 21.5 6
2010 9 28 1 38 57.2956 45.3328 140.493 6.1 5
2010 9 28 1 41 1.62633 44.0997 139.58 23.2 5
2010 9 28 1 41 1.67387 44.0991 139.585 14.2 5
2010 9 28 1 41 1.70121 44.1019 139.611 8.4 5
2010 9 28 1 41 35.2272 45.6572 141.257 8.3 6
2010 9 28 1 41 35.3712 45.5537 141.121 12.1 6
2010 9 28 1 42 25.2242 44.5265 137.922 25.9 5
2010 9 28 1 43 58.0216 43.5576 136.535 8.4 5
2010 9 28 1 44 21.5974 45.548 139.656 18.1 6
2010 9 28 1 49 58.5555 45.5535 139.779 21 7
2010 9 28 1 49 58.6022 45.5386 139.793 7.1 6
2010 9 28 1 50 11.6738 42.8812 136.942 17.5 5
2010 9 28 1 52 29.9053 45.522 140.859 16.7 7
2010 9 28 1 53 36.7217 45.5418 140.867 4.7 5
2010 9 28 1 53 37.2796 45.7873 141.303 5.4 5
2010 9 28 1 54 43.8758 44.6739 140.288 18 7
2010 9 28 1 54 43.8961 44.6724 140.192 10 5
2010 9 28 1 55 38.7519 42.0902 136.844 17 5
2010 9 28 1 58 31.4847 44.263 139.695 6.2 5
2010 9 28 1 58 31.8102 44.3246 139.718 17.4 5
2010 9 28 1 59 1.42636 45.5635 140.887 13.4 7
2010 9 28 1 59 24.8227 44.2982 139.681 16.8 6
2010 9 28 2 2 18.1592 44.7712 140.277 12.5 6
2010 9 28 2 2 18.3862 44.7511 140.276 17.1 7
2010 9 28 2 7 41.9698 44.2058 139.576 12.2 6
2010 9 28 2 11 32.5854 43.5299 138.713 7.4 5
2010 9 28 2 12 18.0023 44.1282 139.614 4.4 5
2010 9 28 2 12 18.3696 44.1937 139.574 15.5 6
2010 9 28 2 12 21.9869 44.7295 139.732 17.1 5
2010 9 28 2 13 48.2377 45.6505 140.975 21.8 5
2010 9 28 2 13 48.3231 45.6023 140.969 11.2 6
2010 9 28 2 16 33.9586 45.5876 141.054 4.8 5
2010 9 28 2 17 38.014 43.9814 139.379 17.7 6
2010 9 28 2 18 6.13621 44.6291 140.22 16.6 6
2010 9 28 2 18 9.82809 45.7845 139.882 18.4 9
2010 9 28 2 22 32.9369 44.229 139.691 8.7 5
2010 9 28 2 25 26.1345 45.9711 140.162 11.1 5
2010 9 28 2 26 57.8354 44.7467 140.285 5.7 5
2010 9 28 2 27 48.1778 43.7152 138.832 9.5 5
2010 9 28 2 28 44.276 46.0262 140.161 1.8 5
2010 9 28 2 30 52.083 43.9541 139.462 8.8 6
2010 9 28 2 30 52.2828 44.0155 139.469 13.7 6
2010 9 28 2 30 52.4825 44.0766 139.487 5.4 5
2010 9 28 2 30 52.5617 44.1813 139.492 11.8 6
2010 9 28 2 33 11.226 43.8088 138.831 13.1 7
2010 9 28 2 33 11.2452 43.7861 138.807 13.2 6
2010 9 28 2 33 30.2657 44.2947 139.754 12.4 6
2010 9 28 2 35 11.859 44.7389 140.407 6.7 5
2010 9 28 2 37 41.7087 44.7794 140.361 21.5 5
2010 9 28 2 37 41.7263 44.7532 140.406 6 5
2010 9 28 2 38 22.155 44.3164 139.786 7.3 5
2010 9 28 2 38 30.0548 44.0549 139.559 4.3 5
2010 9 28 2 38 34.9314 44.77 140.424 7.3 5
2010 9 28 2 38 59.9106 46.0147 140.137 4.5 5
2010 9 28 2 40 30.4229 44.7764 140.378 18.7 6
2010 9 28 2 42 28.2956 43.5809 137.568 8.4 5
2010 9 28 2 42 30.7622 46.1331 140.159 15.5 6
2010 9 28 2 44 51.7271 43.6075 137.572 7.5 5
2010 9 28 2 45 59.8217 43.6162 137.58 8 5
2010 9 28 2 46 31.4555 44.8011 140.455 6.6 5
2010 9 28 2 53 44.0383 46.0951 140.175 8.1 6
2010 9 28 2 54 58.819 44.8739 140.52 6.1 5
2010 9 28 2 56 28.9777 44.2343 139.703 7.9 5
2010 9 28 2 57 39.599 44.8995 140.529 22.2 5
2010 9 28 2 58 5.05041 44.8948 140.542 13.8 7
2010 9 28 2 58 36.0201 44.9077 140.479 17.1 6
2010 9 28 2 58 47.8306 43.7314 137.645 14 5
2010 9 28 2 58 47.8307 43.6599 137.688 9.2 7
2010 9 28 2 58 47.8618 43.6433 137.67 22.8 5
2010 9 28 2 58 47.8798 43.6913 137.663 13.7 6
2010 9 28 2 59 29.869 44.9398 140.537 18.8 7
2010 9 28 2 59 29.8946 44.897 140.473 10.3 5
2010 9 28 3 0 0.764845 42.373 137.237 12.1 5
2010 9 28 3 0 5.55864 43.5336 137.596 4.9 5
2010 9 28 3 0 6.29152 44.9287 140.489 4.7 5
2010 9 28 3 0 6.35301 44.9219 140.527 6.3 5
2010 9 28 3 1 26.6637 44.9535 140.602 5.7 5
2010 9 28 3 1 27.0187 44.9267 140.599 7.7 5
2010 9 28 3 2 7.70545 41.7108 137.116 11.8 5
2010 9 28 3 2 25.874 44.9357 140.592 5.7 6
2010 9 28 3 2 25.9558 44.9323 140.576 10.5 6
2010 9 28 3 2 26.0217 44.9362 140.591 4.9 5
2010 9 28 3 4 24.3146 44.9988 140.65 5.6 5
2010 9 28 3 8 31.3177 45.4493 140.92 7.4 5
2010 9 28 3 9 0.116116 45.4806 140.919 11.5 5
2010 9 28 3 9 34.5092 45.1916 140.763 4.4 5
2010 9 28 3 9 34.9539 45.0292 140.596 21.8 6
2010 9 28 3 9 35.1347 45.073 140.682 5.5 5
2010 9 28 3 9 50.6507 45.4832 140.898 20.8 5
2010 9 28 3 9 50.8224 45.4632 140.921 16.4 9
2010 9 28 3 10 15.9688 46.1757 140.317 5.1 6
2010 9 28 3 11 1.79093 45.5056 140.947 5.1 5
2010 9 28 3 11 2.36668 44.9497 140.641 17.4 5
2010 9 28 3 11 17.2296 43.5958 137.685 9 5
2010 9 28 3 11 28.7891 45.2463 140.761 16.3 7
2010 9 28 3 11 29.3253 45.0233 140.567 11.1 5
2010 9 28 3 12 4.97986 45.4875 140.913 10.6 6
2010 9 28 3 13 15.0322 45.4847 140.891 3.4 5
2010 9 28 3 13 15.0753 45.5204 140.953 4.1 5
2010 9 28 3 14 19.1353 44.9923 140.601 16.7 6
2010 9 28 3 14 19.2888 44.9811 140.616 7.4 5
2010 9 28 3 17 40.891 44.4251 139.794 22.8 5
2010 9 28 3 17 46.1343 45.0186 140.649 8.3 5
2010 9 28 3 20 13.6272 44.0128 139.283 6.8 5
2010 9 28 3 27 28.2875 44.5419 139.774 8.2 5
2010 9 28 3 27 28.7048 44.511 139.818 13.8 7
2010 9 28 3 27 28.8949 44.4788 139.803 17.4 8
2010 9 28 3 27 51.5512 44.1532 139.333 17.4 8
2010 9 28 3 33 17.3457 44.1207 139.375 15.2 5
2010 9 28 3 35 18.8764 42.4967 137.442 29.1 6
2010 9 28 3 36 52.4395 43.859 137.927 7.9 5
2010 9 28 3 38 24.4729 44.1572 139.377 17.7 8
2010 9 28 3 39 29.2527 42.4778 137.513 4.3 5
2010 9 28 3 39 29.2879 42.5111 137.5 11.2 6
2010 9 28 3 40 22.739 45.4886 141.001 18.8 6
2010 9 28 3 44 25.863 45.6356 141.029 28.8 9
2010 9 28 3 47 53.3355 44.3571 139.556 16.5 8
2010 9 28 3 50 2.84149 45.5699 141.128 7.3 5
2010 9 28 3 52 9.80134 45.5047 141.048 20.1 6
2010 9 28 3 52 15.1003 43.5328 137.683 19.7 5
2010 9 28 3 53 52.541 43.3457 138.771 13.3 6
2010 9 28 3 56 11.6313 45.677 141.427 21.1 6
2010 9 28 3 58 55.0968 44.0216 138.094 8.3 5
2010 9 28 4 4 16.5118 35.9772 134.913 19.1 5
2010 9 28 4 4 44.8399 44.3199 139.593 8.4 5
2010 9 28 4 5 3.43712 45.5591 141.184 8.6 5
2010 9 28 4 8 55.2588 44.4587 139.588 17.4 6
2010 9 28 4 13 48.6644 44.3079 136.363 28.6 10
2010 9 28 4 13 48.6645 44.2353 136.604 14 6
2010 9 28 4 16 13.9013 42.7253 138.145 12.1 5
2010 9 28 4 18 36.3864 45.7248 141.26 15 8
2010 9 28 4 18 36.4968 45.7541 141.276 8.7 6
2010 9 28 4 18 36.6038 45.8818 141.149 12.6 6
2010 9 28 4 19 46.6316 43.9794 138.302 4.5 5
2010 9 28 4 22 5.14751 44.2156 139.339 17.9 5
2010 9 28 4 22 8.93841 42.9795 137.528 15.2 6
2010 9 28 4 25 44.2429 43.3497 137.881 22.3 6
2010 9 28 4 25 44.2429 43.2866 138.078 16.3 5
2010 9 28 4 27 50.363 42.4148 137.811 12.8 5
2010 9 28 4 28 49.6518 42.4437 137.822 14 5
2010 9 28 4 28 49.9206 42.4328 137.825 11.5 5
2010 9 28 4 28 49.9785 42.4135 137.811 6.4 5
2010 9 28 4 34 45.5213 43.611 138.987 11.1 5
2010 9 28 4 34 46.6133 44.1224 138.646 12.8 5
2010 9 28 4 34 46.8666 43.4157 137.949 13.7 8
2010 9 28 4 37 13.5925 44.7557 139.773 17.4 5
2010 9 28 4 39 4.15352 44.5915 139.823 10.2 5
2010 9 28 4 45 39.3011 43.5086 138.013 17 7
2010 9 28 4 45 39.3307 43.5239 138.019 14.5 5
2010 9 28 4 47 42.8793 42.5291 138.001 14.9 6
2010 9 28 4 53 18.9268 43.8146 139.236 13.7 7
2010 9 28 4 59 40.2148 43.794 139.29 7 5
2010 9 28 4 59 40.7183 43.8845 139.322 16.9 8
2010 9 28 5 0 19.2 44.5622 136.985 23.2 6
2010 9 28 5 2 32.1667 43.0977 138.279 17.5 5
2010 9 28 5 12 52.2828 43.9957 139.365 19.5 5
2010 9 28 5 20 4.25279 42.7898 138.37 19 5
2010 9 28 5 24 57.8607 43.5758 138.426 24.6 5
2010 9 28 5 24 57.8607 43.657 138.393 19.4 8
2010 9 28 5 25 58.6831 44.3263 138.662 18.3 6
2010 9 28 5 28 37.6995 43.5321 138.523 17.8 7
2010 9 28 5 28 38.0251 43.5581 138.364 13.6 5
2010 9 28 5 31 51.2258 44.1635 139.788 18.2 5
2010 9 28 5 32 3.84591 44.3801 138.775 15.6 6
2010 9 28 5 43 25.8305 42.9728 138.771 20.2 5
2010 9 28 5 50 24.0483 43.9981 139.326 6.7 6
2010 9 28 5 54 25.3736 45.0971 137.13 17.9 7
2010 9 28 5 55 4.66136 43.5037 138.648 18.5 7
2010 9 28 5 56 7.02882 44.7192 137.054 17.8 8
2010 9 28 5 56 7.05695 44.7324 137.055 11.8 5
2010 9 28 5 57 17.1234 44.7129 137.082 16.2 6
2010 9 28 6 3 4.82795 41.9915 139.804 25.4 7
2010 9 28 6 30 11.7707 43.8149 139.116 14.3 5
2010 9 28 6 31 20.904 43.797 139.326 14.9 5
2010 9 28 6 34 28.8199 41.9886 139.733 17.2 7
2010 9 28 6 41 45.7096 43.8861 139.164 16.8 9
2010 9 28 6 47 6.63294 43.7953 139.816 11.7 6
2010 9 28 7 27 27.3383 43.5655 139.603 27 8
2010 9 28 7 35 43.4111 45.6678 137.597 9 5
2010 9 28 7 40 17.6035 43.5238 140.07 18 5
2010 9 28 7 42 39.385 44.6639 139.951 18.4 8
2010 9 28 7 45 22.5679 44.7014 140.01 19.3 6
2010 9 28 7 49 44.2328 45.1747 137.547 22.3 5
2010 9 28 7 49 44.2328 45.1683 137.534 8.9 6
2010 9 28 7 51 56.5907 45.2161 137.526 20.7 9
2010 9 28 7 51 56.5907 45.2005 137.516 15.8 5
2010 9 28 7 52 13.3758 44.7643 140.034 21.9 10
2010 9 28 8 15 45.6564 45.407 137.685 12.8 6
2010 9 28 8 41 22 44.6274 140.272 16.8 7
2010 9 28 8 41 22.3237 44.7044 140.239 8.2 5
2010 9 28 9 58 42.4907 45.4236 141.457 10.1 5
2010 9 28 9 58 42.4907 45.53 141.439 25.7 7
2010 9 28 15 16 34.8264 43.7261 140.262 13 5
2010 9 28 18 32 39.7799 44.3118 141.412 18 5
2010 9 29 1 51 13.7067 41.8411 139.508 18.4 5
2010 9 29 12 0 22.1748 36.3457 136.194 17.7 5
